date,currency,instrument,expiry,strike,type,open_interest,mark_iv,underlying_usd
2026-08-13,BTC,BTC-13AUG26-58000-C,13AUG26,58000,call,0,60.25,63557.35
2026-08-13,BTC,BTC-13AUG26-58000-P,13AUG26,58000,put,24.9,60.25,63557.35
2026-08-13,BTC,BTC-13AUG26-59000-C,13AUG26,59000,call,0,55.53,63557.35
2026-08-13,BTC,BTC-13AUG26-59000-P,13AUG26,59000,put,10.9,55.53,63557.65
2026-08-13,BTC,BTC-13AUG26-60000-C,13AUG26,60000,call,0,54.79,63557.35
2026-08-13,BTC,BTC-13AUG26-60000-P,13AUG26,60000,put,28.3,54.79,63557.65
2026-08-13,BTC,BTC-13AUG26-61000-C,13AUG26,61000,call,0,43.86,63557.35
2026-08-13,BTC,BTC-13AUG26-61000-P,13AUG26,61000,put,406.5,43.86,63557.35
2026-08-13,BTC,BTC-13AUG26-62000-C,13AUG26,62000,call,0,32.88,63557.35
2026-08-13,BTC,BTC-13AUG26-62000-P,13AUG26,62000,put,212.1,32.88,63557.35
2026-08-13,BTC,BTC-13AUG26-62500-C,13AUG26,62500,call,20,29.42,63557.35
2026-08-13,BTC,BTC-13AUG26-62500-P,13AUG26,62500,put,307.8,29.42,63557.65
2026-08-13,BTC,BTC-13AUG26-63000-C,13AUG26,63000,call,30.2,22.06,63557.35
2026-08-13,BTC,BTC-13AUG26-63000-P,13AUG26,63000,put,286,22.06,63557.35
2026-08-13,BTC,BTC-13AUG26-63500-C,13AUG26,63500,call,84.2,20.86,63557.35
2026-08-13,BTC,BTC-13AUG26-63500-P,13AUG26,63500,put,216.2,20.86,63557.35
2026-08-13,BTC,BTC-13AUG26-64000-C,13AUG26,64000,call,208.1,22.43,63557.35
2026-08-13,BTC,BTC-13AUG26-64000-P,13AUG26,64000,put,189.6,22.43,63557.65
2026-08-13,BTC,BTC-13AUG26-64500-C,13AUG26,64500,call,607.6,27.35,63557.35
2026-08-13,BTC,BTC-13AUG26-64500-P,13AUG26,64500,put,64.3,27.35,63557.35
2026-08-13,BTC,BTC-13AUG26-65000-C,13AUG26,65000,call,252.4,32.69,63557.35
2026-08-13,BTC,BTC-13AUG26-65000-P,13AUG26,65000,put,24.5,32.69,63557.65
2026-08-13,BTC,BTC-13AUG26-65500-C,13AUG26,65500,call,245,38.56,63557.35
2026-08-13,BTC,BTC-13AUG26-65500-P,13AUG26,65500,put,0.3,38.56,63557.35
2026-08-13,BTC,BTC-13AUG26-66000-C,13AUG26,66000,call,195.5,39.31,63557.35
2026-08-13,BTC,BTC-13AUG26-66000-P,13AUG26,66000,put,0.4,39.31,63557.35
2026-08-13,BTC,BTC-13AUG26-66500-C,13AUG26,66500,call,89.1,39.77,63557.65
2026-08-13,BTC,BTC-13AUG26-66500-P,13AUG26,66500,put,0,39.77,63557.65
2026-08-13,BTC,BTC-13AUG26-67000-C,13AUG26,67000,call,22.9,44.48,63557.35
2026-08-13,BTC,BTC-13AUG26-67000-P,13AUG26,67000,put,0,44.48,63557.65
2026-08-13,BTC,BTC-13AUG26-67500-C,13AUG26,67500,call,11.9,44.96,63557.65
2026-08-13,BTC,BTC-13AUG26-67500-P,13AUG26,67500,put,0,44.96,63557.35
2026-08-13,BTC,BTC-13AUG26-68000-C,13AUG26,68000,call,21.6,44.96,63557.65
2026-08-13,BTC,BTC-13AUG26-68000-P,13AUG26,68000,put,0,44.96,63557.65
2026-08-13,BTC,BTC-13AUG26-69000-C,13AUG26,69000,call,9.3,44.96,63557.65
2026-08-13,BTC,BTC-13AUG26-69000-P,13AUG26,69000,put,0,44.96,63557.35
2026-08-13,BTC,BTC-13AUG26-70000-C,13AUG26,70000,call,5,44.96,63557.35
2026-08-13,BTC,BTC-13AUG26-70000-P,13AUG26,70000,put,0,44.96,63557.35
2026-08-13,BTC,BTC-13AUG26-71000-C,13AUG26,71000,call,0.8,44.97,63557.65
2026-08-13,BTC,BTC-13AUG26-71000-P,13AUG26,71000,put,0,44.97,63557.65
2026-08-13,BTC,BTC-13AUG26-72000-C,13AUG26,72000,call,0,44.98,63557.35
2026-08-13,BTC,BTC-13AUG26-72000-P,13AUG26,72000,put,0,44.98,63557.65
2026-08-13,BTC,BTC-14AUG26-50000-C,14AUG26,50000,call,0,71.24,63575.37
2026-08-13,BTC,BTC-14AUG26-50000-P,14AUG26,50000,put,156.5,71.24,63575.67
2026-08-13,BTC,BTC-14AUG26-52000-C,14AUG26,52000,call,0,71.24,63575.37
2026-08-13,BTC,BTC-14AUG26-52000-P,14AUG26,52000,put,271.4,71.24,63575.37
2026-08-13,BTC,BTC-14AUG26-55000-C,14AUG26,55000,call,0,70.94,63575.37
2026-08-13,BTC,BTC-14AUG26-55000-P,14AUG26,55000,put,512.8,70.94,63575.37
2026-08-13,BTC,BTC-14AUG26-58000-C,14AUG26,58000,call,0,60.13,63575.37
2026-08-13,BTC,BTC-14AUG26-58000-P,14AUG26,58000,put,1556.8,60.13,63575.37
2026-08-13,BTC,BTC-14AUG26-59000-C,14AUG26,59000,call,0.4,54.29,63575.67
2026-08-13,BTC,BTC-14AUG26-59000-P,14AUG26,59000,put,284.6,54.29,63575.37
2026-08-13,BTC,BTC-14AUG26-60000-C,14AUG26,60000,call,1,47.04,63575.37
2026-08-13,BTC,BTC-14AUG26-60000-P,14AUG26,60000,put,2755.7,47.04,63575.37
2026-08-13,BTC,BTC-14AUG26-61000-C,14AUG26,61000,call,12,37.85,63575.37
2026-08-13,BTC,BTC-14AUG26-61000-P,14AUG26,61000,put,439.7,37.85,63575.37
2026-08-13,BTC,BTC-14AUG26-62000-C,14AUG26,62000,call,17.5,30.22,63575.67
2026-08-13,BTC,BTC-14AUG26-62000-P,14AUG26,62000,put,1473.3,30.22,63575.37
2026-08-13,BTC,BTC-14AUG26-62500-C,14AUG26,62500,call,0,27.82,63575.67
2026-08-13,BTC,BTC-14AUG26-62500-P,14AUG26,62500,put,355.6,27.82,63575.67
2026-08-13,BTC,BTC-14AUG26-63000-C,14AUG26,63000,call,130.2,26.21,63575.67
2026-08-13,BTC,BTC-14AUG26-63000-P,14AUG26,63000,put,486.6,26.21,63575.37
2026-08-13,BTC,BTC-14AUG26-63500-C,14AUG26,63500,call,114.4,26.02,63575.37
2026-08-13,BTC,BTC-14AUG26-63500-P,14AUG26,63500,put,82.9,26.02,63575.37
2026-08-13,BTC,BTC-14AUG26-64000-C,14AUG26,64000,call,256.3,25.71,63575.37
2026-08-13,BTC,BTC-14AUG26-64000-P,14AUG26,64000,put,530.6,25.71,63575.67
2026-08-13,BTC,BTC-14AUG26-64500-C,14AUG26,64500,call,146.2,26.75,63575.37
2026-08-13,BTC,BTC-14AUG26-64500-P,14AUG26,64500,put,47.4,26.75,63575.37
2026-08-13,BTC,BTC-14AUG26-65000-C,14AUG26,65000,call,763.6,28.32,63575.67
2026-08-13,BTC,BTC-14AUG26-65000-P,14AUG26,65000,put,98.7,28.32,63575.37
2026-08-13,BTC,BTC-14AUG26-65500-C,14AUG26,65500,call,139.5,30.53,63575.67
2026-08-13,BTC,BTC-14AUG26-65500-P,14AUG26,65500,put,0,30.53,63575.37
2026-08-13,BTC,BTC-14AUG26-66000-C,14AUG26,66000,call,1100.8,33.9,63575.67
2026-08-13,BTC,BTC-14AUG26-66000-P,14AUG26,66000,put,14.4,33.9,63575.37
2026-08-13,BTC,BTC-14AUG26-66500-C,14AUG26,66500,call,114.9,38.35,63575.67
2026-08-13,BTC,BTC-14AUG26-66500-P,14AUG26,66500,put,0,38.35,63575.67
2026-08-13,BTC,BTC-14AUG26-67000-C,14AUG26,67000,call,789.2,41.7,63575.37
2026-08-13,BTC,BTC-14AUG26-67000-P,14AUG26,67000,put,5.9,41.7,63575.37
2026-08-13,BTC,BTC-14AUG26-68000-C,14AUG26,68000,call,2600.4,47.06,63575.37
2026-08-13,BTC,BTC-14AUG26-68000-P,14AUG26,68000,put,7.3,47.06,63575.37
2026-08-13,BTC,BTC-14AUG26-70000-C,14AUG26,70000,call,1666.6,47.35,63575.67
2026-08-13,BTC,BTC-14AUG26-70000-P,14AUG26,70000,put,3.6,47.35,63575.37
2026-08-13,BTC,BTC-14AUG26-72000-C,14AUG26,72000,call,1276,47.53,63575.37
2026-08-13,BTC,BTC-14AUG26-72000-P,14AUG26,72000,put,0,47.53,63575.67
2026-08-13,BTC,BTC-14AUG26-75000-C,14AUG26,75000,call,630.2,47.53,63575.67
2026-08-13,BTC,BTC-14AUG26-75000-P,14AUG26,75000,put,0.4,47.53,63575.37
2026-08-13,BTC,BTC-14AUG26-80000-C,14AUG26,80000,call,905.1,51.26,63575.67
2026-08-13,BTC,BTC-14AUG26-80000-P,14AUG26,80000,put,0.1,51.26,63575.37
2026-08-13,BTC,BTC-15AUG26-57000-C,15AUG26,57000,call,0,54.94,63585.5
2026-08-13,BTC,BTC-15AUG26-57000-P,15AUG26,57000,put,51.2,54.94,63585.8
2026-08-13,BTC,BTC-15AUG26-58000-C,15AUG26,58000,call,0,49.71,63585.5
2026-08-13,BTC,BTC-15AUG26-58000-P,15AUG26,58000,put,18.6,49.71,63585.8
2026-08-13,BTC,BTC-15AUG26-59000-C,15AUG26,59000,call,0,44.46,63585.8
2026-08-13,BTC,BTC-15AUG26-59000-P,15AUG26,59000,put,9,44.46,63585.5
2026-08-13,BTC,BTC-15AUG26-60000-C,15AUG26,60000,call,0,38.34,63585.5
2026-08-13,BTC,BTC-15AUG26-60000-P,15AUG26,60000,put,36.7,38.34,63585.5
2026-08-13,BTC,BTC-15AUG26-61000-C,15AUG26,61000,call,0,32.44,63585.8
2026-08-13,BTC,BTC-15AUG26-61000-P,15AUG26,61000,put,51.2,32.44,63585.8
2026-08-13,BTC,BTC-15AUG26-61500-C,15AUG26,61500,call,0,30.13,63585.5
2026-08-13,BTC,BTC-15AUG26-61500-P,15AUG26,61500,put,12.1,30.13,63585.8
2026-08-13,BTC,BTC-15AUG26-62000-C,15AUG26,62000,call,0,28.31,63585.8
2026-08-13,BTC,BTC-15AUG26-62000-P,15AUG26,62000,put,13,28.31,63585.8
2026-08-13,BTC,BTC-15AUG26-62500-C,15AUG26,62500,call,0,27.18,63585.8
2026-08-13,BTC,BTC-15AUG26-62500-P,15AUG26,62500,put,40.9,27.18,63585.8
2026-08-13,BTC,BTC-15AUG26-63000-C,15AUG26,63000,call,75,26.77,63585.8
2026-08-13,BTC,BTC-15AUG26-63000-P,15AUG26,63000,put,8.9,26.77,63585.8
2026-08-13,BTC,BTC-15AUG26-63500-C,15AUG26,63500,call,95.6,26.99,63585.8
2026-08-13,BTC,BTC-15AUG26-63500-P,15AUG26,63500,put,37.7,26.99,63585.8
2026-08-13,BTC,BTC-15AUG26-64000-C,15AUG26,64000,call,67.3,27.11,63585.5
2026-08-13,BTC,BTC-15AUG26-64000-P,15AUG26,64000,put,4.5,27.11,63585.5
2026-08-13,BTC,BTC-15AUG26-64500-C,15AUG26,64500,call,128.4,27.7,63585.8
2026-08-13,BTC,BTC-15AUG26-64500-P,15AUG26,64500,put,0,27.7,63585.5
2026-08-13,BTC,BTC-15AUG26-65000-C,15AUG26,65000,call,50.6,28.92,63585.8
2026-08-13,BTC,BTC-15AUG26-65000-P,15AUG26,65000,put,0,28.92,63585.8
2026-08-13,BTC,BTC-15AUG26-65500-C,15AUG26,65500,call,5034.7,30.72,63585.8
2026-08-13,BTC,BTC-15AUG26-65500-P,15AUG26,65500,put,0,30.72,63585.5
2026-08-13,BTC,BTC-15AUG26-66000-C,15AUG26,66000,call,246,32.33,63585.8
2026-08-13,BTC,BTC-15AUG26-66000-P,15AUG26,66000,put,0,32.33,63585.5
2026-08-13,BTC,BTC-15AUG26-66500-C,15AUG26,66500,call,76.5,34.56,63585.5
2026-08-13,BTC,BTC-15AUG26-66500-P,15AUG26,66500,put,0,34.56,63585.8
2026-08-13,BTC,BTC-15AUG26-67000-C,15AUG26,67000,call,50.7,36.5,63585.5
2026-08-13,BTC,BTC-15AUG26-67000-P,15AUG26,67000,put,0,36.5,63585.5
2026-08-13,BTC,BTC-15AUG26-68000-C,15AUG26,68000,call,1.8,40.73,63585.5
2026-08-13,BTC,BTC-15AUG26-68000-P,15AUG26,68000,put,0,40.73,63585.8
2026-08-13,BTC,BTC-15AUG26-69000-C,15AUG26,69000,call,10.8,45.43,63585.8
2026-08-13,BTC,BTC-15AUG26-69000-P,15AUG26,69000,put,0,45.43,63585.8
2026-08-13,BTC,BTC-15AUG26-70000-C,15AUG26,70000,call,5.3,47.23,63585.8
2026-08-13,BTC,BTC-15AUG26-70000-P,15AUG26,70000,put,0,47.23,63585.5
2026-08-13,BTC,BTC-15AUG26-71000-C,15AUG26,71000,call,4,47.3,63585.8
2026-08-13,BTC,BTC-15AUG26-71000-P,15AUG26,71000,put,0,47.3,63585.8
2026-08-13,BTC,BTC-16AUG26-56000-C,16AUG26,56000,call,0,54.01,63595.77
2026-08-13,BTC,BTC-16AUG26-56000-P,16AUG26,56000,put,4,54.01,63595.47
2026-08-13,BTC,BTC-16AUG26-57000-C,16AUG26,57000,call,0,50.51,63595.47
2026-08-13,BTC,BTC-16AUG26-57000-P,16AUG26,57000,put,0,50.51,63595.47
2026-08-13,BTC,BTC-16AUG26-58000-C,16AUG26,58000,call,0,44.38,63595.77
2026-08-13,BTC,BTC-16AUG26-58000-P,16AUG26,58000,put,2,44.38,63595.47
2026-08-13,BTC,BTC-16AUG26-59000-C,16AUG26,59000,call,0,39.42,63595.47
2026-08-13,BTC,BTC-16AUG26-59000-P,16AUG26,59000,put,0.1,39.42,63595.47
2026-08-13,BTC,BTC-16AUG26-60000-C,16AUG26,60000,call,0,33.74,63595.47
2026-08-13,BTC,BTC-16AUG26-60000-P,16AUG26,60000,put,36.6,33.74,63595.47
2026-08-13,BTC,BTC-16AUG26-61000-C,16AUG26,61000,call,0,29.14,63595.47
2026-08-13,BTC,BTC-16AUG26-61000-P,16AUG26,61000,put,16.8,29.14,63595.47
2026-08-13,BTC,BTC-16AUG26-61500-C,16AUG26,61500,call,0,27.32,63595.77
2026-08-13,BTC,BTC-16AUG26-61500-P,16AUG26,61500,put,16.2,27.32,63595.77
2026-08-13,BTC,BTC-16AUG26-62000-C,16AUG26,62000,call,0,25.86,63595.77
2026-08-13,BTC,BTC-16AUG26-62000-P,16AUG26,62000,put,40.6,25.86,63595.77
2026-08-13,BTC,BTC-16AUG26-62500-C,16AUG26,62500,call,0,24.87,63595.77
2026-08-13,BTC,BTC-16AUG26-62500-P,16AUG26,62500,put,13.9,24.87,63595.77
2026-08-13,BTC,BTC-16AUG26-63000-C,16AUG26,63000,call,20,24.39,63595.47
2026-08-13,BTC,BTC-16AUG26-63000-P,16AUG26,63000,put,181.2,24.39,63595.47
2026-08-13,BTC,BTC-16AUG26-63500-C,16AUG26,63500,call,10.1,24.36,63595.47
2026-08-13,BTC,BTC-16AUG26-63500-P,16AUG26,63500,put,21,24.36,63595.47
2026-08-13,BTC,BTC-16AUG26-64000-C,16AUG26,64000,call,12.9,24.35,63595.47
2026-08-13,BTC,BTC-16AUG26-64000-P,16AUG26,64000,put,0.1,24.35,63595.47
2026-08-13,BTC,BTC-16AUG26-64500-C,16AUG26,64500,call,152.2,24.74,63595.47
2026-08-13,BTC,BTC-16AUG26-64500-P,16AUG26,64500,put,0.2,24.74,63595.47
2026-08-13,BTC,BTC-16AUG26-65000-C,16AUG26,65000,call,33.4,25.66,63595.47
2026-08-13,BTC,BTC-16AUG26-65000-P,16AUG26,65000,put,0,25.66,63595.47
2026-08-13,BTC,BTC-16AUG26-65500-C,16AUG26,65500,call,515.2,26.88,63595.77
2026-08-13,BTC,BTC-16AUG26-65500-P,16AUG26,65500,put,0,26.88,63595.47
2026-08-13,BTC,BTC-16AUG26-66000-C,16AUG26,66000,call,25.8,28.21,63595.77
2026-08-13,BTC,BTC-16AUG26-66000-P,16AUG26,66000,put,0.2,28.21,63595.47
2026-08-13,BTC,BTC-16AUG26-67000-C,16AUG26,67000,call,41.7,31.38,63595.47
2026-08-13,BTC,BTC-16AUG26-67000-P,16AUG26,67000,put,0,31.38,63595.47
2026-08-13,BTC,BTC-16AUG26-68000-C,16AUG26,68000,call,0.1,34.88,63595.77
2026-08-13,BTC,BTC-16AUG26-68000-P,16AUG26,68000,put,0,34.88,63595.47
2026-08-13,BTC,BTC-16AUG26-69000-C,16AUG26,69000,call,1.6,38.69,63595.47
2026-08-13,BTC,BTC-16AUG26-69000-P,16AUG26,69000,put,0,38.69,63595.47
2026-08-13,BTC,BTC-16AUG26-70000-C,16AUG26,70000,call,0,42.31,63595.47
2026-08-13,BTC,BTC-16AUG26-70000-P,16AUG26,70000,put,0,42.31,63595.47
2026-08-13,BTC,BTC-16AUG26-71000-C,16AUG26,71000,call,2,42.42,63595.47
2026-08-13,BTC,BTC-16AUG26-71000-P,16AUG26,71000,put,0,42.42,63595.47
2026-08-13,BTC,BTC-21AUG26-53000-C,21AUG26,53000,call,0,51.23,63629.99
2026-08-13,BTC,BTC-21AUG26-53000-P,21AUG26,53000,put,89.7,51.23,63629.69
2026-08-13,BTC,BTC-21AUG26-55000-C,21AUG26,55000,call,0,45.26,63629.99
2026-08-13,BTC,BTC-21AUG26-55000-P,21AUG26,55000,put,120.4,45.26,63629.99
2026-08-13,BTC,BTC-21AUG26-56000-P,21AUG26,56000,put,101.8,42.29,63629.69
2026-08-13,BTC,BTC-21AUG26-56000-C,21AUG26,56000,call,0,42.29,63629.69
2026-08-13,BTC,BTC-21AUG26-58000-C,21AUG26,58000,call,0,37.45,63629.69
2026-08-13,BTC,BTC-21AUG26-58000-P,21AUG26,58000,put,384.2,37.45,63629.69
2026-08-13,BTC,BTC-21AUG26-59000-C,21AUG26,59000,call,0,34.9,63629.69
2026-08-13,BTC,BTC-21AUG26-59000-P,21AUG26,59000,put,328.9,34.9,63629.69
2026-08-13,BTC,BTC-21AUG26-60000-C,21AUG26,60000,call,0,32.94,63629.69
2026-08-13,BTC,BTC-21AUG26-60000-P,21AUG26,60000,put,696,32.94,63629.99
2026-08-13,BTC,BTC-21AUG26-61000-C,21AUG26,61000,call,4,31.31,63629.99
2026-08-13,BTC,BTC-21AUG26-61000-P,21AUG26,61000,put,1337.5,31.31,63629.69
2026-08-13,BTC,BTC-21AUG26-62000-C,21AUG26,62000,call,40.1,29.72,63629.69
2026-08-13,BTC,BTC-21AUG26-62000-P,21AUG26,62000,put,248.7,29.72,63629.69
2026-08-13,BTC,BTC-21AUG26-63000-C,21AUG26,63000,call,35.2,28.74,63629.69
2026-08-13,BTC,BTC-21AUG26-63000-P,21AUG26,63000,put,171.3,28.74,63629.69
2026-08-13,BTC,BTC-21AUG26-64000-C,21AUG26,64000,call,70,27.91,63629.99
2026-08-13,BTC,BTC-21AUG26-64000-P,21AUG26,64000,put,180.6,27.91,63629.69
2026-08-13,BTC,BTC-21AUG26-65000-C,21AUG26,65000,call,335.1,27.2,63629.69
2026-08-13,BTC,BTC-21AUG26-65000-P,21AUG26,65000,put,98.7,27.2,63629.69
2026-08-13,BTC,BTC-21AUG26-66000-C,21AUG26,66000,call,810.9,26.99,63629.99
2026-08-13,BTC,BTC-21AUG26-66000-P,21AUG26,66000,put,11.7,26.99,63629.99
2026-08-13,BTC,BTC-21AUG26-67000-C,21AUG26,67000,call,1370.8,27.09,63629.99
2026-08-13,BTC,BTC-21AUG26-67000-P,21AUG26,67000,put,10.4,27.09,63629.69
2026-08-13,BTC,BTC-21AUG26-68000-C,21AUG26,68000,call,2079,27.82,63629.69
2026-08-13,BTC,BTC-21AUG26-68000-P,21AUG26,68000,put,0.5,27.82,63629.69
2026-08-13,BTC,BTC-21AUG26-69000-C,21AUG26,69000,call,587.9,29.53,63629.99
2026-08-13,BTC,BTC-21AUG26-69000-P,21AUG26,69000,put,0,29.53,63629.99
2026-08-13,BTC,BTC-21AUG26-70000-C,21AUG26,70000,call,1502.2,31.72,63629.69
2026-08-13,BTC,BTC-21AUG26-70000-P,21AUG26,70000,put,0,31.72,63629.99
2026-08-13,BTC,BTC-21AUG26-72000-P,21AUG26,72000,put,0,37.74,63629.99
2026-08-13,BTC,BTC-21AUG26-72000-C,21AUG26,72000,call,740,37.74,63629.69
2026-08-13,BTC,BTC-21AUG26-75000-P,21AUG26,75000,put,0,44.79,63629.99
2026-08-13,BTC,BTC-21AUG26-75000-C,21AUG26,75000,call,1520.2,44.79,63629.69
2026-08-13,BTC,BTC-25DEC26-20000-P,25DEC26,20000,put,118.8,86.65,64610.7
2026-08-13,BTC,BTC-25DEC26-20000-C,25DEC26,20000,call,2.7,86.65,64610.4
2026-08-13,BTC,BTC-25DEC26-30000-C,25DEC26,30000,call,291,69.22,64610.4
2026-08-13,BTC,BTC-25DEC26-30000-P,25DEC26,30000,put,2135.6,69.22,64610.7
2026-08-13,BTC,BTC-25DEC26-35000-C,25DEC26,35000,call,77.8,62.15,64610.4
2026-08-13,BTC,BTC-25DEC26-35000-P,25DEC26,35000,put,2355.3,62.15,64610.4
2026-08-13,BTC,BTC-25DEC26-40000-C,25DEC26,40000,call,250.9,56.41,64610.4
2026-08-13,BTC,BTC-25DEC26-40000-P,25DEC26,40000,put,4374,56.41,64610.4
2026-08-13,BTC,BTC-25DEC26-45000-C,25DEC26,45000,call,54.3,50.67,64610.4
2026-08-13,BTC,BTC-25DEC26-45000-P,25DEC26,45000,put,2905.9,50.67,64610.4
2026-08-13,BTC,BTC-25DEC26-50000-C,25DEC26,50000,call,260.8,46.26,64610.4
2026-08-13,BTC,BTC-25DEC26-50000-P,25DEC26,50000,put,1932.3,46.26,64610.4
2026-08-13,BTC,BTC-25DEC26-52000-P,25DEC26,52000,put,420.7,44.9,64610.4
2026-08-13,BTC,BTC-25DEC26-52000-C,25DEC26,52000,call,0.1,44.9,64610.4
2026-08-13,BTC,BTC-25DEC26-54000-P,25DEC26,54000,put,1812.3,43.7,64610.7
2026-08-13,BTC,BTC-25DEC26-54000-C,25DEC26,54000,call,33.1,43.7,64610.7
2026-08-13,BTC,BTC-25DEC26-55000-P,25DEC26,55000,put,1057.5,43.15,64610.4
2026-08-13,BTC,BTC-25DEC26-55000-C,25DEC26,55000,call,44.9,43.15,64610.4
2026-08-13,BTC,BTC-25DEC26-56000-P,25DEC26,56000,put,462.3,42.66,64610.4
2026-08-13,BTC,BTC-25DEC26-56000-C,25DEC26,56000,call,41.4,42.66,64610.4
2026-08-13,BTC,BTC-25DEC26-58000-P,25DEC26,58000,put,2136.5,41.8,64610.4
2026-08-13,BTC,BTC-25DEC26-58000-C,25DEC26,58000,call,41.8,41.8,64610.4
2026-08-13,BTC,BTC-25DEC26-60000-P,25DEC26,60000,put,6441.8,41.09,64610.4
2026-08-13,BTC,BTC-25DEC26-60000-C,25DEC26,60000,call,787,41.09,64610.4
2026-08-13,BTC,BTC-25DEC26-62000-P,25DEC26,62000,put,971.8,40.5,64610.4
2026-08-13,BTC,BTC-25DEC26-62000-C,25DEC26,62000,call,255.1,40.5,64610.4
2026-08-13,BTC,BTC-25DEC26-64000-P,25DEC26,64000,put,316.8,40.02,64610.4
2026-08-13,BTC,BTC-25DEC26-64000-C,25DEC26,64000,call,420.8,40.02,64610.4
2026-08-13,BTC,BTC-25DEC26-65000-C,25DEC26,65000,call,1013.8,39.83,64610.4
2026-08-13,BTC,BTC-25DEC26-65000-P,25DEC26,65000,put,896.6,39.83,64610.7
2026-08-13,BTC,BTC-25DEC26-66000-C,25DEC26,66000,call,268.8,39.66,64610.4
2026-08-13,BTC,BTC-25DEC26-66000-P,25DEC26,66000,put,364.5,39.66,64610.4
2026-08-13,BTC,BTC-25DEC26-68000-P,25DEC26,68000,put,455.9,39.38,64610.4
2026-08-13,BTC,BTC-25DEC26-68000-C,25DEC26,68000,call,726.5,39.38,64610.4
2026-08-13,BTC,BTC-25DEC26-70000-P,25DEC26,70000,put,1006.1,39.16,64610.4
2026-08-13,BTC,BTC-25DEC26-70000-C,25DEC26,70000,call,1825.1,39.16,64610.4
2026-08-13,BTC,BTC-25DEC26-72000-C,25DEC26,72000,call,1164,39.01,64610.4
2026-08-13,BTC,BTC-25DEC26-72000-P,25DEC26,72000,put,330.5,39.01,64610.7
2026-08-13,BTC,BTC-25DEC26-74000-P,25DEC26,74000,put,106,38.91,64610.7
2026-08-13,BTC,BTC-25DEC26-74000-C,25DEC26,74000,call,149.8,38.91,64610.7
2026-08-13,BTC,BTC-25DEC26-75000-P,25DEC26,75000,put,896.2,38.87,64610.4
2026-08-13,BTC,BTC-25DEC26-75000-C,25DEC26,75000,call,1939.8,38.87,64610.7
2026-08-13,BTC,BTC-25DEC26-76000-P,25DEC26,76000,put,142.1,38.87,64610.4
2026-08-13,BTC,BTC-25DEC26-76000-C,25DEC26,76000,call,386.9,38.87,64610.4
2026-08-13,BTC,BTC-25DEC26-78000-P,25DEC26,78000,put,234.6,38.85,64610.7
2026-08-13,BTC,BTC-25DEC26-78000-C,25DEC26,78000,call,565.2,38.85,64610.4
2026-08-13,BTC,BTC-25DEC26-80000-C,25DEC26,80000,call,8336.3,38.91,64610.4
2026-08-13,BTC,BTC-25DEC26-80000-P,25DEC26,80000,put,951.8,38.91,64610.4
2026-08-13,BTC,BTC-25DEC26-82000-P,25DEC26,82000,put,158.8,39.07,64610.7
2026-08-13,BTC,BTC-25DEC26-82000-C,25DEC26,82000,call,541,39.07,64610.7
2026-08-13,BTC,BTC-25DEC26-84000-P,25DEC26,84000,put,47.1,39.12,64610.4
2026-08-13,BTC,BTC-25DEC26-84000-C,25DEC26,84000,call,776.7,39.12,64610.4
2026-08-13,BTC,BTC-25DEC26-85000-C,25DEC26,85000,call,2290.1,39.17,64610.7
2026-08-13,BTC,BTC-25DEC26-85000-P,25DEC26,85000,put,548.4,39.17,64610.4
2026-08-13,BTC,BTC-25DEC26-86000-C,25DEC26,86000,call,332.6,39.32,64610.4
2026-08-13,BTC,BTC-25DEC26-86000-P,25DEC26,86000,put,23.4,39.32,64610.4
2026-08-13,BTC,BTC-25DEC26-88000-C,25DEC26,88000,call,2686.4,39.39,64610.4
2026-08-13,BTC,BTC-25DEC26-88000-P,25DEC26,88000,put,4.2,39.39,64610.4
2026-08-13,BTC,BTC-25DEC26-90000-C,25DEC26,90000,call,3329.9,39.61,64610.4
2026-08-13,BTC,BTC-25DEC26-90000-P,25DEC26,90000,put,590.6,39.61,64610.7
2026-08-13,BTC,BTC-25DEC26-92000-P,25DEC26,92000,put,4.6,40.04,64610.4
2026-08-13,BTC,BTC-25DEC26-92000-C,25DEC26,92000,call,254.3,40.04,64610.4
2026-08-13,BTC,BTC-25DEC26-94000-C,25DEC26,94000,call,117.8,40.26,64610.4
2026-08-13,BTC,BTC-25DEC26-94000-P,25DEC26,94000,put,5.3,40.26,64610.4
2026-08-13,BTC,BTC-25DEC26-95000-C,25DEC26,95000,call,1302.3,40.51,64610.4
2026-08-13,BTC,BTC-25DEC26-95000-P,25DEC26,95000,put,85.9,40.51,64610.4
2026-08-13,BTC,BTC-25DEC26-96000-C,25DEC26,96000,call,1321.3,40.74,64610.4
2026-08-13,BTC,BTC-25DEC26-96000-P,25DEC26,96000,put,11.3,40.74,64610.7
2026-08-13,BTC,BTC-25DEC26-98000-P,25DEC26,98000,put,1.2,41.04,64610.4
2026-08-13,BTC,BTC-25DEC26-98000-C,25DEC26,98000,call,210,41.04,64610.7
2026-08-13,BTC,BTC-25DEC26-100000-C,25DEC26,100000,call,3653.5,41.37,64610.7
2026-08-13,BTC,BTC-25DEC26-100000-P,25DEC26,100000,put,303.3,41.37,64610.4
2026-08-13,BTC,BTC-25DEC26-102000-P,25DEC26,102000,put,7.8,41.53,64610.4
2026-08-13,BTC,BTC-25DEC26-102000-C,25DEC26,102000,call,215.7,41.53,64610.4
2026-08-13,BTC,BTC-25DEC26-104000-C,25DEC26,104000,call,87.7,41.95,64610.4
2026-08-13,BTC,BTC-25DEC26-104000-P,25DEC26,104000,put,0.1,41.95,64610.4
2026-08-13,BTC,BTC-25DEC26-105000-P,25DEC26,105000,put,109.4,42.06,64610.4
2026-08-13,BTC,BTC-25DEC26-105000-C,25DEC26,105000,call,828.9,42.06,64610.4
2026-08-13,BTC,BTC-25DEC26-106000-C,25DEC26,106000,call,320.2,42.27,64610.7
2026-08-13,BTC,BTC-25DEC26-106000-P,25DEC26,106000,put,0.2,42.27,64610.7
2026-08-13,BTC,BTC-25DEC26-108000-P,25DEC26,108000,put,0.1,42.67,64610.7
2026-08-13,BTC,BTC-25DEC26-108000-C,25DEC26,108000,call,123.1,42.67,64610.4
2026-08-13,BTC,BTC-25DEC26-110000-C,25DEC26,110000,call,2639.8,43.04,64610.4
2026-08-13,BTC,BTC-25DEC26-110000-P,25DEC26,110000,put,54.2,43.04,64610.7
2026-08-13,BTC,BTC-25DEC26-115000-P,25DEC26,115000,put,0.7,44.02,64610.4
2026-08-13,BTC,BTC-25DEC26-115000-C,25DEC26,115000,call,2339.9,44.02,64610.4
2026-08-13,BTC,BTC-25DEC26-120000-C,25DEC26,120000,call,6032.1,45.15,64610.4
2026-08-13,BTC,BTC-25DEC26-120000-P,25DEC26,120000,put,35.6,45.15,64610.4
2026-08-13,BTC,BTC-25DEC26-125000-P,25DEC26,125000,put,9.1,46.12,64610.4
2026-08-13,BTC,BTC-25DEC26-125000-C,25DEC26,125000,call,595.4,46.12,64610.4
2026-08-13,BTC,BTC-25DEC26-130000-P,25DEC26,130000,put,54.9,47.04,64610.4
2026-08-13,BTC,BTC-25DEC26-130000-C,25DEC26,130000,call,1583.4,47.04,64610.4
2026-08-13,BTC,BTC-25DEC26-135000-P,25DEC26,135000,put,0.6,48.83,64610.4
2026-08-13,BTC,BTC-25DEC26-135000-C,25DEC26,135000,call,1111.8,48.83,64610.4
2026-08-13,BTC,BTC-25DEC26-140000-P,25DEC26,140000,put,0.2,49.39,64610.4
2026-08-13,BTC,BTC-25DEC26-140000-C,25DEC26,140000,call,1482,49.39,64610.7
2026-08-13,BTC,BTC-25DEC26-150000-P,25DEC26,150000,put,2,51.8,64610.7
2026-08-13,BTC,BTC-25DEC26-150000-C,25DEC26,150000,call,1633.9,51.8,64610.4
2026-08-13,BTC,BTC-25DEC26-160000-C,25DEC26,160000,call,1224,53.06,64610.4
2026-08-13,BTC,BTC-25DEC26-160000-P,25DEC26,160000,put,0,53.06,64610.4
2026-08-13,BTC,BTC-25DEC26-170000-C,25DEC26,170000,call,2379.5,54.09,64610.7
2026-08-13,BTC,BTC-25DEC26-170000-P,25DEC26,170000,put,0,54.09,64610.4
2026-08-13,BTC,BTC-25DEC26-180000-P,25DEC26,180000,put,0,55.6,64610.7
2026-08-13,BTC,BTC-25DEC26-180000-C,25DEC26,180000,call,923.8,55.6,64610.4
2026-08-13,BTC,BTC-25DEC26-190000-C,25DEC26,190000,call,993,55.6,64610.4
2026-08-13,BTC,BTC-25DEC26-190000-P,25DEC26,190000,put,0,55.6,64610.4
2026-08-13,BTC,BTC-25DEC26-200000-P,25DEC26,200000,put,0,58.34,64610.7
2026-08-13,BTC,BTC-25DEC26-200000-C,25DEC26,200000,call,951.4,58.34,64610.7
2026-08-13,BTC,BTC-25DEC26-210000-C,25DEC26,210000,call,151.7,59.6,64610.4
2026-08-13,BTC,BTC-25DEC26-210000-P,25DEC26,210000,put,0,59.6,64610.7
2026-08-13,BTC,BTC-25DEC26-220000-C,25DEC26,220000,call,252.8,61.32,64610.7
2026-08-13,BTC,BTC-25DEC26-220000-P,25DEC26,220000,put,0,61.32,64610.4
2026-08-13,BTC,BTC-25DEC26-230000-C,25DEC26,230000,call,195.9,63.04,64610.4
2026-08-13,BTC,BTC-25DEC26-230000-P,25DEC26,230000,put,0,63.04,64610.4
2026-08-13,BTC,BTC-25DEC26-240000-P,25DEC26,240000,put,0,64.69,64610.4
2026-08-13,BTC,BTC-25DEC26-240000-C,25DEC26,240000,call,804.4,64.69,64610.4
2026-08-13,BTC,BTC-25DEC26-250000-P,25DEC26,250000,put,10,64.88,64610.4
2026-08-13,BTC,BTC-25DEC26-250000-C,25DEC26,250000,call,1120.9,64.88,64610.4
2026-08-13,BTC,BTC-25JUN27-30000-C,25JUN27,30000,call,37.5,59.84,65981.84
2026-08-13,BTC,BTC-25JUN27-30000-P,25JUN27,30000,put,339.9,59.84,65981.84
2026-08-13,BTC,BTC-25JUN27-40000-P,25JUN27,40000,put,504.3,51.49,65981.84
2026-08-13,BTC,BTC-25JUN27-40000-C,25JUN27,40000,call,17,51.49,65981.54
2026-08-13,BTC,BTC-25JUN27-45000-C,25JUN27,45000,call,0.6,48.59,65981.84
2026-08-13,BTC,BTC-25JUN27-45000-P,25JUN27,45000,put,184.1,48.59,65981.84
2026-08-13,BTC,BTC-25JUN27-50000-C,25JUN27,50000,call,17.1,46.35,65981.84
2026-08-13,BTC,BTC-25JUN27-50000-P,25JUN27,50000,put,283.5,46.35,65981.84
2026-08-13,BTC,BTC-25JUN27-52000-C,25JUN27,52000,call,1.1,45.63,65981.54
2026-08-13,BTC,BTC-25JUN27-52000-P,25JUN27,52000,put,31.1,45.63,65981.54
2026-08-13,BTC,BTC-25JUN27-54000-P,25JUN27,54000,put,20.5,45,65981.54
2026-08-13,BTC,BTC-25JUN27-54000-C,25JUN27,54000,call,0.9,45,65981.84
2026-08-13,BTC,BTC-25JUN27-55000-P,25JUN27,55000,put,9.1,44.71,65981.54
2026-08-13,BTC,BTC-25JUN27-55000-C,25JUN27,55000,call,2.7,44.71,65981.84
2026-08-13,BTC,BTC-25JUN27-56000-C,25JUN27,56000,call,2,44.44,65981.84
2026-08-13,BTC,BTC-25JUN27-56000-P,25JUN27,56000,put,42,44.44,65981.54
2026-08-13,BTC,BTC-25JUN27-58000-C,25JUN27,58000,call,5.3,43.95,65981.84
2026-08-13,BTC,BTC-25JUN27-58000-P,25JUN27,58000,put,15.9,43.95,65981.84
2026-08-13,BTC,BTC-25JUN27-60000-C,25JUN27,60000,call,943.5,43.53,65981.84
2026-08-13,BTC,BTC-25JUN27-60000-P,25JUN27,60000,put,77.4,43.53,65981.54
2026-08-13,BTC,BTC-25JUN27-62000-C,25JUN27,62000,call,94.3,43.14,65981.84
2026-08-13,BTC,BTC-25JUN27-62000-P,25JUN27,62000,put,70.1,43.14,65981.54
2026-08-13,BTC,BTC-25JUN27-64000-C,25JUN27,64000,call,19.6,42.84,65981.54
2026-08-13,BTC,BTC-25JUN27-64000-P,25JUN27,64000,put,13.5,42.84,65981.54
2026-08-13,BTC,BTC-25JUN27-66000-C,25JUN27,66000,call,27.9,42.53,65981.54
2026-08-13,BTC,BTC-25JUN27-66000-P,25JUN27,66000,put,35.1,42.53,65981.54
2026-08-13,BTC,BTC-25JUN27-68000-C,25JUN27,68000,call,10.9,42.28,65981.54
2026-08-13,BTC,BTC-25JUN27-68000-P,25JUN27,68000,put,9.5,42.28,65981.54
2026-08-13,BTC,BTC-25JUN27-70000-C,25JUN27,70000,call,192.6,42.06,65981.84
2026-08-13,BTC,BTC-25JUN27-70000-P,25JUN27,70000,put,9.6,42.06,65981.54
2026-08-13,BTC,BTC-25JUN27-72000-C,25JUN27,72000,call,24.8,41.88,65981.84
2026-08-13,BTC,BTC-25JUN27-72000-P,25JUN27,72000,put,1.3,41.88,65981.54
2026-08-13,BTC,BTC-25JUN27-74000-P,25JUN27,74000,put,0.1,41.72,65981.54
2026-08-13,BTC,BTC-25JUN27-74000-C,25JUN27,74000,call,13.3,41.72,65981.54
2026-08-13,BTC,BTC-25JUN27-76000-P,25JUN27,76000,put,9.2,41.6,65981.84
2026-08-13,BTC,BTC-25JUN27-76000-C,25JUN27,76000,call,20.8,41.6,65981.84
2026-08-13,BTC,BTC-25JUN27-78000-P,25JUN27,78000,put,0.4,41.49,65981.84
2026-08-13,BTC,BTC-25JUN27-78000-C,25JUN27,78000,call,9.9,41.49,65981.54
2026-08-13,BTC,BTC-25JUN27-80000-P,25JUN27,80000,put,8.5,41.41,65981.54
2026-08-13,BTC,BTC-25JUN27-80000-C,25JUN27,80000,call,77,41.41,65981.54
2026-08-13,BTC,BTC-25JUN27-82000-P,25JUN27,82000,put,0.2,41.29,65981.84
2026-08-13,BTC,BTC-25JUN27-82000-C,25JUN27,82000,call,62,41.29,65981.54
2026-08-13,BTC,BTC-25JUN27-84000-P,25JUN27,84000,put,0.1,41.22,65981.84
2026-08-13,BTC,BTC-25JUN27-84000-C,25JUN27,84000,call,2.7,41.22,65981.54
2026-08-13,BTC,BTC-25JUN27-85000-C,25JUN27,85000,call,8.2,41.25,65981.54
2026-08-13,BTC,BTC-25JUN27-85000-P,25JUN27,85000,put,6.8,41.25,65981.54
2026-08-13,BTC,BTC-25JUN27-86000-P,25JUN27,86000,put,0.1,41.22,65981.54
2026-08-13,BTC,BTC-25JUN27-86000-C,25JUN27,86000,call,2.9,41.22,65981.84
2026-08-13,BTC,BTC-25JUN27-88000-P,25JUN27,88000,put,0.1,41.21,65981.84
2026-08-13,BTC,BTC-25JUN27-88000-C,25JUN27,88000,call,5.9,41.21,65981.84
2026-08-13,BTC,BTC-25JUN27-90000-C,25JUN27,90000,call,93.1,41.21,65981.54
2026-08-13,BTC,BTC-25JUN27-90000-P,25JUN27,90000,put,0.5,41.21,65981.54
2026-08-13,BTC,BTC-25JUN27-92000-P,25JUN27,92000,put,0.1,41.2,65981.54
2026-08-13,BTC,BTC-25JUN27-92000-C,25JUN27,92000,call,5.8,41.2,65981.84
2026-08-13,BTC,BTC-25JUN27-95000-P,25JUN27,95000,put,20.1,41.2,65981.84
2026-08-13,BTC,BTC-25JUN27-95000-C,25JUN27,95000,call,27.2,41.2,65981.84
2026-08-13,BTC,BTC-25JUN27-100000-P,25JUN27,100000,put,0.1,41.29,65981.84
2026-08-13,BTC,BTC-25JUN27-100000-C,25JUN27,100000,call,114.5,41.29,65981.84
2026-08-13,BTC,BTC-25JUN27-105000-P,25JUN27,105000,put,0.1,41.4,65981.54
2026-08-13,BTC,BTC-25JUN27-105000-C,25JUN27,105000,call,100.1,41.4,65981.54
2026-08-13,BTC,BTC-25JUN27-110000-C,25JUN27,110000,call,227.7,41.71,65981.84
2026-08-13,BTC,BTC-25JUN27-110000-P,25JUN27,110000,put,0.3,41.71,65981.54
2026-08-13,BTC,BTC-25JUN27-120000-P,25JUN27,120000,put,0.1,42.32,65981.84
2026-08-13,BTC,BTC-25JUN27-120000-C,25JUN27,120000,call,119.9,42.32,65981.84
2026-08-13,BTC,BTC-25JUN27-130000-C,25JUN27,130000,call,83.2,42.98,65981.84
2026-08-13,BTC,BTC-25JUN27-130000-P,25JUN27,130000,put,1.3,42.98,65981.84
2026-08-13,BTC,BTC-25JUN27-140000-C,25JUN27,140000,call,213.6,43.85,65981.54
2026-08-13,BTC,BTC-25JUN27-140000-P,25JUN27,140000,put,0,43.85,65981.54
2026-08-13,BTC,BTC-25JUN27-150000-P,25JUN27,150000,put,0,44.53,65981.84
2026-08-13,BTC,BTC-25JUN27-150000-C,25JUN27,150000,call,90.5,44.53,65981.54
2026-08-13,BTC,BTC-25JUN27-160000-C,25JUN27,160000,call,514.2,45.57,65981.54
2026-08-13,BTC,BTC-25JUN27-160000-P,25JUN27,160000,put,0,45.57,65981.54
2026-08-13,BTC,BTC-25JUN27-170000-P,25JUN27,170000,put,14.6,46.36,65981.54
2026-08-13,BTC,BTC-25JUN27-170000-C,25JUN27,170000,call,43.7,46.36,65981.54
2026-08-13,BTC,BTC-25SEP26-30000-C,25SEP26,30000,call,134,88.06,63893.72
2026-08-13,BTC,BTC-25SEP26-30000-P,25SEP26,30000,put,2606.9,88.06,63894.02
2026-08-13,BTC,BTC-25SEP26-35000-C,25SEP26,35000,call,29.3,77.09,63893.72
2026-08-13,BTC,BTC-25SEP26-35000-P,25SEP26,35000,put,892.4,77.09,63894.02
2026-08-13,BTC,BTC-25SEP26-40000-C,25SEP26,40000,call,34.4,66.41,63893.72
2026-08-13,BTC,BTC-25SEP26-40000-P,25SEP26,40000,put,2320,66.41,63893.72
2026-08-13,BTC,BTC-25SEP26-45000-C,25SEP26,45000,call,224.8,56.81,63893.72
2026-08-13,BTC,BTC-25SEP26-45000-P,25SEP26,45000,put,2176.2,56.81,63893.72
2026-08-13,BTC,BTC-25SEP26-50000-P,25SEP26,50000,put,3758.7,48.49,63893.72
2026-08-13,BTC,BTC-25SEP26-50000-C,25SEP26,50000,call,30.5,48.49,63893.72
2026-08-13,BTC,BTC-25SEP26-52000-P,25SEP26,52000,put,1286.5,45.65,63894.02
2026-08-13,BTC,BTC-25SEP26-52000-C,25SEP26,52000,call,75,45.65,63894.02
2026-08-13,BTC,BTC-25SEP26-54000-C,25SEP26,54000,call,7.2,42.89,63894.02
2026-08-13,BTC,BTC-25SEP26-54000-P,25SEP26,54000,put,619,42.89,63893.72
2026-08-13,BTC,BTC-25SEP26-55000-P,25SEP26,55000,put,2573.6,41.73,63893.72
2026-08-13,BTC,BTC-25SEP26-55000-C,25SEP26,55000,call,143.7,41.73,63894.02
2026-08-13,BTC,BTC-25SEP26-56000-P,25SEP26,56000,put,1388,40.57,63893.72
2026-08-13,BTC,BTC-25SEP26-56000-C,25SEP26,56000,call,12.2,40.57,63893.72
2026-08-13,BTC,BTC-25SEP26-58000-P,25SEP26,58000,put,1381.5,38.55,63893.72
2026-08-13,BTC,BTC-25SEP26-58000-C,25SEP26,58000,call,460.8,38.55,63893.72
2026-08-13,BTC,BTC-25SEP26-60000-P,25SEP26,60000,put,4887.2,37.05,63894.02
2026-08-13,BTC,BTC-25SEP26-60000-C,25SEP26,60000,call,854.2,37.05,63893.72
2026-08-13,BTC,BTC-25SEP26-62000-C,25SEP26,62000,call,680.5,35.88,63894.02
2026-08-13,BTC,BTC-25SEP26-62000-P,25SEP26,62000,put,1176.5,35.88,63893.72
2026-08-13,BTC,BTC-25SEP26-64000-C,25SEP26,64000,call,703,34.85,63893.72
2026-08-13,BTC,BTC-25SEP26-64000-P,25SEP26,64000,put,669.1,34.85,63893.72
2026-08-13,BTC,BTC-25SEP26-65000-P,25SEP26,65000,put,685.4,34.48,63893.72
2026-08-13,BTC,BTC-25SEP26-65000-C,25SEP26,65000,call,1296.3,34.48,63893.72
2026-08-13,BTC,BTC-25SEP26-66000-P,25SEP26,66000,put,870.2,34.12,63893.72
2026-08-13,BTC,BTC-25SEP26-66000-C,25SEP26,66000,call,1127.7,34.12,63893.72
2026-08-13,BTC,BTC-25SEP26-68000-C,25SEP26,68000,call,844.8,33.68,63894.02
2026-08-13,BTC,BTC-25SEP26-68000-P,25SEP26,68000,put,616.3,33.68,63893.72
2026-08-13,BTC,BTC-25SEP26-70000-C,25SEP26,70000,call,9262.9,33.43,63893.72
2026-08-13,BTC,BTC-25SEP26-70000-P,25SEP26,70000,put,1522.7,33.43,63894.02
2026-08-13,BTC,BTC-25SEP26-72000-C,25SEP26,72000,call,3276.8,33.41,63893.72
2026-08-13,BTC,BTC-25SEP26-72000-P,25SEP26,72000,put,274.7,33.41,63894.02
2026-08-13,BTC,BTC-25SEP26-74000-C,25SEP26,74000,call,1197,33.74,63893.72
2026-08-13,BTC,BTC-25SEP26-74000-P,25SEP26,74000,put,110.7,33.74,63894.02
2026-08-13,BTC,BTC-25SEP26-75000-P,25SEP26,75000,put,2967.4,33.96,63893.72
2026-08-13,BTC,BTC-25SEP26-75000-C,25SEP26,75000,call,3726.6,33.96,63893.72
2026-08-13,BTC,BTC-25SEP26-76000-C,25SEP26,76000,call,2819.1,34.02,63894.02
2026-08-13,BTC,BTC-25SEP26-76000-P,25SEP26,76000,put,599.6,34.02,63894.02
2026-08-13,BTC,BTC-25SEP26-78000-P,25SEP26,78000,put,625.3,34.2,63893.72
2026-08-13,BTC,BTC-25SEP26-78000-C,25SEP26,78000,call,4769.1,34.2,63893.72
2026-08-13,BTC,BTC-25SEP26-80000-P,25SEP26,80000,put,612.6,35.08,63893.72
2026-08-13,BTC,BTC-25SEP26-80000-C,25SEP26,80000,call,3276.6,35.08,63893.72
2026-08-13,BTC,BTC-25SEP26-82000-P,25SEP26,82000,put,194.1,36.6,63893.72
2026-08-13,BTC,BTC-25SEP26-82000-C,25SEP26,82000,call,2567.7,36.6,63894.02
2026-08-13,BTC,BTC-25SEP26-84000-C,25SEP26,84000,call,1676,37.66,63894.02
2026-08-13,BTC,BTC-25SEP26-84000-P,25SEP26,84000,put,34.7,37.66,63893.72
2026-08-13,BTC,BTC-25SEP26-85000-P,25SEP26,85000,put,453,38.39,63893.72
2026-08-13,BTC,BTC-25SEP26-85000-C,25SEP26,85000,call,1202.4,38.39,63894.02
2026-08-13,BTC,BTC-25SEP26-86000-P,25SEP26,86000,put,11.6,39,63894.02
2026-08-13,BTC,BTC-25SEP26-86000-C,25SEP26,86000,call,899.2,39,63894.02
2026-08-13,BTC,BTC-25SEP26-88000-C,25SEP26,88000,call,658.2,40.71,63893.72
2026-08-13,BTC,BTC-25SEP26-88000-P,25SEP26,88000,put,5.7,40.71,63894.02
2026-08-13,BTC,BTC-25SEP26-90000-C,25SEP26,90000,call,3018.7,42.17,63893.72
2026-08-13,BTC,BTC-25SEP26-90000-P,25SEP26,90000,put,586.2,42.17,63893.72
2026-08-13,BTC,BTC-25SEP26-92000-C,25SEP26,92000,call,489.8,43.37,63894.02
2026-08-13,BTC,BTC-25SEP26-92000-P,25SEP26,92000,put,4.3,43.37,63893.72
2026-08-13,BTC,BTC-25SEP26-94000-P,25SEP26,94000,put,1.9,44.7,63894.02
2026-08-13,BTC,BTC-25SEP26-94000-C,25SEP26,94000,call,170,44.7,63893.72
2026-08-13,BTC,BTC-25SEP26-95000-P,25SEP26,95000,put,147.6,44.71,63893.72
2026-08-13,BTC,BTC-25SEP26-95000-C,25SEP26,95000,call,1861.6,44.71,63893.72
2026-08-13,BTC,BTC-25SEP26-96000-C,25SEP26,96000,call,306.4,45.57,63894.02
2026-08-13,BTC,BTC-25SEP26-96000-P,25SEP26,96000,put,1,45.57,63894.02
2026-08-13,BTC,BTC-25SEP26-98000-P,25SEP26,98000,put,0.1,47.52,63893.72
2026-08-13,BTC,BTC-25SEP26-98000-C,25SEP26,98000,call,363.7,47.52,63894.02
2026-08-13,BTC,BTC-25SEP26-100000-P,25SEP26,100000,put,431.5,48.73,63894.02
2026-08-13,BTC,BTC-25SEP26-100000-C,25SEP26,100000,call,3632.8,48.73,63893.72
2026-08-13,BTC,BTC-25SEP26-102000-P,25SEP26,102000,put,0.4,50.6,63893.72
2026-08-13,BTC,BTC-25SEP26-102000-C,25SEP26,102000,call,91.3,50.6,63893.72
2026-08-13,BTC,BTC-25SEP26-105000-C,25SEP26,105000,call,1206.8,51.7,63893.72
2026-08-13,BTC,BTC-25SEP26-105000-P,25SEP26,105000,put,104.6,51.7,63894.02
2026-08-13,BTC,BTC-25SEP26-110000-C,25SEP26,110000,call,1324.7,55.86,63893.72
2026-08-13,BTC,BTC-25SEP26-110000-P,25SEP26,110000,put,116.1,55.86,63893.72
2026-08-13,BTC,BTC-25SEP26-115000-P,25SEP26,115000,put,92.4,56.29,63893.72
2026-08-13,BTC,BTC-25SEP26-115000-C,25SEP26,115000,call,2184,56.29,63894.02
2026-08-13,BTC,BTC-25SEP26-120000-C,25SEP26,120000,call,1137.3,59.28,63893.72
2026-08-13,BTC,BTC-25SEP26-120000-P,25SEP26,120000,put,174.5,59.28,63893.72
2026-08-13,BTC,BTC-25SEP26-125000-C,25SEP26,125000,call,2323.8,61.77,63894.02
2026-08-13,BTC,BTC-25SEP26-125000-P,25SEP26,125000,put,21.8,61.77,63893.72
2026-08-13,BTC,BTC-25SEP26-130000-P,25SEP26,130000,put,21.4,63.53,63893.72
2026-08-13,BTC,BTC-25SEP26-130000-C,25SEP26,130000,call,1431.9,63.53,63893.72
2026-08-13,BTC,BTC-25SEP26-135000-P,25SEP26,135000,put,11.5,66.77,63894.02
2026-08-13,BTC,BTC-25SEP26-135000-C,25SEP26,135000,call,271.9,66.77,63893.72
2026-08-13,BTC,BTC-25SEP26-140000-P,25SEP26,140000,put,1.4,69.71,63893.72
2026-08-13,BTC,BTC-25SEP26-140000-C,25SEP26,140000,call,1184.3,69.71,63893.72
2026-08-13,BTC,BTC-25SEP26-145000-P,25SEP26,145000,put,0.2,69.92,63894.02
2026-08-13,BTC,BTC-25SEP26-145000-C,25SEP26,145000,call,493.2,69.92,63894.02
2026-08-13,BTC,BTC-25SEP26-150000-P,25SEP26,150000,put,0.7,72.57,63893.72
2026-08-13,BTC,BTC-25SEP26-150000-C,25SEP26,150000,call,736.7,72.57,63894.02
2026-08-13,BTC,BTC-25SEP26-155000-P,25SEP26,155000,put,0.1,75.11,63893.72
2026-08-13,BTC,BTC-25SEP26-155000-C,25SEP26,155000,call,363.1,75.11,63894.02
2026-08-13,BTC,BTC-25SEP26-160000-P,25SEP26,160000,put,0.6,75.32,63893.72
2026-08-13,BTC,BTC-25SEP26-160000-C,25SEP26,160000,call,1444.3,75.32,63893.72
2026-08-13,BTC,BTC-25SEP26-165000-C,25SEP26,165000,call,184.2,75.32,63893.72
2026-08-13,BTC,BTC-25SEP26-165000-P,25SEP26,165000,put,0,75.32,63893.72
2026-08-13,BTC,BTC-25SEP26-170000-P,25SEP26,170000,put,0,75.32,63893.72
2026-08-13,BTC,BTC-25SEP26-170000-C,25SEP26,170000,call,359.5,75.32,63894.02
2026-08-13,BTC,BTC-25SEP26-175000-C,25SEP26,175000,call,1355.3,75.32,63893.72
2026-08-13,BTC,BTC-25SEP26-175000-P,25SEP26,175000,put,0.2,75.32,63893.72
2026-08-13,BTC,BTC-25SEP26-180000-P,25SEP26,180000,put,7.3,75.32,63893.72
2026-08-13,BTC,BTC-25SEP26-180000-C,25SEP26,180000,call,748.1,75.32,63893.72
2026-08-13,BTC,BTC-25SEP26-190000-C,25SEP26,190000,call,772.5,75.38,63894.02
2026-08-13,BTC,BTC-25SEP26-190000-P,25SEP26,190000,put,0,75.38,63894.02
2026-08-13,BTC,BTC-25SEP26-200000-P,25SEP26,200000,put,0.1,75.38,63893.72
2026-08-13,BTC,BTC-25SEP26-200000-C,25SEP26,200000,call,1009.2,75.38,63893.72
2026-08-13,BTC,BTC-25SEP26-220000-P,25SEP26,220000,put,1.8,75.38,63894.02
2026-08-13,BTC,BTC-25SEP26-220000-C,25SEP26,220000,call,230.1,75.38,63894.02
2026-08-13,BTC,BTC-25SEP26-240000-P,25SEP26,240000,put,0,75.51,63893.72
2026-08-13,BTC,BTC-25SEP26-240000-C,25SEP26,240000,call,220,75.51,63893.72
2026-08-13,BTC,BTC-25SEP26-260000-P,25SEP26,260000,put,0,78.83,63893.72
2026-08-13,BTC,BTC-25SEP26-260000-C,25SEP26,260000,call,292,78.83,63893.72
2026-08-13,BTC,BTC-25SEP26-280000-P,25SEP26,280000,put,0,81.51,63893.72
2026-08-13,BTC,BTC-25SEP26-280000-C,25SEP26,280000,call,91.7,81.51,63894.02
2026-08-13,BTC,BTC-25SEP26-300000-P,25SEP26,300000,put,0,84.97,63893.72
2026-08-13,BTC,BTC-25SEP26-300000-C,25SEP26,300000,call,192.1,84.97,63894.02
2026-08-13,BTC,BTC-25SEP26-320000-P,25SEP26,320000,put,25.1,85.42,63893.72
2026-08-13,BTC,BTC-25SEP26-320000-C,25SEP26,320000,call,276.6,85.42,63893.72
2026-08-13,BTC,BTC-26MAR27-35000-C,26MAR27,35000,call,7.1,57.28,65279.37
2026-08-13,BTC,BTC-26MAR27-35000-P,26MAR27,35000,put,575.9,57.28,65279.42
2026-08-13,BTC,BTC-26MAR27-40000-C,26MAR27,40000,call,81.3,52.52,65279.42
2026-08-13,BTC,BTC-26MAR27-40000-P,26MAR27,40000,put,1135.4,52.52,65279.42
2026-08-13,BTC,BTC-26MAR27-45000-C,26MAR27,45000,call,3.3,48.75,65279.42
2026-08-13,BTC,BTC-26MAR27-45000-P,26MAR27,45000,put,227.2,48.75,65279.42
2026-08-13,BTC,BTC-26MAR27-50000-C,26MAR27,50000,call,20.6,45.79,65279.42
2026-08-13,BTC,BTC-26MAR27-50000-P,26MAR27,50000,put,2109.1,45.79,65279.42
2026-08-13,BTC,BTC-26MAR27-52000-C,26MAR27,52000,call,5.2,44.84,65279.42
2026-08-13,BTC,BTC-26MAR27-52000-P,26MAR27,52000,put,117.8,44.84,65279.42
2026-08-13,BTC,BTC-26MAR27-54000-C,26MAR27,54000,call,0.1,44.03,65279.37
2026-08-13,BTC,BTC-26MAR27-54000-P,26MAR27,54000,put,58.7,44.03,65279.42
2026-08-13,BTC,BTC-26MAR27-55000-C,26MAR27,55000,call,28.6,43.68,65279.42
2026-08-13,BTC,BTC-26MAR27-55000-P,26MAR27,55000,put,1353.3,43.68,65279.42
2026-08-13,BTC,BTC-26MAR27-56000-P,26MAR27,56000,put,83.2,43.35,65279.42
2026-08-13,BTC,BTC-26MAR27-56000-C,26MAR27,56000,call,16.9,43.35,65279.42
2026-08-13,BTC,BTC-26MAR27-58000-P,26MAR27,58000,put,109.5,42.73,65279.42
2026-08-13,BTC,BTC-26MAR27-58000-C,26MAR27,58000,call,5.2,42.73,65279.42
2026-08-13,BTC,BTC-26MAR27-60000-P,26MAR27,60000,put,613.2,42.26,65279.42
2026-08-13,BTC,BTC-26MAR27-60000-C,26MAR27,60000,call,718.8,42.26,65279.42
2026-08-13,BTC,BTC-26MAR27-62000-P,26MAR27,62000,put,244.2,41.81,65279.42
2026-08-13,BTC,BTC-26MAR27-62000-C,26MAR27,62000,call,41.9,41.81,65279.42
2026-08-13,BTC,BTC-26MAR27-64000-C,26MAR27,64000,call,135.2,41.46,65279.42
2026-08-13,BTC,BTC-26MAR27-64000-P,26MAR27,64000,put,133.1,41.46,65279.42
2026-08-13,BTC,BTC-26MAR27-65000-C,26MAR27,65000,call,364.2,41.29,65279.42
2026-08-13,BTC,BTC-26MAR27-65000-P,26MAR27,65000,put,655.1,41.29,65279.42
2026-08-13,BTC,BTC-26MAR27-66000-C,26MAR27,66000,call,27,41.15,65279.42
2026-08-13,BTC,BTC-26MAR27-66000-P,26MAR27,66000,put,123.9,41.15,65279.42
2026-08-13,BTC,BTC-26MAR27-68000-C,26MAR27,68000,call,97,40.92,65279.42
2026-08-13,BTC,BTC-26MAR27-68000-P,26MAR27,68000,put,75.7,40.92,65279.42
2026-08-13,BTC,BTC-26MAR27-70000-C,26MAR27,70000,call,785.9,40.77,65279.42
2026-08-13,BTC,BTC-26MAR27-70000-P,26MAR27,70000,put,211.8,40.77,65279.37
2026-08-13,BTC,BTC-26MAR27-72000-C,26MAR27,72000,call,70.2,40.56,65279.42
2026-08-13,BTC,BTC-26MAR27-72000-P,26MAR27,72000,put,139.1,40.56,65279.37
2026-08-13,BTC,BTC-26MAR27-74000-C,26MAR27,74000,call,50,40.35,65279.42
2026-08-13,BTC,BTC-26MAR27-74000-P,26MAR27,74000,put,54,40.35,65279.42
2026-08-13,BTC,BTC-26MAR27-76000-P,26MAR27,76000,put,19.2,40.27,65279.42
2026-08-13,BTC,BTC-26MAR27-76000-C,26MAR27,76000,call,405.9,40.27,65279.42
2026-08-13,BTC,BTC-26MAR27-78000-P,26MAR27,78000,put,183,40.17,65279.42
2026-08-13,BTC,BTC-26MAR27-78000-C,26MAR27,78000,call,451.2,40.17,65279.42
2026-08-13,BTC,BTC-26MAR27-80000-P,26MAR27,80000,put,139.2,40.1,65279.42
2026-08-13,BTC,BTC-26MAR27-80000-C,26MAR27,80000,call,928.5,40.1,65279.42
2026-08-13,BTC,BTC-26MAR27-82000-C,26MAR27,82000,call,704.9,40.1,65279.42
2026-08-13,BTC,BTC-26MAR27-82000-P,26MAR27,82000,put,3.9,40.1,65279.42
2026-08-13,BTC,BTC-26MAR27-84000-P,26MAR27,84000,put,55.1,40.11,65279.42
2026-08-13,BTC,BTC-26MAR27-84000-C,26MAR27,84000,call,266.4,40.11,65279.42
2026-08-13,BTC,BTC-26MAR27-85000-P,26MAR27,85000,put,0.9,40.12,65279.42
2026-08-13,BTC,BTC-26MAR27-85000-C,26MAR27,85000,call,94.1,40.12,65279.42
2026-08-13,BTC,BTC-26MAR27-86000-P,26MAR27,86000,put,1.8,40.14,65279.42
2026-08-13,BTC,BTC-26MAR27-86000-C,26MAR27,86000,call,137.5,40.14,65279.42
2026-08-13,BTC,BTC-26MAR27-88000-P,26MAR27,88000,put,4.5,40.18,65279.37
2026-08-13,BTC,BTC-26MAR27-88000-C,26MAR27,88000,call,71,40.18,65279.37
2026-08-13,BTC,BTC-26MAR27-90000-P,26MAR27,90000,put,14.1,40.25,65279.37
2026-08-13,BTC,BTC-26MAR27-90000-C,26MAR27,90000,call,506,40.25,65279.42
2026-08-13,BTC,BTC-26MAR27-92000-P,26MAR27,92000,put,0.6,40.33,65279.42
2026-08-13,BTC,BTC-26MAR27-92000-C,26MAR27,92000,call,126.2,40.33,65279.42
2026-08-13,BTC,BTC-26MAR27-94000-P,26MAR27,94000,put,9.1,40.41,65279.42
2026-08-13,BTC,BTC-26MAR27-94000-C,26MAR27,94000,call,141.2,40.41,65279.42
2026-08-13,BTC,BTC-26MAR27-95000-C,26MAR27,95000,call,343,40.48,65279.37
2026-08-13,BTC,BTC-26MAR27-95000-P,26MAR27,95000,put,0.6,40.48,65279.37
2026-08-13,BTC,BTC-26MAR27-96000-C,26MAR27,96000,call,132.9,40.53,65279.42
2026-08-13,BTC,BTC-26MAR27-96000-P,26MAR27,96000,put,1.6,40.53,65279.42
2026-08-13,BTC,BTC-26MAR27-98000-C,26MAR27,98000,call,102.1,40.65,65279.42
2026-08-13,BTC,BTC-26MAR27-98000-P,26MAR27,98000,put,0.2,40.65,65279.42
2026-08-13,BTC,BTC-26MAR27-100000-P,26MAR27,100000,put,12.1,40.77,65279.37
2026-08-13,BTC,BTC-26MAR27-100000-C,26MAR27,100000,call,570,40.77,65279.42
2026-08-13,BTC,BTC-26MAR27-102000-C,26MAR27,102000,call,105.8,40.93,65279.42
2026-08-13,BTC,BTC-26MAR27-102000-P,26MAR27,102000,put,0.1,40.93,65279.42
2026-08-13,BTC,BTC-26MAR27-104000-C,26MAR27,104000,call,101.4,41.11,65279.42
2026-08-13,BTC,BTC-26MAR27-104000-P,26MAR27,104000,put,0.1,41.11,65279.42
2026-08-13,BTC,BTC-26MAR27-105000-P,26MAR27,105000,put,0.4,41.15,65279.42
2026-08-13,BTC,BTC-26MAR27-105000-C,26MAR27,105000,call,187.4,41.15,65279.42
2026-08-13,BTC,BTC-26MAR27-106000-P,26MAR27,106000,put,0.1,41.19,65279.42
2026-08-13,BTC,BTC-26MAR27-106000-C,26MAR27,106000,call,43.6,41.19,65279.42
2026-08-13,BTC,BTC-26MAR27-108000-C,26MAR27,108000,call,57.3,41.49,65279.37
2026-08-13,BTC,BTC-26MAR27-108000-P,26MAR27,108000,put,0.1,41.49,65279.42
2026-08-13,BTC,BTC-26MAR27-110000-C,26MAR27,110000,call,532.9,41.69,65279.42
2026-08-13,BTC,BTC-26MAR27-110000-P,26MAR27,110000,put,4,41.69,65279.42
2026-08-13,BTC,BTC-26MAR27-112000-C,26MAR27,112000,call,62.7,41.87,65279.42
2026-08-13,BTC,BTC-26MAR27-112000-P,26MAR27,112000,put,0.1,41.87,65279.42
2026-08-13,BTC,BTC-26MAR27-115000-C,26MAR27,115000,call,762.2,42.09,65279.42
2026-08-13,BTC,BTC-26MAR27-115000-P,26MAR27,115000,put,1.8,42.09,65279.42
2026-08-13,BTC,BTC-26MAR27-120000-C,26MAR27,120000,call,329,42.46,65279.42
2026-08-13,BTC,BTC-26MAR27-120000-P,26MAR27,120000,put,1.8,42.46,65279.37
2026-08-13,BTC,BTC-26MAR27-125000-P,26MAR27,125000,put,0.1,43.31,65279.42
2026-08-13,BTC,BTC-26MAR27-125000-C,26MAR27,125000,call,126.1,43.31,65279.42
2026-08-13,BTC,BTC-26MAR27-130000-P,26MAR27,130000,put,0.3,43.82,65279.42
2026-08-13,BTC,BTC-26MAR27-130000-C,26MAR27,130000,call,1066.3,43.82,65279.42
2026-08-13,BTC,BTC-26MAR27-140000-P,26MAR27,140000,put,0,44.96,65279.42
2026-08-13,BTC,BTC-26MAR27-140000-C,26MAR27,140000,call,761.5,44.96,65279.42
2026-08-13,BTC,BTC-26MAR27-150000-C,26MAR27,150000,call,1913.1,46.36,65279.42
2026-08-13,BTC,BTC-26MAR27-150000-P,26MAR27,150000,put,0.5,46.36,65279.37
2026-08-13,BTC,BTC-26MAR27-160000-C,26MAR27,160000,call,860.6,47.6,65279.42
2026-08-13,BTC,BTC-26MAR27-160000-P,26MAR27,160000,put,0,47.6,65279.37
2026-08-13,BTC,BTC-26MAR27-170000-C,26MAR27,170000,call,250,48.84,65279.42
2026-08-13,BTC,BTC-26MAR27-170000-P,26MAR27,170000,put,0.1,48.84,65279.42
2026-08-13,BTC,BTC-26MAR27-180000-C,26MAR27,180000,call,642.5,50.7,65279.42
2026-08-13,BTC,BTC-26MAR27-180000-P,26MAR27,180000,put,0,50.7,65279.42
2026-08-13,BTC,BTC-26MAR27-190000-P,26MAR27,190000,put,0.9,51.63,65279.42
2026-08-13,BTC,BTC-26MAR27-190000-C,26MAR27,190000,call,883.6,51.63,65279.42
2026-08-13,BTC,BTC-26MAR27-200000-C,26MAR27,200000,call,497,52.15,65279.42
2026-08-13,BTC,BTC-26MAR27-200000-P,26MAR27,200000,put,1,52.15,65279.42
2026-08-13,BTC,BTC-28AUG26-40000-P,28AUG26,40000,put,753,69.36,63697.02
2026-08-13,BTC,BTC-28AUG26-40000-C,28AUG26,40000,call,23.4,69.36,63697.02
2026-08-13,BTC,BTC-28AUG26-46000-P,28AUG26,46000,put,1755.4,61.08,63697.02
2026-08-13,BTC,BTC-28AUG26-46000-C,28AUG26,46000,call,1,61.08,63697.02
2026-08-13,BTC,BTC-28AUG26-48000-C,28AUG26,48000,call,37.5,59.13,63697.02
2026-08-13,BTC,BTC-28AUG26-48000-P,28AUG26,48000,put,1545.6,59.13,63697.02
2026-08-13,BTC,BTC-28AUG26-50000-P,28AUG26,50000,put,2827.1,53.56,63697.02
2026-08-13,BTC,BTC-28AUG26-50000-C,28AUG26,50000,call,51,53.56,63697.02
2026-08-13,BTC,BTC-28AUG26-52000-C,28AUG26,52000,call,51,49.11,63697.02
2026-08-13,BTC,BTC-28AUG26-52000-P,28AUG26,52000,put,1332.8,49.11,63697.02
2026-08-13,BTC,BTC-28AUG26-53000-C,28AUG26,53000,call,10.9,46.55,63697.02
2026-08-13,BTC,BTC-28AUG26-53000-P,28AUG26,53000,put,1108.9,46.55,63697.02
2026-08-13,BTC,BTC-28AUG26-54000-C,28AUG26,54000,call,12.2,44.7,63697.02
2026-08-13,BTC,BTC-28AUG26-54000-P,28AUG26,54000,put,1669.6,44.7,63697.02
2026-08-13,BTC,BTC-28AUG26-55000-C,28AUG26,55000,call,11.8,42.83,63697.02
2026-08-13,BTC,BTC-28AUG26-55000-P,28AUG26,55000,put,1166.6,42.83,63697.02
2026-08-13,BTC,BTC-28AUG26-56000-C,28AUG26,56000,call,63.4,40.94,63697.02
2026-08-13,BTC,BTC-28AUG26-56000-P,28AUG26,56000,put,1149.4,40.94,63697.02
2026-08-13,BTC,BTC-28AUG26-57000-C,28AUG26,57000,call,28.5,39.06,63697.02
2026-08-13,BTC,BTC-28AUG26-57000-P,28AUG26,57000,put,1017.9,39.06,63697.02
2026-08-13,BTC,BTC-28AUG26-58000-C,28AUG26,58000,call,155.1,37.26,63697.02
2026-08-13,BTC,BTC-28AUG26-58000-P,28AUG26,58000,put,1015.1,37.26,63697.02
2026-08-13,BTC,BTC-28AUG26-59000-P,28AUG26,59000,put,813.4,35.76,63697.02
2026-08-13,BTC,BTC-28AUG26-59000-C,28AUG26,59000,call,214.3,35.76,63697.02
2026-08-13,BTC,BTC-28AUG26-60000-P,28AUG26,60000,put,1574.9,34.34,63697.02
2026-08-13,BTC,BTC-28AUG26-60000-C,28AUG26,60000,call,434.6,34.34,63697.02
2026-08-13,BTC,BTC-28AUG26-61000-C,28AUG26,61000,call,610.7,33.07,63697.02
2026-08-13,BTC,BTC-28AUG26-61000-P,28AUG26,61000,put,960,33.07,63697.02
2026-08-13,BTC,BTC-28AUG26-62000-C,28AUG26,62000,call,900.9,32.01,63697.02
2026-08-13,BTC,BTC-28AUG26-62000-P,28AUG26,62000,put,901.9,32.01,63697.02
2026-08-13,BTC,BTC-28AUG26-63000-C,28AUG26,63000,call,984.8,31.18,63697.02
2026-08-13,BTC,BTC-28AUG26-63000-P,28AUG26,63000,put,678.6,31.18,63697.02
2026-08-13,BTC,BTC-28AUG26-64000-P,28AUG26,64000,put,838.6,30.46,63697.02
2026-08-13,BTC,BTC-28AUG26-64000-C,28AUG26,64000,call,553.7,30.46,63697.02
2026-08-13,BTC,BTC-28AUG26-65000-C,28AUG26,65000,call,1427.2,29.83,63697.02
2026-08-13,BTC,BTC-28AUG26-65000-P,28AUG26,65000,put,912.9,29.83,63697.02
2026-08-13,BTC,BTC-28AUG26-66000-C,28AUG26,66000,call,897.9,29.41,63697.02
2026-08-13,BTC,BTC-28AUG26-66000-P,28AUG26,66000,put,213.4,29.41,63697.02
2026-08-13,BTC,BTC-28AUG26-67000-C,28AUG26,67000,call,1568.4,29.26,63697.02
2026-08-13,BTC,BTC-28AUG26-67000-P,28AUG26,67000,put,60.8,29.26,63697.02
2026-08-13,BTC,BTC-28AUG26-68000-P,28AUG26,68000,put,84.3,29.25,63697.02
2026-08-13,BTC,BTC-28AUG26-68000-C,28AUG26,68000,call,1342.8,29.25,63697.02
2026-08-13,BTC,BTC-28AUG26-69000-C,28AUG26,69000,call,947.2,29.43,63697.02
2026-08-13,BTC,BTC-28AUG26-69000-P,28AUG26,69000,put,49.4,29.43,63697.02
2026-08-13,BTC,BTC-28AUG26-70000-C,28AUG26,70000,call,2301.6,29.92,63696.72
2026-08-13,BTC,BTC-28AUG26-70000-P,28AUG26,70000,put,178.4,29.92,63697.02
2026-08-13,BTC,BTC-28AUG26-71000-C,28AUG26,71000,call,1571,30.73,63697.02
2026-08-13,BTC,BTC-28AUG26-71000-P,28AUG26,71000,put,11.1,30.73,63697.02
2026-08-13,BTC,BTC-28AUG26-72000-P,28AUG26,72000,put,86.3,31.43,63697.02
2026-08-13,BTC,BTC-28AUG26-72000-C,28AUG26,72000,call,2946.1,31.43,63697.02
2026-08-13,BTC,BTC-28AUG26-73000-C,28AUG26,73000,call,1749.6,32.57,63697.02
2026-08-13,BTC,BTC-28AUG26-73000-P,28AUG26,73000,put,5.1,32.57,63697.02
2026-08-13,BTC,BTC-28AUG26-74000-C,28AUG26,74000,call,2162.3,34.02,63697.02
2026-08-13,BTC,BTC-28AUG26-74000-P,28AUG26,74000,put,3.3,34.02,63697.02
2026-08-13,BTC,BTC-28AUG26-75000-C,28AUG26,75000,call,2718.8,35.42,63697.02
2026-08-13,BTC,BTC-28AUG26-75000-P,28AUG26,75000,put,44.2,35.42,63697.02
2026-08-13,BTC,BTC-28AUG26-76000-P,28AUG26,76000,put,5.4,37.2,63697.02
2026-08-13,BTC,BTC-28AUG26-76000-C,28AUG26,76000,call,1025.3,37.2,63697.02
2026-08-13,BTC,BTC-28AUG26-77000-C,28AUG26,77000,call,231.6,39.56,63697.02
2026-08-13,BTC,BTC-28AUG26-77000-P,28AUG26,77000,put,3.4,39.56,63697.02
2026-08-13,BTC,BTC-28AUG26-78000-P,28AUG26,78000,put,4.1,41.07,63697.02
2026-08-13,BTC,BTC-28AUG26-78000-C,28AUG26,78000,call,1325.1,41.07,63697.02
2026-08-13,BTC,BTC-28AUG26-79000-P,28AUG26,79000,put,0.7,43.3,63697.02
2026-08-13,BTC,BTC-28AUG26-79000-C,28AUG26,79000,call,1004,43.3,63697.02
2026-08-13,BTC,BTC-28AUG26-80000-C,28AUG26,80000,call,2145.8,43.9,63697.02
2026-08-13,BTC,BTC-28AUG26-80000-P,28AUG26,80000,put,29.5,43.9,63697.02
2026-08-13,BTC,BTC-28AUG26-81000-C,28AUG26,81000,call,1451.1,45.98,63697.02
2026-08-13,BTC,BTC-28AUG26-81000-P,28AUG26,81000,put,0.1,45.98,63697.02
2026-08-13,BTC,BTC-28AUG26-82000-C,28AUG26,82000,call,1507.6,48.03,63697.02
2026-08-13,BTC,BTC-28AUG26-82000-P,28AUG26,82000,put,1.5,48.03,63697.02
2026-08-13,BTC,BTC-28AUG26-83000-P,28AUG26,83000,put,0.1,48.55,63697.02
2026-08-13,BTC,BTC-28AUG26-83000-C,28AUG26,83000,call,539.8,48.55,63697.02
2026-08-13,BTC,BTC-28AUG26-84000-C,28AUG26,84000,call,60.2,48.98,63697.02
2026-08-13,BTC,BTC-28AUG26-84000-P,28AUG26,84000,put,0.8,48.98,63697.02
2026-08-13,BTC,BTC-28AUG26-85000-C,28AUG26,85000,call,319.4,50.79,63697.02
2026-08-13,BTC,BTC-28AUG26-85000-P,28AUG26,85000,put,0.8,50.79,63697.02
2026-08-13,BTC,BTC-28AUG26-86000-C,28AUG26,86000,call,188.3,52.56,63697.02
2026-08-13,BTC,BTC-28AUG26-86000-P,28AUG26,86000,put,0,52.56,63697.02
2026-08-13,BTC,BTC-28AUG26-88000-C,28AUG26,88000,call,183.7,52.74,63697.02
2026-08-13,BTC,BTC-28AUG26-88000-P,28AUG26,88000,put,0,52.74,63697.02
2026-08-13,BTC,BTC-28AUG26-90000-C,28AUG26,90000,call,368.4,55.07,63697.02
2026-08-13,BTC,BTC-28AUG26-90000-P,28AUG26,90000,put,11.1,55.07,63697.02
2026-08-13,BTC,BTC-28AUG26-92000-C,28AUG26,92000,call,112.6,58.29,63697.02
2026-08-13,BTC,BTC-28AUG26-92000-P,28AUG26,92000,put,1.2,58.29,63697.02
2026-08-13,BTC,BTC-28AUG26-94000-C,28AUG26,94000,call,218.8,59.46,63697.02
2026-08-13,BTC,BTC-28AUG26-94000-P,28AUG26,94000,put,0,59.46,63696.72
2026-08-13,BTC,BTC-28AUG26-95000-P,28AUG26,95000,put,0.3,59.46,63697.02
2026-08-13,BTC,BTC-28AUG26-95000-C,28AUG26,95000,call,62.7,59.46,63697.02
2026-08-13,BTC,BTC-28AUG26-96000-P,28AUG26,96000,put,0.2,59.46,63697.02
2026-08-13,BTC,BTC-28AUG26-96000-C,28AUG26,96000,call,25.3,59.46,63697.02
2026-08-13,BTC,BTC-28AUG26-98000-C,28AUG26,98000,call,160.6,59.46,63697.02
2026-08-13,BTC,BTC-28AUG26-98000-P,28AUG26,98000,put,0,59.46,63697.02
2026-08-13,BTC,BTC-28AUG26-100000-C,28AUG26,100000,call,179.6,59.75,63697.02
2026-08-13,BTC,BTC-28AUG26-100000-P,28AUG26,100000,put,0.5,59.75,63697.02
2026-08-13,BTC,BTC-28AUG26-105000-C,28AUG26,105000,call,169.1,63.37,63697.02
2026-08-13,BTC,BTC-28AUG26-105000-P,28AUG26,105000,put,1,63.37,63697.02
2026-08-13,BTC,BTC-28AUG26-110000-C,28AUG26,110000,call,117.3,65.75,63697.02
2026-08-13,BTC,BTC-28AUG26-110000-P,28AUG26,110000,put,0.2,65.75,63697.02
2026-08-13,BTC,BTC-30OCT26-40000-C,30OCT26,40000,call,0,59.2,64160.07
2026-08-13,BTC,BTC-30OCT26-40000-P,30OCT26,40000,put,45.5,59.2,64160.07
2026-08-13,BTC,BTC-30OCT26-45000-C,30OCT26,45000,call,0,52.42,64160.07
2026-08-13,BTC,BTC-30OCT26-45000-P,30OCT26,45000,put,46.8,52.42,64160.07
2026-08-13,BTC,BTC-30OCT26-48000-C,30OCT26,48000,call,0.1,48.53,64160.07
2026-08-13,BTC,BTC-30OCT26-48000-P,30OCT26,48000,put,175.1,48.53,64160.07
2026-08-13,BTC,BTC-30OCT26-50000-C,30OCT26,50000,call,0.1,46.39,64160.07
2026-08-13,BTC,BTC-30OCT26-50000-P,30OCT26,50000,put,98.9,46.39,64160.07
2026-08-13,BTC,BTC-30OCT26-52000-C,30OCT26,52000,call,0.1,44.29,64160.07
2026-08-13,BTC,BTC-30OCT26-52000-P,30OCT26,52000,put,46.3,44.29,64160.07
2026-08-13,BTC,BTC-30OCT26-54000-C,30OCT26,54000,call,0,42.63,64160.07
2026-08-13,BTC,BTC-30OCT26-54000-P,30OCT26,54000,put,58.3,42.63,64160.07
2026-08-13,BTC,BTC-30OCT26-55000-C,30OCT26,55000,call,0,41.84,64160.07
2026-08-13,BTC,BTC-30OCT26-55000-P,30OCT26,55000,put,70,41.84,64160.07
2026-08-13,BTC,BTC-30OCT26-56000-P,30OCT26,56000,put,31.7,41.19,64160.07
2026-08-13,BTC,BTC-30OCT26-56000-C,30OCT26,56000,call,0,41.19,64160.07
2026-08-13,BTC,BTC-30OCT26-57000-C,30OCT26,57000,call,0,40.54,64160.07
2026-08-13,BTC,BTC-30OCT26-57000-P,30OCT26,57000,put,100.1,40.54,64160.07
2026-08-13,BTC,BTC-30OCT26-58000-C,30OCT26,58000,call,0,39.96,64160.07
2026-08-13,BTC,BTC-30OCT26-58000-P,30OCT26,58000,put,51.9,39.96,64160.07
2026-08-13,BTC,BTC-30OCT26-59000-C,30OCT26,59000,call,1,39.41,64160.07
2026-08-13,BTC,BTC-30OCT26-59000-P,30OCT26,59000,put,45,39.41,64160.07
2026-08-13,BTC,BTC-30OCT26-60000-C,30OCT26,60000,call,11.4,38.95,64160.07
2026-08-13,BTC,BTC-30OCT26-60000-P,30OCT26,60000,put,264.9,38.95,64160.07
2026-08-13,BTC,BTC-30OCT26-61000-C,30OCT26,61000,call,1.2,38.51,64160.07
2026-08-13,BTC,BTC-30OCT26-61000-P,30OCT26,61000,put,162.1,38.51,64160.07
2026-08-13,BTC,BTC-30OCT26-62000-C,30OCT26,62000,call,13.5,38.12,64160.07
2026-08-13,BTC,BTC-30OCT26-62000-P,30OCT26,62000,put,24.5,38.12,64160.07
2026-08-13,BTC,BTC-30OCT26-63000-C,30OCT26,63000,call,123.1,37.77,64160.02
2026-08-13,BTC,BTC-30OCT26-63000-P,30OCT26,63000,put,330.4,37.77,64160.07
2026-08-13,BTC,BTC-30OCT26-64000-C,30OCT26,64000,call,421.3,37.49,64160.02
2026-08-13,BTC,BTC-30OCT26-64000-P,30OCT26,64000,put,372.8,37.49,64160.07
2026-08-13,BTC,BTC-30OCT26-65000-C,30OCT26,65000,call,387.2,37.23,64160.07
2026-08-13,BTC,BTC-30OCT26-65000-P,30OCT26,65000,put,308,37.23,64160.07
2026-08-13,BTC,BTC-30OCT26-66000-C,30OCT26,66000,call,149.1,37,64160.07
2026-08-13,BTC,BTC-30OCT26-66000-P,30OCT26,66000,put,50.6,37,64160.07
2026-08-13,BTC,BTC-30OCT26-67000-C,30OCT26,67000,call,52.8,36.79,64160.07
2026-08-13,BTC,BTC-30OCT26-67000-P,30OCT26,67000,put,15.3,36.79,64160.07
2026-08-13,BTC,BTC-30OCT26-68000-C,30OCT26,68000,call,67.6,36.61,64160.07
2026-08-13,BTC,BTC-30OCT26-68000-P,30OCT26,68000,put,4,36.61,64160.07
2026-08-13,BTC,BTC-30OCT26-69000-C,30OCT26,69000,call,36.7,36.48,64160.07
2026-08-13,BTC,BTC-30OCT26-69000-P,30OCT26,69000,put,0.1,36.48,64160.07
2026-08-13,BTC,BTC-30OCT26-70000-C,30OCT26,70000,call,115.6,36.37,64160.07
2026-08-13,BTC,BTC-30OCT26-70000-P,30OCT26,70000,put,11.8,36.37,64160.02
2026-08-13,BTC,BTC-30OCT26-71000-C,30OCT26,71000,call,252.6,36.25,64160.07
2026-08-13,BTC,BTC-30OCT26-71000-P,30OCT26,71000,put,0,36.25,64160.07
2026-08-13,BTC,BTC-30OCT26-72000-C,30OCT26,72000,call,213.1,36.24,64160.07
2026-08-13,BTC,BTC-30OCT26-72000-P,30OCT26,72000,put,5.1,36.24,64160.07
2026-08-13,BTC,BTC-30OCT26-73000-C,30OCT26,73000,call,66.9,36.15,64160.07
2026-08-13,BTC,BTC-30OCT26-73000-P,30OCT26,73000,put,0,36.15,64160.07
2026-08-13,BTC,BTC-30OCT26-74000-C,30OCT26,74000,call,128.6,36.19,64160.07
2026-08-13,BTC,BTC-30OCT26-74000-P,30OCT26,74000,put,0.3,36.19,64160.07
2026-08-13,BTC,BTC-30OCT26-75000-C,30OCT26,75000,call,113.9,36.2,64160.07
2026-08-13,BTC,BTC-30OCT26-75000-P,30OCT26,75000,put,6.1,36.2,64160.07
2026-08-13,BTC,BTC-30OCT26-76000-C,30OCT26,76000,call,135.7,36.29,64160.07
2026-08-13,BTC,BTC-30OCT26-76000-P,30OCT26,76000,put,0,36.29,64160.02
2026-08-13,BTC,BTC-30OCT26-78000-C,30OCT26,78000,call,183.5,36.46,64160.07
2026-08-13,BTC,BTC-30OCT26-78000-P,30OCT26,78000,put,0.1,36.46,64160.07
2026-08-13,BTC,BTC-30OCT26-80000-C,30OCT26,80000,call,233.1,36.55,64160.07
2026-08-13,BTC,BTC-30OCT26-80000-P,30OCT26,80000,put,0.7,36.55,64160.07
2026-08-13,BTC,BTC-30OCT26-82000-C,30OCT26,82000,call,22.6,36.84,64160.07
2026-08-13,BTC,BTC-30OCT26-82000-P,30OCT26,82000,put,0,36.84,64160.07
2026-08-13,BTC,BTC-30OCT26-84000-C,30OCT26,84000,call,31.2,37.45,64160.07
2026-08-13,BTC,BTC-30OCT26-84000-P,30OCT26,84000,put,0.3,37.45,64160.02
2026-08-13,BTC,BTC-30OCT26-85000-C,30OCT26,85000,call,9.4,37.45,64160.07
2026-08-13,BTC,BTC-30OCT26-85000-P,30OCT26,85000,put,0,37.45,64160.07
2026-08-13,BTC,BTC-30OCT26-86000-C,30OCT26,86000,call,8.7,37.6,64160.07
2026-08-13,BTC,BTC-30OCT26-86000-P,30OCT26,86000,put,0.1,37.6,64160.07
2026-08-13,BTC,BTC-30OCT26-88000-C,30OCT26,88000,call,5.1,38.13,64160.07
2026-08-13,BTC,BTC-30OCT26-88000-P,30OCT26,88000,put,0,38.13,64160.07
2026-08-13,BTC,BTC-30OCT26-90000-C,30OCT26,90000,call,60.1,38.64,64160.07
2026-08-13,BTC,BTC-30OCT26-90000-P,30OCT26,90000,put,0.1,38.64,64160.07
2026-08-13,BTC,BTC-30OCT26-95000-C,30OCT26,95000,call,31.2,40.26,64160.07
2026-08-13,BTC,BTC-30OCT26-95000-P,30OCT26,95000,put,0.1,40.26,64160.07
2026-08-13,ETH,ETH-13AUG26-1700-C,13AUG26,1700,call,0,73.07,1880.81
2026-08-13,ETH,ETH-13AUG26-1700-P,13AUG26,1700,put,366,73.07,1880.81
2026-08-13,ETH,ETH-13AUG26-1750-C,13AUG26,1750,call,18,70.44,1880.81
2026-08-13,ETH,ETH-13AUG26-1750-P,13AUG26,1750,put,1632,70.44,1880.81
2026-08-13,ETH,ETH-13AUG26-1760-C,13AUG26,1760,call,0,68.72,1880.8
2026-08-13,ETH,ETH-13AUG26-1760-P,13AUG26,1760,put,160,68.72,1880.81
2026-08-13,ETH,ETH-13AUG26-1780-C,13AUG26,1780,call,0,62.8,1880.81
2026-08-13,ETH,ETH-13AUG26-1780-P,13AUG26,1780,put,1442,62.8,1880.81
2026-08-13,ETH,ETH-13AUG26-1800-C,13AUG26,1800,call,0,55.48,1880.81
2026-08-13,ETH,ETH-13AUG26-1800-P,13AUG26,1800,put,620,55.48,1880.81
2026-08-13,ETH,ETH-13AUG26-1820-C,13AUG26,1820,call,0,48.66,1880.81
2026-08-13,ETH,ETH-13AUG26-1820-P,13AUG26,1820,put,290,48.66,1880.81
2026-08-13,ETH,ETH-13AUG26-1840-C,13AUG26,1840,call,87,42.06,1880.81
2026-08-13,ETH,ETH-13AUG26-1840-P,13AUG26,1840,put,2013,42.06,1880.81
2026-08-13,ETH,ETH-13AUG26-1860-C,13AUG26,1860,call,222,32.79,1880.81
2026-08-13,ETH,ETH-13AUG26-1860-P,13AUG26,1860,put,1854,32.79,1880.81
2026-08-13,ETH,ETH-13AUG26-1880-C,13AUG26,1880,call,911,28.84,1880.81
2026-08-13,ETH,ETH-13AUG26-1880-P,13AUG26,1880,put,1592,28.84,1880.81
2026-08-13,ETH,ETH-13AUG26-1900-C,13AUG26,1900,call,1871,29.98,1880.8
2026-08-13,ETH,ETH-13AUG26-1900-P,13AUG26,1900,put,771,29.98,1880.81
2026-08-13,ETH,ETH-13AUG26-1920-C,13AUG26,1920,call,612,32.22,1880.81
2026-08-13,ETH,ETH-13AUG26-1920-P,13AUG26,1920,put,284,32.22,1880.81
2026-08-13,ETH,ETH-13AUG26-1940-C,13AUG26,1940,call,517,37.45,1880.81
2026-08-13,ETH,ETH-13AUG26-1940-P,13AUG26,1940,put,2,37.45,1880.81
2026-08-13,ETH,ETH-13AUG26-1950-C,13AUG26,1950,call,0,41.63,1880.81
2026-08-13,ETH,ETH-13AUG26-1950-P,13AUG26,1950,put,0,41.63,1880.81
2026-08-13,ETH,ETH-13AUG26-1960-C,13AUG26,1960,call,824,45.41,1880.81
2026-08-13,ETH,ETH-13AUG26-1960-P,13AUG26,1960,put,18,45.41,1880.81
2026-08-13,ETH,ETH-13AUG26-1980-C,13AUG26,1980,call,534,50.05,1880.81
2026-08-13,ETH,ETH-13AUG26-1980-P,13AUG26,1980,put,0,50.05,1880.81
2026-08-13,ETH,ETH-13AUG26-2000-C,13AUG26,2000,call,1846,58.68,1880.81
2026-08-13,ETH,ETH-13AUG26-2000-P,13AUG26,2000,put,80,58.68,1880.81
2026-08-13,ETH,ETH-13AUG26-2020-C,13AUG26,2020,call,266,61,1880.81
2026-08-13,ETH,ETH-13AUG26-2020-P,13AUG26,2020,put,0,61,1880.81
2026-08-13,ETH,ETH-13AUG26-2040-C,13AUG26,2040,call,127,62.15,1880.81
2026-08-13,ETH,ETH-13AUG26-2040-P,13AUG26,2040,put,0,62.15,1880.81
2026-08-13,ETH,ETH-13AUG26-2050-C,13AUG26,2050,call,115,62.2,1880.81
2026-08-13,ETH,ETH-13AUG26-2050-P,13AUG26,2050,put,0,62.2,1880.81
2026-08-13,ETH,ETH-13AUG26-2060-C,13AUG26,2060,call,1130,62.35,1880.81
2026-08-13,ETH,ETH-13AUG26-2060-P,13AUG26,2060,put,0,62.35,1880.81
2026-08-13,ETH,ETH-13AUG26-2100-C,13AUG26,2100,call,19,62.47,1880.81
2026-08-13,ETH,ETH-13AUG26-2100-P,13AUG26,2100,put,0,62.47,1880.81
2026-08-13,ETH,ETH-13AUG26-2200-C,13AUG26,2200,call,61,64.99,1880.81
2026-08-13,ETH,ETH-13AUG26-2200-P,13AUG26,2200,put,0,64.99,1880.81
2026-08-13,ETH,ETH-14AUG26-1600-C,14AUG26,1600,call,0,88.57,1881.04
2026-08-13,ETH,ETH-14AUG26-1600-P,14AUG26,1600,put,5548,88.57,1881.04
2026-08-13,ETH,ETH-14AUG26-1700-C,14AUG26,1700,call,5,64.42,1881.03
2026-08-13,ETH,ETH-14AUG26-1700-P,14AUG26,1700,put,5846,64.42,1881.03
2026-08-13,ETH,ETH-14AUG26-1750-C,14AUG26,1750,call,50,55.38,1881.03
2026-08-13,ETH,ETH-14AUG26-1750-P,14AUG26,1750,put,11250,55.38,1881.04
2026-08-13,ETH,ETH-14AUG26-1800-C,14AUG26,1800,call,60,42.96,1881.04
2026-08-13,ETH,ETH-14AUG26-1800-P,14AUG26,1800,put,2655,42.96,1881.03
2026-08-13,ETH,ETH-14AUG26-1820-C,14AUG26,1820,call,123,39.17,1881.04
2026-08-13,ETH,ETH-14AUG26-1820-P,14AUG26,1820,put,926,39.17,1881.03
2026-08-13,ETH,ETH-14AUG26-1840-C,14AUG26,1840,call,0,36.13,1881.03
2026-08-13,ETH,ETH-14AUG26-1840-P,14AUG26,1840,put,693,36.13,1881.04
2026-08-13,ETH,ETH-14AUG26-1850-C,14AUG26,1850,call,736,35.17,1881.04
2026-08-13,ETH,ETH-14AUG26-1850-P,14AUG26,1850,put,3178,35.17,1881.04
2026-08-13,ETH,ETH-14AUG26-1860-C,14AUG26,1860,call,170,34.5,1881.03
2026-08-13,ETH,ETH-14AUG26-1860-P,14AUG26,1860,put,975,34.5,1881.03
2026-08-13,ETH,ETH-14AUG26-1880-C,14AUG26,1880,call,1584,34.26,1881.03
2026-08-13,ETH,ETH-14AUG26-1880-P,14AUG26,1880,put,1507,34.26,1881.05
2026-08-13,ETH,ETH-14AUG26-1900-C,14AUG26,1900,call,2377,34.12,1881.03
2026-08-13,ETH,ETH-14AUG26-1900-P,14AUG26,1900,put,2404,34.12,1881.04
2026-08-13,ETH,ETH-14AUG26-1920-C,14AUG26,1920,call,3078,35,1881.04
2026-08-13,ETH,ETH-14AUG26-1920-P,14AUG26,1920,put,378,35,1881.03
2026-08-13,ETH,ETH-14AUG26-1940-C,14AUG26,1940,call,533,37,1881.04
2026-08-13,ETH,ETH-14AUG26-1940-P,14AUG26,1940,put,20,37,1881.04
2026-08-13,ETH,ETH-14AUG26-1950-C,14AUG26,1950,call,10929,38.42,1881.03
2026-08-13,ETH,ETH-14AUG26-1950-P,14AUG26,1950,put,3268,38.42,1881.03
2026-08-13,ETH,ETH-14AUG26-1960-C,14AUG26,1960,call,327,39.49,1881.03
2026-08-13,ETH,ETH-14AUG26-1960-P,14AUG26,1960,put,0,39.49,1881.03
2026-08-13,ETH,ETH-14AUG26-2000-C,14AUG26,2000,call,9678,44.37,1881.03
2026-08-13,ETH,ETH-14AUG26-2000-P,14AUG26,2000,put,73,44.37,1881.04
2026-08-13,ETH,ETH-14AUG26-2050-C,14AUG26,2050,call,3183,55.21,1881.04
2026-08-13,ETH,ETH-14AUG26-2050-P,14AUG26,2050,put,228,55.21,1881.04
2026-08-13,ETH,ETH-14AUG26-2100-C,14AUG26,2100,call,3079,64.34,1881.04
2026-08-13,ETH,ETH-14AUG26-2100-P,14AUG26,2100,put,63,64.34,1881.03
2026-08-13,ETH,ETH-14AUG26-2200-C,14AUG26,2200,call,2556,66.27,1881.04
2026-08-13,ETH,ETH-14AUG26-2200-P,14AUG26,2200,put,0,66.27,1881.04
2026-08-13,ETH,ETH-14AUG26-2400-C,14AUG26,2400,call,1543,76.35,1881.03
2026-08-13,ETH,ETH-14AUG26-2400-P,14AUG26,2400,put,2,76.35,1881.03
2026-08-13,ETH,ETH-15AUG26-1600-C,15AUG26,1600,call,0,76.45,1881.21
2026-08-13,ETH,ETH-15AUG26-1600-P,15AUG26,1600,put,152,76.45,1881.21
2026-08-13,ETH,ETH-15AUG26-1700-C,15AUG26,1700,call,0,58.23,1881.21
2026-08-13,ETH,ETH-15AUG26-1700-P,15AUG26,1700,put,1295,58.23,1881.21
2026-08-13,ETH,ETH-15AUG26-1720-C,15AUG26,1720,call,0,54.98,1881.21
2026-08-13,ETH,ETH-15AUG26-1720-P,15AUG26,1720,put,10,54.98,1881.21
2026-08-13,ETH,ETH-15AUG26-1740-C,15AUG26,1740,call,0,51.65,1881.21
2026-08-13,ETH,ETH-15AUG26-1740-P,15AUG26,1740,put,112,51.65,1881.21
2026-08-13,ETH,ETH-15AUG26-1750-C,15AUG26,1750,call,0,50.06,1881.21
2026-08-13,ETH,ETH-15AUG26-1750-P,15AUG26,1750,put,11,50.06,1881.21
2026-08-13,ETH,ETH-15AUG26-1760-C,15AUG26,1760,call,0,48.47,1881.21
2026-08-13,ETH,ETH-15AUG26-1760-P,15AUG26,1760,put,16,48.47,1881.21
2026-08-13,ETH,ETH-15AUG26-1780-C,15AUG26,1780,call,0,45.12,1881.21
2026-08-13,ETH,ETH-15AUG26-1780-P,15AUG26,1780,put,29,45.12,1881.21
2026-08-13,ETH,ETH-15AUG26-1800-C,15AUG26,1800,call,0,42.27,1881.21
2026-08-13,ETH,ETH-15AUG26-1800-P,15AUG26,1800,put,17,42.27,1881.2
2026-08-13,ETH,ETH-15AUG26-1820-C,15AUG26,1820,call,50,39.99,1881.21
2026-08-13,ETH,ETH-15AUG26-1820-P,15AUG26,1820,put,3201,39.99,1881.21
2026-08-13,ETH,ETH-15AUG26-1840-C,15AUG26,1840,call,50,38.31,1881.21
2026-08-13,ETH,ETH-15AUG26-1840-P,15AUG26,1840,put,281,38.31,1881.21
2026-08-13,ETH,ETH-15AUG26-1860-C,15AUG26,1860,call,110,37.51,1881.21
2026-08-13,ETH,ETH-15AUG26-1860-P,15AUG26,1860,put,121,37.51,1881.21
2026-08-13,ETH,ETH-15AUG26-1880-C,15AUG26,1880,call,283,37.02,1881.21
2026-08-13,ETH,ETH-15AUG26-1880-P,15AUG26,1880,put,60,37.02,1881.21
2026-08-13,ETH,ETH-15AUG26-1900-C,15AUG26,1900,call,266,36.99,1881.21
2026-08-13,ETH,ETH-15AUG26-1900-P,15AUG26,1900,put,22,36.99,1881.21
2026-08-13,ETH,ETH-15AUG26-1920-C,15AUG26,1920,call,336,37.58,1881.21
2026-08-13,ETH,ETH-15AUG26-1920-P,15AUG26,1920,put,64,37.58,1881.21
2026-08-13,ETH,ETH-15AUG26-1940-C,15AUG26,1940,call,37,38.46,1881.21
2026-08-13,ETH,ETH-15AUG26-1940-P,15AUG26,1940,put,0,38.46,1881.21
2026-08-13,ETH,ETH-15AUG26-1960-C,15AUG26,1960,call,113,39.6,1881.21
2026-08-13,ETH,ETH-15AUG26-1960-P,15AUG26,1960,put,0,39.6,1881.21
2026-08-13,ETH,ETH-15AUG26-1980-C,15AUG26,1980,call,280,41.15,1881.21
2026-08-13,ETH,ETH-15AUG26-1980-P,15AUG26,1980,put,0,41.15,1881.21
2026-08-13,ETH,ETH-15AUG26-2000-C,15AUG26,2000,call,11,42.95,1881.21
2026-08-13,ETH,ETH-15AUG26-2000-P,15AUG26,2000,put,2,42.95,1881.21
2026-08-13,ETH,ETH-15AUG26-2020-C,15AUG26,2020,call,124,45.13,1881.21
2026-08-13,ETH,ETH-15AUG26-2020-P,15AUG26,2020,put,10,45.13,1881.21
2026-08-13,ETH,ETH-15AUG26-2040-C,15AUG26,2040,call,34,47.27,1881.21
2026-08-13,ETH,ETH-15AUG26-2040-P,15AUG26,2040,put,0,47.27,1881.21
2026-08-13,ETH,ETH-15AUG26-2050-C,15AUG26,2050,call,219,47.95,1881.21
2026-08-13,ETH,ETH-15AUG26-2050-P,15AUG26,2050,put,0,47.95,1881.21
2026-08-13,ETH,ETH-15AUG26-2100-C,15AUG26,2100,call,17,56.74,1881.21
2026-08-13,ETH,ETH-15AUG26-2100-P,15AUG26,2100,put,0,56.74,1881.21
2026-08-13,ETH,ETH-16AUG26-1600-C,16AUG26,1600,call,0,71.1,1881.41
2026-08-13,ETH,ETH-16AUG26-1600-P,16AUG26,1600,put,257,71.1,1881.41
2026-08-13,ETH,ETH-16AUG26-1700-C,16AUG26,1700,call,0,52.5,1881.4
2026-08-13,ETH,ETH-16AUG26-1700-P,16AUG26,1700,put,208,52.5,1881.4
2026-08-13,ETH,ETH-16AUG26-1740-C,16AUG26,1740,call,0,46.42,1881.41
2026-08-13,ETH,ETH-16AUG26-1740-P,16AUG26,1740,put,1000,46.42,1881.4
2026-08-13,ETH,ETH-16AUG26-1750-C,16AUG26,1750,call,0,45.07,1881.41
2026-08-13,ETH,ETH-16AUG26-1750-P,16AUG26,1750,put,0,45.07,1881.4
2026-08-13,ETH,ETH-16AUG26-1760-C,16AUG26,1760,call,0,43.88,1881.41
2026-08-13,ETH,ETH-16AUG26-1760-P,16AUG26,1760,put,120,43.88,1881.41
2026-08-13,ETH,ETH-16AUG26-1780-C,16AUG26,1780,call,0,41.18,1881.41
2026-08-13,ETH,ETH-16AUG26-1780-P,16AUG26,1780,put,3,41.18,1881.4
2026-08-13,ETH,ETH-16AUG26-1800-C,16AUG26,1800,call,0,39.04,1881.41
2026-08-13,ETH,ETH-16AUG26-1800-P,16AUG26,1800,put,13,39.04,1881.41
2026-08-13,ETH,ETH-16AUG26-1820-C,16AUG26,1820,call,0,37.24,1881.4
2026-08-13,ETH,ETH-16AUG26-1820-P,16AUG26,1820,put,354,37.24,1881.41
2026-08-13,ETH,ETH-16AUG26-1840-C,16AUG26,1840,call,0,36.03,1881.4
2026-08-13,ETH,ETH-16AUG26-1840-P,16AUG26,1840,put,50,36.03,1881.4
2026-08-13,ETH,ETH-16AUG26-1860-C,16AUG26,1860,call,0,35.03,1881.41
2026-08-13,ETH,ETH-16AUG26-1860-P,16AUG26,1860,put,300,35.03,1881.41
2026-08-13,ETH,ETH-16AUG26-1880-C,16AUG26,1880,call,804,34.8,1881.41
2026-08-13,ETH,ETH-16AUG26-1880-P,16AUG26,1880,put,132,34.8,1881.41
2026-08-13,ETH,ETH-16AUG26-1900-C,16AUG26,1900,call,163,34.82,1881.41
2026-08-13,ETH,ETH-16AUG26-1900-P,16AUG26,1900,put,131,34.82,1881.4
2026-08-13,ETH,ETH-16AUG26-1920-C,16AUG26,1920,call,126,35.36,1881.41
2026-08-13,ETH,ETH-16AUG26-1920-P,16AUG26,1920,put,0,35.36,1881.41
2026-08-13,ETH,ETH-16AUG26-1940-C,16AUG26,1940,call,0,36.02,1881.41
2026-08-13,ETH,ETH-16AUG26-1940-P,16AUG26,1940,put,0,36.02,1881.41
2026-08-13,ETH,ETH-16AUG26-1960-C,16AUG26,1960,call,242,36.78,1881.41
2026-08-13,ETH,ETH-16AUG26-1960-P,16AUG26,1960,put,12,36.78,1881.4
2026-08-13,ETH,ETH-16AUG26-1980-C,16AUG26,1980,call,714,37.48,1881.4
2026-08-13,ETH,ETH-16AUG26-1980-P,16AUG26,1980,put,10,37.48,1881.41
2026-08-13,ETH,ETH-16AUG26-2000-C,16AUG26,2000,call,113,39.19,1881.4
2026-08-13,ETH,ETH-16AUG26-2000-P,16AUG26,2000,put,0,39.19,1881.41
2026-08-13,ETH,ETH-16AUG26-2020-C,16AUG26,2020,call,15,40.84,1881.41
2026-08-13,ETH,ETH-16AUG26-2020-P,16AUG26,2020,put,0,40.84,1881.41
2026-08-13,ETH,ETH-16AUG26-2040-C,16AUG26,2040,call,0,42.22,1881.41
2026-08-13,ETH,ETH-16AUG26-2040-P,16AUG26,2040,put,0,42.22,1881.41
2026-08-13,ETH,ETH-16AUG26-2050-C,16AUG26,2050,call,4,43.49,1881.41
2026-08-13,ETH,ETH-16AUG26-2050-P,16AUG26,2050,put,0,43.49,1881.41
2026-08-13,ETH,ETH-16AUG26-2060-C,16AUG26,2060,call,0,43.91,1881.4
2026-08-13,ETH,ETH-16AUG26-2060-P,16AUG26,2060,put,0,43.91,1881.4
2026-08-13,ETH,ETH-16AUG26-2100-C,16AUG26,2100,call,122,48.03,1881.41
2026-08-13,ETH,ETH-16AUG26-2100-P,16AUG26,2100,put,0,48.03,1881.41
2026-08-13,ETH,ETH-16AUG26-2200-C,16AUG26,2200,call,20,48.39,1881.41
2026-08-13,ETH,ETH-16AUG26-2200-P,16AUG26,2200,put,0,48.39,1881.4
2026-08-13,ETH,ETH-21AUG26-1400-P,21AUG26,1400,put,282,81.45,1881.89
2026-08-13,ETH,ETH-21AUG26-1400-C,21AUG26,1400,call,0,81.45,1881.89
2026-08-13,ETH,ETH-21AUG26-1500-C,21AUG26,1500,call,0,67.72,1881.89
2026-08-13,ETH,ETH-21AUG26-1500-P,21AUG26,1500,put,716,67.72,1881.89
2026-08-13,ETH,ETH-21AUG26-1600-C,21AUG26,1600,call,0,57.21,1881.89
2026-08-13,ETH,ETH-21AUG26-1600-P,21AUG26,1600,put,3150,57.21,1881.89
2026-08-13,ETH,ETH-21AUG26-1650-C,21AUG26,1650,call,1,52.8,1881.89
2026-08-13,ETH,ETH-21AUG26-1650-P,21AUG26,1650,put,960,52.8,1881.89
2026-08-13,ETH,ETH-21AUG26-1700-C,21AUG26,1700,call,50,48.85,1881.89
2026-08-13,ETH,ETH-21AUG26-1700-P,21AUG26,1700,put,8312,48.85,1881.89
2026-08-13,ETH,ETH-21AUG26-1750-C,21AUG26,1750,call,53,45.8,1881.89
2026-08-13,ETH,ETH-21AUG26-1750-P,21AUG26,1750,put,991,45.8,1881.89
2026-08-13,ETH,ETH-21AUG26-1800-C,21AUG26,1800,call,232,42.56,1881.89
2026-08-13,ETH,ETH-21AUG26-1800-P,21AUG26,1800,put,709,42.56,1881.89
2026-08-13,ETH,ETH-21AUG26-1850-C,21AUG26,1850,call,501,40.88,1881.89
2026-08-13,ETH,ETH-21AUG26-1850-P,21AUG26,1850,put,1659,40.88,1881.89
2026-08-13,ETH,ETH-21AUG26-1900-C,21AUG26,1900,call,1266,40.11,1881.89
2026-08-13,ETH,ETH-21AUG26-1900-P,21AUG26,1900,put,929,40.11,1881.89
2026-08-13,ETH,ETH-21AUG26-1950-C,21AUG26,1950,call,4803,39.9,1881.89
2026-08-13,ETH,ETH-21AUG26-1950-P,21AUG26,1950,put,896,39.9,1881.89
2026-08-13,ETH,ETH-21AUG26-2000-P,21AUG26,2000,put,1,40.86,1881.89
2026-08-13,ETH,ETH-21AUG26-2000-C,21AUG26,2000,call,11323,40.86,1881.89
2026-08-13,ETH,ETH-21AUG26-2050-C,21AUG26,2050,call,5076,41.72,1881.89
2026-08-13,ETH,ETH-21AUG26-2050-P,21AUG26,2050,put,0,41.72,1881.89
2026-08-13,ETH,ETH-21AUG26-2100-C,21AUG26,2100,call,4743,43.34,1881.89
2026-08-13,ETH,ETH-21AUG26-2100-P,21AUG26,2100,put,10,43.34,1881.89
2026-08-13,ETH,ETH-21AUG26-2200-C,21AUG26,2200,call,1617,48.08,1881.89
2026-08-13,ETH,ETH-21AUG26-2200-P,21AUG26,2200,put,11,48.08,1881.89
2026-08-13,ETH,ETH-21AUG26-2400-C,21AUG26,2400,call,1296,58.6,1881.89
2026-08-13,ETH,ETH-21AUG26-2400-P,21AUG26,2400,put,0,58.6,1881.89
2026-08-13,ETH,ETH-25DEC26-800-P,25DEC26,800,put,6142,77.81,1899.71
2026-08-13,ETH,ETH-25DEC26-800-C,25DEC26,800,call,171,77.81,1899.71
2026-08-13,ETH,ETH-25DEC26-1000-C,25DEC26,1000,call,54,69.64,1899.71
2026-08-13,ETH,ETH-25DEC26-1000-P,25DEC26,1000,put,19240,69.64,1899.71
2026-08-13,ETH,ETH-25DEC26-1200-C,25DEC26,1200,call,341,63.2,1899.71
2026-08-13,ETH,ETH-25DEC26-1200-P,25DEC26,1200,put,7264,63.2,1899.71
2026-08-13,ETH,ETH-25DEC26-1300-C,25DEC26,1300,call,50,60.56,1899.71
2026-08-13,ETH,ETH-25DEC26-1300-P,25DEC26,1300,put,1973,60.56,1899.7
2026-08-13,ETH,ETH-25DEC26-1400-P,25DEC26,1400,put,13754,58.39,1899.71
2026-08-13,ETH,ETH-25DEC26-1400-C,25DEC26,1400,call,946,58.39,1899.71
2026-08-13,ETH,ETH-25DEC26-1500-C,25DEC26,1500,call,763,56.7,1899.71
2026-08-13,ETH,ETH-25DEC26-1500-P,25DEC26,1500,put,16408,56.7,1899.71
2026-08-13,ETH,ETH-25DEC26-1600-P,25DEC26,1600,put,7409,55.42,1899.7
2026-08-13,ETH,ETH-25DEC26-1600-C,25DEC26,1600,call,621,55.42,1899.71
2026-08-13,ETH,ETH-25DEC26-1700-C,25DEC26,1700,call,368,54.38,1899.71
2026-08-13,ETH,ETH-25DEC26-1700-P,25DEC26,1700,put,13928,54.38,1899.7
2026-08-13,ETH,ETH-25DEC26-1800-C,25DEC26,1800,call,2476,53.7,1899.72
2026-08-13,ETH,ETH-25DEC26-1800-P,25DEC26,1800,put,5612,53.7,1899.71
2026-08-13,ETH,ETH-25DEC26-1900-P,25DEC26,1900,put,5087,53.26,1899.71
2026-08-13,ETH,ETH-25DEC26-1900-C,25DEC26,1900,call,3882,53.26,1899.71
2026-08-13,ETH,ETH-25DEC26-2000-C,25DEC26,2000,call,10800,53,1899.7
2026-08-13,ETH,ETH-25DEC26-2000-P,25DEC26,2000,put,7972,53,1899.72
2026-08-13,ETH,ETH-25DEC26-2100-P,25DEC26,2100,put,3157,52.81,1899.71
2026-08-13,ETH,ETH-25DEC26-2100-C,25DEC26,2100,call,1703,52.81,1899.7
2026-08-13,ETH,ETH-25DEC26-2200-C,25DEC26,2200,call,52532,52.82,1899.71
2026-08-13,ETH,ETH-25DEC26-2200-P,25DEC26,2200,put,9286,52.82,1899.7
2026-08-13,ETH,ETH-25DEC26-2300-P,25DEC26,2300,put,5186,52.85,1899.71
2026-08-13,ETH,ETH-25DEC26-2300-C,25DEC26,2300,call,7638,52.85,1899.71
2026-08-13,ETH,ETH-25DEC26-2400-C,25DEC26,2400,call,12157,52.94,1899.71
2026-08-13,ETH,ETH-25DEC26-2400-P,25DEC26,2400,put,1716,52.94,1899.7
2026-08-13,ETH,ETH-25DEC26-2500-P,25DEC26,2500,put,1075,53.15,1899.71
2026-08-13,ETH,ETH-25DEC26-2500-C,25DEC26,2500,call,27176,53.15,1899.72
2026-08-13,ETH,ETH-25DEC26-2600-C,25DEC26,2600,call,6519,53.4,1899.71
2026-08-13,ETH,ETH-25DEC26-2600-P,25DEC26,2600,put,1065,53.4,1899.7
2026-08-13,ETH,ETH-25DEC26-2700-C,25DEC26,2700,call,3080,53.59,1899.71
2026-08-13,ETH,ETH-25DEC26-2700-P,25DEC26,2700,put,446,53.59,1899.71
2026-08-13,ETH,ETH-25DEC26-2800-C,25DEC26,2800,call,9170,53.98,1899.7
2026-08-13,ETH,ETH-25DEC26-2800-P,25DEC26,2800,put,2141,53.98,1899.71
2026-08-13,ETH,ETH-25DEC26-2900-C,25DEC26,2900,call,2326,54.42,1899.71
2026-08-13,ETH,ETH-25DEC26-2900-P,25DEC26,2900,put,173,54.42,1899.71
2026-08-13,ETH,ETH-25DEC26-3000-P,25DEC26,3000,put,781,54.76,1899.7
2026-08-13,ETH,ETH-25DEC26-3000-C,25DEC26,3000,call,5212,54.76,1899.7
2026-08-13,ETH,ETH-25DEC26-3100-C,25DEC26,3100,call,2325,55.21,1899.71
2026-08-13,ETH,ETH-25DEC26-3100-P,25DEC26,3100,put,0,55.21,1899.7
2026-08-13,ETH,ETH-25DEC26-3200-P,25DEC26,3200,put,251,55.71,1899.7
2026-08-13,ETH,ETH-25DEC26-3200-C,25DEC26,3200,call,67901,55.71,1899.71
2026-08-13,ETH,ETH-25DEC26-3300-C,25DEC26,3300,call,1913,55.98,1899.71
2026-08-13,ETH,ETH-25DEC26-3300-P,25DEC26,3300,put,10,55.98,1899.7
2026-08-13,ETH,ETH-25DEC26-3400-P,25DEC26,3400,put,89,56.42,1899.71
2026-08-13,ETH,ETH-25DEC26-3400-C,25DEC26,3400,call,13035,56.42,1899.71
2026-08-13,ETH,ETH-25DEC26-3500-C,25DEC26,3500,call,28522,56.74,1899.71
2026-08-13,ETH,ETH-25DEC26-3500-P,25DEC26,3500,put,51,56.74,1899.71
2026-08-13,ETH,ETH-25DEC26-3600-P,25DEC26,3600,put,93,57.12,1899.7
2026-08-13,ETH,ETH-25DEC26-3600-C,25DEC26,3600,call,2230,57.12,1899.71
2026-08-13,ETH,ETH-25DEC26-3800-C,25DEC26,3800,call,2914,58.22,1899.71
2026-08-13,ETH,ETH-25DEC26-3800-P,25DEC26,3800,put,26,58.22,1899.71
2026-08-13,ETH,ETH-25DEC26-4000-P,25DEC26,4000,put,223,59.23,1899.71
2026-08-13,ETH,ETH-25DEC26-4000-C,25DEC26,4000,call,16977,59.23,1899.7
2026-08-13,ETH,ETH-25DEC26-4200-C,25DEC26,4200,call,4354,60.08,1899.71
2026-08-13,ETH,ETH-25DEC26-4200-P,25DEC26,4200,put,62,60.08,1899.71
2026-08-13,ETH,ETH-25DEC26-4400-C,25DEC26,4400,call,3322,61.07,1899.7
2026-08-13,ETH,ETH-25DEC26-4400-P,25DEC26,4400,put,20,61.07,1899.7
2026-08-13,ETH,ETH-25DEC26-4500-C,25DEC26,4500,call,2934,61.63,1899.7
2026-08-13,ETH,ETH-25DEC26-4500-P,25DEC26,4500,put,2,61.63,1899.71
2026-08-13,ETH,ETH-25DEC26-4600-P,25DEC26,4600,put,0,62.08,1899.71
2026-08-13,ETH,ETH-25DEC26-4600-C,25DEC26,4600,call,10789,62.08,1899.71
2026-08-13,ETH,ETH-25DEC26-4800-C,25DEC26,4800,call,2770,62.88,1899.71
2026-08-13,ETH,ETH-25DEC26-4800-P,25DEC26,4800,put,77,62.88,1899.71
2026-08-13,ETH,ETH-25DEC26-5000-P,25DEC26,5000,put,2,64.05,1899.71
2026-08-13,ETH,ETH-25DEC26-5000-C,25DEC26,5000,call,4539,64.05,1899.7
2026-08-13,ETH,ETH-25DEC26-5200-C,25DEC26,5200,call,8859,65.68,1899.7
2026-08-13,ETH,ETH-25DEC26-5200-P,25DEC26,5200,put,0,65.68,1899.7
2026-08-13,ETH,ETH-25DEC26-5500-P,25DEC26,5500,put,0,66.11,1899.71
2026-08-13,ETH,ETH-25DEC26-5500-C,25DEC26,5500,call,1617,66.11,1899.7
2026-08-13,ETH,ETH-25DEC26-6000-C,25DEC26,6000,call,10395,68.6,1899.7
2026-08-13,ETH,ETH-25DEC26-6000-P,25DEC26,6000,put,0,68.6,1899.71
2026-08-13,ETH,ETH-25DEC26-6500-P,25DEC26,6500,put,0,70.76,1899.71
2026-08-13,ETH,ETH-25DEC26-6500-C,25DEC26,6500,call,1766,70.76,1899.7
2026-08-13,ETH,ETH-25DEC26-7000-C,25DEC26,7000,call,2825,72.65,1899.71
2026-08-13,ETH,ETH-25DEC26-7000-P,25DEC26,7000,put,0,72.65,1899.71
2026-08-13,ETH,ETH-25DEC26-8000-C,25DEC26,8000,call,2428,75.78,1899.7
2026-08-13,ETH,ETH-25DEC26-8000-P,25DEC26,8000,put,0,75.78,1899.71
2026-08-13,ETH,ETH-25DEC26-9000-P,25DEC26,9000,put,0,80.76,1899.71
2026-08-13,ETH,ETH-25DEC26-9000-C,25DEC26,9000,call,1905,80.76,1899.71
2026-08-13,ETH,ETH-25DEC26-10000-C,25DEC26,10000,call,1663,85.45,1899.71
2026-08-13,ETH,ETH-25DEC26-10000-P,25DEC26,10000,put,0,85.45,1899.71
2026-08-13,ETH,ETH-25DEC26-11000-P,25DEC26,11000,put,109,89.45,1899.7
2026-08-13,ETH,ETH-25DEC26-11000-C,25DEC26,11000,call,2143,89.45,1899.71
2026-08-13,ETH,ETH-25JUN27-800-P,25JUN27,800,put,683,70.5,1937.08
2026-08-13,ETH,ETH-25JUN27-800-C,25JUN27,800,call,117,70.5,1937.08
2026-08-13,ETH,ETH-25JUN27-900-C,25JUN27,900,call,0,67.84,1937.08
2026-08-13,ETH,ETH-25JUN27-900-P,25JUN27,900,put,779,67.84,1937.08
2026-08-13,ETH,ETH-25JUN27-1000-P,25JUN27,1000,put,4737,65.64,1937.08
2026-08-13,ETH,ETH-25JUN27-1000-C,25JUN27,1000,call,60,65.64,1937.08
2026-08-13,ETH,ETH-25JUN27-1200-C,25JUN27,1200,call,55,62.16,1937.08
2026-08-13,ETH,ETH-25JUN27-1200-P,25JUN27,1200,put,471,62.16,1937.1
2026-08-13,ETH,ETH-25JUN27-1300-C,25JUN27,1300,call,108,60.93,1937.1
2026-08-13,ETH,ETH-25JUN27-1300-P,25JUN27,1300,put,1656,60.93,1937.08
2026-08-13,ETH,ETH-25JUN27-1400-P,25JUN27,1400,put,1784,59.93,1937.08
2026-08-13,ETH,ETH-25JUN27-1400-C,25JUN27,1400,call,50,59.93,1937.08
2026-08-13,ETH,ETH-25JUN27-1500-P,25JUN27,1500,put,431,59.12,1937.08
2026-08-13,ETH,ETH-25JUN27-1500-C,25JUN27,1500,call,52,59.12,1937.1
2026-08-13,ETH,ETH-25JUN27-1600-C,25JUN27,1600,call,367,58.44,1937.1
2026-08-13,ETH,ETH-25JUN27-1600-P,25JUN27,1600,put,1276,58.44,1937.08
2026-08-13,ETH,ETH-25JUN27-1700-C,25JUN27,1700,call,659,57.94,1937.1
2026-08-13,ETH,ETH-25JUN27-1700-P,25JUN27,1700,put,2962,57.94,1937.08
2026-08-13,ETH,ETH-25JUN27-1800-P,25JUN27,1800,put,305,57.5,1937.08
2026-08-13,ETH,ETH-25JUN27-1800-C,25JUN27,1800,call,1466,57.5,1937.1
2026-08-13,ETH,ETH-25JUN27-1900-P,25JUN27,1900,put,3092,57.19,1937.08
2026-08-13,ETH,ETH-25JUN27-1900-C,25JUN27,1900,call,118,57.19,1937.08
2026-08-13,ETH,ETH-25JUN27-2000-C,25JUN27,2000,call,1861,56.92,1937.1
2026-08-13,ETH,ETH-25JUN27-2000-P,25JUN27,2000,put,195,56.92,1937.08
2026-08-13,ETH,ETH-25JUN27-2100-P,25JUN27,2100,put,87,56.69,1937.08
2026-08-13,ETH,ETH-25JUN27-2100-C,25JUN27,2100,call,15,56.69,1937.08
2026-08-13,ETH,ETH-25JUN27-2200-C,25JUN27,2200,call,1059,56.54,1937.1
2026-08-13,ETH,ETH-25JUN27-2200-P,25JUN27,2200,put,111,56.54,1937.08
2026-08-13,ETH,ETH-25JUN27-2300-C,25JUN27,2300,call,215,56.44,1937.08
2026-08-13,ETH,ETH-25JUN27-2300-P,25JUN27,2300,put,85,56.44,1937.08
2026-08-13,ETH,ETH-25JUN27-2400-C,25JUN27,2400,call,669,56.4,1937.08
2026-08-13,ETH,ETH-25JUN27-2400-P,25JUN27,2400,put,2,56.4,1937.1
2026-08-13,ETH,ETH-25JUN27-2500-C,25JUN27,2500,call,2980,56.42,1937.1
2026-08-13,ETH,ETH-25JUN27-2500-P,25JUN27,2500,put,6,56.42,1937.08
2026-08-13,ETH,ETH-25JUN27-2600-C,25JUN27,2600,call,288,56.43,1937.08
2026-08-13,ETH,ETH-25JUN27-2600-P,25JUN27,2600,put,0,56.43,1937.08
2026-08-13,ETH,ETH-25JUN27-2700-C,25JUN27,2700,call,295,56.47,1937.08
2026-08-13,ETH,ETH-25JUN27-2700-P,25JUN27,2700,put,0,56.47,1937.08
2026-08-13,ETH,ETH-25JUN27-2800-C,25JUN27,2800,call,1086,56.5,1937.08
2026-08-13,ETH,ETH-25JUN27-2800-P,25JUN27,2800,put,0,56.5,1937.08
2026-08-13,ETH,ETH-25JUN27-2900-C,25JUN27,2900,call,61,56.58,1937.08
2026-08-13,ETH,ETH-25JUN27-2900-P,25JUN27,2900,put,3,56.58,1937.1
2026-08-13,ETH,ETH-25JUN27-3000-C,25JUN27,3000,call,490,56.66,1937.08
2026-08-13,ETH,ETH-25JUN27-3000-P,25JUN27,3000,put,63,56.66,1937.08
2026-08-13,ETH,ETH-25JUN27-3200-C,25JUN27,3200,call,283,56.91,1937.08
2026-08-13,ETH,ETH-25JUN27-3200-P,25JUN27,3200,put,0,56.91,1937.08
2026-08-13,ETH,ETH-25JUN27-3400-C,25JUN27,3400,call,205,57.22,1937.08
2026-08-13,ETH,ETH-25JUN27-3400-P,25JUN27,3400,put,2,57.22,1937.1
2026-08-13,ETH,ETH-25JUN27-3500-P,25JUN27,3500,put,303,57.31,1937.08
2026-08-13,ETH,ETH-25JUN27-3500-C,25JUN27,3500,call,2213,57.31,1937.08
2026-08-13,ETH,ETH-25JUN27-3600-P,25JUN27,3600,put,0,57.5,1937.08
2026-08-13,ETH,ETH-25JUN27-3600-C,25JUN27,3600,call,2,57.5,1937.1
2026-08-13,ETH,ETH-25JUN27-3800-C,25JUN27,3800,call,503,57.82,1937.08
2026-08-13,ETH,ETH-25JUN27-3800-P,25JUN27,3800,put,2,57.82,1937.08
2026-08-13,ETH,ETH-25JUN27-4000-C,25JUN27,4000,call,4059,58.07,1937.1
2026-08-13,ETH,ETH-25JUN27-4000-P,25JUN27,4000,put,0,58.07,1937.08
2026-08-13,ETH,ETH-25JUN27-4500-P,25JUN27,4500,put,1,58.84,1937.1
2026-08-13,ETH,ETH-25JUN27-4500-C,25JUN27,4500,call,1246,58.84,1937.08
2026-08-13,ETH,ETH-25JUN27-5000-P,25JUN27,5000,put,0,59.81,1937.08
2026-08-13,ETH,ETH-25JUN27-5000-C,25JUN27,5000,call,583,59.81,1937.08
2026-08-13,ETH,ETH-25SEP26-1000-C,25SEP26,1000,call,125,83.21,1885.96
2026-08-13,ETH,ETH-25SEP26-1000-P,25SEP26,1000,put,9682,83.21,1885.95
2026-08-13,ETH,ETH-25SEP26-1200-P,25SEP26,1200,put,11247,70.61,1885.95
2026-08-13,ETH,ETH-25SEP26-1200-C,25SEP26,1200,call,138,70.61,1885.96
2026-08-13,ETH,ETH-25SEP26-1300-P,25SEP26,1300,put,3429,65.85,1885.96
2026-08-13,ETH,ETH-25SEP26-1300-C,25SEP26,1300,call,69,65.85,1885.96
2026-08-13,ETH,ETH-25SEP26-1400-C,25SEP26,1400,call,1550,61.22,1885.95
2026-08-13,ETH,ETH-25SEP26-1400-P,25SEP26,1400,put,9829,61.22,1885.95
2026-08-13,ETH,ETH-25SEP26-1500-P,25SEP26,1500,put,12826,56.91,1885.95
2026-08-13,ETH,ETH-25SEP26-1500-C,25SEP26,1500,call,976,56.91,1885.95
2026-08-13,ETH,ETH-25SEP26-1600-C,25SEP26,1600,call,3575,53.32,1885.95
2026-08-13,ETH,ETH-25SEP26-1600-P,25SEP26,1600,put,8113,53.32,1885.95
2026-08-13,ETH,ETH-25SEP26-1700-P,25SEP26,1700,put,4735,50.83,1885.96
2026-08-13,ETH,ETH-25SEP26-1700-C,25SEP26,1700,call,2254,50.83,1885.95
2026-08-13,ETH,ETH-25SEP26-1800-C,25SEP26,1800,call,6562,49.13,1885.95
2026-08-13,ETH,ETH-25SEP26-1800-P,25SEP26,1800,put,9646,49.13,1885.95
2026-08-13,ETH,ETH-25SEP26-1850-P,25SEP26,1850,put,2078,48.7,1885.96
2026-08-13,ETH,ETH-25SEP26-1850-C,25SEP26,1850,call,1449,48.7,1885.95
2026-08-13,ETH,ETH-25SEP26-1900-C,25SEP26,1900,call,11089,48.21,1885.95
2026-08-13,ETH,ETH-25SEP26-1900-P,25SEP26,1900,put,17749,48.21,1885.96
2026-08-13,ETH,ETH-25SEP26-1950-C,25SEP26,1950,call,3062,48.03,1885.96
2026-08-13,ETH,ETH-25SEP26-1950-P,25SEP26,1950,put,178,48.03,1885.96
2026-08-13,ETH,ETH-25SEP26-2000-P,25SEP26,2000,put,13241,47.96,1885.95
2026-08-13,ETH,ETH-25SEP26-2000-C,25SEP26,2000,call,28431,47.96,1885.96
2026-08-13,ETH,ETH-25SEP26-2100-C,25SEP26,2100,call,6384,47.99,1885.95
2026-08-13,ETH,ETH-25SEP26-2100-P,25SEP26,2100,put,2716,47.99,1885.96
2026-08-13,ETH,ETH-25SEP26-2200-C,25SEP26,2200,call,7731,48.27,1885.95
2026-08-13,ETH,ETH-25SEP26-2200-P,25SEP26,2200,put,5506,48.27,1885.95
2026-08-13,ETH,ETH-25SEP26-2300-C,25SEP26,2300,call,12432,48.88,1885.95
2026-08-13,ETH,ETH-25SEP26-2300-P,25SEP26,2300,put,1089,48.88,1885.95
2026-08-13,ETH,ETH-25SEP26-2400-P,25SEP26,2400,put,2064,49.59,1885.96
2026-08-13,ETH,ETH-25SEP26-2400-C,25SEP26,2400,call,12763,49.59,1885.95
2026-08-13,ETH,ETH-25SEP26-2500-C,25SEP26,2500,call,24343,50.46,1885.96
2026-08-13,ETH,ETH-25SEP26-2500-P,25SEP26,2500,put,3042,50.46,1885.95
2026-08-13,ETH,ETH-25SEP26-2600-P,25SEP26,2600,put,8390,51.41,1885.95
2026-08-13,ETH,ETH-25SEP26-2600-C,25SEP26,2600,call,10910,51.41,1885.95
2026-08-13,ETH,ETH-25SEP26-2700-P,25SEP26,2700,put,527,52.75,1885.95
2026-08-13,ETH,ETH-25SEP26-2700-C,25SEP26,2700,call,4151,52.75,1885.95
2026-08-13,ETH,ETH-25SEP26-2800-C,25SEP26,2800,call,7367,54.11,1885.95
2026-08-13,ETH,ETH-25SEP26-2800-P,25SEP26,2800,put,1287,54.11,1885.95
2026-08-13,ETH,ETH-25SEP26-2900-C,25SEP26,2900,call,5699,55.47,1885.95
2026-08-13,ETH,ETH-25SEP26-2900-P,25SEP26,2900,put,49,55.47,1885.95
2026-08-13,ETH,ETH-25SEP26-3000-C,25SEP26,3000,call,28577,57.37,1885.95
2026-08-13,ETH,ETH-25SEP26-3000-P,25SEP26,3000,put,7526,57.37,1885.95
2026-08-13,ETH,ETH-25SEP26-3100-C,25SEP26,3100,call,2164,58.58,1885.95
2026-08-13,ETH,ETH-25SEP26-3100-P,25SEP26,3100,put,0,58.58,1885.95
2026-08-13,ETH,ETH-25SEP26-3200-P,25SEP26,3200,put,1323,60.42,1885.95
2026-08-13,ETH,ETH-25SEP26-3200-C,25SEP26,3200,call,7858,60.42,1885.95
2026-08-13,ETH,ETH-25SEP26-3300-P,25SEP26,3300,put,3,62.77,1885.96
2026-08-13,ETH,ETH-25SEP26-3300-C,25SEP26,3300,call,17701,62.77,1885.96
2026-08-13,ETH,ETH-25SEP26-3400-C,25SEP26,3400,call,7035,63.82,1885.95
2026-08-13,ETH,ETH-25SEP26-3400-P,25SEP26,3400,put,870,63.82,1885.95
2026-08-13,ETH,ETH-25SEP26-3500-P,25SEP26,3500,put,1133,65.62,1885.95
2026-08-13,ETH,ETH-25SEP26-3500-C,25SEP26,3500,call,15578,65.62,1885.95
2026-08-13,ETH,ETH-25SEP26-3600-C,25SEP26,3600,call,2723,68.21,1885.95
2026-08-13,ETH,ETH-25SEP26-3600-P,25SEP26,3600,put,907,68.21,1885.95
2026-08-13,ETH,ETH-25SEP26-3800-P,25SEP26,3800,put,954,69.98,1885.95
2026-08-13,ETH,ETH-25SEP26-3800-C,25SEP26,3800,call,2047,69.98,1885.96
2026-08-13,ETH,ETH-25SEP26-4000-P,25SEP26,4000,put,140,74.46,1885.95
2026-08-13,ETH,ETH-25SEP26-4000-C,25SEP26,4000,call,12153,74.46,1885.95
2026-08-13,ETH,ETH-25SEP26-4200-C,25SEP26,4200,call,2517,78.68,1885.96
2026-08-13,ETH,ETH-25SEP26-4200-P,25SEP26,4200,put,551,78.68,1885.96
2026-08-13,ETH,ETH-25SEP26-4400-C,25SEP26,4400,call,4356,82.58,1885.95
2026-08-13,ETH,ETH-25SEP26-4400-P,25SEP26,4400,put,281,82.58,1885.96
2026-08-13,ETH,ETH-25SEP26-4500-C,25SEP26,4500,call,8442,82.98,1885.95
2026-08-13,ETH,ETH-25SEP26-4500-P,25SEP26,4500,put,6,82.98,1885.95
2026-08-13,ETH,ETH-25SEP26-4600-P,25SEP26,4600,put,38,84.82,1885.96
2026-08-13,ETH,ETH-25SEP26-4600-C,25SEP26,4600,call,3425,84.82,1885.96
2026-08-13,ETH,ETH-25SEP26-4800-C,25SEP26,4800,call,1853,88.37,1885.96
2026-08-13,ETH,ETH-25SEP26-4800-P,25SEP26,4800,put,110,88.37,1885.95
2026-08-13,ETH,ETH-25SEP26-5000-C,25SEP26,5000,call,4100,91.76,1885.96
2026-08-13,ETH,ETH-25SEP26-5000-P,25SEP26,5000,put,2,91.76,1885.96
2026-08-13,ETH,ETH-25SEP26-5200-P,25SEP26,5200,put,3,94.99,1885.95
2026-08-13,ETH,ETH-25SEP26-5200-C,25SEP26,5200,call,1681,94.99,1885.95
2026-08-13,ETH,ETH-25SEP26-5400-P,25SEP26,5400,put,4,98.56,1885.96
2026-08-13,ETH,ETH-25SEP26-5400-C,25SEP26,5400,call,1730,98.56,1885.95
2026-08-13,ETH,ETH-25SEP26-5500-P,25SEP26,5500,put,1,99.33,1885.96
2026-08-13,ETH,ETH-25SEP26-5500-C,25SEP26,5500,call,2065,99.33,1885.96
2026-08-13,ETH,ETH-25SEP26-5600-P,25SEP26,5600,put,0,99.33,1885.95
2026-08-13,ETH,ETH-25SEP26-5600-C,25SEP26,5600,call,7164,99.33,1885.95
2026-08-13,ETH,ETH-25SEP26-5800-C,25SEP26,5800,call,4885,99.33,1885.95
2026-08-13,ETH,ETH-25SEP26-5800-P,25SEP26,5800,put,0,99.33,1885.96
2026-08-13,ETH,ETH-25SEP26-6000-C,25SEP26,6000,call,3191,99.33,1885.96
2026-08-13,ETH,ETH-25SEP26-6000-P,25SEP26,6000,put,0,99.33,1885.95
2026-08-13,ETH,ETH-25SEP26-6200-C,25SEP26,6200,call,2026,99.33,1885.96
2026-08-13,ETH,ETH-25SEP26-6200-P,25SEP26,6200,put,0,99.33,1885.96
2026-08-13,ETH,ETH-25SEP26-6400-P,25SEP26,6400,put,0,99.33,1885.95
2026-08-13,ETH,ETH-25SEP26-6400-C,25SEP26,6400,call,1918,99.33,1885.95
2026-08-13,ETH,ETH-25SEP26-6500-C,25SEP26,6500,call,1337,99.33,1885.95
2026-08-13,ETH,ETH-25SEP26-6500-P,25SEP26,6500,put,0,99.33,1885.96
2026-08-13,ETH,ETH-25SEP26-6600-C,25SEP26,6600,call,1414,99.33,1885.95
2026-08-13,ETH,ETH-25SEP26-6600-P,25SEP26,6600,put,0,99.33,1885.95
2026-08-13,ETH,ETH-25SEP26-6800-C,25SEP26,6800,call,1462,99.33,1885.96
2026-08-13,ETH,ETH-25SEP26-6800-P,25SEP26,6800,put,0,99.33,1885.96
2026-08-13,ETH,ETH-25SEP26-7000-P,25SEP26,7000,put,0,99.33,1885.95
2026-08-13,ETH,ETH-25SEP26-7000-C,25SEP26,7000,call,2033,99.33,1885.95
2026-08-13,ETH,ETH-25SEP26-7200-C,25SEP26,7200,call,1160,99.33,1885.96
2026-08-13,ETH,ETH-25SEP26-7200-P,25SEP26,7200,put,0,99.33,1885.95
2026-08-13,ETH,ETH-25SEP26-7400-P,25SEP26,7400,put,0,99.33,1885.95
2026-08-13,ETH,ETH-25SEP26-7400-C,25SEP26,7400,call,1019,99.33,1885.96
2026-08-13,ETH,ETH-25SEP26-7500-C,25SEP26,7500,call,1322,99.33,1885.95
2026-08-13,ETH,ETH-25SEP26-7500-P,25SEP26,7500,put,0,99.33,1885.95
2026-08-13,ETH,ETH-25SEP26-8000-C,25SEP26,8000,call,1092,99.33,1885.95
2026-08-13,ETH,ETH-25SEP26-8000-P,25SEP26,8000,put,0,99.33,1885.95
2026-08-13,ETH,ETH-25SEP26-8500-P,25SEP26,8500,put,0,99.33,1885.95
2026-08-13,ETH,ETH-25SEP26-8500-C,25SEP26,8500,call,1253,99.33,1885.96
2026-08-13,ETH,ETH-25SEP26-9000-P,25SEP26,9000,put,0,100.09,1885.95
2026-08-13,ETH,ETH-25SEP26-9000-C,25SEP26,9000,call,1519,100.09,1885.95
2026-08-13,ETH,ETH-25SEP26-10000-P,25SEP26,10000,put,0,105.8,1885.95
2026-08-13,ETH,ETH-25SEP26-10000-C,25SEP26,10000,call,1561,105.8,1885.95
2026-08-13,ETH,ETH-25SEP26-11000-C,25SEP26,11000,call,2766,110.93,1885.96
2026-08-13,ETH,ETH-25SEP26-11000-P,25SEP26,11000,put,0,110.93,1885.95
2026-08-13,ETH,ETH-25SEP26-12000-P,25SEP26,12000,put,0,115.57,1885.95
2026-08-13,ETH,ETH-25SEP26-12000-C,25SEP26,12000,call,1341,115.57,1885.95
2026-08-13,ETH,ETH-25SEP26-13000-P,25SEP26,13000,put,0,119.8,1885.95
2026-08-13,ETH,ETH-25SEP26-13000-C,25SEP26,13000,call,1873,119.8,1885.95
2026-08-13,ETH,ETH-25SEP26-14000-P,25SEP26,14000,put,0,123.7,1885.95
2026-08-13,ETH,ETH-25SEP26-14000-C,25SEP26,14000,call,1212,123.7,1885.95
2026-08-13,ETH,ETH-25SEP26-15000-P,25SEP26,15000,put,0,127.3,1885.95
2026-08-13,ETH,ETH-25SEP26-15000-C,25SEP26,15000,call,878,127.3,1885.95
2026-08-13,ETH,ETH-25SEP26-16000-P,25SEP26,16000,put,30,130.17,1885.95
2026-08-13,ETH,ETH-25SEP26-16000-C,25SEP26,16000,call,7426,130.17,1885.95
2026-08-13,ETH,ETH-26MAR27-800-C,26MAR27,800,call,0,73.05,1918.32
2026-08-13,ETH,ETH-26MAR27-800-P,26MAR27,800,put,2802,73.05,1918.3
2026-08-13,ETH,ETH-26MAR27-900-C,26MAR27,900,call,68,69.84,1918.3
2026-08-13,ETH,ETH-26MAR27-900-P,26MAR27,900,put,767,69.84,1918.32
2026-08-13,ETH,ETH-26MAR27-1000-C,26MAR27,1000,call,270,66.92,1918.3
2026-08-13,ETH,ETH-26MAR27-1000-P,26MAR27,1000,put,7536,66.92,1918.3
2026-08-13,ETH,ETH-26MAR27-1200-C,26MAR27,1200,call,69,62.24,1918.3
2026-08-13,ETH,ETH-26MAR27-1200-P,26MAR27,1200,put,1237,62.24,1918.3
2026-08-13,ETH,ETH-26MAR27-1300-C,26MAR27,1300,call,50,60.46,1918.3
2026-08-13,ETH,ETH-26MAR27-1300-P,26MAR27,1300,put,1536,60.46,1918.3
2026-08-13,ETH,ETH-26MAR27-1400-C,26MAR27,1400,call,57,59.04,1918.3
2026-08-13,ETH,ETH-26MAR27-1400-P,26MAR27,1400,put,1719,59.04,1918.3
2026-08-13,ETH,ETH-26MAR27-1500-C,26MAR27,1500,call,244,57.99,1918.3
2026-08-13,ETH,ETH-26MAR27-1500-P,26MAR27,1500,put,3978,57.99,1918.3
2026-08-13,ETH,ETH-26MAR27-1600-C,26MAR27,1600,call,933,57.08,1918.3
2026-08-13,ETH,ETH-26MAR27-1600-P,26MAR27,1600,put,1538,57.08,1918.3
2026-08-13,ETH,ETH-26MAR27-1700-C,26MAR27,1700,call,1337,56.42,1918.3
2026-08-13,ETH,ETH-26MAR27-1700-P,26MAR27,1700,put,1510,56.42,1918.3
2026-08-13,ETH,ETH-26MAR27-1800-P,26MAR27,1800,put,3907,55.92,1918.3
2026-08-13,ETH,ETH-26MAR27-1800-C,26MAR27,1800,call,3788,55.92,1918.3
2026-08-13,ETH,ETH-26MAR27-1900-P,26MAR27,1900,put,2583,55.54,1918.3
2026-08-13,ETH,ETH-26MAR27-1900-C,26MAR27,1900,call,2393,55.54,1918.32
2026-08-13,ETH,ETH-26MAR27-2000-C,26MAR27,2000,call,1861,55.31,1918.3
2026-08-13,ETH,ETH-26MAR27-2000-P,26MAR27,2000,put,1508,55.31,1918.3
2026-08-13,ETH,ETH-26MAR27-2100-P,26MAR27,2100,put,487,55.15,1918.3
2026-08-13,ETH,ETH-26MAR27-2100-C,26MAR27,2100,call,884,55.15,1918.32
2026-08-13,ETH,ETH-26MAR27-2200-C,26MAR27,2200,call,4038,55.03,1918.3
2026-08-13,ETH,ETH-26MAR27-2200-P,26MAR27,2200,put,1707,55.03,1918.3
2026-08-13,ETH,ETH-26MAR27-2300-P,26MAR27,2300,put,1583,55.02,1918.3
2026-08-13,ETH,ETH-26MAR27-2300-C,26MAR27,2300,call,5111,55.02,1918.3
2026-08-13,ETH,ETH-26MAR27-2400-C,26MAR27,2400,call,1877,55.06,1918.3
2026-08-13,ETH,ETH-26MAR27-2400-P,26MAR27,2400,put,357,55.06,1918.3
2026-08-13,ETH,ETH-26MAR27-2500-C,26MAR27,2500,call,9272,55.12,1918.3
2026-08-13,ETH,ETH-26MAR27-2500-P,26MAR27,2500,put,560,55.12,1918.3
2026-08-13,ETH,ETH-26MAR27-2600-C,26MAR27,2600,call,3139,55.18,1918.3
2026-08-13,ETH,ETH-26MAR27-2600-P,26MAR27,2600,put,626,55.18,1918.3
2026-08-13,ETH,ETH-26MAR27-2700-C,26MAR27,2700,call,3047,55.29,1918.3
2026-08-13,ETH,ETH-26MAR27-2700-P,26MAR27,2700,put,147,55.29,1918.3
2026-08-13,ETH,ETH-26MAR27-2800-C,26MAR27,2800,call,4821,55.47,1918.3
2026-08-13,ETH,ETH-26MAR27-2800-P,26MAR27,2800,put,12,55.47,1918.32
2026-08-13,ETH,ETH-26MAR27-2900-C,26MAR27,2900,call,1948,55.62,1918.32
2026-08-13,ETH,ETH-26MAR27-2900-P,26MAR27,2900,put,258,55.62,1918.32
2026-08-13,ETH,ETH-26MAR27-3000-C,26MAR27,3000,call,4700,55.75,1918.3
2026-08-13,ETH,ETH-26MAR27-3000-P,26MAR27,3000,put,352,55.75,1918.3
2026-08-13,ETH,ETH-26MAR27-3100-C,26MAR27,3100,call,1656,55.92,1918.3
2026-08-13,ETH,ETH-26MAR27-3100-P,26MAR27,3100,put,99,55.92,1918.3
2026-08-13,ETH,ETH-26MAR27-3200-C,26MAR27,3200,call,1244,56.13,1918.3
2026-08-13,ETH,ETH-26MAR27-3200-P,26MAR27,3200,put,20,56.13,1918.3
2026-08-13,ETH,ETH-26MAR27-3300-C,26MAR27,3300,call,1910,56.3,1918.3
2026-08-13,ETH,ETH-26MAR27-3300-P,26MAR27,3300,put,1,56.3,1918.3
2026-08-13,ETH,ETH-26MAR27-3400-C,26MAR27,3400,call,1870,56.58,1918.3
2026-08-13,ETH,ETH-26MAR27-3400-P,26MAR27,3400,put,6,56.58,1918.3
2026-08-13,ETH,ETH-26MAR27-3500-P,26MAR27,3500,put,23,56.76,1918.3
2026-08-13,ETH,ETH-26MAR27-3500-C,26MAR27,3500,call,4513,56.76,1918.3
2026-08-13,ETH,ETH-26MAR27-3600-P,26MAR27,3600,put,1,56.98,1918.3
2026-08-13,ETH,ETH-26MAR27-3600-C,26MAR27,3600,call,2214,56.98,1918.3
2026-08-13,ETH,ETH-26MAR27-3700-C,26MAR27,3700,call,1475,57.33,1918.3
2026-08-13,ETH,ETH-26MAR27-3700-P,26MAR27,3700,put,0,57.33,1918.3
2026-08-13,ETH,ETH-26MAR27-3800-C,26MAR27,3800,call,1162,57.52,1918.3
2026-08-13,ETH,ETH-26MAR27-3800-P,26MAR27,3800,put,1,57.52,1918.3
2026-08-13,ETH,ETH-26MAR27-4000-P,26MAR27,4000,put,0,58.12,1918.3
2026-08-13,ETH,ETH-26MAR27-4000-C,26MAR27,4000,call,2195,58.12,1918.3
2026-08-13,ETH,ETH-26MAR27-4200-C,26MAR27,4200,call,2820,58.64,1918.3
2026-08-13,ETH,ETH-26MAR27-4200-P,26MAR27,4200,put,1,58.64,1918.3
2026-08-13,ETH,ETH-26MAR27-4400-C,26MAR27,4400,call,1082,59.15,1918.3
2026-08-13,ETH,ETH-26MAR27-4400-P,26MAR27,4400,put,0,59.15,1918.3
2026-08-13,ETH,ETH-26MAR27-4500-C,26MAR27,4500,call,2399,59.34,1918.32
2026-08-13,ETH,ETH-26MAR27-4500-P,26MAR27,4500,put,0,59.34,1918.3
2026-08-13,ETH,ETH-26MAR27-4600-C,26MAR27,4600,call,957,59.58,1918.3
2026-08-13,ETH,ETH-26MAR27-4600-P,26MAR27,4600,put,0,59.58,1918.3
2026-08-13,ETH,ETH-26MAR27-4800-C,26MAR27,4800,call,2857,60.42,1918.3
2026-08-13,ETH,ETH-26MAR27-4800-P,26MAR27,4800,put,0,60.42,1918.3
2026-08-13,ETH,ETH-26MAR27-5000-C,26MAR27,5000,call,1887,60.98,1918.3
2026-08-13,ETH,ETH-26MAR27-5000-P,26MAR27,5000,put,0,60.98,1918.3
2026-08-13,ETH,ETH-26MAR27-5500-P,26MAR27,5500,put,0,62.17,1918.3
2026-08-13,ETH,ETH-26MAR27-5500-C,26MAR27,5500,call,2465,62.17,1918.32
2026-08-13,ETH,ETH-26MAR27-6000-P,26MAR27,6000,put,1,63.65,1918.3
2026-08-13,ETH,ETH-26MAR27-6000-C,26MAR27,6000,call,5154,63.65,1918.3
2026-08-13,ETH,ETH-28AUG26-1000-C,28AUG26,1000,call,50,96.31,1882.78
2026-08-13,ETH,ETH-28AUG26-1000-P,28AUG26,1000,put,2979,96.31,1882.77
2026-08-13,ETH,ETH-28AUG26-1100-C,28AUG26,1100,call,50,94.57,1882.78
2026-08-13,ETH,ETH-28AUG26-1100-P,28AUG26,1100,put,2239,94.57,1882.77
2026-08-13,ETH,ETH-28AUG26-1200-C,28AUG26,1200,call,69,84.98,1882.78
2026-08-13,ETH,ETH-28AUG26-1200-P,28AUG26,1200,put,7119,84.98,1882.78
2026-08-13,ETH,ETH-28AUG26-1300-C,28AUG26,1300,call,51,77.34,1882.77
2026-08-13,ETH,ETH-28AUG26-1300-P,28AUG26,1300,put,8956,77.34,1882.77
2026-08-13,ETH,ETH-28AUG26-1400-C,28AUG26,1400,call,100,69.51,1882.78
2026-08-13,ETH,ETH-28AUG26-1400-P,28AUG26,1400,put,7246,69.51,1882.77
2026-08-13,ETH,ETH-28AUG26-1450-C,28AUG26,1450,call,51,65.32,1882.78
2026-08-13,ETH,ETH-28AUG26-1450-P,28AUG26,1450,put,8684,65.32,1882.77
2026-08-13,ETH,ETH-28AUG26-1500-C,28AUG26,1500,call,443,61.62,1882.77
2026-08-13,ETH,ETH-28AUG26-1500-P,28AUG26,1500,put,5467,61.62,1882.77
2026-08-13,ETH,ETH-28AUG26-1550-C,28AUG26,1550,call,149,57.81,1882.77
2026-08-13,ETH,ETH-28AUG26-1550-P,28AUG26,1550,put,5785,57.81,1882.77
2026-08-13,ETH,ETH-28AUG26-1600-C,28AUG26,1600,call,885,54.4,1882.77
2026-08-13,ETH,ETH-28AUG26-1600-P,28AUG26,1600,put,13077,54.4,1882.77
2026-08-13,ETH,ETH-28AUG26-1650-C,28AUG26,1650,call,1604,51.73,1882.77
2026-08-13,ETH,ETH-28AUG26-1650-P,28AUG26,1650,put,6860,51.73,1882.78
2026-08-13,ETH,ETH-28AUG26-1700-C,28AUG26,1700,call,1002,48.61,1882.77
2026-08-13,ETH,ETH-28AUG26-1700-P,28AUG26,1700,put,8619,48.61,1882.77
2026-08-13,ETH,ETH-28AUG26-1750-C,28AUG26,1750,call,4211,46.32,1882.77
2026-08-13,ETH,ETH-28AUG26-1750-P,28AUG26,1750,put,22992,46.32,1882.77
2026-08-13,ETH,ETH-28AUG26-1800-C,28AUG26,1800,call,6075,44.83,1882.77
2026-08-13,ETH,ETH-28AUG26-1800-P,28AUG26,1800,put,5263,44.83,1882.78
2026-08-13,ETH,ETH-28AUG26-1850-C,28AUG26,1850,call,4339,43.83,1882.77
2026-08-13,ETH,ETH-28AUG26-1850-P,28AUG26,1850,put,2661,43.83,1882.77
2026-08-13,ETH,ETH-28AUG26-1900-C,28AUG26,1900,call,6805,43.16,1882.77
2026-08-13,ETH,ETH-28AUG26-1900-P,28AUG26,1900,put,6936,43.16,1882.77
2026-08-13,ETH,ETH-28AUG26-1950-C,28AUG26,1950,call,4675,42.76,1882.77
2026-08-13,ETH,ETH-28AUG26-1950-P,28AUG26,1950,put,2620,42.76,1882.78
2026-08-13,ETH,ETH-28AUG26-2000-P,28AUG26,2000,put,615,42.95,1882.78
2026-08-13,ETH,ETH-28AUG26-2000-C,28AUG26,2000,call,9515,42.95,1882.78
2026-08-13,ETH,ETH-28AUG26-2050-C,28AUG26,2050,call,4357,43.22,1882.78
2026-08-13,ETH,ETH-28AUG26-2050-P,28AUG26,2050,put,180,43.22,1882.77
2026-08-13,ETH,ETH-28AUG26-2100-C,28AUG26,2100,call,8780,44.14,1882.78
2026-08-13,ETH,ETH-28AUG26-2100-P,28AUG26,2100,put,1161,44.14,1882.78
2026-08-13,ETH,ETH-28AUG26-2150-C,28AUG26,2150,call,5060,44.87,1882.78
2026-08-13,ETH,ETH-28AUG26-2150-P,28AUG26,2150,put,66,44.87,1882.77
2026-08-13,ETH,ETH-28AUG26-2200-C,28AUG26,2200,call,8611,46.02,1882.77
2026-08-13,ETH,ETH-28AUG26-2200-P,28AUG26,2200,put,681,46.02,1882.77
2026-08-13,ETH,ETH-28AUG26-2250-C,28AUG26,2250,call,2907,47.42,1882.77
2026-08-13,ETH,ETH-28AUG26-2250-P,28AUG26,2250,put,27,47.42,1882.77
2026-08-13,ETH,ETH-28AUG26-2300-C,28AUG26,2300,call,5808,49.14,1882.78
2026-08-13,ETH,ETH-28AUG26-2300-P,28AUG26,2300,put,1000,49.14,1882.77
2026-08-13,ETH,ETH-28AUG26-2350-C,28AUG26,2350,call,4551,50.3,1882.78
2026-08-13,ETH,ETH-28AUG26-2350-P,28AUG26,2350,put,100,50.3,1882.77
2026-08-13,ETH,ETH-28AUG26-2400-C,28AUG26,2400,call,17635,52.09,1882.77
2026-08-13,ETH,ETH-28AUG26-2400-P,28AUG26,2400,put,2,52.09,1882.77
2026-08-13,ETH,ETH-28AUG26-2500-C,28AUG26,2500,call,28355,54.18,1882.77
2026-08-13,ETH,ETH-28AUG26-2500-P,28AUG26,2500,put,6,54.18,1882.78
2026-08-13,ETH,ETH-28AUG26-2600-C,28AUG26,2600,call,6178,59.14,1882.77
2026-08-13,ETH,ETH-28AUG26-2600-P,28AUG26,2600,put,3,59.14,1882.77
2026-08-13,ETH,ETH-28AUG26-2800-C,28AUG26,2800,call,5427,67.68,1882.77
2026-08-13,ETH,ETH-28AUG26-2800-P,28AUG26,2800,put,0,67.68,1882.78
2026-08-13,ETH,ETH-28AUG26-3000-C,28AUG26,3000,call,1528,75.18,1882.77
2026-08-13,ETH,ETH-28AUG26-3000-P,28AUG26,3000,put,5,75.18,1882.78
2026-08-13,ETH,ETH-28AUG26-3200-C,28AUG26,3200,call,1074,81.98,1882.77
2026-08-13,ETH,ETH-28AUG26-3200-P,28AUG26,3200,put,5,81.98,1882.77
2026-08-13,ETH,ETH-28AUG26-3400-C,28AUG26,3400,call,600,84.51,1882.78
2026-08-13,ETH,ETH-28AUG26-3400-P,28AUG26,3400,put,1,84.51,1882.78
2026-08-13,ETH,ETH-28AUG26-3600-C,28AUG26,3600,call,1218,84.51,1882.77
2026-08-13,ETH,ETH-28AUG26-3600-P,28AUG26,3600,put,18,84.51,1882.78
2026-08-13,ETH,ETH-28AUG26-3800-C,28AUG26,3800,call,398,84.51,1882.77
2026-08-13,ETH,ETH-28AUG26-3800-P,28AUG26,3800,put,0,84.51,1882.77
2026-08-13,ETH,ETH-30OCT26-1000-C,30OCT26,1000,call,0,74.27,1890.96
2026-08-13,ETH,ETH-30OCT26-1000-P,30OCT26,1000,put,1606,74.27,1890.96
2026-08-13,ETH,ETH-30OCT26-1200-C,30OCT26,1200,call,0,65.38,1890.96
2026-08-13,ETH,ETH-30OCT26-1200-P,30OCT26,1200,put,2259,65.38,1890.95
2026-08-13,ETH,ETH-30OCT26-1400-C,30OCT26,1400,call,50,58.9,1890.96
2026-08-13,ETH,ETH-30OCT26-1400-P,30OCT26,1400,put,2633,58.9,1890.96
2026-08-13,ETH,ETH-30OCT26-1500-C,30OCT26,1500,call,50,56.24,1890.96
2026-08-13,ETH,ETH-30OCT26-1500-P,30OCT26,1500,put,1499,56.24,1890.96
2026-08-13,ETH,ETH-30OCT26-1600-C,30OCT26,1600,call,68,54.23,1890.96
2026-08-13,ETH,ETH-30OCT26-1600-P,30OCT26,1600,put,1903,54.23,1890.95
2026-08-13,ETH,ETH-30OCT26-1700-C,30OCT26,1700,call,51,52.65,1890.95
2026-08-13,ETH,ETH-30OCT26-1700-P,30OCT26,1700,put,482,52.65,1890.95
2026-08-13,ETH,ETH-30OCT26-1750-C,30OCT26,1750,call,102,52.07,1890.95
2026-08-13,ETH,ETH-30OCT26-1750-P,30OCT26,1750,put,389,52.07,1890.96
2026-08-13,ETH,ETH-30OCT26-1800-C,30OCT26,1800,call,102,51.6,1890.95
2026-08-13,ETH,ETH-30OCT26-1800-P,30OCT26,1800,put,953,51.6,1890.95
2026-08-13,ETH,ETH-30OCT26-1850-C,30OCT26,1850,call,767,51.19,1890.95
2026-08-13,ETH,ETH-30OCT26-1850-P,30OCT26,1850,put,754,51.19,1890.95
2026-08-13,ETH,ETH-30OCT26-1900-C,30OCT26,1900,call,289,50.9,1890.95
2026-08-13,ETH,ETH-30OCT26-1900-P,30OCT26,1900,put,487,50.9,1890.95
2026-08-13,ETH,ETH-30OCT26-1950-C,30OCT26,1950,call,212,50.7,1890.95
2026-08-13,ETH,ETH-30OCT26-1950-P,30OCT26,1950,put,414,50.7,1890.96
2026-08-13,ETH,ETH-30OCT26-2000-C,30OCT26,2000,call,741,50.54,1890.96
2026-08-13,ETH,ETH-30OCT26-2000-P,30OCT26,2000,put,74,50.54,1890.96
2026-08-13,ETH,ETH-30OCT26-2050-C,30OCT26,2050,call,399,50.47,1890.96
2026-08-13,ETH,ETH-30OCT26-2050-P,30OCT26,2050,put,48,50.47,1890.96
2026-08-13,ETH,ETH-30OCT26-2100-C,30OCT26,2100,call,1213,50.47,1890.95
2026-08-13,ETH,ETH-30OCT26-2100-P,30OCT26,2100,put,1,50.47,1890.96
2026-08-13,ETH,ETH-30OCT26-2150-C,30OCT26,2150,call,758,50.48,1890.95
2026-08-13,ETH,ETH-30OCT26-2150-P,30OCT26,2150,put,1,50.48,1890.96
2026-08-13,ETH,ETH-30OCT26-2200-C,30OCT26,2200,call,1243,50.49,1890.95
2026-08-13,ETH,ETH-30OCT26-2200-P,30OCT26,2200,put,19,50.49,1890.96
2026-08-13,ETH,ETH-30OCT26-2250-C,30OCT26,2250,call,337,50.59,1890.96
2026-08-13,ETH,ETH-30OCT26-2250-P,30OCT26,2250,put,1,50.59,1890.95
2026-08-13,ETH,ETH-30OCT26-2300-C,30OCT26,2300,call,603,50.7,1890.95
2026-08-13,ETH,ETH-30OCT26-2300-P,30OCT26,2300,put,0,50.7,1890.96
2026-08-13,ETH,ETH-30OCT26-2400-C,30OCT26,2400,call,727,51.11,1890.95
2026-08-13,ETH,ETH-30OCT26-2400-P,30OCT26,2400,put,10,51.11,1890.96
2026-08-13,ETH,ETH-30OCT26-2500-C,30OCT26,2500,call,769,51.58,1890.95
2026-08-13,ETH,ETH-30OCT26-2500-P,30OCT26,2500,put,1,51.58,1890.95
2026-08-13,ETH,ETH-30OCT26-2600-C,30OCT26,2600,call,550,52.11,1890.95
2026-08-13,ETH,ETH-30OCT26-2600-P,30OCT26,2600,put,95,52.11,1890.95
2026-08-13,ETH,ETH-30OCT26-2800-C,30OCT26,2800,call,300,53.18,1890.95
2026-08-13,ETH,ETH-30OCT26-2800-P,30OCT26,2800,put,0,53.18,1890.96
2026-08-13,ETH,ETH-30OCT26-3000-C,30OCT26,3000,call,753,54.97,1890.96
2026-08-13,ETH,ETH-30OCT26-3000-P,30OCT26,3000,put,72,54.97,1890.96
2026-08-13,ETH,ETH-30OCT26-3200-C,30OCT26,3200,call,1264,56.62,1890.95
2026-08-13,ETH,ETH-30OCT26-3200-P,30OCT26,3200,put,0,56.62,1890.96
2026-08-13,ETH,ETH-30OCT26-3400-C,30OCT26,3400,call,1281,58.27,1890.96
2026-08-13,ETH,ETH-30OCT26-3400-P,30OCT26,3400,put,0,58.27,1890.96
2026-08-13,ETH,ETH-30OCT26-3600-C,30OCT26,3600,call,763,60.07,1890.96
2026-08-13,ETH,ETH-30OCT26-3600-P,30OCT26,3600,put,0,60.07,1890.96
2026-08-13,ETH,ETH-30OCT26-4000-C,30OCT26,4000,call,410,63.32,1890.96
2026-08-13,ETH,ETH-30OCT26-4000-P,30OCT26,4000,put,0,63.32,1890.96
