ts,symbol,side,clip_usd,slippage_bps,book_usd_bid,book_usd_ask
2026-08-06T21:00:00.000Z,ADAUSDT,buy,10000,2.452,14357604,11353637
2026-08-06T21:00:00.000Z,ADAUSDT,buy,100000,4.693,14357604,11353637
2026-08-06T21:00:00.000Z,ADAUSDT,buy,1000000,42.414,14357604,11353637
2026-08-06T21:00:00.000Z,ADAUSDT,buy,5000000,135.158,14357604,11353637
2026-08-06T21:00:00.000Z,ADAUSDT,sell,10000,3.253,14357604,11353637
2026-08-06T21:00:00.000Z,ADAUSDT,sell,100000,8.962,14357604,11353637
2026-08-06T21:00:00.000Z,ADAUSDT,sell,1000000,39.698,14357604,11353637
2026-08-06T21:00:00.000Z,ADAUSDT,sell,5000000,112.294,14357604,11353637
2026-08-06T21:00:00.000Z,BNBUSDT,buy,10000,0.236,11600822,10047200
2026-08-06T21:00:00.000Z,BNBUSDT,buy,100000,1.508,11600822,10047200
2026-08-06T21:00:00.000Z,BNBUSDT,buy,1000000,8.778,11600822,10047200
2026-08-06T21:00:00.000Z,BNBUSDT,buy,5000000,39.133,11600822,10047200
2026-08-06T21:00:00.000Z,BNBUSDT,sell,10000,0.084,11600822,10047200
2026-08-06T21:00:00.000Z,BNBUSDT,sell,100000,0.436,11600822,10047200
2026-08-06T21:00:00.000Z,BNBUSDT,sell,1000000,8.082,11600822,10047200
2026-08-06T21:00:00.000Z,BNBUSDT,sell,5000000,34.076,11600822,10047200
2026-08-06T21:00:00.000Z,BTCUSDT,buy,10000,0.008,46548102,44365557
2026-08-06T21:00:00.000Z,BTCUSDT,buy,100000,0.008,46548102,44365557
2026-08-06T21:00:00.000Z,BTCUSDT,buy,1000000,0.57,46548102,44365557
2026-08-06T21:00:00.000Z,BTCUSDT,buy,5000000,2.315,46548102,44365557
2026-08-06T21:00:00.000Z,BTCUSDT,sell,10000,0.008,46548102,44365557
2026-08-06T21:00:00.000Z,BTCUSDT,sell,100000,0.008,46548102,44365557
2026-08-06T21:00:00.000Z,BTCUSDT,sell,1000000,0.054,46548102,44365557
2026-08-06T21:00:00.000Z,BTCUSDT,sell,5000000,1.435,46548102,44365557
2026-08-06T21:00:00.000Z,DOGEUSDT,buy,10000,0.724,30591875,30407135
2026-08-06T21:00:00.000Z,DOGEUSDT,buy,100000,2.739,30591875,30407135
2026-08-06T21:00:00.000Z,DOGEUSDT,buy,1000000,12.666,30591875,30407135
2026-08-06T21:00:00.000Z,DOGEUSDT,buy,5000000,57.8,30591875,30407135
2026-08-06T21:00:00.000Z,DOGEUSDT,sell,10000,1.263,30591875,30407135
2026-08-06T21:00:00.000Z,DOGEUSDT,sell,100000,3.757,30591875,30407135
2026-08-06T21:00:00.000Z,DOGEUSDT,sell,1000000,17.871,30591875,30407135
2026-08-06T21:00:00.000Z,DOGEUSDT,sell,5000000,62.88,30591875,30407135
2026-08-06T21:00:00.000Z,ETHUSDT,buy,10000,0.026,55755605,51703143
2026-08-06T21:00:00.000Z,ETHUSDT,buy,100000,0.553,55755605,51703143
2026-08-06T21:00:00.000Z,ETHUSDT,buy,1000000,1.875,55755605,51703143
2026-08-06T21:00:00.000Z,ETHUSDT,buy,5000000,4.985,55755605,51703143
2026-08-06T21:00:00.000Z,ETHUSDT,sell,10000,0.026,55755605,51703143
2026-08-06T21:00:00.000Z,ETHUSDT,sell,100000,0.026,55755605,51703143
2026-08-06T21:00:00.000Z,ETHUSDT,sell,1000000,0.296,55755605,51703143
2026-08-06T21:00:00.000Z,ETHUSDT,sell,5000000,4.358,55755605,51703143
2026-08-06T21:00:00.000Z,LINKUSDT,buy,10000,1.607,8087948,6308045
2026-08-06T21:00:00.000Z,LINKUSDT,buy,100000,5.049,8087948,6308045
2026-08-06T21:00:00.000Z,LINKUSDT,buy,1000000,31.082,8087948,6308045
2026-08-06T21:00:00.000Z,LINKUSDT,buy,5000000,133.807,8087948,6308045
2026-08-06T21:00:00.000Z,LINKUSDT,sell,10000,1.586,8087948,6308045
2026-08-06T21:00:00.000Z,LINKUSDT,sell,100000,6.568,8087948,6308045
2026-08-06T21:00:00.000Z,LINKUSDT,sell,1000000,28.373,8087948,6308045
2026-08-06T21:00:00.000Z,LINKUSDT,sell,5000000,117.657,8087948,6308045
2026-08-06T21:00:00.000Z,SOLUSDT,buy,10000,0.686,74398952,65347412
2026-08-06T21:00:00.000Z,SOLUSDT,buy,100000,0.686,74398952,65347412
2026-08-06T21:00:00.000Z,SOLUSDT,buy,1000000,4.153,74398952,65347412
2026-08-06T21:00:00.000Z,SOLUSDT,buy,5000000,17.159,74398952,65347412
2026-08-06T21:00:00.000Z,SOLUSDT,sell,10000,0.686,74398952,65347412
2026-08-06T21:00:00.000Z,SOLUSDT,sell,100000,1.484,74398952,65347412
2026-08-06T21:00:00.000Z,SOLUSDT,sell,1000000,4.637,74398952,65347412
2026-08-06T21:00:00.000Z,SOLUSDT,sell,5000000,15.493,74398952,65347412
2026-08-06T21:00:00.000Z,XRPUSDT,buy,10000,0.483,37097838,27900683
2026-08-06T21:00:00.000Z,XRPUSDT,buy,100000,2.015,37097838,27900683
2026-08-06T21:00:00.000Z,XRPUSDT,buy,1000000,8.82,37097838,27900683
2026-08-06T21:00:00.000Z,XRPUSDT,buy,5000000,36.802,37097838,27900683
2026-08-06T21:00:00.000Z,XRPUSDT,sell,10000,0.483,37097838,27900683
2026-08-06T21:00:00.000Z,XRPUSDT,sell,100000,1.519,37097838,27900683
2026-08-06T21:00:00.000Z,XRPUSDT,sell,1000000,7.489,37097838,27900683
2026-08-06T21:00:00.000Z,XRPUSDT,sell,5000000,27.712,37097838,27900683
2026-08-06T22:00:00.000Z,ADAUSDT,buy,10000,2.48,15882167,12631619
2026-08-06T22:00:00.000Z,ADAUSDT,buy,100000,5.846,15882167,12631619
2026-08-06T22:00:00.000Z,ADAUSDT,buy,1000000,32.373,15882167,12631619
2026-08-06T22:00:00.000Z,ADAUSDT,buy,5000000,118.613,15882167,12631619
2026-08-06T22:00:00.000Z,ADAUSDT,sell,10000,2.48,15882167,12631619
2026-08-06T22:00:00.000Z,ADAUSDT,sell,100000,5.275,15882167,12631619
2026-08-06T22:00:00.000Z,ADAUSDT,sell,1000000,30.544,15882167,12631619
2026-08-06T22:00:00.000Z,ADAUSDT,sell,5000000,99.682,15882167,12631619
2026-08-06T22:00:00.000Z,BNBUSDT,buy,10000,0.084,12353894,10737036
2026-08-06T22:00:00.000Z,BNBUSDT,buy,100000,1.329,12353894,10737036
2026-08-06T22:00:00.000Z,BNBUSDT,buy,1000000,7.836,12353894,10737036
2026-08-06T22:00:00.000Z,BNBUSDT,buy,5000000,32.641,12353894,10737036
2026-08-06T22:00:00.000Z,BNBUSDT,sell,10000,0.084,12353894,10737036
2026-08-06T22:00:00.000Z,BNBUSDT,sell,100000,0.798,12353894,10737036
2026-08-06T22:00:00.000Z,BNBUSDT,sell,1000000,6.269,12353894,10737036
2026-08-06T22:00:00.000Z,BNBUSDT,sell,5000000,30.724,12353894,10737036
2026-08-06T22:00:00.000Z,BTCUSDT,buy,10000,0.008,52530435,41997161
2026-08-06T22:00:00.000Z,BTCUSDT,buy,100000,0.008,52530435,41997161
2026-08-06T22:00:00.000Z,BTCUSDT,buy,1000000,0.701,52530435,41997161
2026-08-06T22:00:00.000Z,BTCUSDT,buy,5000000,2.271,52530435,41997161
2026-08-06T22:00:00.000Z,BTCUSDT,sell,10000,0.008,52530435,41997161
2026-08-06T22:00:00.000Z,BTCUSDT,sell,100000,0.008,52530435,41997161
2026-08-06T22:00:00.000Z,BTCUSDT,sell,1000000,0.225,52530435,41997161
2026-08-06T22:00:00.000Z,BTCUSDT,sell,5000000,1.726,52530435,41997161
2026-08-06T22:00:00.000Z,DOGEUSDT,buy,10000,0.725,33071897,30770475
2026-08-06T22:00:00.000Z,DOGEUSDT,buy,100000,1.517,33071897,30770475
2026-08-06T22:00:00.000Z,DOGEUSDT,buy,1000000,13.027,33071897,30770475
2026-08-06T22:00:00.000Z,DOGEUSDT,buy,5000000,53.134,33071897,30770475
2026-08-06T22:00:00.000Z,DOGEUSDT,sell,10000,0.725,33071897,30770475
2026-08-06T22:00:00.000Z,DOGEUSDT,sell,100000,1.836,33071897,30770475
2026-08-06T22:00:00.000Z,DOGEUSDT,sell,1000000,9.968,33071897,30770475
2026-08-06T22:00:00.000Z,DOGEUSDT,sell,5000000,46.676,33071897,30770475
2026-08-06T22:00:00.000Z,ETHUSDT,buy,10000,0.026,59706260,52162293
2026-08-06T22:00:00.000Z,ETHUSDT,buy,100000,0.126,59706260,52162293
2026-08-06T22:00:00.000Z,ETHUSDT,buy,1000000,1.58,59706260,52162293
2026-08-06T22:00:00.000Z,ETHUSDT,buy,5000000,4.625,59706260,52162293
2026-08-06T22:00:00.000Z,ETHUSDT,sell,10000,0.026,59706260,52162293
2026-08-06T22:00:00.000Z,ETHUSDT,sell,100000,0.026,59706260,52162293
2026-08-06T22:00:00.000Z,ETHUSDT,sell,1000000,0.226,59706260,52162293
2026-08-06T22:00:00.000Z,ETHUSDT,sell,5000000,3.69,59706260,52162293
2026-08-06T22:00:00.000Z,LINKUSDT,buy,10000,0.78,8264927,6606113
2026-08-06T22:00:00.000Z,LINKUSDT,buy,100000,4.814,8264927,6606113
2026-08-06T22:00:00.000Z,LINKUSDT,buy,1000000,28.254,8264927,6606113
2026-08-06T22:00:00.000Z,LINKUSDT,buy,5000000,124.079,8264927,6606113
2026-08-06T22:00:00.000Z,LINKUSDT,sell,10000,0.931,8264927,6606113
2026-08-06T22:00:00.000Z,LINKUSDT,sell,100000,3.274,8264927,6606113
2026-08-06T22:00:00.000Z,LINKUSDT,sell,1000000,26.493,8264927,6606113
2026-08-06T22:00:00.000Z,LINKUSDT,sell,5000000,109.156,8264927,6606113
2026-08-06T22:00:00.000Z,SOLUSDT,buy,10000,0.688,76365779,68598587
2026-08-06T22:00:00.000Z,SOLUSDT,buy,100000,1.642,76365779,68598587
2026-08-06T22:00:00.000Z,SOLUSDT,buy,1000000,3.304,76365779,68598587
2026-08-06T22:00:00.000Z,SOLUSDT,buy,5000000,11.738,76365779,68598587
2026-08-06T22:00:00.000Z,SOLUSDT,sell,10000,0.688,76365779,68598587
2026-08-06T22:00:00.000Z,SOLUSDT,sell,100000,0.688,76365779,68598587
2026-08-06T22:00:00.000Z,SOLUSDT,sell,1000000,1.646,76365779,68598587
2026-08-06T22:00:00.000Z,SOLUSDT,sell,5000000,9.138,76365779,68598587
2026-08-06T22:00:00.000Z,XRPUSDT,buy,10000,0.482,38291902,28402120
2026-08-06T22:00:00.000Z,XRPUSDT,buy,100000,0.61,38291902,28402120
2026-08-06T22:00:00.000Z,XRPUSDT,buy,1000000,5,38291902,28402120
2026-08-06T22:00:00.000Z,XRPUSDT,buy,5000000,25.669,38291902,28402120
2026-08-06T22:00:00.000Z,XRPUSDT,sell,10000,0.482,38291902,28402120
2026-08-06T22:00:00.000Z,XRPUSDT,sell,100000,1.149,38291902,28402120
2026-08-06T22:00:00.000Z,XRPUSDT,sell,1000000,5.054,38291902,28402120
2026-08-06T22:00:00.000Z,XRPUSDT,sell,5000000,23.957,38291902,28402120
2026-08-06T23:00:00.000Z,ADAUSDT,buy,10000,4.612,15569035,12439060
2026-08-06T23:00:00.000Z,ADAUSDT,buy,100000,8.273,15569035,12439060
2026-08-06T23:00:00.000Z,ADAUSDT,buy,1000000,33.067,15569035,12439060
2026-08-06T23:00:00.000Z,ADAUSDT,buy,5000000,114.201,15569035,12439060
2026-08-06T23:00:00.000Z,ADAUSDT,sell,10000,2.496,15569035,12439060
2026-08-06T23:00:00.000Z,ADAUSDT,sell,100000,3.411,15569035,12439060
2026-08-06T23:00:00.000Z,ADAUSDT,sell,1000000,28.891,15569035,12439060
2026-08-06T23:00:00.000Z,ADAUSDT,sell,5000000,106.778,15569035,12439060
2026-08-06T23:00:00.000Z,BNBUSDT,buy,10000,0.638,12865350,10405148
2026-08-06T23:00:00.000Z,BNBUSDT,buy,100000,1.768,12865350,10405148
2026-08-06T23:00:00.000Z,BNBUSDT,buy,1000000,8.018,12865350,10405148
2026-08-06T23:00:00.000Z,BNBUSDT,buy,5000000,33.492,12865350,10405148
2026-08-06T23:00:00.000Z,BNBUSDT,sell,10000,0.084,12865350,10405148
2026-08-06T23:00:00.000Z,BNBUSDT,sell,100000,0.731,12865350,10405148
2026-08-06T23:00:00.000Z,BNBUSDT,sell,1000000,6.821,12865350,10405148
2026-08-06T23:00:00.000Z,BNBUSDT,sell,5000000,28.588,12865350,10405148
2026-08-06T23:00:00.000Z,BTCUSDT,buy,10000,0.008,51532283,38951039
2026-08-06T23:00:00.000Z,BTCUSDT,buy,100000,0.008,51532283,38951039
2026-08-06T23:00:00.000Z,BTCUSDT,buy,1000000,0.099,51532283,38951039
2026-08-06T23:00:00.000Z,BTCUSDT,buy,5000000,2.048,51532283,38951039
2026-08-06T23:00:00.000Z,BTCUSDT,sell,10000,0.008,51532283,38951039
2026-08-06T23:00:00.000Z,BTCUSDT,sell,100000,0.008,51532283,38951039
2026-08-06T23:00:00.000Z,BTCUSDT,sell,1000000,0.008,51532283,38951039
2026-08-06T23:00:00.000Z,BTCUSDT,sell,5000000,0.721,51532283,38951039
2026-08-06T23:00:00.000Z,DOGEUSDT,buy,10000,0.726,32377577,30367959
2026-08-06T23:00:00.000Z,DOGEUSDT,buy,100000,0.726,32377577,30367959
2026-08-06T23:00:00.000Z,DOGEUSDT,buy,1000000,11.882,32377577,30367959
2026-08-06T23:00:00.000Z,DOGEUSDT,buy,5000000,56.053,32377577,30367959
2026-08-06T23:00:00.000Z,DOGEUSDT,sell,10000,0.726,32377577,30367959
2026-08-06T23:00:00.000Z,DOGEUSDT,sell,100000,2.067,32377577,30367959
2026-08-06T23:00:00.000Z,DOGEUSDT,sell,1000000,10.524,32377577,30367959
2026-08-06T23:00:00.000Z,DOGEUSDT,sell,5000000,46.943,32377577,30367959
2026-08-06T23:00:00.000Z,ETHUSDT,buy,10000,0.026,56663447,51862941
2026-08-06T23:00:00.000Z,ETHUSDT,buy,100000,0.194,56663447,51862941
2026-08-06T23:00:00.000Z,ETHUSDT,buy,1000000,1.4,56663447,51862941
2026-08-06T23:00:00.000Z,ETHUSDT,buy,5000000,4.085,56663447,51862941
2026-08-06T23:00:00.000Z,ETHUSDT,sell,10000,0.026,56663447,51862941
2026-08-06T23:00:00.000Z,ETHUSDT,sell,100000,0.026,56663447,51862941
2026-08-06T23:00:00.000Z,ETHUSDT,sell,1000000,0.543,56663447,51862941
2026-08-06T23:00:00.000Z,ETHUSDT,sell,5000000,4.913,56663447,51862941
2026-08-06T23:00:00.000Z,LINKUSDT,buy,10000,0.836,8318609,6494986
2026-08-06T23:00:00.000Z,LINKUSDT,buy,100000,3.988,8318609,6494986
2026-08-06T23:00:00.000Z,LINKUSDT,buy,1000000,27.086,8318609,6494986
2026-08-06T23:00:00.000Z,LINKUSDT,buy,5000000,127.816,8318609,6494986
2026-08-06T23:00:00.000Z,LINKUSDT,sell,10000,0.634,8318609,6494986
2026-08-06T23:00:00.000Z,LINKUSDT,sell,100000,4.439,8318609,6494986
2026-08-06T23:00:00.000Z,LINKUSDT,sell,1000000,27.792,8318609,6494986
2026-08-06T23:00:00.000Z,LINKUSDT,sell,5000000,106.465,8318609,6494986
2026-08-06T23:00:00.000Z,SOLUSDT,buy,10000,0.691,78051275,68354367
2026-08-06T23:00:00.000Z,SOLUSDT,buy,100000,0.691,78051275,68354367
2026-08-06T23:00:00.000Z,SOLUSDT,buy,1000000,3.166,78051275,68354367
2026-08-06T23:00:00.000Z,SOLUSDT,buy,5000000,10.567,78051275,68354367
2026-08-06T23:00:00.000Z,SOLUSDT,sell,10000,0.691,78051275,68354367
2026-08-06T23:00:00.000Z,SOLUSDT,sell,100000,0.691,78051275,68354367
2026-08-06T23:00:00.000Z,SOLUSDT,sell,1000000,1.6,78051275,68354367
2026-08-06T23:00:00.000Z,SOLUSDT,sell,5000000,8.503,78051275,68354367
2026-08-06T23:00:00.000Z,XRPUSDT,buy,10000,0.484,37723385,28259464
2026-08-06T23:00:00.000Z,XRPUSDT,buy,100000,1.123,37723385,28259464
2026-08-06T23:00:00.000Z,XRPUSDT,buy,1000000,3.909,37723385,28259464
2026-08-06T23:00:00.000Z,XRPUSDT,buy,5000000,25.138,37723385,28259464
2026-08-06T23:00:00.000Z,XRPUSDT,sell,10000,0.484,37723385,28259464
2026-08-06T23:00:00.000Z,XRPUSDT,sell,100000,0.484,37723385,28259464
2026-08-06T23:00:00.000Z,XRPUSDT,sell,1000000,4.82,37723385,28259464
2026-08-06T23:00:00.000Z,XRPUSDT,sell,5000000,24.862,37723385,28259464
2026-08-07T00:00:00.000Z,ADAUSDT,buy,10000,2.476,15842074,12104269
2026-08-07T00:00:00.000Z,ADAUSDT,buy,100000,6.304,15842074,12104269
2026-08-07T00:00:00.000Z,ADAUSDT,buy,1000000,33.893,15842074,12104269
2026-08-07T00:00:00.000Z,ADAUSDT,buy,5000000,111.589,15842074,12104269
2026-08-07T00:00:00.000Z,ADAUSDT,sell,10000,2.476,15842074,12104269
2026-08-07T00:00:00.000Z,ADAUSDT,sell,100000,8.22,15842074,12104269
2026-08-07T00:00:00.000Z,ADAUSDT,sell,1000000,34.455,15842074,12104269
2026-08-07T00:00:00.000Z,ADAUSDT,sell,5000000,108.271,15842074,12104269
2026-08-07T00:00:00.000Z,BNBUSDT,buy,10000,0.084,12568561,10590995
2026-08-07T00:00:00.000Z,BNBUSDT,buy,100000,0.999,12568561,10590995
2026-08-07T00:00:00.000Z,BNBUSDT,buy,1000000,8.258,12568561,10590995
2026-08-07T00:00:00.000Z,BNBUSDT,buy,5000000,33.281,12568561,10590995
2026-08-07T00:00:00.000Z,BNBUSDT,sell,10000,0.094,12568561,10590995
2026-08-07T00:00:00.000Z,BNBUSDT,sell,100000,1.204,12568561,10590995
2026-08-07T00:00:00.000Z,BNBUSDT,sell,1000000,7.057,12568561,10590995
2026-08-07T00:00:00.000Z,BNBUSDT,sell,5000000,29.317,12568561,10590995
2026-08-07T00:00:00.000Z,BTCUSDT,buy,10000,0.008,40583415,38670240
2026-08-07T00:00:00.000Z,BTCUSDT,buy,100000,0.008,40583415,38670240
2026-08-07T00:00:00.000Z,BTCUSDT,buy,1000000,0.566,40583415,38670240
2026-08-07T00:00:00.000Z,BTCUSDT,buy,5000000,2.103,40583415,38670240
2026-08-07T00:00:00.000Z,BTCUSDT,sell,10000,0.008,40583415,38670240
2026-08-07T00:00:00.000Z,BTCUSDT,sell,100000,0.008,40583415,38670240
2026-08-07T00:00:00.000Z,BTCUSDT,sell,1000000,0.054,40583415,38670240
2026-08-07T00:00:00.000Z,BTCUSDT,sell,5000000,1.246,40583415,38670240
2026-08-07T00:00:00.000Z,DOGEUSDT,buy,10000,0.723,32106846,32021177
2026-08-07T00:00:00.000Z,DOGEUSDT,buy,100000,1.577,32106846,32021177
2026-08-07T00:00:00.000Z,DOGEUSDT,buy,1000000,12.2,32106846,32021177
2026-08-07T00:00:00.000Z,DOGEUSDT,buy,5000000,44.78,32106846,32021177
2026-08-07T00:00:00.000Z,DOGEUSDT,sell,10000,1.514,32106846,32021177
2026-08-07T00:00:00.000Z,DOGEUSDT,sell,100000,3.573,32106846,32021177
2026-08-07T00:00:00.000Z,DOGEUSDT,sell,1000000,13.544,32106846,32021177
2026-08-07T00:00:00.000Z,DOGEUSDT,sell,5000000,46.745,32106846,32021177
2026-08-07T00:00:00.000Z,ETHUSDT,buy,10000,0.026,58359710,50855292
2026-08-07T00:00:00.000Z,ETHUSDT,buy,100000,0.026,58359710,50855292
2026-08-07T00:00:00.000Z,ETHUSDT,buy,1000000,0.959,58359710,50855292
2026-08-07T00:00:00.000Z,ETHUSDT,buy,5000000,3.819,58359710,50855292
2026-08-07T00:00:00.000Z,ETHUSDT,sell,10000,0.026,58359710,50855292
2026-08-07T00:00:00.000Z,ETHUSDT,sell,100000,0.074,58359710,50855292
2026-08-07T00:00:00.000Z,ETHUSDT,sell,1000000,1.345,58359710,50855292
2026-08-07T00:00:00.000Z,ETHUSDT,sell,5000000,5.105,58359710,50855292
2026-08-07T00:00:00.000Z,LINKUSDT,buy,10000,0.885,8541432,6407130
2026-08-07T00:00:00.000Z,LINKUSDT,buy,100000,4.017,8541432,6407130
2026-08-07T00:00:00.000Z,LINKUSDT,buy,1000000,26.299,8541432,6407130
2026-08-07T00:00:00.000Z,LINKUSDT,buy,5000000,130.11,8541432,6407130
2026-08-07T00:00:00.000Z,LINKUSDT,sell,10000,2.172,8541432,6407130
2026-08-07T00:00:00.000Z,LINKUSDT,sell,100000,5.351,8541432,6407130
2026-08-07T00:00:00.000Z,LINKUSDT,sell,1000000,27.725,8541432,6407130
2026-08-07T00:00:00.000Z,LINKUSDT,sell,5000000,108.31,8541432,6407130
2026-08-07T00:00:00.000Z,SOLUSDT,buy,10000,0.689,72712524,69699712
2026-08-07T00:00:00.000Z,SOLUSDT,buy,100000,0.689,72712524,69699712
2026-08-07T00:00:00.000Z,SOLUSDT,buy,1000000,2.826,72712524,69699712
2026-08-07T00:00:00.000Z,SOLUSDT,buy,5000000,10.345,72712524,69699712
2026-08-07T00:00:00.000Z,SOLUSDT,sell,10000,0.689,72712524,69699712
2026-08-07T00:00:00.000Z,SOLUSDT,sell,100000,0.689,72712524,69699712
2026-08-07T00:00:00.000Z,SOLUSDT,sell,1000000,3.085,72712524,69699712
2026-08-07T00:00:00.000Z,SOLUSDT,sell,5000000,11.648,72712524,69699712
2026-08-07T00:00:00.000Z,XRPUSDT,buy,10000,0.483,37655191,28772191
2026-08-07T00:00:00.000Z,XRPUSDT,buy,100000,0.754,37655191,28772191
2026-08-07T00:00:00.000Z,XRPUSDT,buy,1000000,4.586,37655191,28772191
2026-08-07T00:00:00.000Z,XRPUSDT,buy,5000000,24.887,37655191,28772191
2026-08-07T00:00:00.000Z,XRPUSDT,sell,10000,0.483,37655191,28772191
2026-08-07T00:00:00.000Z,XRPUSDT,sell,100000,1.168,37655191,28772191
2026-08-07T00:00:00.000Z,XRPUSDT,sell,1000000,5.856,37655191,28772191
2026-08-07T00:00:00.000Z,XRPUSDT,sell,5000000,24.411,37655191,28772191
2026-08-07T01:00:00.000Z,ADAUSDT,buy,10000,2.498,15544679,12324014
2026-08-07T01:00:00.000Z,ADAUSDT,buy,100000,6.438,15544679,12324014
2026-08-07T01:00:00.000Z,ADAUSDT,buy,1000000,34.431,15544679,12324014
2026-08-07T01:00:00.000Z,ADAUSDT,buy,5000000,121.964,15544679,12324014
2026-08-07T01:00:00.000Z,ADAUSDT,sell,10000,2.498,15544679,12324014
2026-08-07T01:00:00.000Z,ADAUSDT,sell,100000,4.791,15544679,12324014
2026-08-07T01:00:00.000Z,ADAUSDT,sell,1000000,29.544,15544679,12324014
2026-08-07T01:00:00.000Z,ADAUSDT,sell,5000000,98.442,15544679,12324014
2026-08-07T01:00:00.000Z,BNBUSDT,buy,10000,0.084,12217852,10885671
2026-08-07T01:00:00.000Z,BNBUSDT,buy,100000,1.14,12217852,10885671
2026-08-07T01:00:00.000Z,BNBUSDT,buy,1000000,6.735,12217852,10885671
2026-08-07T01:00:00.000Z,BNBUSDT,buy,5000000,30.875,12217852,10885671
2026-08-07T01:00:00.000Z,BNBUSDT,sell,10000,0.23,12217852,10885671
2026-08-07T01:00:00.000Z,BNBUSDT,sell,100000,0.942,12217852,10885671
2026-08-07T01:00:00.000Z,BNBUSDT,sell,1000000,7.25,12217852,10885671
2026-08-07T01:00:00.000Z,BNBUSDT,sell,5000000,30.574,12217852,10885671
2026-08-07T01:00:00.000Z,BTCUSDT,buy,10000,0.008,37337540,45258933
2026-08-07T01:00:00.000Z,BTCUSDT,buy,100000,0.008,37337540,45258933
2026-08-07T01:00:00.000Z,BTCUSDT,buy,1000000,0.601,37337540,45258933
2026-08-07T01:00:00.000Z,BTCUSDT,buy,5000000,2.138,37337540,45258933
2026-08-07T01:00:00.000Z,BTCUSDT,sell,10000,0.008,37337540,45258933
2026-08-07T01:00:00.000Z,BTCUSDT,sell,100000,0.008,37337540,45258933
2026-08-07T01:00:00.000Z,BTCUSDT,sell,1000000,0.581,37337540,45258933
2026-08-07T01:00:00.000Z,BTCUSDT,sell,5000000,2.401,37337540,45258933
2026-08-07T01:00:00.000Z,DOGEUSDT,buy,10000,0.722,32081746,31195307
2026-08-07T01:00:00.000Z,DOGEUSDT,buy,100000,2.194,32081746,31195307
2026-08-07T01:00:00.000Z,DOGEUSDT,buy,1000000,12.961,32081746,31195307
2026-08-07T01:00:00.000Z,DOGEUSDT,buy,5000000,46.59,32081746,31195307
2026-08-07T01:00:00.000Z,DOGEUSDT,sell,10000,0.722,32081746,31195307
2026-08-07T01:00:00.000Z,DOGEUSDT,sell,100000,1.925,32081746,31195307
2026-08-07T01:00:00.000Z,DOGEUSDT,sell,1000000,9.277,32081746,31195307
2026-08-07T01:00:00.000Z,DOGEUSDT,sell,5000000,47.42,32081746,31195307
2026-08-07T01:00:00.000Z,ETHUSDT,buy,10000,0.026,53742064,54611068
2026-08-07T01:00:00.000Z,ETHUSDT,buy,100000,0.026,53742064,54611068
2026-08-07T01:00:00.000Z,ETHUSDT,buy,1000000,0.781,53742064,54611068
2026-08-07T01:00:00.000Z,ETHUSDT,buy,5000000,3.49,53742064,54611068
2026-08-07T01:00:00.000Z,ETHUSDT,sell,10000,0.026,53742064,54611068
2026-08-07T01:00:00.000Z,ETHUSDT,sell,100000,0.606,53742064,54611068
2026-08-07T01:00:00.000Z,ETHUSDT,sell,1000000,1.857,53742064,54611068
2026-08-07T01:00:00.000Z,ETHUSDT,sell,5000000,6.342,53742064,54611068
2026-08-07T01:00:00.000Z,LINKUSDT,buy,10000,0.607,8356673,6237887
2026-08-07T01:00:00.000Z,LINKUSDT,buy,100000,3.726,8356673,6237887
2026-08-07T01:00:00.000Z,LINKUSDT,buy,1000000,26.322,8356673,6237887
2026-08-07T01:00:00.000Z,LINKUSDT,buy,5000000,125.318,8356673,6237887
2026-08-07T01:00:00.000Z,LINKUSDT,sell,10000,2.428,8356673,6237887
2026-08-07T01:00:00.000Z,LINKUSDT,sell,100000,5.33,8356673,6237887
2026-08-07T01:00:00.000Z,LINKUSDT,sell,1000000,30.98,8356673,6237887
2026-08-07T01:00:00.000Z,LINKUSDT,sell,5000000,127.454,8356673,6237887
2026-08-07T01:00:00.000Z,SOLUSDT,buy,10000,0.688,79942199,69355707
2026-08-07T01:00:00.000Z,SOLUSDT,buy,100000,0.688,79942199,69355707
2026-08-07T01:00:00.000Z,SOLUSDT,buy,1000000,2.934,79942199,69355707
2026-08-07T01:00:00.000Z,SOLUSDT,buy,5000000,13.139,79942199,69355707
2026-08-07T01:00:00.000Z,SOLUSDT,sell,10000,0.688,79942199,69355707
2026-08-07T01:00:00.000Z,SOLUSDT,sell,100000,0.725,79942199,69355707
2026-08-07T01:00:00.000Z,SOLUSDT,sell,1000000,3.082,79942199,69355707
2026-08-07T01:00:00.000Z,SOLUSDT,sell,5000000,10.295,79942199,69355707
2026-08-07T01:00:00.000Z,XRPUSDT,buy,10000,0.482,37935353,28372415
2026-08-07T01:00:00.000Z,XRPUSDT,buy,100000,1.169,37935353,28372415
2026-08-07T01:00:00.000Z,XRPUSDT,buy,1000000,6.537,37935353,28372415
2026-08-07T01:00:00.000Z,XRPUSDT,buy,5000000,27.912,37935353,28372415
2026-08-07T01:00:00.000Z,XRPUSDT,sell,10000,0.482,37935353,28372415
2026-08-07T01:00:00.000Z,XRPUSDT,sell,100000,1.031,37935353,28372415
2026-08-07T01:00:00.000Z,XRPUSDT,sell,1000000,4.191,37935353,28372415
2026-08-07T01:00:00.000Z,XRPUSDT,sell,5000000,25.626,37935353,28372415
2026-08-07T02:00:00.000Z,ADAUSDT,buy,10000,2.498,15965213,12010086
2026-08-07T02:00:00.000Z,ADAUSDT,buy,100000,6.101,15965213,12010086
2026-08-07T02:00:00.000Z,ADAUSDT,buy,1000000,35.473,15965213,12010086
2026-08-07T02:00:00.000Z,ADAUSDT,buy,5000000,112.715,15965213,12010086
2026-08-07T02:00:00.000Z,ADAUSDT,sell,10000,2.498,15965213,12010086
2026-08-07T02:00:00.000Z,ADAUSDT,sell,100000,2.761,15965213,12010086
2026-08-07T02:00:00.000Z,ADAUSDT,sell,1000000,28.496,15965213,12010086
2026-08-07T02:00:00.000Z,ADAUSDT,sell,5000000,104.415,15965213,12010086
2026-08-07T02:00:00.000Z,BNBUSDT,buy,10000,0.24,12306277,11350766
2026-08-07T02:00:00.000Z,BNBUSDT,buy,100000,1.644,12306277,11350766
2026-08-07T02:00:00.000Z,BNBUSDT,buy,1000000,8.291,12306277,11350766
2026-08-07T02:00:00.000Z,BNBUSDT,buy,5000000,27.258,12306277,11350766
2026-08-07T02:00:00.000Z,BNBUSDT,sell,10000,0.084,12306277,11350766
2026-08-07T02:00:00.000Z,BNBUSDT,sell,100000,0.883,12306277,11350766
2026-08-07T02:00:00.000Z,BNBUSDT,sell,1000000,7.877,12306277,11350766
2026-08-07T02:00:00.000Z,BNBUSDT,sell,5000000,32.135,12306277,11350766
2026-08-07T02:00:00.000Z,BTCUSDT,buy,10000,0.176,44868578,47102840
2026-08-07T02:00:00.000Z,BTCUSDT,buy,100000,0.586,44868578,47102840
2026-08-07T02:00:00.000Z,BTCUSDT,buy,1000000,1.275,44868578,47102840
2026-08-07T02:00:00.000Z,BTCUSDT,buy,5000000,2.871,44868578,47102840
2026-08-07T02:00:00.000Z,BTCUSDT,sell,10000,0.008,44868578,47102840
2026-08-07T02:00:00.000Z,BTCUSDT,sell,100000,0.008,44868578,47102840
2026-08-07T02:00:00.000Z,BTCUSDT,sell,1000000,0.008,44868578,47102840
2026-08-07T02:00:00.000Z,BTCUSDT,sell,5000000,0.889,44868578,47102840
2026-08-07T02:00:00.000Z,DOGEUSDT,buy,10000,0.722,34133127,31163136
2026-08-07T02:00:00.000Z,DOGEUSDT,buy,100000,2.949,34133127,31163136
2026-08-07T02:00:00.000Z,DOGEUSDT,buy,1000000,14.266,34133127,31163136
2026-08-07T02:00:00.000Z,DOGEUSDT,buy,5000000,47.224,34133127,31163136
2026-08-07T02:00:00.000Z,DOGEUSDT,sell,10000,0.722,34133127,31163136
2026-08-07T02:00:00.000Z,DOGEUSDT,sell,100000,0.842,34133127,31163136
2026-08-07T02:00:00.000Z,DOGEUSDT,sell,1000000,8.127,34133127,31163136
2026-08-07T02:00:00.000Z,DOGEUSDT,sell,5000000,44.155,34133127,31163136
2026-08-07T02:00:00.000Z,ETHUSDT,buy,10000,0.026,52933355,55801698
2026-08-07T02:00:00.000Z,ETHUSDT,buy,100000,0.026,52933355,55801698
2026-08-07T02:00:00.000Z,ETHUSDT,buy,1000000,1.033,52933355,55801698
2026-08-07T02:00:00.000Z,ETHUSDT,buy,5000000,4.18,52933355,55801698
2026-08-07T02:00:00.000Z,ETHUSDT,sell,10000,0.026,52933355,55801698
2026-08-07T02:00:00.000Z,ETHUSDT,sell,100000,0.026,52933355,55801698
2026-08-07T02:00:00.000Z,ETHUSDT,sell,1000000,1.115,52933355,55801698
2026-08-07T02:00:00.000Z,ETHUSDT,sell,5000000,4.246,52933355,55801698
2026-08-07T02:00:00.000Z,LINKUSDT,buy,10000,0.862,8553534,6366881
2026-08-07T02:00:00.000Z,LINKUSDT,buy,100000,4.153,8553534,6366881
2026-08-07T02:00:00.000Z,LINKUSDT,buy,1000000,26.314,8553534,6366881
2026-08-07T02:00:00.000Z,LINKUSDT,buy,5000000,125.869,8553534,6366881
2026-08-07T02:00:00.000Z,LINKUSDT,sell,10000,1.41,8553534,6366881
2026-08-07T02:00:00.000Z,LINKUSDT,sell,100000,4.525,8553534,6366881
2026-08-07T02:00:00.000Z,LINKUSDT,sell,1000000,29.671,8553534,6366881
2026-08-07T02:00:00.000Z,LINKUSDT,sell,5000000,112.521,8553534,6366881
2026-08-07T02:00:00.000Z,SOLUSDT,buy,10000,0.687,80288892,69274965
2026-08-07T02:00:00.000Z,SOLUSDT,buy,100000,0.687,80288892,69274965
2026-08-07T02:00:00.000Z,SOLUSDT,buy,1000000,3.003,80288892,69274965
2026-08-07T02:00:00.000Z,SOLUSDT,buy,5000000,12.378,80288892,69274965
2026-08-07T02:00:00.000Z,SOLUSDT,sell,10000,0.687,80288892,69274965
2026-08-07T02:00:00.000Z,SOLUSDT,sell,100000,0.687,80288892,69274965
2026-08-07T02:00:00.000Z,SOLUSDT,sell,1000000,2.776,80288892,69274965
2026-08-07T02:00:00.000Z,SOLUSDT,sell,5000000,10.518,80288892,69274965
2026-08-07T02:00:00.000Z,XRPUSDT,buy,10000,0.485,38630808,28406360
2026-08-07T02:00:00.000Z,XRPUSDT,buy,100000,0.928,38630808,28406360
2026-08-07T02:00:00.000Z,XRPUSDT,buy,1000000,6.103,38630808,28406360
2026-08-07T02:00:00.000Z,XRPUSDT,buy,5000000,25.171,38630808,28406360
2026-08-07T02:00:00.000Z,XRPUSDT,sell,10000,0.485,38630808,28406360
2026-08-07T02:00:00.000Z,XRPUSDT,sell,100000,1.178,38630808,28406360
2026-08-07T02:00:00.000Z,XRPUSDT,sell,1000000,4.963,38630808,28406360
2026-08-07T02:00:00.000Z,XRPUSDT,sell,5000000,25.769,38630808,28406360
2026-08-07T03:00:00.000Z,ADAUSDT,buy,10000,2.502,15746138,12289266
2026-08-07T03:00:00.000Z,ADAUSDT,buy,100000,5.281,15746138,12289266
2026-08-07T03:00:00.000Z,ADAUSDT,buy,1000000,32.725,15746138,12289266
2026-08-07T03:00:00.000Z,ADAUSDT,buy,5000000,112.66,15746138,12289266
2026-08-07T03:00:00.000Z,ADAUSDT,sell,10000,2.502,15746138,12289266
2026-08-07T03:00:00.000Z,ADAUSDT,sell,100000,4.549,15746138,12289266
2026-08-07T03:00:00.000Z,ADAUSDT,sell,1000000,31.257,15746138,12289266
2026-08-07T03:00:00.000Z,ADAUSDT,sell,5000000,103.98,15746138,12289266
2026-08-07T03:00:00.000Z,BNBUSDT,buy,10000,0.084,12684377,11166306
2026-08-07T03:00:00.000Z,BNBUSDT,buy,100000,1.665,12684377,11166306
2026-08-07T03:00:00.000Z,BNBUSDT,buy,1000000,8.443,12684377,11166306
2026-08-07T03:00:00.000Z,BNBUSDT,buy,5000000,31.695,12684377,11166306
2026-08-07T03:00:00.000Z,BNBUSDT,sell,10000,0.084,12684377,11166306
2026-08-07T03:00:00.000Z,BNBUSDT,sell,100000,0.52,12684377,11166306
2026-08-07T03:00:00.000Z,BNBUSDT,sell,1000000,5.877,12684377,11166306
2026-08-07T03:00:00.000Z,BNBUSDT,sell,5000000,27.214,12684377,11166306
2026-08-07T03:00:00.000Z,BTCUSDT,buy,10000,0.008,37913215,61683846
2026-08-07T03:00:00.000Z,BTCUSDT,buy,100000,0.008,37913215,61683846
2026-08-07T03:00:00.000Z,BTCUSDT,buy,1000000,0.026,37913215,61683846
2026-08-07T03:00:00.000Z,BTCUSDT,buy,5000000,1.12,37913215,61683846
2026-08-07T03:00:00.000Z,BTCUSDT,sell,10000,0.008,37913215,61683846
2026-08-07T03:00:00.000Z,BTCUSDT,sell,100000,0.036,37913215,61683846
2026-08-07T03:00:00.000Z,BTCUSDT,sell,1000000,0.791,37913215,61683846
2026-08-07T03:00:00.000Z,BTCUSDT,sell,5000000,2.471,37913215,61683846
2026-08-07T03:00:00.000Z,DOGEUSDT,buy,10000,0.723,33909112,31546042
2026-08-07T03:00:00.000Z,DOGEUSDT,buy,100000,1.197,33909112,31546042
2026-08-07T03:00:00.000Z,DOGEUSDT,buy,1000000,11.666,33909112,31546042
2026-08-07T03:00:00.000Z,DOGEUSDT,buy,5000000,46.397,33909112,31546042
2026-08-07T03:00:00.000Z,DOGEUSDT,sell,10000,0.723,33909112,31546042
2026-08-07T03:00:00.000Z,DOGEUSDT,sell,100000,2.063,33909112,31546042
2026-08-07T03:00:00.000Z,DOGEUSDT,sell,1000000,10.278,33909112,31546042
2026-08-07T03:00:00.000Z,DOGEUSDT,sell,5000000,43.702,33909112,31546042
2026-08-07T03:00:00.000Z,ETHUSDT,buy,10000,0.026,67287601,63114481
2026-08-07T03:00:00.000Z,ETHUSDT,buy,100000,0.026,67287601,63114481
2026-08-07T03:00:00.000Z,ETHUSDT,buy,1000000,0.963,67287601,63114481
2026-08-07T03:00:00.000Z,ETHUSDT,buy,5000000,3.745,67287601,63114481
2026-08-07T03:00:00.000Z,ETHUSDT,sell,10000,0.026,67287601,63114481
2026-08-07T03:00:00.000Z,ETHUSDT,sell,100000,0.026,67287601,63114481
2026-08-07T03:00:00.000Z,ETHUSDT,sell,1000000,0.883,67287601,63114481
2026-08-07T03:00:00.000Z,ETHUSDT,sell,5000000,1.705,67287601,63114481
2026-08-07T03:00:00.000Z,LINKUSDT,buy,10000,0.611,8457107,6404181
2026-08-07T03:00:00.000Z,LINKUSDT,buy,100000,3.411,8457107,6404181
2026-08-07T03:00:00.000Z,LINKUSDT,buy,1000000,26.963,8457107,6404181
2026-08-07T03:00:00.000Z,LINKUSDT,buy,5000000,132.518,8457107,6404181
2026-08-07T03:00:00.000Z,LINKUSDT,sell,10000,1.452,8457107,6404181
2026-08-07T03:00:00.000Z,LINKUSDT,sell,100000,4.833,8457107,6404181
2026-08-07T03:00:00.000Z,LINKUSDT,sell,1000000,28.275,8457107,6404181
2026-08-07T03:00:00.000Z,LINKUSDT,sell,5000000,107.249,8457107,6404181
2026-08-07T03:00:00.000Z,SOLUSDT,buy,10000,0.688,87473882,70091232
2026-08-07T03:00:00.000Z,SOLUSDT,buy,100000,0.688,87473882,70091232
2026-08-07T03:00:00.000Z,SOLUSDT,buy,1000000,2.722,87473882,70091232
2026-08-07T03:00:00.000Z,SOLUSDT,buy,5000000,11.499,87473882,70091232
2026-08-07T03:00:00.000Z,SOLUSDT,sell,10000,0.688,87473882,70091232
2026-08-07T03:00:00.000Z,SOLUSDT,sell,100000,1.385,87473882,70091232
2026-08-07T03:00:00.000Z,SOLUSDT,sell,1000000,3.291,87473882,70091232
2026-08-07T03:00:00.000Z,SOLUSDT,sell,5000000,9.957,87473882,70091232
2026-08-07T03:00:00.000Z,XRPUSDT,buy,10000,0.488,38945796,29828052
2026-08-07T03:00:00.000Z,XRPUSDT,buy,100000,1.217,38945796,29828052
2026-08-07T03:00:00.000Z,XRPUSDT,buy,1000000,4.885,38945796,29828052
2026-08-07T03:00:00.000Z,XRPUSDT,buy,5000000,23.909,38945796,29828052
2026-08-07T03:00:00.000Z,XRPUSDT,sell,10000,0.488,38945796,29828052
2026-08-07T03:00:00.000Z,XRPUSDT,sell,100000,0.798,38945796,29828052
2026-08-07T03:00:00.000Z,XRPUSDT,sell,1000000,5.055,38945796,29828052
2026-08-07T03:00:00.000Z,XRPUSDT,sell,5000000,20.575,38945796,29828052
2026-08-07T04:00:00.000Z,ADAUSDT,buy,10000,2.504,15828377,12366739
2026-08-07T04:00:00.000Z,ADAUSDT,buy,100000,7.85,15828377,12366739
2026-08-07T04:00:00.000Z,ADAUSDT,buy,1000000,33.374,15828377,12366739
2026-08-07T04:00:00.000Z,ADAUSDT,buy,5000000,113.364,15828377,12366739
2026-08-07T04:00:00.000Z,ADAUSDT,sell,10000,2.504,15828377,12366739
2026-08-07T04:00:00.000Z,ADAUSDT,sell,100000,7.419,15828377,12366739
2026-08-07T04:00:00.000Z,ADAUSDT,sell,1000000,34.578,15828377,12366739
2026-08-07T04:00:00.000Z,ADAUSDT,sell,5000000,99.798,15828377,12366739
2026-08-07T04:00:00.000Z,BNBUSDT,buy,10000,0.085,12591617,9054493
2026-08-07T04:00:00.000Z,BNBUSDT,buy,100000,0.405,12591617,9054493
2026-08-07T04:00:00.000Z,BNBUSDT,buy,1000000,6.913,12591617,9054493
2026-08-07T04:00:00.000Z,BNBUSDT,buy,5000000,35.39,12591617,9054493
2026-08-07T04:00:00.000Z,BNBUSDT,sell,10000,0.314,12591617,9054493
2026-08-07T04:00:00.000Z,BNBUSDT,sell,100000,2.392,12591617,9054493
2026-08-07T04:00:00.000Z,BNBUSDT,sell,1000000,9.963,12591617,9054493
2026-08-07T04:00:00.000Z,BNBUSDT,sell,5000000,30.257,12591617,9054493
2026-08-07T04:00:00.000Z,BTCUSDT,buy,10000,0.008,51630769,41290362
2026-08-07T04:00:00.000Z,BTCUSDT,buy,100000,0.008,51630769,41290362
2026-08-07T04:00:00.000Z,BTCUSDT,buy,1000000,0.164,51630769,41290362
2026-08-07T04:00:00.000Z,BTCUSDT,buy,5000000,1.419,51630769,41290362
2026-08-07T04:00:00.000Z,BTCUSDT,sell,10000,0.008,51630769,41290362
2026-08-07T04:00:00.000Z,BTCUSDT,sell,100000,0.008,51630769,41290362
2026-08-07T04:00:00.000Z,BTCUSDT,sell,1000000,0.617,51630769,41290362
2026-08-07T04:00:00.000Z,BTCUSDT,sell,5000000,2.228,51630769,41290362
2026-08-07T04:00:00.000Z,DOGEUSDT,buy,10000,0.724,33864887,31808573
2026-08-07T04:00:00.000Z,DOGEUSDT,buy,100000,1.297,33864887,31808573
2026-08-07T04:00:00.000Z,DOGEUSDT,buy,1000000,9.618,33864887,31808573
2026-08-07T04:00:00.000Z,DOGEUSDT,buy,5000000,47.929,33864887,31808573
2026-08-07T04:00:00.000Z,DOGEUSDT,sell,10000,0.724,33864887,31808573
2026-08-07T04:00:00.000Z,DOGEUSDT,sell,100000,1.785,33864887,31808573
2026-08-07T04:00:00.000Z,DOGEUSDT,sell,1000000,11.084,33864887,31808573
2026-08-07T04:00:00.000Z,DOGEUSDT,sell,5000000,39.727,33864887,31808573
2026-08-07T04:00:00.000Z,ETHUSDT,buy,10000,0.026,62878502,54662060
2026-08-07T04:00:00.000Z,ETHUSDT,buy,100000,0.026,62878502,54662060
2026-08-07T04:00:00.000Z,ETHUSDT,buy,1000000,1.151,62878502,54662060
2026-08-07T04:00:00.000Z,ETHUSDT,buy,5000000,4.168,62878502,54662060
2026-08-07T04:00:00.000Z,ETHUSDT,sell,10000,0.026,62878502,54662060
2026-08-07T04:00:00.000Z,ETHUSDT,sell,100000,0.026,62878502,54662060
2026-08-07T04:00:00.000Z,ETHUSDT,sell,1000000,1.237,62878502,54662060
2026-08-07T04:00:00.000Z,ETHUSDT,sell,5000000,3.713,62878502,54662060
2026-08-07T04:00:00.000Z,LINKUSDT,buy,10000,1.826,8244827,6554549
2026-08-07T04:00:00.000Z,LINKUSDT,buy,100000,5.231,8244827,6554549
2026-08-07T04:00:00.000Z,LINKUSDT,buy,1000000,28.865,8244827,6554549
2026-08-07T04:00:00.000Z,LINKUSDT,buy,5000000,132.573,8244827,6554549
2026-08-07T04:00:00.000Z,LINKUSDT,sell,10000,0.715,8244827,6554549
2026-08-07T04:00:00.000Z,LINKUSDT,sell,100000,4.263,8244827,6554549
2026-08-07T04:00:00.000Z,LINKUSDT,sell,1000000,26.741,8244827,6554549
2026-08-07T04:00:00.000Z,LINKUSDT,sell,5000000,105.776,8244827,6554549
2026-08-07T04:00:00.000Z,SOLUSDT,buy,10000,0.688,78954602,71467052
2026-08-07T04:00:00.000Z,SOLUSDT,buy,100000,0.688,78954602,71467052
2026-08-07T04:00:00.000Z,SOLUSDT,buy,1000000,2.063,78954602,71467052
2026-08-07T04:00:00.000Z,SOLUSDT,buy,5000000,9.255,78954602,71467052
2026-08-07T04:00:00.000Z,SOLUSDT,sell,10000,0.688,78954602,71467052
2026-08-07T04:00:00.000Z,SOLUSDT,sell,100000,0.688,78954602,71467052
2026-08-07T04:00:00.000Z,SOLUSDT,sell,1000000,2.944,78954602,71467052
2026-08-07T04:00:00.000Z,SOLUSDT,sell,5000000,10.828,78954602,71467052
2026-08-07T04:00:00.000Z,XRPUSDT,buy,10000,0.49,39044675,29609232
2026-08-07T04:00:00.000Z,XRPUSDT,buy,100000,0.983,39044675,29609232
2026-08-07T04:00:00.000Z,XRPUSDT,buy,1000000,5.044,39044675,29609232
2026-08-07T04:00:00.000Z,XRPUSDT,buy,5000000,26.186,39044675,29609232
2026-08-07T04:00:00.000Z,XRPUSDT,sell,10000,0.49,39044675,29609232
2026-08-07T04:00:00.000Z,XRPUSDT,sell,100000,0.666,39044675,29609232
2026-08-07T04:00:00.000Z,XRPUSDT,sell,1000000,5.372,39044675,29609232
2026-08-07T04:00:00.000Z,XRPUSDT,sell,5000000,24.468,39044675,29609232
2026-08-07T05:00:00.000Z,ADAUSDT,buy,10000,2.494,15806907,11612030
2026-08-07T05:00:00.000Z,ADAUSDT,buy,100000,8.168,15806907,11612030
2026-08-07T05:00:00.000Z,ADAUSDT,buy,1000000,35.514,15806907,11612030
2026-08-07T05:00:00.000Z,ADAUSDT,buy,5000000,110.547,15806907,11612030
2026-08-07T05:00:00.000Z,ADAUSDT,sell,10000,2.494,15806907,11612030
2026-08-07T05:00:00.000Z,ADAUSDT,sell,100000,6.106,15806907,11612030
2026-08-07T05:00:00.000Z,ADAUSDT,sell,1000000,31.667,15806907,11612030
2026-08-07T05:00:00.000Z,ADAUSDT,sell,5000000,110.2,15806907,11612030
2026-08-07T05:00:00.000Z,BNBUSDT,buy,10000,0.26,12576781,8996502
2026-08-07T05:00:00.000Z,BNBUSDT,buy,100000,1.273,12576781,8996502
2026-08-07T05:00:00.000Z,BNBUSDT,buy,1000000,8.736,12576781,8996502
2026-08-07T05:00:00.000Z,BNBUSDT,buy,5000000,37.41,12576781,8996502
2026-08-07T05:00:00.000Z,BNBUSDT,sell,10000,0.085,12576781,8996502
2026-08-07T05:00:00.000Z,BNBUSDT,sell,100000,1.063,12576781,8996502
2026-08-07T05:00:00.000Z,BNBUSDT,sell,1000000,7.815,12576781,8996502
2026-08-07T05:00:00.000Z,BNBUSDT,sell,5000000,29.819,12576781,8996502
2026-08-07T05:00:00.000Z,BTCUSDT,buy,10000,0.008,38170923,43540464
2026-08-07T05:00:00.000Z,BTCUSDT,buy,100000,0.069,38170923,43540464
2026-08-07T05:00:00.000Z,BTCUSDT,buy,1000000,0.615,38170923,43540464
2026-08-07T05:00:00.000Z,BTCUSDT,buy,5000000,1.925,38170923,43540464
2026-08-07T05:00:00.000Z,BTCUSDT,sell,10000,0.008,38170923,43540464
2026-08-07T05:00:00.000Z,BTCUSDT,sell,100000,0.008,38170923,43540464
2026-08-07T05:00:00.000Z,BTCUSDT,sell,1000000,0.032,38170923,43540464
2026-08-07T05:00:00.000Z,BTCUSDT,sell,5000000,1.181,38170923,43540464
2026-08-07T05:00:00.000Z,DOGEUSDT,buy,10000,0.723,33941891,31257700
2026-08-07T05:00:00.000Z,DOGEUSDT,buy,100000,1.789,33941891,31257700
2026-08-07T05:00:00.000Z,DOGEUSDT,buy,1000000,12.121,33941891,31257700
2026-08-07T05:00:00.000Z,DOGEUSDT,buy,5000000,47.212,33941891,31257700
2026-08-07T05:00:00.000Z,DOGEUSDT,sell,10000,0.723,33941891,31257700
2026-08-07T05:00:00.000Z,DOGEUSDT,sell,100000,1.513,33941891,31257700
2026-08-07T05:00:00.000Z,DOGEUSDT,sell,1000000,8.599,33941891,31257700
2026-08-07T05:00:00.000Z,DOGEUSDT,sell,5000000,45.771,33941891,31257700
2026-08-07T05:00:00.000Z,ETHUSDT,buy,10000,0.026,57039925,61204473
2026-08-07T05:00:00.000Z,ETHUSDT,buy,100000,0.036,57039925,61204473
2026-08-07T05:00:00.000Z,ETHUSDT,buy,1000000,1.009,57039925,61204473
2026-08-07T05:00:00.000Z,ETHUSDT,buy,5000000,2.439,57039925,61204473
2026-08-07T05:00:00.000Z,ETHUSDT,sell,10000,0.026,57039925,61204473
2026-08-07T05:00:00.000Z,ETHUSDT,sell,100000,0.026,57039925,61204473
2026-08-07T05:00:00.000Z,ETHUSDT,sell,1000000,0.533,57039925,61204473
2026-08-07T05:00:00.000Z,ETHUSDT,sell,5000000,3.227,57039925,61204473
2026-08-07T05:00:00.000Z,LINKUSDT,buy,10000,0.998,8040040,6378734
2026-08-07T05:00:00.000Z,LINKUSDT,buy,100000,3.934,8040040,6378734
2026-08-07T05:00:00.000Z,LINKUSDT,buy,1000000,25.503,8040040,6378734
2026-08-07T05:00:00.000Z,LINKUSDT,buy,5000000,124.012,8040040,6378734
2026-08-07T05:00:00.000Z,LINKUSDT,sell,10000,1.496,8040040,6378734
2026-08-07T05:00:00.000Z,LINKUSDT,sell,100000,4.127,8040040,6378734
2026-08-07T05:00:00.000Z,LINKUSDT,sell,1000000,27.716,8040040,6378734
2026-08-07T05:00:00.000Z,LINKUSDT,sell,5000000,114.979,8040040,6378734
2026-08-07T05:00:00.000Z,SOLUSDT,buy,10000,0.687,81462682,68582484
2026-08-07T05:00:00.000Z,SOLUSDT,buy,100000,0.687,81462682,68582484
2026-08-07T05:00:00.000Z,SOLUSDT,buy,1000000,3.235,81462682,68582484
2026-08-07T05:00:00.000Z,SOLUSDT,buy,5000000,11.846,81462682,68582484
2026-08-07T05:00:00.000Z,SOLUSDT,sell,10000,0.687,81462682,68582484
2026-08-07T05:00:00.000Z,SOLUSDT,sell,100000,0.687,81462682,68582484
2026-08-07T05:00:00.000Z,SOLUSDT,sell,1000000,1.903,81462682,68582484
2026-08-07T05:00:00.000Z,SOLUSDT,sell,5000000,7.097,81462682,68582484
2026-08-07T05:00:00.000Z,XRPUSDT,buy,10000,0.525,39843301,29018555
2026-08-07T05:00:00.000Z,XRPUSDT,buy,100000,1.768,39843301,29018555
2026-08-07T05:00:00.000Z,XRPUSDT,buy,1000000,5.765,39843301,29018555
2026-08-07T05:00:00.000Z,XRPUSDT,buy,5000000,23.194,39843301,29018555
2026-08-07T05:00:00.000Z,XRPUSDT,sell,10000,0.49,39843301,29018555
2026-08-07T05:00:00.000Z,XRPUSDT,sell,100000,0.607,39843301,29018555
2026-08-07T05:00:00.000Z,XRPUSDT,sell,1000000,4.504,39843301,29018555
2026-08-07T05:00:00.000Z,XRPUSDT,sell,5000000,24.958,39843301,29018555
2026-08-07T06:00:00.000Z,ADAUSDT,buy,10000,2.469,15596330,12049514
2026-08-07T06:00:00.000Z,ADAUSDT,buy,100000,7.354,15596330,12049514
2026-08-07T06:00:00.000Z,ADAUSDT,buy,1000000,31.235,15596330,12049514
2026-08-07T06:00:00.000Z,ADAUSDT,buy,5000000,112.177,15596330,12049514
2026-08-07T06:00:00.000Z,ADAUSDT,sell,10000,2.469,15596330,12049514
2026-08-07T06:00:00.000Z,ADAUSDT,sell,100000,6.847,15596330,12049514
2026-08-07T06:00:00.000Z,ADAUSDT,sell,1000000,34.363,15596330,12049514
2026-08-07T06:00:00.000Z,ADAUSDT,sell,5000000,101.013,15596330,12049514
2026-08-07T06:00:00.000Z,BNBUSDT,buy,10000,0.168,12537450,10360008
2026-08-07T06:00:00.000Z,BNBUSDT,buy,100000,1.472,12537450,10360008
2026-08-07T06:00:00.000Z,BNBUSDT,buy,1000000,8.449,12537450,10360008
2026-08-07T06:00:00.000Z,BNBUSDT,buy,5000000,35.34,12537450,10360008
2026-08-07T06:00:00.000Z,BNBUSDT,sell,10000,0.085,12537450,10360008
2026-08-07T06:00:00.000Z,BNBUSDT,sell,100000,0.89,12537450,10360008
2026-08-07T06:00:00.000Z,BNBUSDT,sell,1000000,8.747,12537450,10360008
2026-08-07T06:00:00.000Z,BNBUSDT,sell,5000000,30.165,12537450,10360008
2026-08-07T06:00:00.000Z,BTCUSDT,buy,10000,0.008,39707344,46278391
2026-08-07T06:00:00.000Z,BTCUSDT,buy,100000,0.008,39707344,46278391
2026-08-07T06:00:00.000Z,BTCUSDT,buy,1000000,0.426,39707344,46278391
2026-08-07T06:00:00.000Z,BTCUSDT,buy,5000000,1.777,39707344,46278391
2026-08-07T06:00:00.000Z,BTCUSDT,sell,10000,0.008,39707344,46278391
2026-08-07T06:00:00.000Z,BTCUSDT,sell,100000,0.008,39707344,46278391
2026-08-07T06:00:00.000Z,BTCUSDT,sell,1000000,0.095,39707344,46278391
2026-08-07T06:00:00.000Z,BTCUSDT,sell,5000000,1.615,39707344,46278391
2026-08-07T06:00:00.000Z,DOGEUSDT,buy,10000,0.924,45747395,31983512
2026-08-07T06:00:00.000Z,DOGEUSDT,buy,100000,3.234,45747395,31983512
2026-08-07T06:00:00.000Z,DOGEUSDT,buy,1000000,13.318,45747395,31983512
2026-08-07T06:00:00.000Z,DOGEUSDT,buy,5000000,47.286,45747395,31983512
2026-08-07T06:00:00.000Z,DOGEUSDT,sell,10000,0.723,45747395,31983512
2026-08-07T06:00:00.000Z,DOGEUSDT,sell,100000,1.26,45747395,31983512
2026-08-07T06:00:00.000Z,DOGEUSDT,sell,1000000,12.521,45747395,31983512
2026-08-07T06:00:00.000Z,DOGEUSDT,sell,5000000,43.724,45747395,31983512
2026-08-07T06:00:00.000Z,ETHUSDT,buy,10000,0.026,53519800,59002827
2026-08-07T06:00:00.000Z,ETHUSDT,buy,100000,0.026,53519800,59002827
2026-08-07T06:00:00.000Z,ETHUSDT,buy,1000000,1.013,53519800,59002827
2026-08-07T06:00:00.000Z,ETHUSDT,buy,5000000,4.29,53519800,59002827
2026-08-07T06:00:00.000Z,ETHUSDT,sell,10000,0.026,53519800,59002827
2026-08-07T06:00:00.000Z,ETHUSDT,sell,100000,0.026,53519800,59002827
2026-08-07T06:00:00.000Z,ETHUSDT,sell,1000000,0.325,53519800,59002827
2026-08-07T06:00:00.000Z,ETHUSDT,sell,5000000,3.063,53519800,59002827
2026-08-07T06:00:00.000Z,LINKUSDT,buy,10000,1.796,8458965,6832666
2026-08-07T06:00:00.000Z,LINKUSDT,buy,100000,3.775,8458965,6832666
2026-08-07T06:00:00.000Z,LINKUSDT,buy,1000000,24.785,8458965,6832666
2026-08-07T06:00:00.000Z,LINKUSDT,buy,5000000,123.986,8458965,6832666
2026-08-07T06:00:00.000Z,LINKUSDT,sell,10000,0.612,8458965,6832666
2026-08-07T06:00:00.000Z,LINKUSDT,sell,100000,4.373,8458965,6832666
2026-08-07T06:00:00.000Z,LINKUSDT,sell,1000000,26.246,8458965,6832666
2026-08-07T06:00:00.000Z,LINKUSDT,sell,5000000,101.72,8458965,6832666
2026-08-07T06:00:00.000Z,SOLUSDT,buy,10000,0.687,75466227,71193243
2026-08-07T06:00:00.000Z,SOLUSDT,buy,100000,1.532,75466227,71193243
2026-08-07T06:00:00.000Z,SOLUSDT,buy,1000000,2.924,75466227,71193243
2026-08-07T06:00:00.000Z,SOLUSDT,buy,5000000,8.409,75466227,71193243
2026-08-07T06:00:00.000Z,SOLUSDT,sell,10000,0.687,75466227,71193243
2026-08-07T06:00:00.000Z,SOLUSDT,sell,100000,0.687,75466227,71193243
2026-08-07T06:00:00.000Z,SOLUSDT,sell,1000000,2.119,75466227,71193243
2026-08-07T06:00:00.000Z,SOLUSDT,sell,5000000,9.938,75466227,71193243
2026-08-07T06:00:00.000Z,XRPUSDT,buy,10000,0.487,38377424,29566519
2026-08-07T06:00:00.000Z,XRPUSDT,buy,100000,1.135,38377424,29566519
2026-08-07T06:00:00.000Z,XRPUSDT,buy,1000000,4.368,38377424,29566519
2026-08-07T06:00:00.000Z,XRPUSDT,buy,5000000,23.271,38377424,29566519
2026-08-07T06:00:00.000Z,XRPUSDT,sell,10000,0.487,38377424,29566519
2026-08-07T06:00:00.000Z,XRPUSDT,sell,100000,0.487,38377424,29566519
2026-08-07T06:00:00.000Z,XRPUSDT,sell,1000000,3.817,38377424,29566519
2026-08-07T06:00:00.000Z,XRPUSDT,sell,5000000,21.952,38377424,29566519
2026-08-07T07:00:00.000Z,ADAUSDT,buy,10000,2.481,15840297,12131218
2026-08-07T07:00:00.000Z,ADAUSDT,buy,100000,6.155,15840297,12131218
2026-08-07T07:00:00.000Z,ADAUSDT,buy,1000000,33.638,15840297,12131218
2026-08-07T07:00:00.000Z,ADAUSDT,buy,5000000,114.938,15840297,12131218
2026-08-07T07:00:00.000Z,ADAUSDT,sell,10000,3.112,15840297,12131218
2026-08-07T07:00:00.000Z,ADAUSDT,sell,100000,9.089,15840297,12131218
2026-08-07T07:00:00.000Z,ADAUSDT,sell,1000000,34.585,15840297,12131218
2026-08-07T07:00:00.000Z,ADAUSDT,sell,5000000,100.153,15840297,12131218
2026-08-07T07:00:00.000Z,BNBUSDT,buy,10000,1.011,13049916,9720437
2026-08-07T07:00:00.000Z,BNBUSDT,buy,100000,2.598,13049916,9720437
2026-08-07T07:00:00.000Z,BNBUSDT,buy,1000000,9.911,13049916,9720437
2026-08-07T07:00:00.000Z,BNBUSDT,buy,5000000,37.655,13049916,9720437
2026-08-07T07:00:00.000Z,BNBUSDT,sell,10000,0.085,13049916,9720437
2026-08-07T07:00:00.000Z,BNBUSDT,sell,100000,0.321,13049916,9720437
2026-08-07T07:00:00.000Z,BNBUSDT,sell,1000000,6.367,13049916,9720437
2026-08-07T07:00:00.000Z,BNBUSDT,sell,5000000,28.405,13049916,9720437
2026-08-07T07:00:00.000Z,BTCUSDT,buy,10000,0.008,45999271,48849036
2026-08-07T07:00:00.000Z,BTCUSDT,buy,100000,0.008,45999271,48849036
2026-08-07T07:00:00.000Z,BTCUSDT,buy,1000000,0.066,45999271,48849036
2026-08-07T07:00:00.000Z,BTCUSDT,buy,5000000,1.491,45999271,48849036
2026-08-07T07:00:00.000Z,BTCUSDT,sell,10000,0.008,45999271,48849036
2026-08-07T07:00:00.000Z,BTCUSDT,sell,100000,0.008,45999271,48849036
2026-08-07T07:00:00.000Z,BTCUSDT,sell,1000000,0.008,45999271,48849036
2026-08-07T07:00:00.000Z,BTCUSDT,sell,5000000,0.885,45999271,48849036
2026-08-07T07:00:00.000Z,DOGEUSDT,buy,10000,0.722,42815851,30486095
2026-08-07T07:00:00.000Z,DOGEUSDT,buy,100000,2.165,42815851,30486095
2026-08-07T07:00:00.000Z,DOGEUSDT,buy,1000000,13.443,42815851,30486095
2026-08-07T07:00:00.000Z,DOGEUSDT,buy,5000000,54.703,42815851,30486095
2026-08-07T07:00:00.000Z,DOGEUSDT,sell,10000,0.722,42815851,30486095
2026-08-07T07:00:00.000Z,DOGEUSDT,sell,100000,1.98,42815851,30486095
2026-08-07T07:00:00.000Z,DOGEUSDT,sell,1000000,13.795,42815851,30486095
2026-08-07T07:00:00.000Z,DOGEUSDT,sell,5000000,55.973,42815851,30486095
2026-08-07T07:00:00.000Z,ETHUSDT,buy,10000,0.026,54523557,66025846
2026-08-07T07:00:00.000Z,ETHUSDT,buy,100000,0.026,54523557,66025846
2026-08-07T07:00:00.000Z,ETHUSDT,buy,1000000,0.414,54523557,66025846
2026-08-07T07:00:00.000Z,ETHUSDT,buy,5000000,3.514,54523557,66025846
2026-08-07T07:00:00.000Z,ETHUSDT,sell,10000,0.026,54523557,66025846
2026-08-07T07:00:00.000Z,ETHUSDT,sell,100000,0.026,54523557,66025846
2026-08-07T07:00:00.000Z,ETHUSDT,sell,1000000,0.845,54523557,66025846
2026-08-07T07:00:00.000Z,ETHUSDT,sell,5000000,3.665,54523557,66025846
2026-08-07T07:00:00.000Z,LINKUSDT,buy,10000,0.611,8469830,6643071
2026-08-07T07:00:00.000Z,LINKUSDT,buy,100000,3.126,8469830,6643071
2026-08-07T07:00:00.000Z,LINKUSDT,buy,1000000,24.732,8469830,6643071
2026-08-07T07:00:00.000Z,LINKUSDT,buy,5000000,119.661,8469830,6643071
2026-08-07T07:00:00.000Z,LINKUSDT,sell,10000,1.12,8469830,6643071
2026-08-07T07:00:00.000Z,LINKUSDT,sell,100000,4.552,8469830,6643071
2026-08-07T07:00:00.000Z,LINKUSDT,sell,1000000,24.582,8469830,6643071
2026-08-07T07:00:00.000Z,LINKUSDT,sell,5000000,107.044,8469830,6643071
2026-08-07T07:00:00.000Z,SOLUSDT,buy,10000,0.686,76045468,70839049
2026-08-07T07:00:00.000Z,SOLUSDT,buy,100000,0.686,76045468,70839049
2026-08-07T07:00:00.000Z,SOLUSDT,buy,1000000,2.472,76045468,70839049
2026-08-07T07:00:00.000Z,SOLUSDT,buy,5000000,9.265,76045468,70839049
2026-08-07T07:00:00.000Z,SOLUSDT,sell,10000,0.686,76045468,70839049
2026-08-07T07:00:00.000Z,SOLUSDT,sell,100000,0.686,76045468,70839049
2026-08-07T07:00:00.000Z,SOLUSDT,sell,1000000,1.883,76045468,70839049
2026-08-07T07:00:00.000Z,SOLUSDT,sell,5000000,8.588,76045468,70839049
2026-08-07T07:00:00.000Z,XRPUSDT,buy,10000,0.487,37303171,28968621
2026-08-07T07:00:00.000Z,XRPUSDT,buy,100000,1.504,37303171,28968621
2026-08-07T07:00:00.000Z,XRPUSDT,buy,1000000,6.946,37303171,28968621
2026-08-07T07:00:00.000Z,XRPUSDT,buy,5000000,24.454,37303171,28968621
2026-08-07T07:00:00.000Z,XRPUSDT,sell,10000,0.487,37303171,28968621
2026-08-07T07:00:00.000Z,XRPUSDT,sell,100000,0.648,37303171,28968621
2026-08-07T07:00:00.000Z,XRPUSDT,sell,1000000,3.464,37303171,28968621
2026-08-07T07:00:00.000Z,XRPUSDT,sell,5000000,19.071,37303171,28968621
2026-08-07T08:00:00.000Z,ADAUSDT,buy,10000,2.481,15313814,11594027
2026-08-07T08:00:00.000Z,ADAUSDT,buy,100000,5.946,15313814,11594027
2026-08-07T08:00:00.000Z,ADAUSDT,buy,1000000,35.976,15313814,11594027
2026-08-07T08:00:00.000Z,ADAUSDT,buy,5000000,123.316,15313814,11594027
2026-08-07T08:00:00.000Z,ADAUSDT,sell,10000,2.481,15313814,11594027
2026-08-07T08:00:00.000Z,ADAUSDT,sell,100000,7.325,15313814,11594027
2026-08-07T08:00:00.000Z,ADAUSDT,sell,1000000,37.745,15313814,11594027
2026-08-07T08:00:00.000Z,ADAUSDT,sell,5000000,106.553,15313814,11594027
2026-08-07T08:00:00.000Z,BNBUSDT,buy,10000,0.085,12184243,11075360
2026-08-07T08:00:00.000Z,BNBUSDT,buy,100000,0.715,12184243,11075360
2026-08-07T08:00:00.000Z,BNBUSDT,buy,1000000,9.224,12184243,11075360
2026-08-07T08:00:00.000Z,BNBUSDT,buy,5000000,35.584,12184243,11075360
2026-08-07T08:00:00.000Z,BNBUSDT,sell,10000,0.692,12184243,11075360
2026-08-07T08:00:00.000Z,BNBUSDT,sell,100000,1.65,12184243,11075360
2026-08-07T08:00:00.000Z,BNBUSDT,sell,1000000,8.966,12184243,11075360
2026-08-07T08:00:00.000Z,BNBUSDT,sell,5000000,33.659,12184243,11075360
2026-08-07T08:00:00.000Z,BTCUSDT,buy,10000,0.008,45760168,76669755
2026-08-07T08:00:00.000Z,BTCUSDT,buy,100000,0.008,45760168,76669755
2026-08-07T08:00:00.000Z,BTCUSDT,buy,1000000,0.293,45760168,76669755
2026-08-07T08:00:00.000Z,BTCUSDT,buy,5000000,1.924,45760168,76669755
2026-08-07T08:00:00.000Z,BTCUSDT,sell,10000,0.008,45760168,76669755
2026-08-07T08:00:00.000Z,BTCUSDT,sell,100000,0.008,45760168,76669755
2026-08-07T08:00:00.000Z,BTCUSDT,sell,1000000,0.245,45760168,76669755
2026-08-07T08:00:00.000Z,BTCUSDT,sell,5000000,1.5,45760168,76669755
2026-08-07T08:00:00.000Z,DOGEUSDT,buy,10000,0.721,40738868,30372213
2026-08-07T08:00:00.000Z,DOGEUSDT,buy,100000,1.428,40738868,30372213
2026-08-07T08:00:00.000Z,DOGEUSDT,buy,1000000,11.52,40738868,30372213
2026-08-07T08:00:00.000Z,DOGEUSDT,buy,5000000,57.702,40738868,30372213
2026-08-07T08:00:00.000Z,DOGEUSDT,sell,10000,0.721,40738868,30372213
2026-08-07T08:00:00.000Z,DOGEUSDT,sell,100000,2.879,40738868,30372213
2026-08-07T08:00:00.000Z,DOGEUSDT,sell,1000000,17.106,40738868,30372213
2026-08-07T08:00:00.000Z,DOGEUSDT,sell,5000000,64.637,40738868,30372213
2026-08-07T08:00:00.000Z,ETHUSDT,buy,10000,0.026,60162811,66256199
2026-08-07T08:00:00.000Z,ETHUSDT,buy,100000,0.026,60162811,66256199
2026-08-07T08:00:00.000Z,ETHUSDT,buy,1000000,0.598,60162811,66256199
2026-08-07T08:00:00.000Z,ETHUSDT,buy,5000000,3.946,60162811,66256199
2026-08-07T08:00:00.000Z,ETHUSDT,sell,10000,0.026,60162811,66256199
2026-08-07T08:00:00.000Z,ETHUSDT,sell,100000,0.026,60162811,66256199
2026-08-07T08:00:00.000Z,ETHUSDT,sell,1000000,0.844,60162811,66256199
2026-08-07T08:00:00.000Z,ETHUSDT,sell,5000000,3.588,60162811,66256199
2026-08-07T08:00:00.000Z,LINKUSDT,buy,10000,0.609,8596799,6871496
2026-08-07T08:00:00.000Z,LINKUSDT,buy,100000,3.627,8596799,6871496
2026-08-07T08:00:00.000Z,LINKUSDT,buy,1000000,27.762,8596799,6871496
2026-08-07T08:00:00.000Z,LINKUSDT,buy,5000000,127.832,8596799,6871496
2026-08-07T08:00:00.000Z,LINKUSDT,sell,10000,1.558,8596799,6871496
2026-08-07T08:00:00.000Z,LINKUSDT,sell,100000,5.371,8596799,6871496
2026-08-07T08:00:00.000Z,LINKUSDT,sell,1000000,27.809,8596799,6871496
2026-08-07T08:00:00.000Z,LINKUSDT,sell,5000000,107.827,8596799,6871496
2026-08-07T08:00:00.000Z,SOLUSDT,buy,10000,0.684,73930380,72873075
2026-08-07T08:00:00.000Z,SOLUSDT,buy,100000,0.684,73930380,72873075
2026-08-07T08:00:00.000Z,SOLUSDT,buy,1000000,2.397,73930380,72873075
2026-08-07T08:00:00.000Z,SOLUSDT,buy,5000000,8.394,73930380,72873075
2026-08-07T08:00:00.000Z,SOLUSDT,sell,10000,0.684,73930380,72873075
2026-08-07T08:00:00.000Z,SOLUSDT,sell,100000,0.684,73930380,72873075
2026-08-07T08:00:00.000Z,SOLUSDT,sell,1000000,2.285,73930380,72873075
2026-08-07T08:00:00.000Z,SOLUSDT,sell,5000000,10.717,73930380,72873075
2026-08-07T08:00:00.000Z,XRPUSDT,buy,10000,0.485,36572036,29965609
2026-08-07T08:00:00.000Z,XRPUSDT,buy,100000,0.485,36572036,29965609
2026-08-07T08:00:00.000Z,XRPUSDT,buy,1000000,4.377,36572036,29965609
2026-08-07T08:00:00.000Z,XRPUSDT,buy,5000000,25.561,36572036,29965609
2026-08-07T08:00:00.000Z,XRPUSDT,sell,10000,0.485,36572036,29965609
2026-08-07T08:00:00.000Z,XRPUSDT,sell,100000,1.333,36572036,29965609
2026-08-07T08:00:00.000Z,XRPUSDT,sell,1000000,5.758,36572036,29965609
2026-08-07T08:00:00.000Z,XRPUSDT,sell,5000000,23.507,36572036,29965609
2026-08-07T09:00:00.000Z,ADAUSDT,buy,10000,2.489,17656562,12053830
2026-08-07T09:00:00.000Z,ADAUSDT,buy,100000,6.303,17656562,12053830
2026-08-07T09:00:00.000Z,ADAUSDT,buy,1000000,35.298,17656562,12053830
2026-08-07T09:00:00.000Z,ADAUSDT,buy,5000000,114.191,17656562,12053830
2026-08-07T09:00:00.000Z,ADAUSDT,sell,10000,2.489,17656562,12053830
2026-08-07T09:00:00.000Z,ADAUSDT,sell,100000,6.552,17656562,12053830
2026-08-07T09:00:00.000Z,ADAUSDT,sell,1000000,34.074,17656562,12053830
2026-08-07T09:00:00.000Z,ADAUSDT,sell,5000000,97.644,17656562,12053830
2026-08-07T09:00:00.000Z,BNBUSDT,buy,10000,0.12,12322732,12107204
2026-08-07T09:00:00.000Z,BNBUSDT,buy,100000,1.706,12322732,12107204
2026-08-07T09:00:00.000Z,BNBUSDT,buy,1000000,5.578,12322732,12107204
2026-08-07T09:00:00.000Z,BNBUSDT,buy,5000000,28.832,12322732,12107204
2026-08-07T09:00:00.000Z,BNBUSDT,sell,10000,0.42,12322732,12107204
2026-08-07T09:00:00.000Z,BNBUSDT,sell,100000,1.444,12322732,12107204
2026-08-07T09:00:00.000Z,BNBUSDT,sell,1000000,3.494,12322732,12107204
2026-08-07T09:00:00.000Z,BNBUSDT,sell,5000000,28.113,12322732,12107204
2026-08-07T09:00:00.000Z,BTCUSDT,buy,10000,0.008,48126036,63810591
2026-08-07T09:00:00.000Z,BTCUSDT,buy,100000,0.008,48126036,63810591
2026-08-07T09:00:00.000Z,BTCUSDT,buy,1000000,0.06,48126036,63810591
2026-08-07T09:00:00.000Z,BTCUSDT,buy,5000000,1.466,48126036,63810591
2026-08-07T09:00:00.000Z,BTCUSDT,sell,10000,0.008,48126036,63810591
2026-08-07T09:00:00.000Z,BTCUSDT,sell,100000,0.008,48126036,63810591
2026-08-07T09:00:00.000Z,BTCUSDT,sell,1000000,0.057,48126036,63810591
2026-08-07T09:00:00.000Z,BTCUSDT,sell,5000000,1.618,48126036,63810591
2026-08-07T09:00:00.000Z,DOGEUSDT,buy,10000,0.719,40982859,29742648
2026-08-07T09:00:00.000Z,DOGEUSDT,buy,100000,1.431,40982859,29742648
2026-08-07T09:00:00.000Z,DOGEUSDT,buy,1000000,10.293,40982859,29742648
2026-08-07T09:00:00.000Z,DOGEUSDT,buy,5000000,55.341,40982859,29742648
2026-08-07T09:00:00.000Z,DOGEUSDT,sell,10000,0.719,40982859,29742648
2026-08-07T09:00:00.000Z,DOGEUSDT,sell,100000,1.967,40982859,29742648
2026-08-07T09:00:00.000Z,DOGEUSDT,sell,1000000,12.637,40982859,29742648
2026-08-07T09:00:00.000Z,DOGEUSDT,sell,5000000,62.519,40982859,29742648
2026-08-07T09:00:00.000Z,ETHUSDT,buy,10000,0.026,57474632,78144038
2026-08-07T09:00:00.000Z,ETHUSDT,buy,100000,0.026,57474632,78144038
2026-08-07T09:00:00.000Z,ETHUSDT,buy,1000000,0.222,57474632,78144038
2026-08-07T09:00:00.000Z,ETHUSDT,buy,5000000,3.809,57474632,78144038
2026-08-07T09:00:00.000Z,ETHUSDT,sell,10000,0.026,57474632,78144038
2026-08-07T09:00:00.000Z,ETHUSDT,sell,100000,0.148,57474632,78144038
2026-08-07T09:00:00.000Z,ETHUSDT,sell,1000000,1.412,57474632,78144038
2026-08-07T09:00:00.000Z,ETHUSDT,sell,5000000,4.338,57474632,78144038
2026-08-07T09:00:00.000Z,LINKUSDT,buy,10000,0.608,8091593,6535641
2026-08-07T09:00:00.000Z,LINKUSDT,buy,100000,2.865,8091593,6535641
2026-08-07T09:00:00.000Z,LINKUSDT,buy,1000000,24.875,8091593,6535641
2026-08-07T09:00:00.000Z,LINKUSDT,buy,5000000,121.603,8091593,6535641
2026-08-07T09:00:00.000Z,LINKUSDT,sell,10000,2.249,8091593,6535641
2026-08-07T09:00:00.000Z,LINKUSDT,sell,100000,5.314,8091593,6535641
2026-08-07T09:00:00.000Z,LINKUSDT,sell,1000000,29.415,8091593,6535641
2026-08-07T09:00:00.000Z,LINKUSDT,sell,5000000,115.543,8091593,6535641
2026-08-07T09:00:00.000Z,SOLUSDT,buy,10000,0.679,85448621,68713769
2026-08-07T09:00:00.000Z,SOLUSDT,buy,100000,0.679,85448621,68713769
2026-08-07T09:00:00.000Z,SOLUSDT,buy,1000000,1.747,85448621,68713769
2026-08-07T09:00:00.000Z,SOLUSDT,buy,5000000,8.572,85448621,68713769
2026-08-07T09:00:00.000Z,SOLUSDT,sell,10000,0.679,85448621,68713769
2026-08-07T09:00:00.000Z,SOLUSDT,sell,100000,0.679,85448621,68713769
2026-08-07T09:00:00.000Z,SOLUSDT,sell,1000000,1.574,85448621,68713769
2026-08-07T09:00:00.000Z,SOLUSDT,sell,5000000,6.966,85448621,68713769
2026-08-07T09:00:00.000Z,XRPUSDT,buy,10000,0.483,35128469,28767699
2026-08-07T09:00:00.000Z,XRPUSDT,buy,100000,0.483,35128469,28767699
2026-08-07T09:00:00.000Z,XRPUSDT,buy,1000000,2.635,35128469,28767699
2026-08-07T09:00:00.000Z,XRPUSDT,buy,5000000,22.42,35128469,28767699
2026-08-07T09:00:00.000Z,XRPUSDT,sell,10000,0.483,35128469,28767699
2026-08-07T09:00:00.000Z,XRPUSDT,sell,100000,1.043,35128469,28767699
2026-08-07T09:00:00.000Z,XRPUSDT,sell,1000000,5.492,35128469,28767699
2026-08-07T09:00:00.000Z,XRPUSDT,sell,5000000,25.362,35128469,28767699
2026-08-07T10:00:00.000Z,ADAUSDT,buy,10000,2.472,16986933,12138525
2026-08-07T10:00:00.000Z,ADAUSDT,buy,100000,7.507,16986933,12138525
2026-08-07T10:00:00.000Z,ADAUSDT,buy,1000000,32.524,16986933,12138525
2026-08-07T10:00:00.000Z,ADAUSDT,buy,5000000,114.616,16986933,12138525
2026-08-07T10:00:00.000Z,ADAUSDT,sell,10000,2.472,16986933,12138525
2026-08-07T10:00:00.000Z,ADAUSDT,sell,100000,7.027,16986933,12138525
2026-08-07T10:00:00.000Z,ADAUSDT,sell,1000000,28.223,16986933,12138525
2026-08-07T10:00:00.000Z,ADAUSDT,sell,5000000,101.153,16986933,12138525
2026-08-07T10:00:00.000Z,BNBUSDT,buy,10000,0.651,11933796,10562647
2026-08-07T10:00:00.000Z,BNBUSDT,buy,100000,2.088,11933796,10562647
2026-08-07T10:00:00.000Z,BNBUSDT,buy,1000000,9.308,11933796,10562647
2026-08-07T10:00:00.000Z,BNBUSDT,buy,5000000,33.024,11933796,10562647
2026-08-07T10:00:00.000Z,BNBUSDT,sell,10000,0.085,11933796,10562647
2026-08-07T10:00:00.000Z,BNBUSDT,sell,100000,1.228,11933796,10562647
2026-08-07T10:00:00.000Z,BNBUSDT,sell,1000000,7.833,11933796,10562647
2026-08-07T10:00:00.000Z,BNBUSDT,sell,5000000,31.284,11933796,10562647
2026-08-07T10:00:00.000Z,BTCUSDT,buy,10000,0.008,55677506,60337397
2026-08-07T10:00:00.000Z,BTCUSDT,buy,100000,0.008,55677506,60337397
2026-08-07T10:00:00.000Z,BTCUSDT,buy,1000000,0.114,55677506,60337397
2026-08-07T10:00:00.000Z,BTCUSDT,buy,5000000,1.355,55677506,60337397
2026-08-07T10:00:00.000Z,BTCUSDT,sell,10000,0.008,55677506,60337397
2026-08-07T10:00:00.000Z,BTCUSDT,sell,100000,0.008,55677506,60337397
2026-08-07T10:00:00.000Z,BTCUSDT,sell,1000000,0.29,55677506,60337397
2026-08-07T10:00:00.000Z,BTCUSDT,sell,5000000,1.477,55677506,60337397
2026-08-07T10:00:00.000Z,DOGEUSDT,buy,10000,0.72,42858843,30416416
2026-08-07T10:00:00.000Z,DOGEUSDT,buy,100000,1.415,42858843,30416416
2026-08-07T10:00:00.000Z,DOGEUSDT,buy,1000000,7.996,42858843,30416416
2026-08-07T10:00:00.000Z,DOGEUSDT,buy,5000000,50.943,42858843,30416416
2026-08-07T10:00:00.000Z,DOGEUSDT,sell,10000,0.72,42858843,30416416
2026-08-07T10:00:00.000Z,DOGEUSDT,sell,100000,2.429,42858843,30416416
2026-08-07T10:00:00.000Z,DOGEUSDT,sell,1000000,14.085,42858843,30416416
2026-08-07T10:00:00.000Z,DOGEUSDT,sell,5000000,58.419,42858843,30416416
2026-08-07T10:00:00.000Z,ETHUSDT,buy,10000,0.026,61466761,72562157
2026-08-07T10:00:00.000Z,ETHUSDT,buy,100000,0.026,61466761,72562157
2026-08-07T10:00:00.000Z,ETHUSDT,buy,1000000,1.254,61466761,72562157
2026-08-07T10:00:00.000Z,ETHUSDT,buy,5000000,4.855,61466761,72562157
2026-08-07T10:00:00.000Z,ETHUSDT,sell,10000,0.026,61466761,72562157
2026-08-07T10:00:00.000Z,ETHUSDT,sell,100000,0.026,61466761,72562157
2026-08-07T10:00:00.000Z,ETHUSDT,sell,1000000,0.576,61466761,72562157
2026-08-07T10:00:00.000Z,ETHUSDT,sell,5000000,3.822,61466761,72562157
2026-08-07T10:00:00.000Z,LINKUSDT,buy,10000,0.609,8330424,6736731
2026-08-07T10:00:00.000Z,LINKUSDT,buy,100000,3.316,8330424,6736731
2026-08-07T10:00:00.000Z,LINKUSDT,buy,1000000,24.102,8330424,6736731
2026-08-07T10:00:00.000Z,LINKUSDT,buy,5000000,118.247,8330424,6736731
2026-08-07T10:00:00.000Z,LINKUSDT,sell,10000,0.949,8330424,6736731
2026-08-07T10:00:00.000Z,LINKUSDT,sell,100000,4.238,8330424,6736731
2026-08-07T10:00:00.000Z,LINKUSDT,sell,1000000,25.587,8330424,6736731
2026-08-07T10:00:00.000Z,LINKUSDT,sell,5000000,107.627,8330424,6736731
2026-08-07T10:00:00.000Z,SOLUSDT,buy,10000,0.68,84183992,70503265
2026-08-07T10:00:00.000Z,SOLUSDT,buy,100000,0.68,84183992,70503265
2026-08-07T10:00:00.000Z,SOLUSDT,buy,1000000,1.898,84183992,70503265
2026-08-07T10:00:00.000Z,SOLUSDT,buy,5000000,7.857,84183992,70503265
2026-08-07T10:00:00.000Z,SOLUSDT,sell,10000,0.68,84183992,70503265
2026-08-07T10:00:00.000Z,SOLUSDT,sell,100000,0.68,84183992,70503265
2026-08-07T10:00:00.000Z,SOLUSDT,sell,1000000,2.256,84183992,70503265
2026-08-07T10:00:00.000Z,SOLUSDT,sell,5000000,8.604,84183992,70503265
2026-08-07T10:00:00.000Z,XRPUSDT,buy,10000,0.483,35817774,29438073
2026-08-07T10:00:00.000Z,XRPUSDT,buy,100000,1.133,35817774,29438073
2026-08-07T10:00:00.000Z,XRPUSDT,buy,1000000,4.639,35817774,29438073
2026-08-07T10:00:00.000Z,XRPUSDT,buy,5000000,24.344,35817774,29438073
2026-08-07T10:00:00.000Z,XRPUSDT,sell,10000,0.483,35817774,29438073
2026-08-07T10:00:00.000Z,XRPUSDT,sell,100000,0.641,35817774,29438073
2026-08-07T10:00:00.000Z,XRPUSDT,sell,1000000,4.78,35817774,29438073
2026-08-07T10:00:00.000Z,XRPUSDT,sell,5000000,21.268,35817774,29438073
2026-08-07T11:00:00.000Z,ADAUSDT,buy,10000,2.481,16935925,12234613
2026-08-07T11:00:00.000Z,ADAUSDT,buy,100000,5.468,16935925,12234613
2026-08-07T11:00:00.000Z,ADAUSDT,buy,1000000,31.228,16935925,12234613
2026-08-07T11:00:00.000Z,ADAUSDT,buy,5000000,122.838,16935925,12234613
2026-08-07T11:00:00.000Z,ADAUSDT,sell,10000,2.481,16935925,12234613
2026-08-07T11:00:00.000Z,ADAUSDT,sell,100000,5.624,16935925,12234613
2026-08-07T11:00:00.000Z,ADAUSDT,sell,1000000,33.362,16935925,12234613
2026-08-07T11:00:00.000Z,ADAUSDT,sell,5000000,95.25,16935925,12234613
2026-08-07T11:00:00.000Z,BNBUSDT,buy,10000,0.3,11767977,10292053
2026-08-07T11:00:00.000Z,BNBUSDT,buy,100000,1.986,11767977,10292053
2026-08-07T11:00:00.000Z,BNBUSDT,buy,1000000,9.844,11767977,10292053
2026-08-07T11:00:00.000Z,BNBUSDT,buy,5000000,31.942,11767977,10292053
2026-08-07T11:00:00.000Z,BNBUSDT,sell,10000,0.085,11767977,10292053
2026-08-07T11:00:00.000Z,BNBUSDT,sell,100000,0.673,11767977,10292053
2026-08-07T11:00:00.000Z,BNBUSDT,sell,1000000,6.528,11767977,10292053
2026-08-07T11:00:00.000Z,BNBUSDT,sell,5000000,31.603,11767977,10292053
2026-08-07T11:00:00.000Z,BTCUSDT,buy,10000,0.008,55092011,47838476
2026-08-07T11:00:00.000Z,BTCUSDT,buy,100000,0.008,55092011,47838476
2026-08-07T11:00:00.000Z,BTCUSDT,buy,1000000,0.567,55092011,47838476
2026-08-07T11:00:00.000Z,BTCUSDT,buy,5000000,1.964,55092011,47838476
2026-08-07T11:00:00.000Z,BTCUSDT,sell,10000,0.008,55092011,47838476
2026-08-07T11:00:00.000Z,BTCUSDT,sell,100000,0.008,55092011,47838476
2026-08-07T11:00:00.000Z,BTCUSDT,sell,1000000,0.089,55092011,47838476
2026-08-07T11:00:00.000Z,BTCUSDT,sell,5000000,1.341,55092011,47838476
2026-08-07T11:00:00.000Z,DOGEUSDT,buy,10000,0.719,42425696,30145033
2026-08-07T11:00:00.000Z,DOGEUSDT,buy,100000,1.947,42425696,30145033
2026-08-07T11:00:00.000Z,DOGEUSDT,buy,1000000,9.453,42425696,30145033
2026-08-07T11:00:00.000Z,DOGEUSDT,buy,5000000,51.047,42425696,30145033
2026-08-07T11:00:00.000Z,DOGEUSDT,sell,10000,0.719,42425696,30145033
2026-08-07T11:00:00.000Z,DOGEUSDT,sell,100000,0.719,42425696,30145033
2026-08-07T11:00:00.000Z,DOGEUSDT,sell,1000000,12.848,42425696,30145033
2026-08-07T11:00:00.000Z,DOGEUSDT,sell,5000000,60.062,42425696,30145033
2026-08-07T11:00:00.000Z,ETHUSDT,buy,10000,0.026,58444874,65029258
2026-08-07T11:00:00.000Z,ETHUSDT,buy,100000,0.026,58444874,65029258
2026-08-07T11:00:00.000Z,ETHUSDT,buy,1000000,0.515,58444874,65029258
2026-08-07T11:00:00.000Z,ETHUSDT,buy,5000000,1.983,58444874,65029258
2026-08-07T11:00:00.000Z,ETHUSDT,sell,10000,0.026,58444874,65029258
2026-08-07T11:00:00.000Z,ETHUSDT,sell,100000,0.026,58444874,65029258
2026-08-07T11:00:00.000Z,ETHUSDT,sell,1000000,0.844,58444874,65029258
2026-08-07T11:00:00.000Z,ETHUSDT,sell,5000000,3.109,58444874,65029258
2026-08-07T11:00:00.000Z,LINKUSDT,buy,10000,0.81,8063093,6771648
2026-08-07T11:00:00.000Z,LINKUSDT,buy,100000,3.42,8063093,6771648
2026-08-07T11:00:00.000Z,LINKUSDT,buy,1000000,24.134,8063093,6771648
2026-08-07T11:00:00.000Z,LINKUSDT,buy,5000000,118.073,8063093,6771648
2026-08-07T11:00:00.000Z,LINKUSDT,sell,10000,1.294,8063093,6771648
2026-08-07T11:00:00.000Z,LINKUSDT,sell,100000,3.2,8063093,6771648
2026-08-07T11:00:00.000Z,LINKUSDT,sell,1000000,26.542,8063093,6771648
2026-08-07T11:00:00.000Z,LINKUSDT,sell,5000000,112.332,8063093,6771648
2026-08-07T11:00:00.000Z,SOLUSDT,buy,10000,0.679,84833617,70821258
2026-08-07T11:00:00.000Z,SOLUSDT,buy,100000,0.679,84833617,70821258
2026-08-07T11:00:00.000Z,SOLUSDT,buy,1000000,2.33,84833617,70821258
2026-08-07T11:00:00.000Z,SOLUSDT,buy,5000000,8.172,84833617,70821258
2026-08-07T11:00:00.000Z,SOLUSDT,sell,10000,0.679,84833617,70821258
2026-08-07T11:00:00.000Z,SOLUSDT,sell,100000,0.679,84833617,70821258
2026-08-07T11:00:00.000Z,SOLUSDT,sell,1000000,2.051,84833617,70821258
2026-08-07T11:00:00.000Z,SOLUSDT,sell,5000000,8.543,84833617,70821258
2026-08-07T11:00:00.000Z,XRPUSDT,buy,10000,0.484,35866873,29882138
2026-08-07T11:00:00.000Z,XRPUSDT,buy,100000,1.652,35866873,29882138
2026-08-07T11:00:00.000Z,XRPUSDT,buy,1000000,4.505,35866873,29882138
2026-08-07T11:00:00.000Z,XRPUSDT,buy,5000000,23.285,35866873,29882138
2026-08-07T11:00:00.000Z,XRPUSDT,sell,10000,0.484,35866873,29882138
2026-08-07T11:00:00.000Z,XRPUSDT,sell,100000,0.484,35866873,29882138
2026-08-07T11:00:00.000Z,XRPUSDT,sell,1000000,3.503,35866873,29882138
2026-08-07T11:00:00.000Z,XRPUSDT,sell,5000000,19.927,35866873,29882138
2026-08-07T12:00:00.000Z,ADAUSDT,buy,10000,2.491,16843952,11672767
2026-08-07T12:00:00.000Z,ADAUSDT,buy,100000,6.345,16843952,11672767
2026-08-07T12:00:00.000Z,ADAUSDT,buy,1000000,36.128,16843952,11672767
2026-08-07T12:00:00.000Z,ADAUSDT,buy,5000000,124.406,16843952,11672767
2026-08-07T12:00:00.000Z,ADAUSDT,sell,10000,2.491,16843952,11672767
2026-08-07T12:00:00.000Z,ADAUSDT,sell,100000,5.918,16843952,11672767
2026-08-07T12:00:00.000Z,ADAUSDT,sell,1000000,33.797,16843952,11672767
2026-08-07T12:00:00.000Z,ADAUSDT,sell,5000000,100.653,16843952,11672767
2026-08-07T12:00:00.000Z,BNBUSDT,buy,10000,0.087,11684694,11423037
2026-08-07T12:00:00.000Z,BNBUSDT,buy,100000,0.912,11684694,11423037
2026-08-07T12:00:00.000Z,BNBUSDT,buy,1000000,7.589,11684694,11423037
2026-08-07T12:00:00.000Z,BNBUSDT,buy,5000000,35.056,11684694,11423037
2026-08-07T12:00:00.000Z,BNBUSDT,sell,10000,0.195,11684694,11423037
2026-08-07T12:00:00.000Z,BNBUSDT,sell,100000,1.982,11684694,11423037
2026-08-07T12:00:00.000Z,BNBUSDT,sell,1000000,9.026,11684694,11423037
2026-08-07T12:00:00.000Z,BNBUSDT,sell,5000000,34.182,11684694,11423037
2026-08-07T12:00:00.000Z,BTCUSDT,buy,10000,0.008,39203725,72882626
2026-08-07T12:00:00.000Z,BTCUSDT,buy,100000,0.008,39203725,72882626
2026-08-07T12:00:00.000Z,BTCUSDT,buy,1000000,0.008,39203725,72882626
2026-08-07T12:00:00.000Z,BTCUSDT,buy,5000000,0.059,39203725,72882626
2026-08-07T12:00:00.000Z,BTCUSDT,sell,10000,0.008,39203725,72882626
2026-08-07T12:00:00.000Z,BTCUSDT,sell,100000,0.008,39203725,72882626
2026-08-07T12:00:00.000Z,BTCUSDT,sell,1000000,0.008,39203725,72882626
2026-08-07T12:00:00.000Z,BTCUSDT,sell,5000000,0.949,39203725,72882626
2026-08-07T12:00:00.000Z,DOGEUSDT,buy,10000,0.715,40929755,29106433
2026-08-07T12:00:00.000Z,DOGEUSDT,buy,100000,1.254,40929755,29106433
2026-08-07T12:00:00.000Z,DOGEUSDT,buy,1000000,8.833,40929755,29106433
2026-08-07T12:00:00.000Z,DOGEUSDT,buy,5000000,56.05,40929755,29106433
2026-08-07T12:00:00.000Z,DOGEUSDT,sell,10000,0.715,40929755,29106433
2026-08-07T12:00:00.000Z,DOGEUSDT,sell,100000,1.231,40929755,29106433
2026-08-07T12:00:00.000Z,DOGEUSDT,sell,1000000,12.263,40929755,29106433
2026-08-07T12:00:00.000Z,DOGEUSDT,sell,5000000,58.699,40929755,29106433
2026-08-07T12:00:00.000Z,ETHUSDT,buy,10000,0.026,59125495,64505382
2026-08-07T12:00:00.000Z,ETHUSDT,buy,100000,0.026,59125495,64505382
2026-08-07T12:00:00.000Z,ETHUSDT,buy,1000000,0.953,59125495,64505382
2026-08-07T12:00:00.000Z,ETHUSDT,buy,5000000,3.527,59125495,64505382
2026-08-07T12:00:00.000Z,ETHUSDT,sell,10000,0.026,59125495,64505382
2026-08-07T12:00:00.000Z,ETHUSDT,sell,100000,0.026,59125495,64505382
2026-08-07T12:00:00.000Z,ETHUSDT,sell,1000000,1.183,59125495,64505382
2026-08-07T12:00:00.000Z,ETHUSDT,sell,5000000,4.048,59125495,64505382
2026-08-07T12:00:00.000Z,LINKUSDT,buy,10000,1.362,7870186,6428685
2026-08-07T12:00:00.000Z,LINKUSDT,buy,100000,3.588,7870186,6428685
2026-08-07T12:00:00.000Z,LINKUSDT,buy,1000000,24.515,7870186,6428685
2026-08-07T12:00:00.000Z,LINKUSDT,buy,5000000,122.82,7870186,6428685
2026-08-07T12:00:00.000Z,LINKUSDT,sell,10000,0.606,7870186,6428685
2026-08-07T12:00:00.000Z,LINKUSDT,sell,100000,2.545,7870186,6428685
2026-08-07T12:00:00.000Z,LINKUSDT,sell,1000000,26.442,7870186,6428685
2026-08-07T12:00:00.000Z,LINKUSDT,sell,5000000,123.288,7870186,6428685
2026-08-07T12:00:00.000Z,SOLUSDT,buy,10000,0.677,83507039,67601682
2026-08-07T12:00:00.000Z,SOLUSDT,buy,100000,0.677,83507039,67601682
2026-08-07T12:00:00.000Z,SOLUSDT,buy,1000000,2.576,83507039,67601682
2026-08-07T12:00:00.000Z,SOLUSDT,buy,5000000,9.314,83507039,67601682
2026-08-07T12:00:00.000Z,SOLUSDT,sell,10000,0.677,83507039,67601682
2026-08-07T12:00:00.000Z,SOLUSDT,sell,100000,0.677,83507039,67601682
2026-08-07T12:00:00.000Z,SOLUSDT,sell,1000000,2.057,83507039,67601682
2026-08-07T12:00:00.000Z,SOLUSDT,sell,5000000,9.676,83507039,67601682
2026-08-07T12:00:00.000Z,XRPUSDT,buy,10000,0.482,35017568,29417140
2026-08-07T12:00:00.000Z,XRPUSDT,buy,100000,1.277,35017568,29417140
2026-08-07T12:00:00.000Z,XRPUSDT,buy,1000000,7.213,35017568,29417140
2026-08-07T12:00:00.000Z,XRPUSDT,buy,5000000,26.378,35017568,29417140
2026-08-07T12:00:00.000Z,XRPUSDT,sell,10000,0.482,35017568,29417140
2026-08-07T12:00:00.000Z,XRPUSDT,sell,100000,0.966,35017568,29417140
2026-08-07T12:00:00.000Z,XRPUSDT,sell,1000000,6.3,35017568,29417140
2026-08-07T12:00:00.000Z,XRPUSDT,sell,5000000,27.122,35017568,29417140
2026-08-07T13:00:00.000Z,ADAUSDT,buy,10000,3.945,17073001,12025114
2026-08-07T13:00:00.000Z,ADAUSDT,buy,100000,7.156,17073001,12025114
2026-08-07T13:00:00.000Z,ADAUSDT,buy,1000000,35.914,17073001,12025114
2026-08-07T13:00:00.000Z,ADAUSDT,buy,5000000,124.519,17073001,12025114
2026-08-07T13:00:00.000Z,ADAUSDT,sell,10000,2.504,17073001,12025114
2026-08-07T13:00:00.000Z,ADAUSDT,sell,100000,6.494,17073001,12025114
2026-08-07T13:00:00.000Z,ADAUSDT,sell,1000000,23.071,17073001,12025114
2026-08-07T13:00:00.000Z,ADAUSDT,sell,5000000,85.431,17073001,12025114
2026-08-07T13:00:00.000Z,BNBUSDT,buy,10000,0.419,13118807,10413282
2026-08-07T13:00:00.000Z,BNBUSDT,buy,100000,2.112,13118807,10413282
2026-08-07T13:00:00.000Z,BNBUSDT,buy,1000000,7.045,13118807,10413282
2026-08-07T13:00:00.000Z,BNBUSDT,buy,5000000,33.732,13118807,10413282
2026-08-07T13:00:00.000Z,BNBUSDT,sell,10000,0.084,13118807,10413282
2026-08-07T13:00:00.000Z,BNBUSDT,sell,100000,1.603,13118807,10413282
2026-08-07T13:00:00.000Z,BNBUSDT,sell,1000000,8.44,13118807,10413282
2026-08-07T13:00:00.000Z,BNBUSDT,sell,5000000,24.377,13118807,10413282
2026-08-07T13:00:00.000Z,BTCUSDT,buy,10000,0.008,43910759,34733681
2026-08-07T13:00:00.000Z,BTCUSDT,buy,100000,0.008,43910759,34733681
2026-08-07T13:00:00.000Z,BTCUSDT,buy,1000000,1.105,43910759,34733681
2026-08-07T13:00:00.000Z,BTCUSDT,buy,5000000,2.984,43910759,34733681
2026-08-07T13:00:00.000Z,BTCUSDT,sell,10000,0.008,43910759,34733681
2026-08-07T13:00:00.000Z,BTCUSDT,sell,100000,0.008,43910759,34733681
2026-08-07T13:00:00.000Z,BTCUSDT,sell,1000000,0.008,43910759,34733681
2026-08-07T13:00:00.000Z,BTCUSDT,sell,5000000,1.687,43910759,34733681
2026-08-07T13:00:00.000Z,DOGEUSDT,buy,10000,0.714,41745523,29442535
2026-08-07T13:00:00.000Z,DOGEUSDT,buy,100000,0.714,41745523,29442535
2026-08-07T13:00:00.000Z,DOGEUSDT,buy,1000000,10.531,41745523,29442535
2026-08-07T13:00:00.000Z,DOGEUSDT,buy,5000000,51.989,41745523,29442535
2026-08-07T13:00:00.000Z,DOGEUSDT,sell,10000,0.714,41745523,29442535
2026-08-07T13:00:00.000Z,DOGEUSDT,sell,100000,1.767,41745523,29442535
2026-08-07T13:00:00.000Z,DOGEUSDT,sell,1000000,8.956,41745523,29442535
2026-08-07T13:00:00.000Z,DOGEUSDT,sell,5000000,50.885,41745523,29442535
2026-08-07T13:00:00.000Z,ETHUSDT,buy,10000,0.026,66287263,60339072
2026-08-07T13:00:00.000Z,ETHUSDT,buy,100000,0.026,66287263,60339072
2026-08-07T13:00:00.000Z,ETHUSDT,buy,1000000,0.905,66287263,60339072
2026-08-07T13:00:00.000Z,ETHUSDT,buy,5000000,3.75,66287263,60339072
2026-08-07T13:00:00.000Z,ETHUSDT,sell,10000,0.026,66287263,60339072
2026-08-07T13:00:00.000Z,ETHUSDT,sell,100000,0.026,66287263,60339072
2026-08-07T13:00:00.000Z,ETHUSDT,sell,1000000,1.54,66287263,60339072
2026-08-07T13:00:00.000Z,ETHUSDT,sell,5000000,4.392,66287263,60339072
2026-08-07T13:00:00.000Z,LINKUSDT,buy,10000,1.484,8600089,6846579
2026-08-07T13:00:00.000Z,LINKUSDT,buy,100000,4.383,8600089,6846579
2026-08-07T13:00:00.000Z,LINKUSDT,buy,1000000,26.483,8600089,6846579
2026-08-07T13:00:00.000Z,LINKUSDT,buy,5000000,116.669,8600089,6846579
2026-08-07T13:00:00.000Z,LINKUSDT,sell,10000,0.604,8600089,6846579
2026-08-07T13:00:00.000Z,LINKUSDT,sell,100000,2.586,8600089,6846579
2026-08-07T13:00:00.000Z,LINKUSDT,sell,1000000,25.408,8600089,6846579
2026-08-07T13:00:00.000Z,LINKUSDT,sell,5000000,112.402,8600089,6846579
2026-08-07T13:00:00.000Z,SOLUSDT,buy,10000,0.674,87621140,68682502
2026-08-07T13:00:00.000Z,SOLUSDT,buy,100000,0.674,87621140,68682502
2026-08-07T13:00:00.000Z,SOLUSDT,buy,1000000,2.394,87621140,68682502
2026-08-07T13:00:00.000Z,SOLUSDT,buy,5000000,9.439,87621140,68682502
2026-08-07T13:00:00.000Z,SOLUSDT,sell,10000,0.674,87621140,68682502
2026-08-07T13:00:00.000Z,SOLUSDT,sell,100000,0.674,87621140,68682502
2026-08-07T13:00:00.000Z,SOLUSDT,sell,1000000,1.794,87621140,68682502
2026-08-07T13:00:00.000Z,SOLUSDT,sell,5000000,7.398,87621140,68682502
2026-08-07T13:00:00.000Z,XRPUSDT,buy,10000,0.482,35530501,29873882
2026-08-07T13:00:00.000Z,XRPUSDT,buy,100000,1.396,35530501,29873882
2026-08-07T13:00:00.000Z,XRPUSDT,buy,1000000,5.991,35530501,29873882
2026-08-07T13:00:00.000Z,XRPUSDT,buy,5000000,25.289,35530501,29873882
2026-08-07T13:00:00.000Z,XRPUSDT,sell,10000,0.482,35530501,29873882
2026-08-07T13:00:00.000Z,XRPUSDT,sell,100000,0.862,35530501,29873882
2026-08-07T13:00:00.000Z,XRPUSDT,sell,1000000,4.372,35530501,29873882
2026-08-07T13:00:00.000Z,XRPUSDT,sell,5000000,21.62,35530501,29873882
2026-08-07T14:00:00.000Z,ADAUSDT,buy,10000,2.532,16653508,12426366
2026-08-07T14:00:00.000Z,ADAUSDT,buy,100000,6.616,16653508,12426366
2026-08-07T14:00:00.000Z,ADAUSDT,buy,1000000,32.175,16653508,12426366
2026-08-07T14:00:00.000Z,ADAUSDT,buy,5000000,120.569,16653508,12426366
2026-08-07T14:00:00.000Z,ADAUSDT,sell,10000,2.532,16653508,12426366
2026-08-07T14:00:00.000Z,ADAUSDT,sell,100000,7.698,16653508,12426366
2026-08-07T14:00:00.000Z,ADAUSDT,sell,1000000,31.571,16653508,12426366
2026-08-07T14:00:00.000Z,ADAUSDT,sell,5000000,94.975,16653508,12426366
2026-08-07T14:00:00.000Z,BNBUSDT,buy,10000,0.085,12725077,9618635
2026-08-07T14:00:00.000Z,BNBUSDT,buy,100000,1.105,12725077,9618635
2026-08-07T14:00:00.000Z,BNBUSDT,buy,1000000,7.941,12725077,9618635
2026-08-07T14:00:00.000Z,BNBUSDT,buy,5000000,35.273,12725077,9618635
2026-08-07T14:00:00.000Z,BNBUSDT,sell,10000,0.213,12725077,9618635
2026-08-07T14:00:00.000Z,BNBUSDT,sell,100000,1.451,12725077,9618635
2026-08-07T14:00:00.000Z,BNBUSDT,sell,1000000,6.576,12725077,9618635
2026-08-07T14:00:00.000Z,BNBUSDT,sell,5000000,25.668,12725077,9618635
2026-08-07T14:00:00.000Z,BTCUSDT,buy,10000,0.008,40522513,41746889
2026-08-07T14:00:00.000Z,BTCUSDT,buy,100000,0.091,40522513,41746889
2026-08-07T14:00:00.000Z,BTCUSDT,buy,1000000,1.35,40522513,41746889
2026-08-07T14:00:00.000Z,BTCUSDT,buy,5000000,2.846,40522513,41746889
2026-08-07T14:00:00.000Z,BTCUSDT,sell,10000,0.008,40522513,41746889
2026-08-07T14:00:00.000Z,BTCUSDT,sell,100000,0.008,40522513,41746889
2026-08-07T14:00:00.000Z,BTCUSDT,sell,1000000,0.012,40522513,41746889
2026-08-07T14:00:00.000Z,BTCUSDT,sell,5000000,1.266,40522513,41746889
2026-08-07T14:00:00.000Z,DOGEUSDT,buy,10000,0.716,41642026,29258459
2026-08-07T14:00:00.000Z,DOGEUSDT,buy,100000,1.865,41642026,29258459
2026-08-07T14:00:00.000Z,DOGEUSDT,buy,1000000,10.102,41642026,29258459
2026-08-07T14:00:00.000Z,DOGEUSDT,buy,5000000,56.391,41642026,29258459
2026-08-07T14:00:00.000Z,DOGEUSDT,sell,10000,0.716,41642026,29258459
2026-08-07T14:00:00.000Z,DOGEUSDT,sell,100000,0.908,41642026,29258459
2026-08-07T14:00:00.000Z,DOGEUSDT,sell,1000000,9.881,41642026,29258459
2026-08-07T14:00:00.000Z,DOGEUSDT,sell,5000000,50.298,41642026,29258459
2026-08-07T14:00:00.000Z,ETHUSDT,buy,10000,0.026,67683573,80286450
2026-08-07T14:00:00.000Z,ETHUSDT,buy,100000,0.026,67683573,80286450
2026-08-07T14:00:00.000Z,ETHUSDT,buy,1000000,0.483,67683573,80286450
2026-08-07T14:00:00.000Z,ETHUSDT,buy,5000000,2.451,67683573,80286450
2026-08-07T14:00:00.000Z,ETHUSDT,sell,10000,0.026,67683573,80286450
2026-08-07T14:00:00.000Z,ETHUSDT,sell,100000,0.026,67683573,80286450
2026-08-07T14:00:00.000Z,ETHUSDT,sell,1000000,1.009,67683573,80286450
2026-08-07T14:00:00.000Z,ETHUSDT,sell,5000000,3.739,67683573,80286450
2026-08-07T14:00:00.000Z,LINKUSDT,buy,10000,0.615,8338834,6656460
2026-08-07T14:00:00.000Z,LINKUSDT,buy,100000,3.886,8338834,6656460
2026-08-07T14:00:00.000Z,LINKUSDT,buy,1000000,29.773,8338834,6656460
2026-08-07T14:00:00.000Z,LINKUSDT,buy,5000000,126.228,8338834,6656460
2026-08-07T14:00:00.000Z,LINKUSDT,sell,10000,1.62,8338834,6656460
2026-08-07T14:00:00.000Z,LINKUSDT,sell,100000,4.056,8338834,6656460
2026-08-07T14:00:00.000Z,LINKUSDT,sell,1000000,24.641,8338834,6656460
2026-08-07T14:00:00.000Z,LINKUSDT,sell,5000000,108.065,8338834,6656460
2026-08-07T14:00:00.000Z,SOLUSDT,buy,10000,0.677,85162437,69196846
2026-08-07T14:00:00.000Z,SOLUSDT,buy,100000,0.844,85162437,69196846
2026-08-07T14:00:00.000Z,SOLUSDT,buy,1000000,3.005,85162437,69196846
2026-08-07T14:00:00.000Z,SOLUSDT,buy,5000000,10.972,85162437,69196846
2026-08-07T14:00:00.000Z,SOLUSDT,sell,10000,0.677,85162437,69196846
2026-08-07T14:00:00.000Z,SOLUSDT,sell,100000,0.677,85162437,69196846
2026-08-07T14:00:00.000Z,SOLUSDT,sell,1000000,1.991,85162437,69196846
2026-08-07T14:00:00.000Z,SOLUSDT,sell,5000000,8.318,85162437,69196846
2026-08-07T14:00:00.000Z,XRPUSDT,buy,10000,0.486,35353861,29480697
2026-08-07T14:00:00.000Z,XRPUSDT,buy,100000,0.958,35353861,29480697
2026-08-07T14:00:00.000Z,XRPUSDT,buy,1000000,6.433,35353861,29480697
2026-08-07T14:00:00.000Z,XRPUSDT,buy,5000000,27.381,35353861,29480697
2026-08-07T14:00:00.000Z,XRPUSDT,sell,10000,0.486,35353861,29480697
2026-08-07T14:00:00.000Z,XRPUSDT,sell,100000,1.232,35353861,29480697
2026-08-07T14:00:00.000Z,XRPUSDT,sell,1000000,5.591,35353861,29480697
2026-08-07T14:00:00.000Z,XRPUSDT,sell,5000000,25.113,35353861,29480697
2026-08-07T15:00:00.000Z,ADAUSDT,buy,10000,2.507,16721951,12033183
2026-08-07T15:00:00.000Z,ADAUSDT,buy,100000,7.587,16721951,12033183
2026-08-07T15:00:00.000Z,ADAUSDT,buy,1000000,31.09,16721951,12033183
2026-08-07T15:00:00.000Z,ADAUSDT,buy,5000000,112.762,16721951,12033183
2026-08-07T15:00:00.000Z,ADAUSDT,sell,10000,2.507,16721951,12033183
2026-08-07T15:00:00.000Z,ADAUSDT,sell,100000,5.796,16721951,12033183
2026-08-07T15:00:00.000Z,ADAUSDT,sell,1000000,29.937,16721951,12033183
2026-08-07T15:00:00.000Z,ADAUSDT,sell,5000000,108.791,16721951,12033183
2026-08-07T15:00:00.000Z,BNBUSDT,buy,10000,0.09,13355169,10887139
2026-08-07T15:00:00.000Z,BNBUSDT,buy,100000,1.676,13355169,10887139
2026-08-07T15:00:00.000Z,BNBUSDT,buy,1000000,7.682,13355169,10887139
2026-08-07T15:00:00.000Z,BNBUSDT,buy,5000000,28.326,13355169,10887139
2026-08-07T15:00:00.000Z,BNBUSDT,sell,10000,0.157,13355169,10887139
2026-08-07T15:00:00.000Z,BNBUSDT,sell,100000,1.139,13355169,10887139
2026-08-07T15:00:00.000Z,BNBUSDT,sell,1000000,8.261,13355169,10887139
2026-08-07T15:00:00.000Z,BNBUSDT,sell,5000000,28.1,13355169,10887139
2026-08-07T15:00:00.000Z,BTCUSDT,buy,10000,0.008,39625842,39441806
2026-08-07T15:00:00.000Z,BTCUSDT,buy,100000,0.008,39625842,39441806
2026-08-07T15:00:00.000Z,BTCUSDT,buy,1000000,0.592,39625842,39441806
2026-08-07T15:00:00.000Z,BTCUSDT,buy,5000000,2.248,39625842,39441806
2026-08-07T15:00:00.000Z,BTCUSDT,sell,10000,0.008,39625842,39441806
2026-08-07T15:00:00.000Z,BTCUSDT,sell,100000,0.008,39625842,39441806
2026-08-07T15:00:00.000Z,BTCUSDT,sell,1000000,0.339,39625842,39441806
2026-08-07T15:00:00.000Z,BTCUSDT,sell,5000000,1.954,39625842,39441806
2026-08-07T15:00:00.000Z,DOGEUSDT,buy,10000,0.715,42323107,29140865
2026-08-07T15:00:00.000Z,DOGEUSDT,buy,100000,1.592,42323107,29140865
2026-08-07T15:00:00.000Z,DOGEUSDT,buy,1000000,11.932,42323107,29140865
2026-08-07T15:00:00.000Z,DOGEUSDT,buy,5000000,55.112,42323107,29140865
2026-08-07T15:00:00.000Z,DOGEUSDT,sell,10000,0.715,42323107,29140865
2026-08-07T15:00:00.000Z,DOGEUSDT,sell,100000,1.082,42323107,29140865
2026-08-07T15:00:00.000Z,DOGEUSDT,sell,1000000,8.029,42323107,29140865
2026-08-07T15:00:00.000Z,DOGEUSDT,sell,5000000,48.577,42323107,29140865
2026-08-07T15:00:00.000Z,ETHUSDT,buy,10000,0.026,66190025,76467205
2026-08-07T15:00:00.000Z,ETHUSDT,buy,100000,0.026,66190025,76467205
2026-08-07T15:00:00.000Z,ETHUSDT,buy,1000000,0.844,66190025,76467205
2026-08-07T15:00:00.000Z,ETHUSDT,buy,5000000,3.405,66190025,76467205
2026-08-07T15:00:00.000Z,ETHUSDT,sell,10000,0.026,66190025,76467205
2026-08-07T15:00:00.000Z,ETHUSDT,sell,100000,0.026,66190025,76467205
2026-08-07T15:00:00.000Z,ETHUSDT,sell,1000000,0.825,66190025,76467205
2026-08-07T15:00:00.000Z,ETHUSDT,sell,5000000,3.152,66190025,76467205
2026-08-07T15:00:00.000Z,LINKUSDT,buy,10000,0.604,8283970,6756105
2026-08-07T15:00:00.000Z,LINKUSDT,buy,100000,2.377,8283970,6756105
2026-08-07T15:00:00.000Z,LINKUSDT,buy,1000000,21.861,8283970,6756105
2026-08-07T15:00:00.000Z,LINKUSDT,buy,5000000,117.959,8283970,6756105
2026-08-07T15:00:00.000Z,LINKUSDT,sell,10000,1.637,8283970,6756105
2026-08-07T15:00:00.000Z,LINKUSDT,sell,100000,5.062,8283970,6756105
2026-08-07T15:00:00.000Z,LINKUSDT,sell,1000000,26.107,8283970,6756105
2026-08-07T15:00:00.000Z,LINKUSDT,sell,5000000,108.137,8283970,6756105
2026-08-07T15:00:00.000Z,SOLUSDT,buy,10000,0.677,84740659,69978482
2026-08-07T15:00:00.000Z,SOLUSDT,buy,100000,0.677,84740659,69978482
2026-08-07T15:00:00.000Z,SOLUSDT,buy,1000000,2.491,84740659,69978482
2026-08-07T15:00:00.000Z,SOLUSDT,buy,5000000,9.421,84740659,69978482
2026-08-07T15:00:00.000Z,SOLUSDT,sell,10000,0.677,84740659,69978482
2026-08-07T15:00:00.000Z,SOLUSDT,sell,100000,0.677,84740659,69978482
2026-08-07T15:00:00.000Z,SOLUSDT,sell,1000000,2.059,84740659,69978482
2026-08-07T15:00:00.000Z,SOLUSDT,sell,5000000,10.069,84740659,69978482
2026-08-07T15:00:00.000Z,XRPUSDT,buy,10000,0.486,36116576,29602447
2026-08-07T15:00:00.000Z,XRPUSDT,buy,100000,0.859,36116576,29602447
2026-08-07T15:00:00.000Z,XRPUSDT,buy,1000000,5.975,36116576,29602447
2026-08-07T15:00:00.000Z,XRPUSDT,buy,5000000,25.673,36116576,29602447
2026-08-07T15:00:00.000Z,XRPUSDT,sell,10000,0.486,36116576,29602447
2026-08-07T15:00:00.000Z,XRPUSDT,sell,100000,1.137,36116576,29602447
2026-08-07T15:00:00.000Z,XRPUSDT,sell,1000000,4.712,36116576,29602447
2026-08-07T15:00:00.000Z,XRPUSDT,sell,5000000,21.621,36116576,29602447
2026-08-07T16:00:00.000Z,ADAUSDT,buy,10000,2.498,16620176,14054762
2026-08-07T16:00:00.000Z,ADAUSDT,buy,100000,5.573,16620176,14054762
2026-08-07T16:00:00.000Z,ADAUSDT,buy,1000000,30.484,16620176,14054762
2026-08-07T16:00:00.000Z,ADAUSDT,buy,5000000,84.878,16620176,14054762
2026-08-07T16:00:00.000Z,ADAUSDT,sell,10000,2.498,16620176,14054762
2026-08-07T16:00:00.000Z,ADAUSDT,sell,100000,7.494,16620176,14054762
2026-08-07T16:00:00.000Z,ADAUSDT,sell,1000000,33.845,16620176,14054762
2026-08-07T16:00:00.000Z,ADAUSDT,sell,5000000,107.458,16620176,14054762
2026-08-07T16:00:00.000Z,BNBUSDT,buy,10000,0.084,13403810,10513121
2026-08-07T16:00:00.000Z,BNBUSDT,buy,100000,1.249,13403810,10513121
2026-08-07T16:00:00.000Z,BNBUSDT,buy,1000000,9.554,13403810,10513121
2026-08-07T16:00:00.000Z,BNBUSDT,buy,5000000,32.796,13403810,10513121
2026-08-07T16:00:00.000Z,BNBUSDT,sell,10000,0.084,13403810,10513121
2026-08-07T16:00:00.000Z,BNBUSDT,sell,100000,0.206,13403810,10513121
2026-08-07T16:00:00.000Z,BNBUSDT,sell,1000000,7.708,13403810,10513121
2026-08-07T16:00:00.000Z,BNBUSDT,sell,5000000,28.978,13403810,10513121
2026-08-07T16:00:00.000Z,BTCUSDT,buy,10000,0.008,46468061,35415441
2026-08-07T16:00:00.000Z,BTCUSDT,buy,100000,0.008,46468061,35415441
2026-08-07T16:00:00.000Z,BTCUSDT,buy,1000000,0.524,46468061,35415441
2026-08-07T16:00:00.000Z,BTCUSDT,buy,5000000,2.297,46468061,35415441
2026-08-07T16:00:00.000Z,BTCUSDT,sell,10000,0.008,46468061,35415441
2026-08-07T16:00:00.000Z,BTCUSDT,sell,100000,0.008,46468061,35415441
2026-08-07T16:00:00.000Z,BTCUSDT,sell,1000000,0.257,46468061,35415441
2026-08-07T16:00:00.000Z,BTCUSDT,sell,5000000,1.885,46468061,35415441
2026-08-07T16:00:00.000Z,DOGEUSDT,buy,10000,0.715,43237830,29409259
2026-08-07T16:00:00.000Z,DOGEUSDT,buy,100000,1.241,43237830,29409259
2026-08-07T16:00:00.000Z,DOGEUSDT,buy,1000000,6.321,43237830,29409259
2026-08-07T16:00:00.000Z,DOGEUSDT,buy,5000000,50.26,43237830,29409259
2026-08-07T16:00:00.000Z,DOGEUSDT,sell,10000,0.715,43237830,29409259
2026-08-07T16:00:00.000Z,DOGEUSDT,sell,100000,1.667,43237830,29409259
2026-08-07T16:00:00.000Z,DOGEUSDT,sell,1000000,13.043,43237830,29409259
2026-08-07T16:00:00.000Z,DOGEUSDT,sell,5000000,56.047,43237830,29409259
2026-08-07T16:00:00.000Z,ETHUSDT,buy,10000,0.267,64357427,64183582
2026-08-07T16:00:00.000Z,ETHUSDT,buy,100000,0.964,64357427,64183582
2026-08-07T16:00:00.000Z,ETHUSDT,buy,1000000,2.14,64357427,64183582
2026-08-07T16:00:00.000Z,ETHUSDT,buy,5000000,4.138,64357427,64183582
2026-08-07T16:00:00.000Z,ETHUSDT,sell,10000,0.026,64357427,64183582
2026-08-07T16:00:00.000Z,ETHUSDT,sell,100000,0.026,64357427,64183582
2026-08-07T16:00:00.000Z,ETHUSDT,sell,1000000,0.335,64357427,64183582
2026-08-07T16:00:00.000Z,ETHUSDT,sell,5000000,2.489,64357427,64183582
2026-08-07T16:00:00.000Z,LINKUSDT,buy,10000,1.085,8272421,6508078
2026-08-07T16:00:00.000Z,LINKUSDT,buy,100000,4.682,8272421,6508078
2026-08-07T16:00:00.000Z,LINKUSDT,buy,1000000,30.252,8272421,6508078
2026-08-07T16:00:00.000Z,LINKUSDT,buy,5000000,129.818,8272421,6508078
2026-08-07T16:00:00.000Z,LINKUSDT,sell,10000,0.606,8272421,6508078
2026-08-07T16:00:00.000Z,LINKUSDT,sell,100000,3.561,8272421,6508078
2026-08-07T16:00:00.000Z,LINKUSDT,sell,1000000,25.877,8272421,6508078
2026-08-07T16:00:00.000Z,LINKUSDT,sell,5000000,108.547,8272421,6508078
2026-08-07T16:00:00.000Z,SOLUSDT,buy,10000,0.678,86765442,69390893
2026-08-07T16:00:00.000Z,SOLUSDT,buy,100000,0.678,86765442,69390893
2026-08-07T16:00:00.000Z,SOLUSDT,buy,1000000,2.626,86765442,69390893
2026-08-07T16:00:00.000Z,SOLUSDT,buy,5000000,11.064,86765442,69390893
2026-08-07T16:00:00.000Z,SOLUSDT,sell,10000,0.678,86765442,69390893
2026-08-07T16:00:00.000Z,SOLUSDT,sell,100000,0.678,86765442,69390893
2026-08-07T16:00:00.000Z,SOLUSDT,sell,1000000,2.373,86765442,69390893
2026-08-07T16:00:00.000Z,SOLUSDT,sell,5000000,7.563,86765442,69390893
2026-08-07T16:00:00.000Z,XRPUSDT,buy,10000,0.489,36789412,30729706
2026-08-07T16:00:00.000Z,XRPUSDT,buy,100000,0.916,36789412,30729706
2026-08-07T16:00:00.000Z,XRPUSDT,buy,1000000,5.121,36789412,30729706
2026-08-07T16:00:00.000Z,XRPUSDT,buy,5000000,24.075,36789412,30729706
2026-08-07T16:00:00.000Z,XRPUSDT,sell,10000,0.489,36789412,30729706
2026-08-07T16:00:00.000Z,XRPUSDT,sell,100000,1.066,36789412,30729706
2026-08-07T16:00:00.000Z,XRPUSDT,sell,1000000,5.175,36789412,30729706
2026-08-07T16:00:00.000Z,XRPUSDT,sell,5000000,21.341,36789412,30729706
2026-08-07T17:00:00.000Z,ADAUSDT,buy,10000,2.528,15937271,12199812
2026-08-07T17:00:00.000Z,ADAUSDT,buy,100000,6.193,15937271,12199812
2026-08-07T17:00:00.000Z,ADAUSDT,buy,1000000,36.44,15937271,12199812
2026-08-07T17:00:00.000Z,ADAUSDT,buy,5000000,123.646,15937271,12199812
2026-08-07T17:00:00.000Z,ADAUSDT,sell,10000,2.528,15937271,12199812
2026-08-07T17:00:00.000Z,ADAUSDT,sell,100000,6.259,15937271,12199812
2026-08-07T17:00:00.000Z,ADAUSDT,sell,1000000,33.67,15937271,12199812
2026-08-07T17:00:00.000Z,ADAUSDT,sell,5000000,104.919,15937271,12199812
2026-08-07T17:00:00.000Z,BNBUSDT,buy,10000,0.672,12324403,9885441
2026-08-07T17:00:00.000Z,BNBUSDT,buy,100000,2.316,12324403,9885441
2026-08-07T17:00:00.000Z,BNBUSDT,buy,1000000,10.609,12324403,9885441
2026-08-07T17:00:00.000Z,BNBUSDT,buy,5000000,37.575,12324403,9885441
2026-08-07T17:00:00.000Z,BNBUSDT,sell,10000,0.084,12324403,9885441
2026-08-07T17:00:00.000Z,BNBUSDT,sell,100000,0.688,12324403,9885441
2026-08-07T17:00:00.000Z,BNBUSDT,sell,1000000,8.685,12324403,9885441
2026-08-07T17:00:00.000Z,BNBUSDT,sell,5000000,28.123,12324403,9885441
2026-08-07T17:00:00.000Z,BTCUSDT,buy,10000,0.008,42963148,40337168
2026-08-07T17:00:00.000Z,BTCUSDT,buy,100000,0.054,42963148,40337168
2026-08-07T17:00:00.000Z,BTCUSDT,buy,1000000,0.974,42963148,40337168
2026-08-07T17:00:00.000Z,BTCUSDT,buy,5000000,2.557,42963148,40337168
2026-08-07T17:00:00.000Z,BTCUSDT,sell,10000,0.008,42963148,40337168
2026-08-07T17:00:00.000Z,BTCUSDT,sell,100000,0.008,42963148,40337168
2026-08-07T17:00:00.000Z,BTCUSDT,sell,1000000,0.008,42963148,40337168
2026-08-07T17:00:00.000Z,BTCUSDT,sell,5000000,0.857,42963148,40337168
2026-08-07T17:00:00.000Z,DOGEUSDT,buy,10000,0.718,42974353,28958513
2026-08-07T17:00:00.000Z,DOGEUSDT,buy,100000,2.556,42974353,28958513
2026-08-07T17:00:00.000Z,DOGEUSDT,buy,1000000,12.673,42974353,28958513
2026-08-07T17:00:00.000Z,DOGEUSDT,buy,5000000,66.808,42974353,28958513
2026-08-07T17:00:00.000Z,DOGEUSDT,sell,10000,0.718,42974353,28958513
2026-08-07T17:00:00.000Z,DOGEUSDT,sell,100000,1.3,42974353,28958513
2026-08-07T17:00:00.000Z,DOGEUSDT,sell,1000000,12.041,42974353,28958513
2026-08-07T17:00:00.000Z,DOGEUSDT,sell,5000000,58.074,42974353,28958513
2026-08-07T17:00:00.000Z,ETHUSDT,buy,10000,0.026,64051976,54273330
2026-08-07T17:00:00.000Z,ETHUSDT,buy,100000,0.026,64051976,54273330
2026-08-07T17:00:00.000Z,ETHUSDT,buy,1000000,1.041,64051976,54273330
2026-08-07T17:00:00.000Z,ETHUSDT,buy,5000000,3.274,64051976,54273330
2026-08-07T17:00:00.000Z,ETHUSDT,sell,10000,0.026,64051976,54273330
2026-08-07T17:00:00.000Z,ETHUSDT,sell,100000,0.026,64051976,54273330
2026-08-07T17:00:00.000Z,ETHUSDT,sell,1000000,0.916,64051976,54273330
2026-08-07T17:00:00.000Z,ETHUSDT,sell,5000000,3.904,64051976,54273330
2026-08-07T17:00:00.000Z,LINKUSDT,buy,10000,0.678,8011124,6313438
2026-08-07T17:00:00.000Z,LINKUSDT,buy,100000,5.157,8011124,6313438
2026-08-07T17:00:00.000Z,LINKUSDT,buy,1000000,35.35,8011124,6313438
2026-08-07T17:00:00.000Z,LINKUSDT,buy,5000000,146.55,8011124,6313438
2026-08-07T17:00:00.000Z,LINKUSDT,sell,10000,0.722,8011124,6313438
2026-08-07T17:00:00.000Z,LINKUSDT,sell,100000,3.686,8011124,6313438
2026-08-07T17:00:00.000Z,LINKUSDT,sell,1000000,29.743,8011124,6313438
2026-08-07T17:00:00.000Z,LINKUSDT,sell,5000000,112.168,8011124,6313438
2026-08-07T17:00:00.000Z,SOLUSDT,buy,10000,0.683,83229635,69129538
2026-08-07T17:00:00.000Z,SOLUSDT,buy,100000,0.683,83229635,69129538
2026-08-07T17:00:00.000Z,SOLUSDT,buy,1000000,2.062,83229635,69129538
2026-08-07T17:00:00.000Z,SOLUSDT,buy,5000000,9.673,83229635,69129538
2026-08-07T17:00:00.000Z,SOLUSDT,sell,10000,0.683,83229635,69129538
2026-08-07T17:00:00.000Z,SOLUSDT,sell,100000,0.683,83229635,69129538
2026-08-07T17:00:00.000Z,SOLUSDT,sell,1000000,2.339,83229635,69129538
2026-08-07T17:00:00.000Z,SOLUSDT,sell,5000000,10.421,83229635,69129538
2026-08-07T17:00:00.000Z,XRPUSDT,buy,10000,0.833,35182412,29327406
2026-08-07T17:00:00.000Z,XRPUSDT,buy,100000,1.981,35182412,29327406
2026-08-07T17:00:00.000Z,XRPUSDT,buy,1000000,5.251,35182412,29327406
2026-08-07T17:00:00.000Z,XRPUSDT,buy,5000000,27.894,35182412,29327406
2026-08-07T17:00:00.000Z,XRPUSDT,sell,10000,0.493,35182412,29327406
2026-08-07T17:00:00.000Z,XRPUSDT,sell,100000,0.493,35182412,29327406
2026-08-07T17:00:00.000Z,XRPUSDT,sell,1000000,4.359,35182412,29327406
2026-08-07T17:00:00.000Z,XRPUSDT,sell,5000000,21.639,35182412,29327406
2026-08-07T18:00:00.000Z,ADAUSDT,buy,10000,2.499,16813606,12468150
2026-08-07T18:00:00.000Z,ADAUSDT,buy,100000,6.447,16813606,12468150
2026-08-07T18:00:00.000Z,ADAUSDT,buy,1000000,29.215,16813606,12468150
2026-08-07T18:00:00.000Z,ADAUSDT,buy,5000000,105.096,16813606,12468150
2026-08-07T18:00:00.000Z,ADAUSDT,sell,10000,2.499,16813606,12468150
2026-08-07T18:00:00.000Z,ADAUSDT,sell,100000,8.121,16813606,12468150
2026-08-07T18:00:00.000Z,ADAUSDT,sell,1000000,32.967,16813606,12468150
2026-08-07T18:00:00.000Z,ADAUSDT,sell,5000000,103.294,16813606,12468150
2026-08-07T18:00:00.000Z,BNBUSDT,buy,10000,0.217,12373455,11167460
2026-08-07T18:00:00.000Z,BNBUSDT,buy,100000,1.878,12373455,11167460
2026-08-07T18:00:00.000Z,BNBUSDT,buy,1000000,9.533,12373455,11167460
2026-08-07T18:00:00.000Z,BNBUSDT,buy,5000000,30.801,12373455,11167460
2026-08-07T18:00:00.000Z,BNBUSDT,sell,10000,0.084,12373455,11167460
2026-08-07T18:00:00.000Z,BNBUSDT,sell,100000,0.958,12373455,11167460
2026-08-07T18:00:00.000Z,BNBUSDT,sell,1000000,4.922,12373455,11167460
2026-08-07T18:00:00.000Z,BNBUSDT,sell,5000000,22.064,12373455,11167460
2026-08-07T18:00:00.000Z,BTCUSDT,buy,10000,0.008,41397925,41329743
2026-08-07T18:00:00.000Z,BTCUSDT,buy,100000,0.008,41397925,41329743
2026-08-07T18:00:00.000Z,BTCUSDT,buy,1000000,0.008,41397925,41329743
2026-08-07T18:00:00.000Z,BTCUSDT,buy,5000000,1.202,41397925,41329743
2026-08-07T18:00:00.000Z,BTCUSDT,sell,10000,0.008,41397925,41329743
2026-08-07T18:00:00.000Z,BTCUSDT,sell,100000,0.207,41397925,41329743
2026-08-07T18:00:00.000Z,BTCUSDT,sell,1000000,1.003,41397925,41329743
2026-08-07T18:00:00.000Z,BTCUSDT,sell,5000000,2.553,41397925,41329743
2026-08-07T18:00:00.000Z,DOGEUSDT,buy,10000,0.719,43909456,29729373
2026-08-07T18:00:00.000Z,DOGEUSDT,buy,100000,1.156,43909456,29729373
2026-08-07T18:00:00.000Z,DOGEUSDT,buy,1000000,11.802,43909456,29729373
2026-08-07T18:00:00.000Z,DOGEUSDT,buy,5000000,58.832,43909456,29729373
2026-08-07T18:00:00.000Z,DOGEUSDT,sell,10000,0.719,43909456,29729373
2026-08-07T18:00:00.000Z,DOGEUSDT,sell,100000,2.212,43909456,29729373
2026-08-07T18:00:00.000Z,DOGEUSDT,sell,1000000,9.269,43909456,29729373
2026-08-07T18:00:00.000Z,DOGEUSDT,sell,5000000,45.605,43909456,29729373
2026-08-07T18:00:00.000Z,ETHUSDT,buy,10000,0.026,85028433,58313734
2026-08-07T18:00:00.000Z,ETHUSDT,buy,100000,0.026,85028433,58313734
2026-08-07T18:00:00.000Z,ETHUSDT,buy,1000000,0.472,85028433,58313734
2026-08-07T18:00:00.000Z,ETHUSDT,buy,5000000,2.857,85028433,58313734
2026-08-07T18:00:00.000Z,ETHUSDT,sell,10000,0.026,85028433,58313734
2026-08-07T18:00:00.000Z,ETHUSDT,sell,100000,0.214,85028433,58313734
2026-08-07T18:00:00.000Z,ETHUSDT,sell,1000000,1.029,85028433,58313734
2026-08-07T18:00:00.000Z,ETHUSDT,sell,5000000,3.554,85028433,58313734
2026-08-07T18:00:00.000Z,LINKUSDT,buy,10000,0.612,8280313,6814753
2026-08-07T18:00:00.000Z,LINKUSDT,buy,100000,3.319,8280313,6814753
2026-08-07T18:00:00.000Z,LINKUSDT,buy,1000000,27.352,8280313,6814753
2026-08-07T18:00:00.000Z,LINKUSDT,buy,5000000,130.058,8280313,6814753
2026-08-07T18:00:00.000Z,LINKUSDT,sell,10000,1.542,8280313,6814753
2026-08-07T18:00:00.000Z,LINKUSDT,sell,100000,4.896,8280313,6814753
2026-08-07T18:00:00.000Z,LINKUSDT,sell,1000000,25.347,8280313,6814753
2026-08-07T18:00:00.000Z,LINKUSDT,sell,5000000,102.518,8280313,6814753
2026-08-07T18:00:00.000Z,SOLUSDT,buy,10000,0.682,85282743,70028677
2026-08-07T18:00:00.000Z,SOLUSDT,buy,100000,0.682,85282743,70028677
2026-08-07T18:00:00.000Z,SOLUSDT,buy,1000000,1.751,85282743,70028677
2026-08-07T18:00:00.000Z,SOLUSDT,buy,5000000,7.746,85282743,70028677
2026-08-07T18:00:00.000Z,SOLUSDT,sell,10000,0.682,85282743,70028677
2026-08-07T18:00:00.000Z,SOLUSDT,sell,100000,1.359,85282743,70028677
2026-08-07T18:00:00.000Z,SOLUSDT,sell,1000000,2.856,85282743,70028677
2026-08-07T18:00:00.000Z,SOLUSDT,sell,5000000,9.978,85282743,70028677
2026-08-07T18:00:00.000Z,XRPUSDT,buy,10000,0.492,36985140,29918765
2026-08-07T18:00:00.000Z,XRPUSDT,buy,100000,0.896,36985140,29918765
2026-08-07T18:00:00.000Z,XRPUSDT,buy,1000000,4.591,36985140,29918765
2026-08-07T18:00:00.000Z,XRPUSDT,buy,5000000,23.945,36985140,29918765
2026-08-07T18:00:00.000Z,XRPUSDT,sell,10000,0.492,36985140,29918765
2026-08-07T18:00:00.000Z,XRPUSDT,sell,100000,0.959,36985140,29918765
2026-08-07T18:00:00.000Z,XRPUSDT,sell,1000000,5.355,36985140,29918765
2026-08-07T18:00:00.000Z,XRPUSDT,sell,5000000,23.69,36985140,29918765
2026-08-07T19:00:00.000Z,ADAUSDT,buy,10000,2.484,16308547,11598420
2026-08-07T19:00:00.000Z,ADAUSDT,buy,100000,7.219,16308547,11598420
2026-08-07T19:00:00.000Z,ADAUSDT,buy,1000000,35.436,16308547,11598420
2026-08-07T19:00:00.000Z,ADAUSDT,buy,5000000,123.452,16308547,11598420
2026-08-07T19:00:00.000Z,ADAUSDT,sell,10000,2.484,16308547,11598420
2026-08-07T19:00:00.000Z,ADAUSDT,sell,100000,6.626,16308547,11598420
2026-08-07T19:00:00.000Z,ADAUSDT,sell,1000000,35.512,16308547,11598420
2026-08-07T19:00:00.000Z,ADAUSDT,sell,5000000,104.027,16308547,11598420
2026-08-07T19:00:00.000Z,BNBUSDT,buy,10000,0.413,11775479,11419958
2026-08-07T19:00:00.000Z,BNBUSDT,buy,100000,1.656,11775479,11419958
2026-08-07T19:00:00.000Z,BNBUSDT,buy,1000000,6.011,11775479,11419958
2026-08-07T19:00:00.000Z,BNBUSDT,buy,5000000,24.994,11775479,11419958
2026-08-07T19:00:00.000Z,BNBUSDT,sell,10000,0.084,11775479,11419958
2026-08-07T19:00:00.000Z,BNBUSDT,sell,100000,0.925,11775479,11419958
2026-08-07T19:00:00.000Z,BNBUSDT,sell,1000000,7.015,11775479,11419958
2026-08-07T19:00:00.000Z,BNBUSDT,sell,5000000,29.462,11775479,11419958
2026-08-07T19:00:00.000Z,BTCUSDT,buy,10000,0.008,41520390,47287441
2026-08-07T19:00:00.000Z,BTCUSDT,buy,100000,0.008,41520390,47287441
2026-08-07T19:00:00.000Z,BTCUSDT,buy,1000000,0.721,41520390,47287441
2026-08-07T19:00:00.000Z,BTCUSDT,buy,5000000,1.633,41520390,47287441
2026-08-07T19:00:00.000Z,BTCUSDT,sell,10000,0.008,41520390,47287441
2026-08-07T19:00:00.000Z,BTCUSDT,sell,100000,0.008,41520390,47287441
2026-08-07T19:00:00.000Z,BTCUSDT,sell,1000000,0.008,41520390,47287441
2026-08-07T19:00:00.000Z,BTCUSDT,sell,5000000,1.324,41520390,47287441
2026-08-07T19:00:00.000Z,DOGEUSDT,buy,10000,0.716,42049847,29535808
2026-08-07T19:00:00.000Z,DOGEUSDT,buy,100000,1.522,42049847,29535808
2026-08-07T19:00:00.000Z,DOGEUSDT,buy,1000000,10.13,42049847,29535808
2026-08-07T19:00:00.000Z,DOGEUSDT,buy,5000000,52.203,42049847,29535808
2026-08-07T19:00:00.000Z,DOGEUSDT,sell,10000,0.716,42049847,29535808
2026-08-07T19:00:00.000Z,DOGEUSDT,sell,100000,1.147,42049847,29535808
2026-08-07T19:00:00.000Z,DOGEUSDT,sell,1000000,6.985,42049847,29535808
2026-08-07T19:00:00.000Z,DOGEUSDT,sell,5000000,51.802,42049847,29535808
2026-08-07T19:00:00.000Z,ETHUSDT,buy,10000,0.026,58370088,79303009
2026-08-07T19:00:00.000Z,ETHUSDT,buy,100000,0.026,58370088,79303009
2026-08-07T19:00:00.000Z,ETHUSDT,buy,1000000,0.673,58370088,79303009
2026-08-07T19:00:00.000Z,ETHUSDT,buy,5000000,2.861,58370088,79303009
2026-08-07T19:00:00.000Z,ETHUSDT,sell,10000,0.026,58370088,79303009
2026-08-07T19:00:00.000Z,ETHUSDT,sell,100000,0.026,58370088,79303009
2026-08-07T19:00:00.000Z,ETHUSDT,sell,1000000,1.236,58370088,79303009
2026-08-07T19:00:00.000Z,ETHUSDT,sell,5000000,3.907,58370088,79303009
2026-08-07T19:00:00.000Z,LINKUSDT,buy,10000,0.831,8294745,6565670
2026-08-07T19:00:00.000Z,LINKUSDT,buy,100000,4.638,8294745,6565670
2026-08-07T19:00:00.000Z,LINKUSDT,buy,1000000,28.756,8294745,6565670
2026-08-07T19:00:00.000Z,LINKUSDT,buy,5000000,124.22,8294745,6565670
2026-08-07T19:00:00.000Z,LINKUSDT,sell,10000,0.609,8294745,6565670
2026-08-07T19:00:00.000Z,LINKUSDT,sell,100000,2.779,8294745,6565670
2026-08-07T19:00:00.000Z,LINKUSDT,sell,1000000,26.679,8294745,6565670
2026-08-07T19:00:00.000Z,LINKUSDT,sell,5000000,110.57,8294745,6565670
2026-08-07T19:00:00.000Z,SOLUSDT,buy,10000,0.677,87306996,69567492
2026-08-07T19:00:00.000Z,SOLUSDT,buy,100000,1.438,87306996,69567492
2026-08-07T19:00:00.000Z,SOLUSDT,buy,1000000,3.319,87306996,69567492
2026-08-07T19:00:00.000Z,SOLUSDT,buy,5000000,9.208,87306996,69567492
2026-08-07T19:00:00.000Z,SOLUSDT,sell,10000,0.677,87306996,69567492
2026-08-07T19:00:00.000Z,SOLUSDT,sell,100000,0.677,87306996,69567492
2026-08-07T19:00:00.000Z,SOLUSDT,sell,1000000,1.531,87306996,69567492
2026-08-07T19:00:00.000Z,SOLUSDT,sell,5000000,8.36,87306996,69567492
2026-08-07T19:00:00.000Z,XRPUSDT,buy,10000,0.488,35731128,30111580
2026-08-07T19:00:00.000Z,XRPUSDT,buy,100000,1.464,35731128,30111580
2026-08-07T19:00:00.000Z,XRPUSDT,buy,1000000,6.248,35731128,30111580
2026-08-07T19:00:00.000Z,XRPUSDT,buy,5000000,23.985,35731128,30111580
2026-08-07T19:00:00.000Z,XRPUSDT,sell,10000,0.488,35731128,30111580
2026-08-07T19:00:00.000Z,XRPUSDT,sell,100000,0.488,35731128,30111580
2026-08-07T19:00:00.000Z,XRPUSDT,sell,1000000,5.35,35731128,30111580
2026-08-07T19:00:00.000Z,XRPUSDT,sell,5000000,24.452,35731128,30111580
2026-08-07T20:00:00.000Z,ADAUSDT,buy,10000,2.467,16027755,11515553
2026-08-07T20:00:00.000Z,ADAUSDT,buy,100000,7.771,16027755,11515553
2026-08-07T20:00:00.000Z,ADAUSDT,buy,1000000,42.141,16027755,11515553
2026-08-07T20:00:00.000Z,ADAUSDT,buy,5000000,130.036,16027755,11515553
2026-08-07T20:00:00.000Z,ADAUSDT,sell,10000,2.467,16027755,11515553
2026-08-07T20:00:00.000Z,ADAUSDT,sell,100000,5.94,16027755,11515553
2026-08-07T20:00:00.000Z,ADAUSDT,sell,1000000,33.099,16027755,11515553
2026-08-07T20:00:00.000Z,ADAUSDT,sell,5000000,103.679,16027755,11515553
2026-08-07T20:00:00.000Z,BNBUSDT,buy,10000,0.084,10630442,10308189
2026-08-07T20:00:00.000Z,BNBUSDT,buy,100000,0.633,10630442,10308189
2026-08-07T20:00:00.000Z,BNBUSDT,buy,1000000,8.275,10630442,10308189
2026-08-07T20:00:00.000Z,BNBUSDT,buy,5000000,31.829,10630442,10308189
2026-08-07T20:00:00.000Z,BNBUSDT,sell,10000,0.686,10630442,10308189
2026-08-07T20:00:00.000Z,BNBUSDT,sell,100000,1.922,10630442,10308189
2026-08-07T20:00:00.000Z,BNBUSDT,sell,1000000,9.548,10630442,10308189
2026-08-07T20:00:00.000Z,BNBUSDT,sell,5000000,32.682,10630442,10308189
2026-08-07T20:00:00.000Z,BTCUSDT,buy,10000,0.008,49024163,49118784
2026-08-07T20:00:00.000Z,BTCUSDT,buy,100000,0.008,49024163,49118784
2026-08-07T20:00:00.000Z,BTCUSDT,buy,1000000,0.008,49024163,49118784
2026-08-07T20:00:00.000Z,BTCUSDT,buy,5000000,0.912,49024163,49118784
2026-08-07T20:00:00.000Z,BTCUSDT,sell,10000,0.008,49024163,49118784
2026-08-07T20:00:00.000Z,BTCUSDT,sell,100000,0.008,49024163,49118784
2026-08-07T20:00:00.000Z,BTCUSDT,sell,1000000,0.332,49024163,49118784
2026-08-07T20:00:00.000Z,BTCUSDT,sell,5000000,1.808,49024163,49118784
2026-08-07T20:00:00.000Z,DOGEUSDT,buy,10000,0.717,43459101,29568752
2026-08-07T20:00:00.000Z,DOGEUSDT,buy,100000,0.717,43459101,29568752
2026-08-07T20:00:00.000Z,DOGEUSDT,buy,1000000,7.864,43459101,29568752
2026-08-07T20:00:00.000Z,DOGEUSDT,buy,5000000,52.945,43459101,29568752
2026-08-07T20:00:00.000Z,DOGEUSDT,sell,10000,1.44,43459101,29568752
2026-08-07T20:00:00.000Z,DOGEUSDT,sell,100000,2.208,43459101,29568752
2026-08-07T20:00:00.000Z,DOGEUSDT,sell,1000000,12.389,43459101,29568752
2026-08-07T20:00:00.000Z,DOGEUSDT,sell,5000000,52.577,43459101,29568752
2026-08-07T20:00:00.000Z,ETHUSDT,buy,10000,0.026,62738858,71103444
2026-08-07T20:00:00.000Z,ETHUSDT,buy,100000,0.026,62738858,71103444
2026-08-07T20:00:00.000Z,ETHUSDT,buy,1000000,0.452,62738858,71103444
2026-08-07T20:00:00.000Z,ETHUSDT,buy,5000000,2.482,62738858,71103444
2026-08-07T20:00:00.000Z,ETHUSDT,sell,10000,0.026,62738858,71103444
2026-08-07T20:00:00.000Z,ETHUSDT,sell,100000,0.151,62738858,71103444
2026-08-07T20:00:00.000Z,ETHUSDT,sell,1000000,0.72,62738858,71103444
2026-08-07T20:00:00.000Z,ETHUSDT,sell,5000000,3.148,62738858,71103444
2026-08-07T20:00:00.000Z,LINKUSDT,buy,10000,1.019,8050138,6359156
2026-08-07T20:00:00.000Z,LINKUSDT,buy,100000,4.46,8050138,6359156
2026-08-07T20:00:00.000Z,LINKUSDT,buy,1000000,29.882,8050138,6359156
2026-08-07T20:00:00.000Z,LINKUSDT,buy,5000000,131.646,8050138,6359156
2026-08-07T20:00:00.000Z,LINKUSDT,sell,10000,1.101,8050138,6359156
2026-08-07T20:00:00.000Z,LINKUSDT,sell,100000,4.067,8050138,6359156
2026-08-07T20:00:00.000Z,LINKUSDT,sell,1000000,31.018,8050138,6359156
2026-08-07T20:00:00.000Z,LINKUSDT,sell,5000000,119.94,8050138,6359156
2026-08-07T20:00:00.000Z,SOLUSDT,buy,10000,0.678,84516939,73222773
2026-08-07T20:00:00.000Z,SOLUSDT,buy,100000,0.678,84516939,73222773
2026-08-07T20:00:00.000Z,SOLUSDT,buy,1000000,1.372,84516939,73222773
2026-08-07T20:00:00.000Z,SOLUSDT,buy,5000000,5.676,84516939,73222773
2026-08-07T20:00:00.000Z,SOLUSDT,sell,10000,0.678,84516939,73222773
2026-08-07T20:00:00.000Z,SOLUSDT,sell,100000,1.466,84516939,73222773
2026-08-07T20:00:00.000Z,SOLUSDT,sell,1000000,4.069,84516939,73222773
2026-08-07T20:00:00.000Z,SOLUSDT,sell,5000000,11.549,84516939,73222773
2026-08-07T20:00:00.000Z,XRPUSDT,buy,10000,0.488,35612422,29639880
2026-08-07T20:00:00.000Z,XRPUSDT,buy,100000,0.488,35612422,29639880
2026-08-07T20:00:00.000Z,XRPUSDT,buy,1000000,4.627,35612422,29639880
2026-08-07T20:00:00.000Z,XRPUSDT,buy,5000000,23.779,35612422,29639880
2026-08-07T20:00:00.000Z,XRPUSDT,sell,10000,0.809,35612422,29639880
2026-08-07T20:00:00.000Z,XRPUSDT,sell,100000,1.547,35612422,29639880
2026-08-07T20:00:00.000Z,XRPUSDT,sell,1000000,5.643,35612422,29639880
2026-08-07T20:00:00.000Z,XRPUSDT,sell,5000000,23.257,35612422,29639880
2026-08-07T21:00:00.000Z,ADAUSDT,buy,10000,5.626,16128711,11296975
2026-08-07T21:00:00.000Z,ADAUSDT,buy,100000,8.44,16128711,11296975
2026-08-07T21:00:00.000Z,ADAUSDT,buy,1000000,43.02,16128711,11296975
2026-08-07T21:00:00.000Z,ADAUSDT,buy,5000000,134.443,16128711,11296975
2026-08-07T21:00:00.000Z,ADAUSDT,sell,10000,3.288,16128711,11296975
2026-08-07T21:00:00.000Z,ADAUSDT,sell,100000,8.589,16128711,11296975
2026-08-07T21:00:00.000Z,ADAUSDT,sell,1000000,38.634,16128711,11296975
2026-08-07T21:00:00.000Z,ADAUSDT,sell,5000000,106.109,16128711,11296975
2026-08-07T21:00:00.000Z,BNBUSDT,buy,10000,0.084,11156905,10939141
2026-08-07T21:00:00.000Z,BNBUSDT,buy,100000,0.945,11156905,10939141
2026-08-07T21:00:00.000Z,BNBUSDT,buy,1000000,8.225,11156905,10939141
2026-08-07T21:00:00.000Z,BNBUSDT,buy,5000000,29.207,11156905,10939141
2026-08-07T21:00:00.000Z,BNBUSDT,sell,10000,0.282,11156905,10939141
2026-08-07T21:00:00.000Z,BNBUSDT,sell,100000,1.582,11156905,10939141
2026-08-07T21:00:00.000Z,BNBUSDT,sell,1000000,8.86,11156905,10939141
2026-08-07T21:00:00.000Z,BNBUSDT,sell,5000000,31.663,11156905,10939141
2026-08-07T21:00:00.000Z,BTCUSDT,buy,10000,0.008,48325451,39999559
2026-08-07T21:00:00.000Z,BTCUSDT,buy,100000,0.081,48325451,39999559
2026-08-07T21:00:00.000Z,BTCUSDT,buy,1000000,0.957,48325451,39999559
2026-08-07T21:00:00.000Z,BTCUSDT,buy,5000000,2.94,48325451,39999559
2026-08-07T21:00:00.000Z,BTCUSDT,sell,10000,0.008,48325451,39999559
2026-08-07T21:00:00.000Z,BTCUSDT,sell,100000,0.008,48325451,39999559
2026-08-07T21:00:00.000Z,BTCUSDT,sell,1000000,0.008,48325451,39999559
2026-08-07T21:00:00.000Z,BTCUSDT,sell,5000000,0.667,48325451,39999559
2026-08-07T21:00:00.000Z,DOGEUSDT,buy,10000,0.741,43027514,28614519
2026-08-07T21:00:00.000Z,DOGEUSDT,buy,100000,3.749,43027514,28614519
2026-08-07T21:00:00.000Z,DOGEUSDT,buy,1000000,19.555,43027514,28614519
2026-08-07T21:00:00.000Z,DOGEUSDT,buy,5000000,72.694,43027514,28614519
2026-08-07T21:00:00.000Z,DOGEUSDT,sell,10000,0.773,43027514,28614519
2026-08-07T21:00:00.000Z,DOGEUSDT,sell,100000,3.243,43027514,28614519
2026-08-07T21:00:00.000Z,DOGEUSDT,sell,1000000,16.874,43027514,28614519
2026-08-07T21:00:00.000Z,DOGEUSDT,sell,5000000,63.254,43027514,28614519
2026-08-07T21:00:00.000Z,ETHUSDT,buy,10000,0.026,59347486,77340749
2026-08-07T21:00:00.000Z,ETHUSDT,buy,100000,0.772,59347486,77340749
2026-08-07T21:00:00.000Z,ETHUSDT,buy,1000000,1.647,59347486,77340749
2026-08-07T21:00:00.000Z,ETHUSDT,buy,5000000,4.121,59347486,77340749
2026-08-07T21:00:00.000Z,ETHUSDT,sell,10000,0.026,59347486,77340749
2026-08-07T21:00:00.000Z,ETHUSDT,sell,100000,0.026,59347486,77340749
2026-08-07T21:00:00.000Z,ETHUSDT,sell,1000000,0.513,59347486,77340749
2026-08-07T21:00:00.000Z,ETHUSDT,sell,5000000,3.318,59347486,77340749
2026-08-07T21:00:00.000Z,LINKUSDT,buy,10000,0.61,8212496,6563923
2026-08-07T21:00:00.000Z,LINKUSDT,buy,100000,6.092,8212496,6563923
2026-08-07T21:00:00.000Z,LINKUSDT,buy,1000000,33.529,8212496,6563923
2026-08-07T21:00:00.000Z,LINKUSDT,buy,5000000,133.407,8212496,6563923
2026-08-07T21:00:00.000Z,LINKUSDT,sell,10000,1.466,8212496,6563923
2026-08-07T21:00:00.000Z,LINKUSDT,sell,100000,5.292,8212496,6563923
2026-08-07T21:00:00.000Z,LINKUSDT,sell,1000000,29.53,8212496,6563923
2026-08-07T21:00:00.000Z,LINKUSDT,sell,5000000,105.579,8212496,6563923
2026-08-07T21:00:00.000Z,SOLUSDT,buy,10000,0.679,81150401,66165767
2026-08-07T21:00:00.000Z,SOLUSDT,buy,100000,0.679,81150401,66165767
2026-08-07T21:00:00.000Z,SOLUSDT,buy,1000000,3.047,81150401,66165767
2026-08-07T21:00:00.000Z,SOLUSDT,buy,5000000,14.739,81150401,66165767
2026-08-07T21:00:00.000Z,SOLUSDT,sell,10000,0.679,81150401,66165767
2026-08-07T21:00:00.000Z,SOLUSDT,sell,100000,1.442,81150401,66165767
2026-08-07T21:00:00.000Z,SOLUSDT,sell,1000000,4.33,81150401,66165767
2026-08-07T21:00:00.000Z,SOLUSDT,sell,5000000,15.996,81150401,66165767
2026-08-07T21:00:00.000Z,XRPUSDT,buy,10000,0.489,35559510,30020391
2026-08-07T21:00:00.000Z,XRPUSDT,buy,100000,1.355,35559510,30020391
2026-08-07T21:00:00.000Z,XRPUSDT,buy,1000000,6.281,35559510,30020391
2026-08-07T21:00:00.000Z,XRPUSDT,buy,5000000,25.882,35559510,30020391
2026-08-07T21:00:00.000Z,XRPUSDT,sell,10000,0.489,35559510,30020391
2026-08-07T21:00:00.000Z,XRPUSDT,sell,100000,0.661,35559510,30020391
2026-08-07T21:00:00.000Z,XRPUSDT,sell,1000000,7.078,35559510,30020391
2026-08-07T21:00:00.000Z,XRPUSDT,sell,5000000,28.548,35559510,30020391
2026-08-07T22:00:00.000Z,ADAUSDT,buy,10000,3.601,16161728,11642074
2026-08-07T22:00:00.000Z,ADAUSDT,buy,100000,7.76,16161728,11642074
2026-08-07T22:00:00.000Z,ADAUSDT,buy,1000000,34.344,16161728,11642074
2026-08-07T22:00:00.000Z,ADAUSDT,buy,5000000,124.329,16161728,11642074
2026-08-07T22:00:00.000Z,ADAUSDT,sell,10000,2.493,16161728,11642074
2026-08-07T22:00:00.000Z,ADAUSDT,sell,100000,4.585,16161728,11642074
2026-08-07T22:00:00.000Z,ADAUSDT,sell,1000000,30.276,16161728,11642074
2026-08-07T22:00:00.000Z,ADAUSDT,sell,5000000,101.816,16161728,11642074
2026-08-07T22:00:00.000Z,BNBUSDT,buy,10000,0.084,11592407,10632925
2026-08-07T22:00:00.000Z,BNBUSDT,buy,100000,0.971,11592407,10632925
2026-08-07T22:00:00.000Z,BNBUSDT,buy,1000000,7.768,11592407,10632925
2026-08-07T22:00:00.000Z,BNBUSDT,buy,5000000,29.341,11592407,10632925
2026-08-07T22:00:00.000Z,BNBUSDT,sell,10000,0.084,11592407,10632925
2026-08-07T22:00:00.000Z,BNBUSDT,sell,100000,1.078,11592407,10632925
2026-08-07T22:00:00.000Z,BNBUSDT,sell,1000000,8.568,11592407,10632925
2026-08-07T22:00:00.000Z,BNBUSDT,sell,5000000,29,11592407,10632925
2026-08-07T22:00:00.000Z,BTCUSDT,buy,10000,0.008,38819190,47483653
2026-08-07T22:00:00.000Z,BTCUSDT,buy,100000,0.008,38819190,47483653
2026-08-07T22:00:00.000Z,BTCUSDT,buy,1000000,0.174,38819190,47483653
2026-08-07T22:00:00.000Z,BTCUSDT,buy,5000000,1.431,38819190,47483653
2026-08-07T22:00:00.000Z,BTCUSDT,sell,10000,0.008,38819190,47483653
2026-08-07T22:00:00.000Z,BTCUSDT,sell,100000,0.008,38819190,47483653
2026-08-07T22:00:00.000Z,BTCUSDT,sell,1000000,0.227,38819190,47483653
2026-08-07T22:00:00.000Z,BTCUSDT,sell,5000000,2.21,38819190,47483653
2026-08-07T22:00:00.000Z,DOGEUSDT,buy,10000,0.718,43712676,29161823
2026-08-07T22:00:00.000Z,DOGEUSDT,buy,100000,2.172,43712676,29161823
2026-08-07T22:00:00.000Z,DOGEUSDT,buy,1000000,13.818,43712676,29161823
2026-08-07T22:00:00.000Z,DOGEUSDT,buy,5000000,64.164,43712676,29161823
2026-08-07T22:00:00.000Z,DOGEUSDT,sell,10000,0.718,43712676,29161823
2026-08-07T22:00:00.000Z,DOGEUSDT,sell,100000,1.089,43712676,29161823
2026-08-07T22:00:00.000Z,DOGEUSDT,sell,1000000,8.656,43712676,29161823
2026-08-07T22:00:00.000Z,DOGEUSDT,sell,5000000,47.749,43712676,29161823
2026-08-07T22:00:00.000Z,ETHUSDT,buy,10000,0.026,61322160,62270092
2026-08-07T22:00:00.000Z,ETHUSDT,buy,100000,0.026,61322160,62270092
2026-08-07T22:00:00.000Z,ETHUSDT,buy,1000000,0.731,61322160,62270092
2026-08-07T22:00:00.000Z,ETHUSDT,buy,5000000,3.525,61322160,62270092
2026-08-07T22:00:00.000Z,ETHUSDT,sell,10000,0.026,61322160,62270092
2026-08-07T22:00:00.000Z,ETHUSDT,sell,100000,0.026,61322160,62270092
2026-08-07T22:00:00.000Z,ETHUSDT,sell,1000000,0.824,61322160,62270092
2026-08-07T22:00:00.000Z,ETHUSDT,sell,5000000,3.169,61322160,62270092
2026-08-07T22:00:00.000Z,LINKUSDT,buy,10000,1.584,8327696,6550296
2026-08-07T22:00:00.000Z,LINKUSDT,buy,100000,4.78,8327696,6550296
2026-08-07T22:00:00.000Z,LINKUSDT,buy,1000000,28.955,8327696,6550296
2026-08-07T22:00:00.000Z,LINKUSDT,buy,5000000,129.47,8327696,6550296
2026-08-07T22:00:00.000Z,LINKUSDT,sell,10000,0.612,8327696,6550296
2026-08-07T22:00:00.000Z,LINKUSDT,sell,100000,4.231,8327696,6550296
2026-08-07T22:00:00.000Z,LINKUSDT,sell,1000000,23.629,8327696,6550296
2026-08-07T22:00:00.000Z,LINKUSDT,sell,5000000,103.106,8327696,6550296
2026-08-07T22:00:00.000Z,SOLUSDT,buy,10000,0.68,83840524,67162981
2026-08-07T22:00:00.000Z,SOLUSDT,buy,100000,0.68,83840524,67162981
2026-08-07T22:00:00.000Z,SOLUSDT,buy,1000000,1.95,83840524,67162981
2026-08-07T22:00:00.000Z,SOLUSDT,buy,5000000,11.693,83840524,67162981
2026-08-07T22:00:00.000Z,SOLUSDT,sell,10000,0.68,83840524,67162981
2026-08-07T22:00:00.000Z,SOLUSDT,sell,100000,0.68,83840524,67162981
2026-08-07T22:00:00.000Z,SOLUSDT,sell,1000000,2.218,83840524,67162981
2026-08-07T22:00:00.000Z,SOLUSDT,sell,5000000,12.181,83840524,67162981
2026-08-07T22:00:00.000Z,XRPUSDT,buy,10000,0.491,36007784,29142674
2026-08-07T22:00:00.000Z,XRPUSDT,buy,100000,1.454,36007784,29142674
2026-08-07T22:00:00.000Z,XRPUSDT,buy,1000000,5.454,36007784,29142674
2026-08-07T22:00:00.000Z,XRPUSDT,buy,5000000,26.388,36007784,29142674
2026-08-07T22:00:00.000Z,XRPUSDT,sell,10000,0.491,36007784,29142674
2026-08-07T22:00:00.000Z,XRPUSDT,sell,100000,0.491,36007784,29142674
2026-08-07T22:00:00.000Z,XRPUSDT,sell,1000000,3.694,36007784,29142674
2026-08-07T22:00:00.000Z,XRPUSDT,sell,5000000,24.44,36007784,29142674
2026-08-08T00:00:00.000Z,ADAUSDT,buy,10000,2.498,16161619,11436983
2026-08-08T00:00:00.000Z,ADAUSDT,buy,100000,8.254,16161619,11436983
2026-08-08T00:00:00.000Z,ADAUSDT,buy,1000000,41.64,16161619,11436983
2026-08-08T00:00:00.000Z,ADAUSDT,buy,5000000,124.931,16161619,11436983
2026-08-08T00:00:00.000Z,ADAUSDT,sell,10000,2.498,16161619,11436983
2026-08-08T00:00:00.000Z,ADAUSDT,sell,100000,5.319,16161619,11436983
2026-08-08T00:00:00.000Z,ADAUSDT,sell,1000000,34.768,16161619,11436983
2026-08-08T00:00:00.000Z,ADAUSDT,sell,5000000,106.868,16161619,11436983
2026-08-08T00:00:00.000Z,BNBUSDT,buy,10000,0.085,11532116,10810858
2026-08-08T00:00:00.000Z,BNBUSDT,buy,100000,0.616,11532116,10810858
2026-08-08T00:00:00.000Z,BNBUSDT,buy,1000000,8.214,11532116,10810858
2026-08-08T00:00:00.000Z,BNBUSDT,buy,5000000,32.923,11532116,10810858
2026-08-08T00:00:00.000Z,BNBUSDT,sell,10000,0.085,11532116,10810858
2026-08-08T00:00:00.000Z,BNBUSDT,sell,100000,0.897,11532116,10810858
2026-08-08T00:00:00.000Z,BNBUSDT,sell,1000000,6.378,11532116,10810858
2026-08-08T00:00:00.000Z,BNBUSDT,sell,5000000,26.38,11532116,10810858
2026-08-08T00:00:00.000Z,BTCUSDT,buy,10000,0.008,37624504,47351623
2026-08-08T00:00:00.000Z,BTCUSDT,buy,100000,0.008,37624504,47351623
2026-08-08T00:00:00.000Z,BTCUSDT,buy,1000000,0.073,37624504,47351623
2026-08-08T00:00:00.000Z,BTCUSDT,buy,5000000,1.588,37624504,47351623
2026-08-08T00:00:00.000Z,BTCUSDT,sell,10000,0.008,37624504,47351623
2026-08-08T00:00:00.000Z,BTCUSDT,sell,100000,0.008,37624504,47351623
2026-08-08T00:00:00.000Z,BTCUSDT,sell,1000000,0.594,37624504,47351623
2026-08-08T00:00:00.000Z,BTCUSDT,sell,5000000,2.361,37624504,47351623
2026-08-08T00:00:00.000Z,DOGEUSDT,buy,10000,0.717,44071954,29187391
2026-08-08T00:00:00.000Z,DOGEUSDT,buy,100000,1.06,44071954,29187391
2026-08-08T00:00:00.000Z,DOGEUSDT,buy,1000000,11.928,44071954,29187391
2026-08-08T00:00:00.000Z,DOGEUSDT,buy,5000000,59.74,44071954,29187391
2026-08-08T00:00:00.000Z,DOGEUSDT,sell,10000,0.717,44071954,29187391
2026-08-08T00:00:00.000Z,DOGEUSDT,sell,100000,0.717,44071954,29187391
2026-08-08T00:00:00.000Z,DOGEUSDT,sell,1000000,10.014,44071954,29187391
2026-08-08T00:00:00.000Z,DOGEUSDT,sell,5000000,52.726,44071954,29187391
2026-08-08T00:00:00.000Z,ETHUSDT,buy,10000,0.026,65664998,61498086
2026-08-08T00:00:00.000Z,ETHUSDT,buy,100000,0.026,65664998,61498086
2026-08-08T00:00:00.000Z,ETHUSDT,buy,1000000,0.065,65664998,61498086
2026-08-08T00:00:00.000Z,ETHUSDT,buy,5000000,2.391,65664998,61498086
2026-08-08T00:00:00.000Z,ETHUSDT,sell,10000,0.026,65664998,61498086
2026-08-08T00:00:00.000Z,ETHUSDT,sell,100000,0.218,65664998,61498086
2026-08-08T00:00:00.000Z,ETHUSDT,sell,1000000,1.29,65664998,61498086
2026-08-08T00:00:00.000Z,ETHUSDT,sell,5000000,3.655,65664998,61498086
2026-08-08T00:00:00.000Z,LINKUSDT,buy,10000,0.613,8271101,6451931
2026-08-08T00:00:00.000Z,LINKUSDT,buy,100000,3.425,8271101,6451931
2026-08-08T00:00:00.000Z,LINKUSDT,buy,1000000,29.339,8271101,6451931
2026-08-08T00:00:00.000Z,LINKUSDT,buy,5000000,136.92,8271101,6451931
2026-08-08T00:00:00.000Z,LINKUSDT,sell,10000,0.613,8271101,6451931
2026-08-08T00:00:00.000Z,LINKUSDT,sell,100000,3.063,8271101,6451931
2026-08-08T00:00:00.000Z,LINKUSDT,sell,1000000,21.73,8271101,6451931
2026-08-08T00:00:00.000Z,LINKUSDT,sell,5000000,101.123,8271101,6451931
2026-08-08T00:00:00.000Z,SOLUSDT,buy,10000,0.679,85716414,66810999
2026-08-08T00:00:00.000Z,SOLUSDT,buy,100000,0.679,85716414,66810999
2026-08-08T00:00:00.000Z,SOLUSDT,buy,1000000,2.601,85716414,66810999
2026-08-08T00:00:00.000Z,SOLUSDT,buy,5000000,12.912,85716414,66810999
2026-08-08T00:00:00.000Z,SOLUSDT,sell,10000,0.679,85716414,66810999
2026-08-08T00:00:00.000Z,SOLUSDT,sell,100000,0.679,85716414,66810999
2026-08-08T00:00:00.000Z,SOLUSDT,sell,1000000,1.699,85716414,66810999
2026-08-08T00:00:00.000Z,SOLUSDT,sell,5000000,10.306,85716414,66810999
2026-08-08T00:00:00.000Z,XRPUSDT,buy,10000,0.488,36181771,28959794
2026-08-08T00:00:00.000Z,XRPUSDT,buy,100000,0.488,36181771,28959794
2026-08-08T00:00:00.000Z,XRPUSDT,buy,1000000,4.473,36181771,28959794
2026-08-08T00:00:00.000Z,XRPUSDT,buy,5000000,25.22,36181771,28959794
2026-08-08T00:00:00.000Z,XRPUSDT,sell,10000,0.488,36181771,28959794
2026-08-08T00:00:00.000Z,XRPUSDT,sell,100000,1.132,36181771,28959794
2026-08-08T00:00:00.000Z,XRPUSDT,sell,1000000,5.818,36181771,28959794
2026-08-08T00:00:00.000Z,XRPUSDT,sell,5000000,24.924,36181771,28959794
2026-08-08T01:00:00.000Z,ADAUSDT,buy,10000,5.55,16080787,11623091
2026-08-08T01:00:00.000Z,ADAUSDT,buy,100000,7.854,16080787,11623091
2026-08-08T01:00:00.000Z,ADAUSDT,buy,1000000,37.63,16080787,11623091
2026-08-08T01:00:00.000Z,ADAUSDT,buy,5000000,122.705,16080787,11623091
2026-08-08T01:00:00.000Z,ADAUSDT,sell,10000,2.501,16080787,11623091
2026-08-08T01:00:00.000Z,ADAUSDT,sell,100000,5.812,16080787,11623091
2026-08-08T01:00:00.000Z,ADAUSDT,sell,1000000,36.113,16080787,11623091
2026-08-08T01:00:00.000Z,ADAUSDT,sell,5000000,106.112,16080787,11623091
2026-08-08T01:00:00.000Z,BNBUSDT,buy,10000,0.085,12048505,10818614
2026-08-08T01:00:00.000Z,BNBUSDT,buy,100000,1.231,12048505,10818614
2026-08-08T01:00:00.000Z,BNBUSDT,buy,1000000,8.937,12048505,10818614
2026-08-08T01:00:00.000Z,BNBUSDT,buy,5000000,33.063,12048505,10818614
2026-08-08T01:00:00.000Z,BNBUSDT,sell,10000,0.239,12048505,10818614
2026-08-08T01:00:00.000Z,BNBUSDT,sell,100000,1.578,12048505,10818614
2026-08-08T01:00:00.000Z,BNBUSDT,sell,1000000,4.048,12048505,10818614
2026-08-08T01:00:00.000Z,BNBUSDT,sell,5000000,21.582,12048505,10818614
2026-08-08T01:00:00.000Z,BTCUSDT,buy,10000,0.008,41853639,43216438
2026-08-08T01:00:00.000Z,BTCUSDT,buy,100000,0.008,41853639,43216438
2026-08-08T01:00:00.000Z,BTCUSDT,buy,1000000,0.661,41853639,43216438
2026-08-08T01:00:00.000Z,BTCUSDT,buy,5000000,2.549,41853639,43216438
2026-08-08T01:00:00.000Z,BTCUSDT,sell,10000,0.008,41853639,43216438
2026-08-08T01:00:00.000Z,BTCUSDT,sell,100000,0.008,41853639,43216438
2026-08-08T01:00:00.000Z,BTCUSDT,sell,1000000,0.008,41853639,43216438
2026-08-08T01:00:00.000Z,BTCUSDT,sell,5000000,0.976,41853639,43216438
2026-08-08T01:00:00.000Z,DOGEUSDT,buy,10000,0.715,42547917,29140355
2026-08-08T01:00:00.000Z,DOGEUSDT,buy,100000,1.44,42547917,29140355
2026-08-08T01:00:00.000Z,DOGEUSDT,buy,1000000,8.459,42547917,29140355
2026-08-08T01:00:00.000Z,DOGEUSDT,buy,5000000,51.28,42547917,29140355
2026-08-08T01:00:00.000Z,DOGEUSDT,sell,10000,0.715,42547917,29140355
2026-08-08T01:00:00.000Z,DOGEUSDT,sell,100000,2.201,42547917,29140355
2026-08-08T01:00:00.000Z,DOGEUSDT,sell,1000000,12.907,42547917,29140355
2026-08-08T01:00:00.000Z,DOGEUSDT,sell,5000000,57.551,42547917,29140355
2026-08-08T01:00:00.000Z,ETHUSDT,buy,10000,0.026,67162955,66869537
2026-08-08T01:00:00.000Z,ETHUSDT,buy,100000,0.026,67162955,66869537
2026-08-08T01:00:00.000Z,ETHUSDT,buy,1000000,0.95,67162955,66869537
2026-08-08T01:00:00.000Z,ETHUSDT,buy,5000000,3.51,67162955,66869537
2026-08-08T01:00:00.000Z,ETHUSDT,sell,10000,0.026,67162955,66869537
2026-08-08T01:00:00.000Z,ETHUSDT,sell,100000,0.026,67162955,66869537
2026-08-08T01:00:00.000Z,ETHUSDT,sell,1000000,0.748,67162955,66869537
2026-08-08T01:00:00.000Z,ETHUSDT,sell,5000000,3.513,67162955,66869537
2026-08-08T01:00:00.000Z,LINKUSDT,buy,10000,0.974,8297875,6174885
2026-08-08T01:00:00.000Z,LINKUSDT,buy,100000,4.448,8297875,6174885
2026-08-08T01:00:00.000Z,LINKUSDT,buy,1000000,32.498,8297875,6174885
2026-08-08T01:00:00.000Z,LINKUSDT,buy,5000000,142.817,8297875,6174885
2026-08-08T01:00:00.000Z,LINKUSDT,sell,10000,0.836,8297875,6174885
2026-08-08T01:00:00.000Z,LINKUSDT,sell,100000,3.987,8297875,6174885
2026-08-08T01:00:00.000Z,LINKUSDT,sell,1000000,23.73,8297875,6174885
2026-08-08T01:00:00.000Z,LINKUSDT,sell,5000000,103.442,8297875,6174885
2026-08-08T01:00:00.000Z,SOLUSDT,buy,10000,0.677,87191698,67326706
2026-08-08T01:00:00.000Z,SOLUSDT,buy,100000,0.677,87191698,67326706
2026-08-08T01:00:00.000Z,SOLUSDT,buy,1000000,2.512,87191698,67326706
2026-08-08T01:00:00.000Z,SOLUSDT,buy,5000000,10.139,87191698,67326706
2026-08-08T01:00:00.000Z,SOLUSDT,sell,10000,0.677,87191698,67326706
2026-08-08T01:00:00.000Z,SOLUSDT,sell,100000,0.677,87191698,67326706
2026-08-08T01:00:00.000Z,SOLUSDT,sell,1000000,2.522,87191698,67326706
2026-08-08T01:00:00.000Z,SOLUSDT,sell,5000000,8.891,87191698,67326706
2026-08-08T01:00:00.000Z,XRPUSDT,buy,10000,0.486,37366386,29707997
2026-08-08T01:00:00.000Z,XRPUSDT,buy,100000,0.633,37366386,29707997
2026-08-08T01:00:00.000Z,XRPUSDT,buy,1000000,5.531,37366386,29707997
2026-08-08T01:00:00.000Z,XRPUSDT,buy,5000000,24.629,37366386,29707997
2026-08-08T01:00:00.000Z,XRPUSDT,sell,10000,0.486,37366386,29707997
2026-08-08T01:00:00.000Z,XRPUSDT,sell,100000,1.025,37366386,29707997
2026-08-08T01:00:00.000Z,XRPUSDT,sell,1000000,4.288,37366386,29707997
2026-08-08T01:00:00.000Z,XRPUSDT,sell,5000000,20.375,37366386,29707997
2026-08-08T02:00:00.000Z,ADAUSDT,buy,10000,4.322,16755564,12053747
2026-08-08T02:00:00.000Z,ADAUSDT,buy,100000,8.607,16755564,12053747
2026-08-08T02:00:00.000Z,ADAUSDT,buy,1000000,37.648,16755564,12053747
2026-08-08T02:00:00.000Z,ADAUSDT,buy,5000000,114.844,16755564,12053747
2026-08-08T02:00:00.000Z,ADAUSDT,sell,10000,2.496,16755564,12053747
2026-08-08T02:00:00.000Z,ADAUSDT,sell,100000,5.857,16755564,12053747
2026-08-08T02:00:00.000Z,ADAUSDT,sell,1000000,30.138,16755564,12053747
2026-08-08T02:00:00.000Z,ADAUSDT,sell,5000000,101.456,16755564,12053747
2026-08-08T02:00:00.000Z,BNBUSDT,buy,10000,0.084,12169590,10777123
2026-08-08T02:00:00.000Z,BNBUSDT,buy,100000,1.37,12169590,10777123
2026-08-08T02:00:00.000Z,BNBUSDT,buy,1000000,7.855,12169590,10777123
2026-08-08T02:00:00.000Z,BNBUSDT,buy,5000000,29.585,12169590,10777123
2026-08-08T02:00:00.000Z,BNBUSDT,sell,10000,0.084,12169590,10777123
2026-08-08T02:00:00.000Z,BNBUSDT,sell,100000,0.585,12169590,10777123
2026-08-08T02:00:00.000Z,BNBUSDT,sell,1000000,6.586,12169590,10777123
2026-08-08T02:00:00.000Z,BNBUSDT,sell,5000000,25.215,12169590,10777123
2026-08-08T02:00:00.000Z,BTCUSDT,buy,10000,0.008,40299140,42033735
2026-08-08T02:00:00.000Z,BTCUSDT,buy,100000,0.008,40299140,42033735
2026-08-08T02:00:00.000Z,BTCUSDT,buy,1000000,0.41,40299140,42033735
2026-08-08T02:00:00.000Z,BTCUSDT,buy,5000000,2.081,40299140,42033735
2026-08-08T02:00:00.000Z,BTCUSDT,sell,10000,0.008,40299140,42033735
2026-08-08T02:00:00.000Z,BTCUSDT,sell,100000,0.008,40299140,42033735
2026-08-08T02:00:00.000Z,BTCUSDT,sell,1000000,0.159,40299140,42033735
2026-08-08T02:00:00.000Z,BTCUSDT,sell,5000000,2.204,40299140,42033735
2026-08-08T02:00:00.000Z,DOGEUSDT,buy,10000,0.715,44592370,29091836
2026-08-08T02:00:00.000Z,DOGEUSDT,buy,100000,1.868,44592370,29091836
2026-08-08T02:00:00.000Z,DOGEUSDT,buy,1000000,10.97,44592370,29091836
2026-08-08T02:00:00.000Z,DOGEUSDT,buy,5000000,53.381,44592370,29091836
2026-08-08T02:00:00.000Z,DOGEUSDT,sell,10000,0.715,44592370,29091836
2026-08-08T02:00:00.000Z,DOGEUSDT,sell,100000,1.252,44592370,29091836
2026-08-08T02:00:00.000Z,DOGEUSDT,sell,1000000,8.461,44592370,29091836
2026-08-08T02:00:00.000Z,DOGEUSDT,sell,5000000,48.414,44592370,29091836
2026-08-08T02:00:00.000Z,ETHUSDT,buy,10000,0.026,71951081,64011899
2026-08-08T02:00:00.000Z,ETHUSDT,buy,100000,0.026,71951081,64011899
2026-08-08T02:00:00.000Z,ETHUSDT,buy,1000000,0.822,71951081,64011899
2026-08-08T02:00:00.000Z,ETHUSDT,buy,5000000,3.271,71951081,64011899
2026-08-08T02:00:00.000Z,ETHUSDT,sell,10000,0.026,71951081,64011899
2026-08-08T02:00:00.000Z,ETHUSDT,sell,100000,0.026,71951081,64011899
2026-08-08T02:00:00.000Z,ETHUSDT,sell,1000000,0.515,71951081,64011899
2026-08-08T02:00:00.000Z,ETHUSDT,sell,5000000,2.693,71951081,64011899
2026-08-08T02:00:00.000Z,LINKUSDT,buy,10000,1.169,8038624,6303626
2026-08-08T02:00:00.000Z,LINKUSDT,buy,100000,4.509,8038624,6303626
2026-08-08T02:00:00.000Z,LINKUSDT,buy,1000000,30.285,8038624,6303626
2026-08-08T02:00:00.000Z,LINKUSDT,buy,5000000,139.529,8038624,6303626
2026-08-08T02:00:00.000Z,LINKUSDT,sell,10000,1.103,8038624,6303626
2026-08-08T02:00:00.000Z,LINKUSDT,sell,100000,4.327,8038624,6303626
2026-08-08T02:00:00.000Z,LINKUSDT,sell,1000000,25.741,8038624,6303626
2026-08-08T02:00:00.000Z,LINKUSDT,sell,5000000,107.257,8038624,6303626
2026-08-08T02:00:00.000Z,SOLUSDT,buy,10000,0.677,84625982,68634756
2026-08-08T02:00:00.000Z,SOLUSDT,buy,100000,0.677,84625982,68634756
2026-08-08T02:00:00.000Z,SOLUSDT,buy,1000000,2.267,84625982,68634756
2026-08-08T02:00:00.000Z,SOLUSDT,buy,5000000,9.308,84625982,68634756
2026-08-08T02:00:00.000Z,SOLUSDT,sell,10000,0.677,84625982,68634756
2026-08-08T02:00:00.000Z,SOLUSDT,sell,100000,0.677,84625982,68634756
2026-08-08T02:00:00.000Z,SOLUSDT,sell,1000000,2.248,84625982,68634756
2026-08-08T02:00:00.000Z,SOLUSDT,sell,5000000,11.951,84625982,68634756
2026-08-08T02:00:00.000Z,XRPUSDT,buy,10000,0.485,36407332,29513166
2026-08-08T02:00:00.000Z,XRPUSDT,buy,100000,0.79,36407332,29513166
2026-08-08T02:00:00.000Z,XRPUSDT,buy,1000000,5.722,36407332,29513166
2026-08-08T02:00:00.000Z,XRPUSDT,buy,5000000,26.001,36407332,29513166
2026-08-08T02:00:00.000Z,XRPUSDT,sell,10000,0.485,36407332,29513166
2026-08-08T02:00:00.000Z,XRPUSDT,sell,100000,0.932,36407332,29513166
2026-08-08T02:00:00.000Z,XRPUSDT,sell,1000000,6.048,36407332,29513166
2026-08-08T02:00:00.000Z,XRPUSDT,sell,5000000,22.033,36407332,29513166
2026-08-08T03:00:00.000Z,ADAUSDT,buy,10000,2.481,16573858,11648986
2026-08-08T03:00:00.000Z,ADAUSDT,buy,100000,7.455,16573858,11648986
2026-08-08T03:00:00.000Z,ADAUSDT,buy,1000000,33.584,16573858,11648986
2026-08-08T03:00:00.000Z,ADAUSDT,buy,5000000,115.622,16573858,11648986
2026-08-08T03:00:00.000Z,ADAUSDT,sell,10000,2.481,16573858,11648986
2026-08-08T03:00:00.000Z,ADAUSDT,sell,100000,5.788,16573858,11648986
2026-08-08T03:00:00.000Z,ADAUSDT,sell,1000000,34.908,16573858,11648986
2026-08-08T03:00:00.000Z,ADAUSDT,sell,5000000,108.472,16573858,11648986
2026-08-08T03:00:00.000Z,BNBUSDT,buy,10000,0.136,11472292,11784387
2026-08-08T03:00:00.000Z,BNBUSDT,buy,100000,1.207,11472292,11784387
2026-08-08T03:00:00.000Z,BNBUSDT,buy,1000000,4.978,11472292,11784387
2026-08-08T03:00:00.000Z,BNBUSDT,buy,5000000,22.578,11472292,11784387
2026-08-08T03:00:00.000Z,BNBUSDT,sell,10000,0.084,11472292,11784387
2026-08-08T03:00:00.000Z,BNBUSDT,sell,100000,0.741,11472292,11784387
2026-08-08T03:00:00.000Z,BNBUSDT,sell,1000000,7.627,11472292,11784387
2026-08-08T03:00:00.000Z,BNBUSDT,sell,5000000,29.78,11472292,11784387
2026-08-08T03:00:00.000Z,BTCUSDT,buy,10000,0.008,40356459,45281092
2026-08-08T03:00:00.000Z,BTCUSDT,buy,100000,0.008,40356459,45281092
2026-08-08T03:00:00.000Z,BTCUSDT,buy,1000000,0.008,40356459,45281092
2026-08-08T03:00:00.000Z,BTCUSDT,buy,5000000,1.039,40356459,45281092
2026-08-08T03:00:00.000Z,BTCUSDT,sell,10000,0.008,40356459,45281092
2026-08-08T03:00:00.000Z,BTCUSDT,sell,100000,0.013,40356459,45281092
2026-08-08T03:00:00.000Z,BTCUSDT,sell,1000000,0.67,40356459,45281092
2026-08-08T03:00:00.000Z,BTCUSDT,sell,5000000,2.516,40356459,45281092
2026-08-08T03:00:00.000Z,DOGEUSDT,buy,10000,0.712,43162174,29047977
2026-08-08T03:00:00.000Z,DOGEUSDT,buy,100000,1.28,43162174,29047977
2026-08-08T03:00:00.000Z,DOGEUSDT,buy,1000000,10.208,43162174,29047977
2026-08-08T03:00:00.000Z,DOGEUSDT,buy,5000000,47.956,43162174,29047977
2026-08-08T03:00:00.000Z,DOGEUSDT,sell,10000,0.712,43162174,29047977
2026-08-08T03:00:00.000Z,DOGEUSDT,sell,100000,1.752,43162174,29047977
2026-08-08T03:00:00.000Z,DOGEUSDT,sell,1000000,7.733,43162174,29047977
2026-08-08T03:00:00.000Z,DOGEUSDT,sell,5000000,47.839,43162174,29047977
2026-08-08T03:00:00.000Z,ETHUSDT,buy,10000,0.026,68110393,75051375
2026-08-08T03:00:00.000Z,ETHUSDT,buy,100000,0.026,68110393,75051375
2026-08-08T03:00:00.000Z,ETHUSDT,buy,1000000,0.707,68110393,75051375
2026-08-08T03:00:00.000Z,ETHUSDT,buy,5000000,3.359,68110393,75051375
2026-08-08T03:00:00.000Z,ETHUSDT,sell,10000,0.026,68110393,75051375
2026-08-08T03:00:00.000Z,ETHUSDT,sell,100000,0.035,68110393,75051375
2026-08-08T03:00:00.000Z,ETHUSDT,sell,1000000,1.05,68110393,75051375
2026-08-08T03:00:00.000Z,ETHUSDT,sell,5000000,3.421,68110393,75051375
2026-08-08T03:00:00.000Z,LINKUSDT,buy,10000,0.607,7905907,6211338
2026-08-08T03:00:00.000Z,LINKUSDT,buy,100000,5.41,7905907,6211338
2026-08-08T03:00:00.000Z,LINKUSDT,buy,1000000,32.105,7905907,6211338
2026-08-08T03:00:00.000Z,LINKUSDT,buy,5000000,135.312,7905907,6211338
2026-08-08T03:00:00.000Z,LINKUSDT,sell,10000,0.607,7905907,6211338
2026-08-08T03:00:00.000Z,LINKUSDT,sell,100000,4.209,7905907,6211338
2026-08-08T03:00:00.000Z,LINKUSDT,sell,1000000,29.375,7905907,6211338
2026-08-08T03:00:00.000Z,LINKUSDT,sell,5000000,117.958,7905907,6211338
2026-08-08T03:00:00.000Z,SOLUSDT,buy,10000,0.672,86989718,65738624
2026-08-08T03:00:00.000Z,SOLUSDT,buy,100000,0.672,86989718,65738624
2026-08-08T03:00:00.000Z,SOLUSDT,buy,1000000,1.821,86989718,65738624
2026-08-08T03:00:00.000Z,SOLUSDT,buy,5000000,9.48,86989718,65738624
2026-08-08T03:00:00.000Z,SOLUSDT,sell,10000,0.672,86989718,65738624
2026-08-08T03:00:00.000Z,SOLUSDT,sell,100000,0.672,86989718,65738624
2026-08-08T03:00:00.000Z,SOLUSDT,sell,1000000,3.141,86989718,65738624
2026-08-08T03:00:00.000Z,SOLUSDT,sell,5000000,12.222,86989718,65738624
2026-08-08T03:00:00.000Z,XRPUSDT,buy,10000,0.482,35123199,29869456
2026-08-08T03:00:00.000Z,XRPUSDT,buy,100000,1.362,35123199,29869456
2026-08-08T03:00:00.000Z,XRPUSDT,buy,1000000,6.111,35123199,29869456
2026-08-08T03:00:00.000Z,XRPUSDT,buy,5000000,23.246,35123199,29869456
2026-08-08T03:00:00.000Z,XRPUSDT,sell,10000,0.482,35123199,29869456
2026-08-08T03:00:00.000Z,XRPUSDT,sell,100000,1.049,35123199,29869456
2026-08-08T03:00:00.000Z,XRPUSDT,sell,1000000,6.313,35123199,29869456
2026-08-08T03:00:00.000Z,XRPUSDT,sell,5000000,25.97,35123199,29869456
2026-08-08T04:00:00.000Z,ADAUSDT,buy,10000,2.489,16847454,11965589
2026-08-08T04:00:00.000Z,ADAUSDT,buy,100000,7.679,16847454,11965589
2026-08-08T04:00:00.000Z,ADAUSDT,buy,1000000,37.826,16847454,11965589
2026-08-08T04:00:00.000Z,ADAUSDT,buy,5000000,122.364,16847454,11965589
2026-08-08T04:00:00.000Z,ADAUSDT,sell,10000,2.489,16847454,11965589
2026-08-08T04:00:00.000Z,ADAUSDT,sell,100000,5.944,16847454,11965589
2026-08-08T04:00:00.000Z,ADAUSDT,sell,1000000,32.998,16847454,11965589
2026-08-08T04:00:00.000Z,ADAUSDT,sell,5000000,95.864,16847454,11965589
2026-08-08T04:00:00.000Z,BNBUSDT,buy,10000,0.084,13172950,11396856
2026-08-08T04:00:00.000Z,BNBUSDT,buy,100000,0.222,13172950,11396856
2026-08-08T04:00:00.000Z,BNBUSDT,buy,1000000,4.873,13172950,11396856
2026-08-08T04:00:00.000Z,BNBUSDT,buy,5000000,25.264,13172950,11396856
2026-08-08T04:00:00.000Z,BNBUSDT,sell,10000,0.084,13172950,11396856
2026-08-08T04:00:00.000Z,BNBUSDT,sell,100000,0.987,13172950,11396856
2026-08-08T04:00:00.000Z,BNBUSDT,sell,1000000,6.877,13172950,11396856
2026-08-08T04:00:00.000Z,BNBUSDT,sell,5000000,26.781,13172950,11396856
2026-08-08T04:00:00.000Z,BTCUSDT,buy,10000,0.008,43241713,43163576
2026-08-08T04:00:00.000Z,BTCUSDT,buy,100000,0.008,43241713,43163576
2026-08-08T04:00:00.000Z,BTCUSDT,buy,1000000,0.008,43241713,43163576
2026-08-08T04:00:00.000Z,BTCUSDT,buy,5000000,0.79,43241713,43163576
2026-08-08T04:00:00.000Z,BTCUSDT,sell,10000,0.008,43241713,43163576
2026-08-08T04:00:00.000Z,BTCUSDT,sell,100000,0.008,43241713,43163576
2026-08-08T04:00:00.000Z,BTCUSDT,sell,1000000,0.707,43241713,43163576
2026-08-08T04:00:00.000Z,BTCUSDT,sell,5000000,2.282,43241713,43163576
2026-08-08T04:00:00.000Z,DOGEUSDT,buy,10000,0.713,43219355,29148803
2026-08-08T04:00:00.000Z,DOGEUSDT,buy,100000,0.907,43219355,29148803
2026-08-08T04:00:00.000Z,DOGEUSDT,buy,1000000,9.732,43219355,29148803
2026-08-08T04:00:00.000Z,DOGEUSDT,buy,5000000,55.938,43219355,29148803
2026-08-08T04:00:00.000Z,DOGEUSDT,sell,10000,0.713,43219355,29148803
2026-08-08T04:00:00.000Z,DOGEUSDT,sell,100000,1.716,43219355,29148803
2026-08-08T04:00:00.000Z,DOGEUSDT,sell,1000000,12.995,43219355,29148803
2026-08-08T04:00:00.000Z,DOGEUSDT,sell,5000000,51.866,43219355,29148803
2026-08-08T04:00:00.000Z,ETHUSDT,buy,10000,0.026,66573853,75509411
2026-08-08T04:00:00.000Z,ETHUSDT,buy,100000,0.026,66573853,75509411
2026-08-08T04:00:00.000Z,ETHUSDT,buy,1000000,0.725,66573853,75509411
2026-08-08T04:00:00.000Z,ETHUSDT,buy,5000000,3.406,66573853,75509411
2026-08-08T04:00:00.000Z,ETHUSDT,sell,10000,0.026,66573853,75509411
2026-08-08T04:00:00.000Z,ETHUSDT,sell,100000,0.026,66573853,75509411
2026-08-08T04:00:00.000Z,ETHUSDT,sell,1000000,1.056,66573853,75509411
2026-08-08T04:00:00.000Z,ETHUSDT,sell,5000000,3.482,66573853,75509411
2026-08-08T04:00:00.000Z,LINKUSDT,buy,10000,0.605,7952317,6460780
2026-08-08T04:00:00.000Z,LINKUSDT,buy,100000,4.134,7952317,6460780
2026-08-08T04:00:00.000Z,LINKUSDT,buy,1000000,26.002,7952317,6460780
2026-08-08T04:00:00.000Z,LINKUSDT,buy,5000000,120.928,7952317,6460780
2026-08-08T04:00:00.000Z,LINKUSDT,sell,10000,2.358,7952317,6460780
2026-08-08T04:00:00.000Z,LINKUSDT,sell,100000,6.011,7952317,6460780
2026-08-08T04:00:00.000Z,LINKUSDT,sell,1000000,29.773,7952317,6460780
2026-08-08T04:00:00.000Z,LINKUSDT,sell,5000000,120.056,7952317,6460780
2026-08-08T04:00:00.000Z,SOLUSDT,buy,10000,0.67,85655846,67096397
2026-08-08T04:00:00.000Z,SOLUSDT,buy,100000,0.67,85655846,67096397
2026-08-08T04:00:00.000Z,SOLUSDT,buy,1000000,2.686,85655846,67096397
2026-08-08T04:00:00.000Z,SOLUSDT,buy,5000000,10.737,85655846,67096397
2026-08-08T04:00:00.000Z,SOLUSDT,sell,10000,0.67,85655846,67096397
2026-08-08T04:00:00.000Z,SOLUSDT,sell,100000,0.67,85655846,67096397
2026-08-08T04:00:00.000Z,SOLUSDT,sell,1000000,3.657,85655846,67096397
2026-08-08T04:00:00.000Z,SOLUSDT,sell,5000000,14.28,85655846,67096397
2026-08-08T04:00:00.000Z,XRPUSDT,buy,10000,0.483,34857211,30384247
2026-08-08T04:00:00.000Z,XRPUSDT,buy,100000,0.483,34857211,30384247
2026-08-08T04:00:00.000Z,XRPUSDT,buy,1000000,3.489,34857211,30384247
2026-08-08T04:00:00.000Z,XRPUSDT,buy,5000000,22.981,34857211,30384247
2026-08-08T04:00:00.000Z,XRPUSDT,sell,10000,0.483,34857211,30384247
2026-08-08T04:00:00.000Z,XRPUSDT,sell,100000,0.781,34857211,30384247
2026-08-08T04:00:00.000Z,XRPUSDT,sell,1000000,6.605,34857211,30384247
2026-08-08T04:00:00.000Z,XRPUSDT,sell,5000000,25.449,34857211,30384247
2026-08-08T05:00:00.000Z,ADAUSDT,buy,10000,3.666,16857799,11770368
2026-08-08T05:00:00.000Z,ADAUSDT,buy,100000,8.447,16857799,11770368
2026-08-08T05:00:00.000Z,ADAUSDT,buy,1000000,36.938,16857799,11770368
2026-08-08T05:00:00.000Z,ADAUSDT,buy,5000000,116.049,16857799,11770368
2026-08-08T05:00:00.000Z,ADAUSDT,sell,10000,2.487,16857799,11770368
2026-08-08T05:00:00.000Z,ADAUSDT,sell,100000,5.086,16857799,11770368
2026-08-08T05:00:00.000Z,ADAUSDT,sell,1000000,31.983,16857799,11770368
2026-08-08T05:00:00.000Z,ADAUSDT,sell,5000000,101.73,16857799,11770368
2026-08-08T05:00:00.000Z,BNBUSDT,buy,10000,0.084,13286923,11291276
2026-08-08T05:00:00.000Z,BNBUSDT,buy,100000,1.043,13286923,11291276
2026-08-08T05:00:00.000Z,BNBUSDT,buy,1000000,5.91,13286923,11291276
2026-08-08T05:00:00.000Z,BNBUSDT,buy,5000000,28.673,13286923,11291276
2026-08-08T05:00:00.000Z,BNBUSDT,sell,10000,0.095,13286923,11291276
2026-08-08T05:00:00.000Z,BNBUSDT,sell,100000,1.14,13286923,11291276
2026-08-08T05:00:00.000Z,BNBUSDT,sell,1000000,7.219,13286923,11291276
2026-08-08T05:00:00.000Z,BNBUSDT,sell,5000000,26.1,13286923,11291276
2026-08-08T05:00:00.000Z,BTCUSDT,buy,10000,0.008,41030117,39741662
2026-08-08T05:00:00.000Z,BTCUSDT,buy,100000,0.008,41030117,39741662
2026-08-08T05:00:00.000Z,BTCUSDT,buy,1000000,0.008,41030117,39741662
2026-08-08T05:00:00.000Z,BTCUSDT,buy,5000000,0.852,41030117,39741662
2026-08-08T05:00:00.000Z,BTCUSDT,sell,10000,0.008,41030117,39741662
2026-08-08T05:00:00.000Z,BTCUSDT,sell,100000,0.008,41030117,39741662
2026-08-08T05:00:00.000Z,BTCUSDT,sell,1000000,0.428,41030117,39741662
2026-08-08T05:00:00.000Z,BTCUSDT,sell,5000000,1.68,41030117,39741662
2026-08-08T05:00:00.000Z,DOGEUSDT,buy,10000,0.713,45042012,29453674
2026-08-08T05:00:00.000Z,DOGEUSDT,buy,100000,1.438,45042012,29453674
2026-08-08T05:00:00.000Z,DOGEUSDT,buy,1000000,8.835,45042012,29453674
2026-08-08T05:00:00.000Z,DOGEUSDT,buy,5000000,47.486,45042012,29453674
2026-08-08T05:00:00.000Z,DOGEUSDT,sell,10000,0.713,45042012,29453674
2026-08-08T05:00:00.000Z,DOGEUSDT,sell,100000,1.243,45042012,29453674
2026-08-08T05:00:00.000Z,DOGEUSDT,sell,1000000,6.431,45042012,29453674
2026-08-08T05:00:00.000Z,DOGEUSDT,sell,5000000,45.047,45042012,29453674
2026-08-08T05:00:00.000Z,ETHUSDT,buy,10000,0.026,64775560,75104381
2026-08-08T05:00:00.000Z,ETHUSDT,buy,100000,0.026,64775560,75104381
2026-08-08T05:00:00.000Z,ETHUSDT,buy,1000000,0.357,64775560,75104381
2026-08-08T05:00:00.000Z,ETHUSDT,buy,5000000,2.351,64775560,75104381
2026-08-08T05:00:00.000Z,ETHUSDT,sell,10000,0.026,64775560,75104381
2026-08-08T05:00:00.000Z,ETHUSDT,sell,100000,0.133,64775560,75104381
2026-08-08T05:00:00.000Z,ETHUSDT,sell,1000000,1.139,64775560,75104381
2026-08-08T05:00:00.000Z,ETHUSDT,sell,5000000,3.23,64775560,75104381
2026-08-08T05:00:00.000Z,LINKUSDT,buy,10000,1.209,8435337,6592788
2026-08-08T05:00:00.000Z,LINKUSDT,buy,100000,5.054,8435337,6592788
2026-08-08T05:00:00.000Z,LINKUSDT,buy,1000000,31.601,8435337,6592788
2026-08-08T05:00:00.000Z,LINKUSDT,buy,5000000,127.911,8435337,6592788
2026-08-08T05:00:00.000Z,LINKUSDT,sell,10000,0.605,8435337,6592788
2026-08-08T05:00:00.000Z,LINKUSDT,sell,100000,4.638,8435337,6592788
2026-08-08T05:00:00.000Z,LINKUSDT,sell,1000000,26.813,8435337,6592788
2026-08-08T05:00:00.000Z,LINKUSDT,sell,5000000,110.069,8435337,6592788
2026-08-08T05:00:00.000Z,SOLUSDT,buy,10000,0.671,85229521,66051598
2026-08-08T05:00:00.000Z,SOLUSDT,buy,100000,0.671,85229521,66051598
2026-08-08T05:00:00.000Z,SOLUSDT,buy,1000000,2.215,85229521,66051598
2026-08-08T05:00:00.000Z,SOLUSDT,buy,5000000,11.678,85229521,66051598
2026-08-08T05:00:00.000Z,SOLUSDT,sell,10000,0.671,85229521,66051598
2026-08-08T05:00:00.000Z,SOLUSDT,sell,100000,0.671,85229521,66051598
2026-08-08T05:00:00.000Z,SOLUSDT,sell,1000000,2.089,85229521,66051598
2026-08-08T05:00:00.000Z,SOLUSDT,sell,5000000,12.804,85229521,66051598
2026-08-08T05:00:00.000Z,XRPUSDT,buy,10000,0.484,35598863,30111239
2026-08-08T05:00:00.000Z,XRPUSDT,buy,100000,0.781,35598863,30111239
2026-08-08T05:00:00.000Z,XRPUSDT,buy,1000000,5.36,35598863,30111239
2026-08-08T05:00:00.000Z,XRPUSDT,buy,5000000,25.402,35598863,30111239
2026-08-08T05:00:00.000Z,XRPUSDT,sell,10000,0.484,35598863,30111239
2026-08-08T05:00:00.000Z,XRPUSDT,sell,100000,1.31,35598863,30111239
2026-08-08T05:00:00.000Z,XRPUSDT,sell,1000000,5.082,35598863,30111239
2026-08-08T05:00:00.000Z,XRPUSDT,sell,5000000,23.903,35598863,30111239
2026-08-08T06:00:00.000Z,ADAUSDT,buy,10000,2.503,16558003,11928057
2026-08-08T06:00:00.000Z,ADAUSDT,buy,100000,5.034,16558003,11928057
2026-08-08T06:00:00.000Z,ADAUSDT,buy,1000000,34.658,16558003,11928057
2026-08-08T06:00:00.000Z,ADAUSDT,buy,5000000,120.466,16558003,11928057
2026-08-08T06:00:00.000Z,ADAUSDT,sell,10000,2.503,16558003,11928057
2026-08-08T06:00:00.000Z,ADAUSDT,sell,100000,6.696,16558003,11928057
2026-08-08T06:00:00.000Z,ADAUSDT,sell,1000000,29.65,16558003,11928057
2026-08-08T06:00:00.000Z,ADAUSDT,sell,5000000,96.652,16558003,11928057
2026-08-08T06:00:00.000Z,BNBUSDT,buy,10000,0.084,12475095,11116472
2026-08-08T06:00:00.000Z,BNBUSDT,buy,100000,0.355,12475095,11116472
2026-08-08T06:00:00.000Z,BNBUSDT,buy,1000000,6.599,12475095,11116472
2026-08-08T06:00:00.000Z,BNBUSDT,buy,5000000,24.235,12475095,11116472
2026-08-08T06:00:00.000Z,BNBUSDT,sell,10000,0.366,12475095,11116472
2026-08-08T06:00:00.000Z,BNBUSDT,sell,100000,1.962,12475095,11116472
2026-08-08T06:00:00.000Z,BNBUSDT,sell,1000000,7.728,12475095,11116472
2026-08-08T06:00:00.000Z,BNBUSDT,sell,5000000,32.021,12475095,11116472
2026-08-08T06:00:00.000Z,BTCUSDT,buy,10000,0.008,39105392,57395560
2026-08-08T06:00:00.000Z,BTCUSDT,buy,100000,0.008,39105392,57395560
2026-08-08T06:00:00.000Z,BTCUSDT,buy,1000000,0.282,39105392,57395560
2026-08-08T06:00:00.000Z,BTCUSDT,buy,5000000,1.531,39105392,57395560
2026-08-08T06:00:00.000Z,BTCUSDT,sell,10000,0.008,39105392,57395560
2026-08-08T06:00:00.000Z,BTCUSDT,sell,100000,0.008,39105392,57395560
2026-08-08T06:00:00.000Z,BTCUSDT,sell,1000000,0.008,39105392,57395560
2026-08-08T06:00:00.000Z,BTCUSDT,sell,5000000,1.056,39105392,57395560
2026-08-08T06:00:00.000Z,DOGEUSDT,buy,10000,0.711,42919306,29034138
2026-08-08T06:00:00.000Z,DOGEUSDT,buy,100000,0.976,42919306,29034138
2026-08-08T06:00:00.000Z,DOGEUSDT,buy,1000000,10.467,42919306,29034138
2026-08-08T06:00:00.000Z,DOGEUSDT,buy,5000000,54.438,42919306,29034138
2026-08-08T06:00:00.000Z,DOGEUSDT,sell,10000,0.711,42919306,29034138
2026-08-08T06:00:00.000Z,DOGEUSDT,sell,100000,1.164,42919306,29034138
2026-08-08T06:00:00.000Z,DOGEUSDT,sell,1000000,8.396,42919306,29034138
2026-08-08T06:00:00.000Z,DOGEUSDT,sell,5000000,50.857,42919306,29034138
2026-08-08T06:00:00.000Z,ETHUSDT,buy,10000,0.026,63755293,74645040
2026-08-08T06:00:00.000Z,ETHUSDT,buy,100000,0.026,63755293,74645040
2026-08-08T06:00:00.000Z,ETHUSDT,buy,1000000,0.642,63755293,74645040
2026-08-08T06:00:00.000Z,ETHUSDT,buy,5000000,3.188,63755293,74645040
2026-08-08T06:00:00.000Z,ETHUSDT,sell,10000,0.026,63755293,74645040
2026-08-08T06:00:00.000Z,ETHUSDT,sell,100000,0.026,63755293,74645040
2026-08-08T06:00:00.000Z,ETHUSDT,sell,1000000,0.967,63755293,74645040
2026-08-08T06:00:00.000Z,ETHUSDT,sell,5000000,3.834,63755293,74645040
2026-08-08T06:00:00.000Z,LINKUSDT,buy,10000,0.641,8104577,6234673
2026-08-08T06:00:00.000Z,LINKUSDT,buy,100000,3.99,8104577,6234673
2026-08-08T06:00:00.000Z,LINKUSDT,buy,1000000,29.022,8104577,6234673
2026-08-08T06:00:00.000Z,LINKUSDT,buy,5000000,129.187,8104577,6234673
2026-08-08T06:00:00.000Z,LINKUSDT,sell,10000,1.494,8104577,6234673
2026-08-08T06:00:00.000Z,LINKUSDT,sell,100000,4.413,8104577,6234673
2026-08-08T06:00:00.000Z,LINKUSDT,sell,1000000,27.764,8104577,6234673
2026-08-08T06:00:00.000Z,LINKUSDT,sell,5000000,116.064,8104577,6234673
2026-08-08T06:00:00.000Z,SOLUSDT,buy,10000,0.669,89519223,65509713
2026-08-08T06:00:00.000Z,SOLUSDT,buy,100000,0.669,89519223,65509713
2026-08-08T06:00:00.000Z,SOLUSDT,buy,1000000,2.938,89519223,65509713
2026-08-08T06:00:00.000Z,SOLUSDT,buy,5000000,12.881,89519223,65509713
2026-08-08T06:00:00.000Z,SOLUSDT,sell,10000,0.669,89519223,65509713
2026-08-08T06:00:00.000Z,SOLUSDT,sell,100000,1.118,89519223,65509713
2026-08-08T06:00:00.000Z,SOLUSDT,sell,1000000,3.431,89519223,65509713
2026-08-08T06:00:00.000Z,SOLUSDT,sell,5000000,11.578,89519223,65509713
2026-08-08T06:00:00.000Z,XRPUSDT,buy,10000,0.483,36111784,29599390
2026-08-08T06:00:00.000Z,XRPUSDT,buy,100000,1.016,36111784,29599390
2026-08-08T06:00:00.000Z,XRPUSDT,buy,1000000,5.511,36111784,29599390
2026-08-08T06:00:00.000Z,XRPUSDT,buy,5000000,26.365,36111784,29599390
2026-08-08T06:00:00.000Z,XRPUSDT,sell,10000,0.483,36111784,29599390
2026-08-08T06:00:00.000Z,XRPUSDT,sell,100000,0.837,36111784,29599390
2026-08-08T06:00:00.000Z,XRPUSDT,sell,1000000,5.505,36111784,29599390
2026-08-08T06:00:00.000Z,XRPUSDT,sell,5000000,23.208,36111784,29599390
2026-08-08T07:00:00.000Z,ADAUSDT,buy,10000,2.513,15389621,12172353
2026-08-08T07:00:00.000Z,ADAUSDT,buy,100000,6.137,15389621,12172353
2026-08-08T07:00:00.000Z,ADAUSDT,buy,1000000,34.803,15389621,12172353
2026-08-08T07:00:00.000Z,ADAUSDT,buy,5000000,122.43,15389621,12172353
2026-08-08T07:00:00.000Z,ADAUSDT,sell,10000,2.513,15389621,12172353
2026-08-08T07:00:00.000Z,ADAUSDT,sell,100000,4.861,15389621,12172353
2026-08-08T07:00:00.000Z,ADAUSDT,sell,1000000,26.166,15389621,12172353
2026-08-08T07:00:00.000Z,ADAUSDT,sell,5000000,94.615,15389621,12172353
2026-08-08T07:00:00.000Z,BNBUSDT,buy,10000,0.326,12022638,11154841
2026-08-08T07:00:00.000Z,BNBUSDT,buy,100000,1.55,12022638,11154841
2026-08-08T07:00:00.000Z,BNBUSDT,buy,1000000,7.137,12022638,11154841
2026-08-08T07:00:00.000Z,BNBUSDT,buy,5000000,23.206,12022638,11154841
2026-08-08T07:00:00.000Z,BNBUSDT,sell,10000,0.084,12022638,11154841
2026-08-08T07:00:00.000Z,BNBUSDT,sell,100000,0.288,12022638,11154841
2026-08-08T07:00:00.000Z,BNBUSDT,sell,1000000,5.637,12022638,11154841
2026-08-08T07:00:00.000Z,BNBUSDT,sell,5000000,30.424,12022638,11154841
2026-08-08T07:00:00.000Z,BTCUSDT,buy,10000,0.008,44001887,49402516
2026-08-08T07:00:00.000Z,BTCUSDT,buy,100000,0.008,44001887,49402516
2026-08-08T07:00:00.000Z,BTCUSDT,buy,1000000,0.175,44001887,49402516
2026-08-08T07:00:00.000Z,BTCUSDT,buy,5000000,1.864,44001887,49402516
2026-08-08T07:00:00.000Z,BTCUSDT,sell,10000,0.008,44001887,49402516
2026-08-08T07:00:00.000Z,BTCUSDT,sell,100000,0.008,44001887,49402516
2026-08-08T07:00:00.000Z,BTCUSDT,sell,1000000,0.008,44001887,49402516
2026-08-08T07:00:00.000Z,BTCUSDT,sell,5000000,0.891,44001887,49402516
2026-08-08T07:00:00.000Z,DOGEUSDT,buy,10000,0.712,44296953,29083953
2026-08-08T07:00:00.000Z,DOGEUSDT,buy,100000,1.42,44296953,29083953
2026-08-08T07:00:00.000Z,DOGEUSDT,buy,1000000,11.242,44296953,29083953
2026-08-08T07:00:00.000Z,DOGEUSDT,buy,5000000,52.005,44296953,29083953
2026-08-08T07:00:00.000Z,DOGEUSDT,sell,10000,0.712,44296953,29083953
2026-08-08T07:00:00.000Z,DOGEUSDT,sell,100000,1.169,44296953,29083953
2026-08-08T07:00:00.000Z,DOGEUSDT,sell,1000000,8.443,44296953,29083953
2026-08-08T07:00:00.000Z,DOGEUSDT,sell,5000000,46.497,44296953,29083953
2026-08-08T07:00:00.000Z,ETHUSDT,buy,10000,0.026,70358864,69695353
2026-08-08T07:00:00.000Z,ETHUSDT,buy,100000,0.026,70358864,69695353
2026-08-08T07:00:00.000Z,ETHUSDT,buy,1000000,1.049,70358864,69695353
2026-08-08T07:00:00.000Z,ETHUSDT,buy,5000000,3.432,70358864,69695353
2026-08-08T07:00:00.000Z,ETHUSDT,sell,10000,0.026,70358864,69695353
2026-08-08T07:00:00.000Z,ETHUSDT,sell,100000,0.026,70358864,69695353
2026-08-08T07:00:00.000Z,ETHUSDT,sell,1000000,0.537,70358864,69695353
2026-08-08T07:00:00.000Z,ETHUSDT,sell,5000000,2.664,70358864,69695353
2026-08-08T07:00:00.000Z,LINKUSDT,buy,10000,1.167,8755649,6260037
2026-08-08T07:00:00.000Z,LINKUSDT,buy,100000,3.929,8755649,6260037
2026-08-08T07:00:00.000Z,LINKUSDT,buy,1000000,27.004,8755649,6260037
2026-08-08T07:00:00.000Z,LINKUSDT,buy,5000000,126.013,8755649,6260037
2026-08-08T07:00:00.000Z,LINKUSDT,sell,10000,0.917,8755649,6260037
2026-08-08T07:00:00.000Z,LINKUSDT,sell,100000,3.806,8755649,6260037
2026-08-08T07:00:00.000Z,LINKUSDT,sell,1000000,12.866,8755649,6260037
2026-08-08T07:00:00.000Z,LINKUSDT,sell,5000000,93.806,8755649,6260037
2026-08-08T07:00:00.000Z,SOLUSDT,buy,10000,0.669,86008456,65716818
2026-08-08T07:00:00.000Z,SOLUSDT,buy,100000,0.669,86008456,65716818
2026-08-08T07:00:00.000Z,SOLUSDT,buy,1000000,3.683,86008456,65716818
2026-08-08T07:00:00.000Z,SOLUSDT,buy,5000000,13.1,86008456,65716818
2026-08-08T07:00:00.000Z,SOLUSDT,sell,10000,0.669,86008456,65716818
2026-08-08T07:00:00.000Z,SOLUSDT,sell,100000,0.669,86008456,65716818
2026-08-08T07:00:00.000Z,SOLUSDT,sell,1000000,2.858,86008456,65716818
2026-08-08T07:00:00.000Z,SOLUSDT,sell,5000000,11.837,86008456,65716818
2026-08-08T07:00:00.000Z,XRPUSDT,buy,10000,0.484,35502254,30212875
2026-08-08T07:00:00.000Z,XRPUSDT,buy,100000,1.35,35502254,30212875
2026-08-08T07:00:00.000Z,XRPUSDT,buy,1000000,4.461,35502254,30212875
2026-08-08T07:00:00.000Z,XRPUSDT,buy,5000000,22.313,35502254,30212875
2026-08-08T07:00:00.000Z,XRPUSDT,sell,10000,0.484,35502254,30212875
2026-08-08T07:00:00.000Z,XRPUSDT,sell,100000,0.484,35502254,30212875
2026-08-08T07:00:00.000Z,XRPUSDT,sell,1000000,5.71,35502254,30212875
2026-08-08T07:00:00.000Z,XRPUSDT,sell,5000000,23.053,35502254,30212875
2026-08-08T09:00:00.000Z,ADAUSDT,buy,10000,2.518,14997567,11988412
2026-08-08T09:00:00.000Z,ADAUSDT,buy,100000,6.173,14997567,11988412
2026-08-08T09:00:00.000Z,ADAUSDT,buy,1000000,35.322,14997567,11988412
2026-08-08T09:00:00.000Z,ADAUSDT,buy,5000000,125.718,14997567,11988412
2026-08-08T09:00:00.000Z,ADAUSDT,sell,10000,6.774,14997567,11988412
2026-08-08T09:00:00.000Z,ADAUSDT,sell,100000,8.621,14997567,11988412
2026-08-08T09:00:00.000Z,ADAUSDT,sell,1000000,33.275,14997567,11988412
2026-08-08T09:00:00.000Z,ADAUSDT,sell,5000000,101.191,14997567,11988412
2026-08-08T09:00:00.000Z,BNBUSDT,buy,10000,0.292,11760192,11206392
2026-08-08T09:00:00.000Z,BNBUSDT,buy,100000,1.823,11760192,11206392
2026-08-08T09:00:00.000Z,BNBUSDT,buy,1000000,8.079,11760192,11206392
2026-08-08T09:00:00.000Z,BNBUSDT,buy,5000000,24.515,11760192,11206392
2026-08-08T09:00:00.000Z,BNBUSDT,sell,10000,0.084,11760192,11206392
2026-08-08T09:00:00.000Z,BNBUSDT,sell,100000,0.833,11760192,11206392
2026-08-08T09:00:00.000Z,BNBUSDT,sell,1000000,8.608,11760192,11206392
2026-08-08T09:00:00.000Z,BNBUSDT,sell,5000000,32.174,11760192,11206392
2026-08-08T09:00:00.000Z,BTCUSDT,buy,10000,0.008,43348531,54917854
2026-08-08T09:00:00.000Z,BTCUSDT,buy,100000,0.008,43348531,54917854
2026-08-08T09:00:00.000Z,BTCUSDT,buy,1000000,0.008,43348531,54917854
2026-08-08T09:00:00.000Z,BTCUSDT,buy,5000000,0.054,43348531,54917854
2026-08-08T09:00:00.000Z,BTCUSDT,sell,10000,0.008,43348531,54917854
2026-08-08T09:00:00.000Z,BTCUSDT,sell,100000,0.008,43348531,54917854
2026-08-08T09:00:00.000Z,BTCUSDT,sell,1000000,0.544,43348531,54917854
2026-08-08T09:00:00.000Z,BTCUSDT,sell,5000000,2.163,43348531,54917854
2026-08-08T09:00:00.000Z,DOGEUSDT,buy,10000,0.711,43666327,28961581
2026-08-08T09:00:00.000Z,DOGEUSDT,buy,100000,0.711,43666327,28961581
2026-08-08T09:00:00.000Z,DOGEUSDT,buy,1000000,7.451,43666327,28961581
2026-08-08T09:00:00.000Z,DOGEUSDT,buy,5000000,55.79,43666327,28961581
2026-08-08T09:00:00.000Z,DOGEUSDT,sell,10000,0.711,43666327,28961581
2026-08-08T09:00:00.000Z,DOGEUSDT,sell,100000,1.449,43666327,28961581
2026-08-08T09:00:00.000Z,DOGEUSDT,sell,1000000,11.305,43666327,28961581
2026-08-08T09:00:00.000Z,DOGEUSDT,sell,5000000,50.629,43666327,28961581
2026-08-08T09:00:00.000Z,ETHUSDT,buy,10000,0.026,61514307,63911800
2026-08-08T09:00:00.000Z,ETHUSDT,buy,100000,0.026,61514307,63911800
2026-08-08T09:00:00.000Z,ETHUSDT,buy,1000000,0.108,61514307,63911800
2026-08-08T09:00:00.000Z,ETHUSDT,buy,5000000,3.445,61514307,63911800
2026-08-08T09:00:00.000Z,ETHUSDT,sell,10000,0.026,61514307,63911800
2026-08-08T09:00:00.000Z,ETHUSDT,sell,100000,0.026,61514307,63911800
2026-08-08T09:00:00.000Z,ETHUSDT,sell,1000000,0.869,61514307,63911800
2026-08-08T09:00:00.000Z,ETHUSDT,sell,5000000,3.143,61514307,63911800
2026-08-08T09:00:00.000Z,LINKUSDT,buy,10000,0.98,7999118,6369384
2026-08-08T09:00:00.000Z,LINKUSDT,buy,100000,4.119,7999118,6369384
2026-08-08T09:00:00.000Z,LINKUSDT,buy,1000000,26.943,7999118,6369384
2026-08-08T09:00:00.000Z,LINKUSDT,buy,5000000,126.396,7999118,6369384
2026-08-08T09:00:00.000Z,LINKUSDT,sell,10000,0.603,7999118,6369384
2026-08-08T09:00:00.000Z,LINKUSDT,sell,100000,4.352,7999118,6369384
2026-08-08T09:00:00.000Z,LINKUSDT,sell,1000000,26.403,7999118,6369384
2026-08-08T09:00:00.000Z,LINKUSDT,sell,5000000,115.952,7999118,6369384
2026-08-08T09:00:00.000Z,SOLUSDT,buy,10000,0.668,88664516,63640063
2026-08-08T09:00:00.000Z,SOLUSDT,buy,100000,0.668,88664516,63640063
2026-08-08T09:00:00.000Z,SOLUSDT,buy,1000000,2.991,88664516,63640063
2026-08-08T09:00:00.000Z,SOLUSDT,buy,5000000,12.918,88664516,63640063
2026-08-08T09:00:00.000Z,SOLUSDT,sell,10000,0.668,88664516,63640063
2026-08-08T09:00:00.000Z,SOLUSDT,sell,100000,0.668,88664516,63640063
2026-08-08T09:00:00.000Z,SOLUSDT,sell,1000000,3.023,88664516,63640063
2026-08-08T09:00:00.000Z,SOLUSDT,sell,5000000,12.078,88664516,63640063
2026-08-08T09:00:00.000Z,XRPUSDT,buy,10000,0.483,35804454,29958933
2026-08-08T09:00:00.000Z,XRPUSDT,buy,100000,0.483,35804454,29958933
2026-08-08T09:00:00.000Z,XRPUSDT,buy,1000000,4.643,35804454,29958933
2026-08-08T09:00:00.000Z,XRPUSDT,buy,5000000,24.293,35804454,29958933
2026-08-08T09:00:00.000Z,XRPUSDT,sell,10000,0.483,35804454,29958933
2026-08-08T09:00:00.000Z,XRPUSDT,sell,100000,0.771,35804454,29958933
2026-08-08T09:00:00.000Z,XRPUSDT,sell,1000000,5.711,35804454,29958933
2026-08-08T09:00:00.000Z,XRPUSDT,sell,5000000,22.524,35804454,29958933
2026-08-08T10:00:00.000Z,ADAUSDT,buy,10000,2.504,15487785,11732515
2026-08-08T10:00:00.000Z,ADAUSDT,buy,100000,8.01,15487785,11732515
2026-08-08T10:00:00.000Z,ADAUSDT,buy,1000000,39.129,15487785,11732515
2026-08-08T10:00:00.000Z,ADAUSDT,buy,5000000,118.672,15487785,11732515
2026-08-08T10:00:00.000Z,ADAUSDT,sell,10000,2.504,15487785,11732515
2026-08-08T10:00:00.000Z,ADAUSDT,sell,100000,6.27,15487785,11732515
2026-08-08T10:00:00.000Z,ADAUSDT,sell,1000000,33.933,15487785,11732515
2026-08-08T10:00:00.000Z,ADAUSDT,sell,5000000,104.983,15487785,11732515
2026-08-08T10:00:00.000Z,BNBUSDT,buy,10000,0.084,11866997,11001902
2026-08-08T10:00:00.000Z,BNBUSDT,buy,100000,1.084,11866997,11001902
2026-08-08T10:00:00.000Z,BNBUSDT,buy,1000000,7.336,11866997,11001902
2026-08-08T10:00:00.000Z,BNBUSDT,buy,5000000,25.974,11866997,11001902
2026-08-08T10:00:00.000Z,BNBUSDT,sell,10000,0.084,11866997,11001902
2026-08-08T10:00:00.000Z,BNBUSDT,sell,100000,1.326,11866997,11001902
2026-08-08T10:00:00.000Z,BNBUSDT,sell,1000000,7.199,11866997,11001902
2026-08-08T10:00:00.000Z,BNBUSDT,sell,5000000,32.046,11866997,11001902
2026-08-08T10:00:00.000Z,BTCUSDT,buy,10000,0.008,44397386,48975936
2026-08-08T10:00:00.000Z,BTCUSDT,buy,100000,0.008,44397386,48975936
2026-08-08T10:00:00.000Z,BTCUSDT,buy,1000000,0.393,44397386,48975936
2026-08-08T10:00:00.000Z,BTCUSDT,buy,5000000,1.782,44397386,48975936
2026-08-08T10:00:00.000Z,BTCUSDT,sell,10000,0.008,44397386,48975936
2026-08-08T10:00:00.000Z,BTCUSDT,sell,100000,0.008,44397386,48975936
2026-08-08T10:00:00.000Z,BTCUSDT,sell,1000000,0.174,44397386,48975936
2026-08-08T10:00:00.000Z,BTCUSDT,sell,5000000,1.603,44397386,48975936
2026-08-08T10:00:00.000Z,DOGEUSDT,buy,10000,0.711,43752507,28516837
2026-08-08T10:00:00.000Z,DOGEUSDT,buy,100000,1.846,43752507,28516837
2026-08-08T10:00:00.000Z,DOGEUSDT,buy,1000000,11.003,43752507,28516837
2026-08-08T10:00:00.000Z,DOGEUSDT,buy,5000000,61.619,43752507,28516837
2026-08-08T10:00:00.000Z,DOGEUSDT,sell,10000,0.711,43752507,28516837
2026-08-08T10:00:00.000Z,DOGEUSDT,sell,100000,1.241,43752507,28516837
2026-08-08T10:00:00.000Z,DOGEUSDT,sell,1000000,8.254,43752507,28516837
2026-08-08T10:00:00.000Z,DOGEUSDT,sell,5000000,48.297,43752507,28516837
2026-08-08T10:00:00.000Z,ETHUSDT,buy,10000,0.026,65769072,70324915
2026-08-08T10:00:00.000Z,ETHUSDT,buy,100000,0.026,65769072,70324915
2026-08-08T10:00:00.000Z,ETHUSDT,buy,1000000,0.782,65769072,70324915
2026-08-08T10:00:00.000Z,ETHUSDT,buy,5000000,3.795,65769072,70324915
2026-08-08T10:00:00.000Z,ETHUSDT,sell,10000,0.026,65769072,70324915
2026-08-08T10:00:00.000Z,ETHUSDT,sell,100000,0.026,65769072,70324915
2026-08-08T10:00:00.000Z,ETHUSDT,sell,1000000,0.505,65769072,70324915
2026-08-08T10:00:00.000Z,ETHUSDT,sell,5000000,2.913,65769072,70324915
2026-08-08T10:00:00.000Z,LINKUSDT,buy,10000,0.658,8206231,6115735
2026-08-08T10:00:00.000Z,LINKUSDT,buy,100000,3.782,8206231,6115735
2026-08-08T10:00:00.000Z,LINKUSDT,buy,1000000,27.072,8206231,6115735
2026-08-08T10:00:00.000Z,LINKUSDT,buy,5000000,135.023,8206231,6115735
2026-08-08T10:00:00.000Z,LINKUSDT,sell,10000,1.647,8206231,6115735
2026-08-08T10:00:00.000Z,LINKUSDT,sell,100000,4.491,8206231,6115735
2026-08-08T10:00:00.000Z,LINKUSDT,sell,1000000,27.089,8206231,6115735
2026-08-08T10:00:00.000Z,LINKUSDT,sell,5000000,118.795,8206231,6115735
2026-08-08T10:00:00.000Z,SOLUSDT,buy,10000,0.666,89087353,63589530
2026-08-08T10:00:00.000Z,SOLUSDT,buy,100000,0.984,89087353,63589530
2026-08-08T10:00:00.000Z,SOLUSDT,buy,1000000,3.84,89087353,63589530
2026-08-08T10:00:00.000Z,SOLUSDT,buy,5000000,12.804,89087353,63589530
2026-08-08T10:00:00.000Z,SOLUSDT,sell,10000,0.666,89087353,63589530
2026-08-08T10:00:00.000Z,SOLUSDT,sell,100000,0.666,89087353,63589530
2026-08-08T10:00:00.000Z,SOLUSDT,sell,1000000,3.158,89087353,63589530
2026-08-08T10:00:00.000Z,SOLUSDT,sell,5000000,10.884,89087353,63589530
2026-08-08T10:00:00.000Z,XRPUSDT,buy,10000,0.482,37130847,29551106
2026-08-08T10:00:00.000Z,XRPUSDT,buy,100000,0.732,37130847,29551106
2026-08-08T10:00:00.000Z,XRPUSDT,buy,1000000,6.324,37130847,29551106
2026-08-08T10:00:00.000Z,XRPUSDT,buy,5000000,24.669,37130847,29551106
2026-08-08T10:00:00.000Z,XRPUSDT,sell,10000,0.482,37130847,29551106
2026-08-08T10:00:00.000Z,XRPUSDT,sell,100000,0.683,37130847,29551106
2026-08-08T10:00:00.000Z,XRPUSDT,sell,1000000,4.737,37130847,29551106
2026-08-08T10:00:00.000Z,XRPUSDT,sell,5000000,22.759,37130847,29551106
2026-08-08T11:00:00.000Z,ADAUSDT,buy,10000,2.506,15650398,11998162
2026-08-08T11:00:00.000Z,ADAUSDT,buy,100000,7.841,15650398,11998162
2026-08-08T11:00:00.000Z,ADAUSDT,buy,1000000,34.464,15650398,11998162
2026-08-08T11:00:00.000Z,ADAUSDT,buy,5000000,116.06,15650398,11998162
2026-08-08T11:00:00.000Z,ADAUSDT,sell,10000,2.506,15650398,11998162
2026-08-08T11:00:00.000Z,ADAUSDT,sell,100000,7.104,15650398,11998162
2026-08-08T11:00:00.000Z,ADAUSDT,sell,1000000,34.333,15650398,11998162
2026-08-08T11:00:00.000Z,ADAUSDT,sell,5000000,101,15650398,11998162
2026-08-08T11:00:00.000Z,BNBUSDT,buy,10000,0.084,11502446,11199825
2026-08-08T11:00:00.000Z,BNBUSDT,buy,100000,0.799,11502446,11199825
2026-08-08T11:00:00.000Z,BNBUSDT,buy,1000000,6.371,11502446,11199825
2026-08-08T11:00:00.000Z,BNBUSDT,buy,5000000,23.855,11502446,11199825
2026-08-08T11:00:00.000Z,BNBUSDT,sell,10000,0.391,11502446,11199825
2026-08-08T11:00:00.000Z,BNBUSDT,sell,100000,1.362,11502446,11199825
2026-08-08T11:00:00.000Z,BNBUSDT,sell,1000000,8.691,11502446,11199825
2026-08-08T11:00:00.000Z,BNBUSDT,sell,5000000,34.187,11502446,11199825
2026-08-08T11:00:00.000Z,BTCUSDT,buy,10000,0.008,44441756,42867980
2026-08-08T11:00:00.000Z,BTCUSDT,buy,100000,0.008,44441756,42867980
2026-08-08T11:00:00.000Z,BTCUSDT,buy,1000000,0.107,44441756,42867980
2026-08-08T11:00:00.000Z,BTCUSDT,buy,5000000,1.678,44441756,42867980
2026-08-08T11:00:00.000Z,BTCUSDT,sell,10000,0.008,44441756,42867980
2026-08-08T11:00:00.000Z,BTCUSDT,sell,100000,0.008,44441756,42867980
2026-08-08T11:00:00.000Z,BTCUSDT,sell,1000000,0.093,44441756,42867980
2026-08-08T11:00:00.000Z,BTCUSDT,sell,5000000,1.705,44441756,42867980
2026-08-08T11:00:00.000Z,DOGEUSDT,buy,10000,0.71,44213763,28771472
2026-08-08T11:00:00.000Z,DOGEUSDT,buy,100000,1.221,44213763,28771472
2026-08-08T11:00:00.000Z,DOGEUSDT,buy,1000000,13.239,44213763,28771472
2026-08-08T11:00:00.000Z,DOGEUSDT,buy,5000000,57.108,44213763,28771472
2026-08-08T11:00:00.000Z,DOGEUSDT,sell,10000,0.71,44213763,28771472
2026-08-08T11:00:00.000Z,DOGEUSDT,sell,100000,1.67,44213763,28771472
2026-08-08T11:00:00.000Z,DOGEUSDT,sell,1000000,7.454,44213763,28771472
2026-08-08T11:00:00.000Z,DOGEUSDT,sell,5000000,46.69,44213763,28771472
2026-08-08T11:00:00.000Z,ETHUSDT,buy,10000,0.026,62729253,64785938
2026-08-08T11:00:00.000Z,ETHUSDT,buy,100000,0.026,62729253,64785938
2026-08-08T11:00:00.000Z,ETHUSDT,buy,1000000,0.925,62729253,64785938
2026-08-08T11:00:00.000Z,ETHUSDT,buy,5000000,3.742,62729253,64785938
2026-08-08T11:00:00.000Z,ETHUSDT,sell,10000,0.026,62729253,64785938
2026-08-08T11:00:00.000Z,ETHUSDT,sell,100000,0.026,62729253,64785938
2026-08-08T11:00:00.000Z,ETHUSDT,sell,1000000,0.658,62729253,64785938
2026-08-08T11:00:00.000Z,ETHUSDT,sell,5000000,3.061,62729253,64785938
2026-08-08T11:00:00.000Z,LINKUSDT,buy,10000,0.601,8082203,6260307
2026-08-08T11:00:00.000Z,LINKUSDT,buy,100000,3.681,8082203,6260307
2026-08-08T11:00:00.000Z,LINKUSDT,buy,1000000,26.181,8082203,6260307
2026-08-08T11:00:00.000Z,LINKUSDT,buy,5000000,125.848,8082203,6260307
2026-08-08T11:00:00.000Z,LINKUSDT,sell,10000,0.832,8082203,6260307
2026-08-08T11:00:00.000Z,LINKUSDT,sell,100000,3.773,8082203,6260307
2026-08-08T11:00:00.000Z,LINKUSDT,sell,1000000,27.671,8082203,6260307
2026-08-08T11:00:00.000Z,LINKUSDT,sell,5000000,118.422,8082203,6260307
2026-08-08T11:00:00.000Z,SOLUSDT,buy,10000,0.664,87360172,63622089
2026-08-08T11:00:00.000Z,SOLUSDT,buy,100000,1.171,87360172,63622089
2026-08-08T11:00:00.000Z,SOLUSDT,buy,1000000,4.308,87360172,63622089
2026-08-08T11:00:00.000Z,SOLUSDT,buy,5000000,14.612,87360172,63622089
2026-08-08T11:00:00.000Z,SOLUSDT,sell,10000,0.664,87360172,63622089
2026-08-08T11:00:00.000Z,SOLUSDT,sell,100000,0.664,87360172,63622089
2026-08-08T11:00:00.000Z,SOLUSDT,sell,1000000,2.625,87360172,63622089
2026-08-08T11:00:00.000Z,SOLUSDT,sell,5000000,11.373,87360172,63622089
2026-08-08T11:00:00.000Z,XRPUSDT,buy,10000,0.482,35838699,29640628
2026-08-08T11:00:00.000Z,XRPUSDT,buy,100000,0.736,35838699,29640628
2026-08-08T11:00:00.000Z,XRPUSDT,buy,1000000,5.626,35838699,29640628
2026-08-08T11:00:00.000Z,XRPUSDT,buy,5000000,24.371,35838699,29640628
2026-08-08T11:00:00.000Z,XRPUSDT,sell,10000,0.482,35838699,29640628
2026-08-08T11:00:00.000Z,XRPUSDT,sell,100000,1.071,35838699,29640628
2026-08-08T11:00:00.000Z,XRPUSDT,sell,1000000,5.447,35838699,29640628
2026-08-08T11:00:00.000Z,XRPUSDT,sell,5000000,22.083,35838699,29640628
2026-08-08T12:00:00.000Z,ADAUSDT,buy,10000,2.514,15430018,12176251
2026-08-08T12:00:00.000Z,ADAUSDT,buy,100000,8.222,15430018,12176251
2026-08-08T12:00:00.000Z,ADAUSDT,buy,1000000,37.905,15430018,12176251
2026-08-08T12:00:00.000Z,ADAUSDT,buy,5000000,119.814,15430018,12176251
2026-08-08T12:00:00.000Z,ADAUSDT,sell,10000,2.514,15430018,12176251
2026-08-08T12:00:00.000Z,ADAUSDT,sell,100000,7.64,15430018,12176251
2026-08-08T12:00:00.000Z,ADAUSDT,sell,1000000,35.589,15430018,12176251
2026-08-08T12:00:00.000Z,ADAUSDT,sell,5000000,99.738,15430018,12176251
2026-08-08T12:00:00.000Z,BNBUSDT,buy,10000,0.084,11957286,11924429
2026-08-08T12:00:00.000Z,BNBUSDT,buy,100000,0.084,11957286,11924429
2026-08-08T12:00:00.000Z,BNBUSDT,buy,1000000,2.307,11957286,11924429
2026-08-08T12:00:00.000Z,BNBUSDT,buy,5000000,20.803,11957286,11924429
2026-08-08T12:00:00.000Z,BNBUSDT,sell,10000,0.084,11957286,11924429
2026-08-08T12:00:00.000Z,BNBUSDT,sell,100000,0.766,11957286,11924429
2026-08-08T12:00:00.000Z,BNBUSDT,sell,1000000,5.917,11957286,11924429
2026-08-08T12:00:00.000Z,BNBUSDT,sell,5000000,28.618,11957286,11924429
2026-08-08T12:00:00.000Z,BTCUSDT,buy,10000,0.008,42294186,50010650
2026-08-08T12:00:00.000Z,BTCUSDT,buy,100000,0.008,42294186,50010650
2026-08-08T12:00:00.000Z,BTCUSDT,buy,1000000,0.28,42294186,50010650
2026-08-08T12:00:00.000Z,BTCUSDT,buy,5000000,1.534,42294186,50010650
2026-08-08T12:00:00.000Z,BTCUSDT,sell,10000,0.008,42294186,50010650
2026-08-08T12:00:00.000Z,BTCUSDT,sell,100000,0.008,42294186,50010650
2026-08-08T12:00:00.000Z,BTCUSDT,sell,1000000,0.214,42294186,50010650
2026-08-08T12:00:00.000Z,BTCUSDT,sell,5000000,1.617,42294186,50010650
2026-08-08T12:00:00.000Z,DOGEUSDT,buy,10000,0.71,43595928,28509010
2026-08-08T12:00:00.000Z,DOGEUSDT,buy,100000,2.544,43595928,28509010
2026-08-08T12:00:00.000Z,DOGEUSDT,buy,1000000,12.285,43595928,28509010
2026-08-08T12:00:00.000Z,DOGEUSDT,buy,5000000,58.84,43595928,28509010
2026-08-08T12:00:00.000Z,DOGEUSDT,sell,10000,0.71,43595928,28509010
2026-08-08T12:00:00.000Z,DOGEUSDT,sell,100000,0.71,43595928,28509010
2026-08-08T12:00:00.000Z,DOGEUSDT,sell,1000000,8.216,43595928,28509010
2026-08-08T12:00:00.000Z,DOGEUSDT,sell,5000000,49.155,43595928,28509010
2026-08-08T12:00:00.000Z,ETHUSDT,buy,10000,0.026,62872346,65363175
2026-08-08T12:00:00.000Z,ETHUSDT,buy,100000,0.026,62872346,65363175
2026-08-08T12:00:00.000Z,ETHUSDT,buy,1000000,1.476,62872346,65363175
2026-08-08T12:00:00.000Z,ETHUSDT,buy,5000000,4.214,62872346,65363175
2026-08-08T12:00:00.000Z,ETHUSDT,sell,10000,0.026,62872346,65363175
2026-08-08T12:00:00.000Z,ETHUSDT,sell,100000,0.026,62872346,65363175
2026-08-08T12:00:00.000Z,ETHUSDT,sell,1000000,0.579,62872346,65363175
2026-08-08T12:00:00.000Z,ETHUSDT,sell,5000000,3.052,62872346,65363175
2026-08-08T12:00:00.000Z,LINKUSDT,buy,10000,2.106,8208769,6373111
2026-08-08T12:00:00.000Z,LINKUSDT,buy,100000,5.096,8208769,6373111
2026-08-08T12:00:00.000Z,LINKUSDT,buy,1000000,27.15,8208769,6373111
2026-08-08T12:00:00.000Z,LINKUSDT,buy,5000000,126.292,8208769,6373111
2026-08-08T12:00:00.000Z,LINKUSDT,sell,10000,0.601,8208769,6373111
2026-08-08T12:00:00.000Z,LINKUSDT,sell,100000,3.296,8208769,6373111
2026-08-08T12:00:00.000Z,LINKUSDT,sell,1000000,26.601,8208769,6373111
2026-08-08T12:00:00.000Z,LINKUSDT,sell,5000000,113.498,8208769,6373111
2026-08-08T12:00:00.000Z,SOLUSDT,buy,10000,0.662,89916295,66172055
2026-08-08T12:00:00.000Z,SOLUSDT,buy,100000,1.051,89916295,66172055
2026-08-08T12:00:00.000Z,SOLUSDT,buy,1000000,3.971,89916295,66172055
2026-08-08T12:00:00.000Z,SOLUSDT,buy,5000000,13.273,89916295,66172055
2026-08-08T12:00:00.000Z,SOLUSDT,sell,10000,0.662,89916295,66172055
2026-08-08T12:00:00.000Z,SOLUSDT,sell,100000,0.662,89916295,66172055
2026-08-08T12:00:00.000Z,SOLUSDT,sell,1000000,2.146,89916295,66172055
2026-08-08T12:00:00.000Z,SOLUSDT,sell,5000000,10.836,89916295,66172055
2026-08-08T12:00:00.000Z,XRPUSDT,buy,10000,0.48,36311504,29898621
2026-08-08T12:00:00.000Z,XRPUSDT,buy,100000,1.678,36311504,29898621
2026-08-08T12:00:00.000Z,XRPUSDT,buy,1000000,5.957,36311504,29898621
2026-08-08T12:00:00.000Z,XRPUSDT,buy,5000000,24.001,36311504,29898621
2026-08-08T12:00:00.000Z,XRPUSDT,sell,10000,0.48,36311504,29898621
2026-08-08T12:00:00.000Z,XRPUSDT,sell,100000,0.48,36311504,29898621
2026-08-08T12:00:00.000Z,XRPUSDT,sell,1000000,3.406,36311504,29898621
2026-08-08T12:00:00.000Z,XRPUSDT,sell,5000000,21.487,36311504,29898621
2026-08-08T13:00:00.000Z,ADAUSDT,buy,10000,2.508,15549253,12146269
2026-08-08T13:00:00.000Z,ADAUSDT,buy,100000,5.03,15549253,12146269
2026-08-08T13:00:00.000Z,ADAUSDT,buy,1000000,30.72,15549253,12146269
2026-08-08T13:00:00.000Z,ADAUSDT,buy,5000000,113.753,15549253,12146269
2026-08-08T13:00:00.000Z,ADAUSDT,sell,10000,2.508,15549253,12146269
2026-08-08T13:00:00.000Z,ADAUSDT,sell,100000,5.855,15549253,12146269
2026-08-08T13:00:00.000Z,ADAUSDT,sell,1000000,31.083,15549253,12146269
2026-08-08T13:00:00.000Z,ADAUSDT,sell,5000000,99.191,15549253,12146269
2026-08-08T13:00:00.000Z,BNBUSDT,buy,10000,0.163,11365113,10341745
2026-08-08T13:00:00.000Z,BNBUSDT,buy,100000,0.884,11365113,10341745
2026-08-08T13:00:00.000Z,BNBUSDT,buy,1000000,3.201,11365113,10341745
2026-08-08T13:00:00.000Z,BNBUSDT,buy,5000000,23.145,11365113,10341745
2026-08-08T13:00:00.000Z,BNBUSDT,sell,10000,0.084,11365113,10341745
2026-08-08T13:00:00.000Z,BNBUSDT,sell,100000,1.134,11365113,10341745
2026-08-08T13:00:00.000Z,BNBUSDT,sell,1000000,6.909,11365113,10341745
2026-08-08T13:00:00.000Z,BNBUSDT,sell,5000000,33.337,11365113,10341745
2026-08-08T13:00:00.000Z,BTCUSDT,buy,10000,0.008,45245005,50041631
2026-08-08T13:00:00.000Z,BTCUSDT,buy,100000,0.008,45245005,50041631
2026-08-08T13:00:00.000Z,BTCUSDT,buy,1000000,0.441,45245005,50041631
2026-08-08T13:00:00.000Z,BTCUSDT,buy,5000000,1.676,45245005,50041631
2026-08-08T13:00:00.000Z,BTCUSDT,sell,10000,0.008,45245005,50041631
2026-08-08T13:00:00.000Z,BTCUSDT,sell,100000,0.008,45245005,50041631
2026-08-08T13:00:00.000Z,BTCUSDT,sell,1000000,0.008,45245005,50041631
2026-08-08T13:00:00.000Z,BTCUSDT,sell,5000000,1.032,45245005,50041631
2026-08-08T13:00:00.000Z,DOGEUSDT,buy,10000,0.708,44107474,28325394
2026-08-08T13:00:00.000Z,DOGEUSDT,buy,100000,1.547,44107474,28325394
2026-08-08T13:00:00.000Z,DOGEUSDT,buy,1000000,10.91,44107474,28325394
2026-08-08T13:00:00.000Z,DOGEUSDT,buy,5000000,57.613,44107474,28325394
2026-08-08T13:00:00.000Z,DOGEUSDT,sell,10000,0.708,44107474,28325394
2026-08-08T13:00:00.000Z,DOGEUSDT,sell,100000,1.476,44107474,28325394
2026-08-08T13:00:00.000Z,DOGEUSDT,sell,1000000,7.466,44107474,28325394
2026-08-08T13:00:00.000Z,DOGEUSDT,sell,5000000,48.003,44107474,28325394
2026-08-08T13:00:00.000Z,ETHUSDT,buy,10000,0.088,62810125,65178635
2026-08-08T13:00:00.000Z,ETHUSDT,buy,100000,0.424,62810125,65178635
2026-08-08T13:00:00.000Z,ETHUSDT,buy,1000000,1.348,62810125,65178635
2026-08-08T13:00:00.000Z,ETHUSDT,buy,5000000,4.323,62810125,65178635
2026-08-08T13:00:00.000Z,ETHUSDT,sell,10000,0.026,62810125,65178635
2026-08-08T13:00:00.000Z,ETHUSDT,sell,100000,0.026,62810125,65178635
2026-08-08T13:00:00.000Z,ETHUSDT,sell,1000000,0.124,62810125,65178635
2026-08-08T13:00:00.000Z,ETHUSDT,sell,5000000,2.556,62810125,65178635
2026-08-08T13:00:00.000Z,LINKUSDT,buy,10000,0.915,8310337,6289440
2026-08-08T13:00:00.000Z,LINKUSDT,buy,100000,4.285,8310337,6289440
2026-08-08T13:00:00.000Z,LINKUSDT,buy,1000000,25.298,8310337,6289440
2026-08-08T13:00:00.000Z,LINKUSDT,buy,5000000,121.824,8310337,6289440
2026-08-08T13:00:00.000Z,LINKUSDT,sell,10000,0.601,8310337,6289440
2026-08-08T13:00:00.000Z,LINKUSDT,sell,100000,3.604,8310337,6289440
2026-08-08T13:00:00.000Z,LINKUSDT,sell,1000000,26.752,8310337,6289440
2026-08-08T13:00:00.000Z,LINKUSDT,sell,5000000,116.956,8310337,6289440
2026-08-08T13:00:00.000Z,SOLUSDT,buy,10000,0.663,88565577,68626443
2026-08-08T13:00:00.000Z,SOLUSDT,buy,100000,0.663,88565577,68626443
2026-08-08T13:00:00.000Z,SOLUSDT,buy,1000000,1.77,88565577,68626443
2026-08-08T13:00:00.000Z,SOLUSDT,buy,5000000,6.193,88565577,68626443
2026-08-08T13:00:00.000Z,SOLUSDT,sell,10000,0.663,88565577,68626443
2026-08-08T13:00:00.000Z,SOLUSDT,sell,100000,0.663,88565577,68626443
2026-08-08T13:00:00.000Z,SOLUSDT,sell,1000000,3.383,88565577,68626443
2026-08-08T13:00:00.000Z,SOLUSDT,sell,5000000,9.942,88565577,68626443
2026-08-08T13:00:00.000Z,XRPUSDT,buy,10000,0.48,35725669,30282795
2026-08-08T13:00:00.000Z,XRPUSDT,buy,100000,1.55,35725669,30282795
2026-08-08T13:00:00.000Z,XRPUSDT,buy,1000000,5.785,35725669,30282795
2026-08-08T13:00:00.000Z,XRPUSDT,buy,5000000,23.096,35725669,30282795
2026-08-08T13:00:00.000Z,XRPUSDT,sell,10000,0.48,35725669,30282795
2026-08-08T13:00:00.000Z,XRPUSDT,sell,100000,0.84,35725669,30282795
2026-08-08T13:00:00.000Z,XRPUSDT,sell,1000000,4.404,35725669,30282795
2026-08-08T13:00:00.000Z,XRPUSDT,sell,5000000,21.356,35725669,30282795
2026-08-08T14:00:00.000Z,ADAUSDT,buy,10000,2.504,15474843,11600186
2026-08-08T14:00:00.000Z,ADAUSDT,buy,100000,7.229,15474843,11600186
2026-08-08T14:00:00.000Z,ADAUSDT,buy,1000000,38.477,15474843,11600186
2026-08-08T14:00:00.000Z,ADAUSDT,buy,5000000,119.588,15474843,11600186
2026-08-08T14:00:00.000Z,ADAUSDT,sell,10000,2.504,15474843,11600186
2026-08-08T14:00:00.000Z,ADAUSDT,sell,100000,5.464,15474843,11600186
2026-08-08T14:00:00.000Z,ADAUSDT,sell,1000000,31.486,15474843,11600186
2026-08-08T14:00:00.000Z,ADAUSDT,sell,5000000,101.763,15474843,11600186
2026-08-08T14:00:00.000Z,BNBUSDT,buy,10000,0.082,9718390,9380232
2026-08-08T14:00:00.000Z,BNBUSDT,buy,100000,1.5,9718390,9380232
2026-08-08T14:00:00.000Z,BNBUSDT,buy,1000000,8.918,9718390,9380232
2026-08-08T14:00:00.000Z,BNBUSDT,buy,5000000,35.063,9718390,9380232
2026-08-08T14:00:00.000Z,BNBUSDT,sell,10000,0.14,9718390,9380232
2026-08-08T14:00:00.000Z,BNBUSDT,sell,100000,2.206,9718390,9380232
2026-08-08T14:00:00.000Z,BNBUSDT,sell,1000000,10.275,9718390,9380232
2026-08-08T14:00:00.000Z,BNBUSDT,sell,5000000,41.182,9718390,9380232
2026-08-08T14:00:00.000Z,BTCUSDT,buy,10000,0.008,51401167,57928831
2026-08-08T14:00:00.000Z,BTCUSDT,buy,100000,0.119,51401167,57928831
2026-08-08T14:00:00.000Z,BTCUSDT,buy,1000000,0.569,51401167,57928831
2026-08-08T14:00:00.000Z,BTCUSDT,buy,5000000,1.771,51401167,57928831
2026-08-08T14:00:00.000Z,BTCUSDT,sell,10000,0.008,51401167,57928831
2026-08-08T14:00:00.000Z,BTCUSDT,sell,100000,0.008,51401167,57928831
2026-08-08T14:00:00.000Z,BTCUSDT,sell,1000000,0.008,51401167,57928831
2026-08-08T14:00:00.000Z,BTCUSDT,sell,5000000,0.453,51401167,57928831
2026-08-08T14:00:00.000Z,DOGEUSDT,buy,10000,0.7,42831324,28368831
2026-08-08T14:00:00.000Z,DOGEUSDT,buy,100000,2.122,42831324,28368831
2026-08-08T14:00:00.000Z,DOGEUSDT,buy,1000000,11.61,42831324,28368831
2026-08-08T14:00:00.000Z,DOGEUSDT,buy,5000000,58.634,42831324,28368831
2026-08-08T14:00:00.000Z,DOGEUSDT,sell,10000,0.7,42831324,28368831
2026-08-08T14:00:00.000Z,DOGEUSDT,sell,100000,2.352,42831324,28368831
2026-08-08T14:00:00.000Z,DOGEUSDT,sell,1000000,14.93,42831324,28368831
2026-08-08T14:00:00.000Z,DOGEUSDT,sell,5000000,62.66,42831324,28368831
2026-08-08T14:00:00.000Z,ETHUSDT,buy,10000,0.026,55814654,63741311
2026-08-08T14:00:00.000Z,ETHUSDT,buy,100000,0.026,55814654,63741311
2026-08-08T14:00:00.000Z,ETHUSDT,buy,1000000,1.007,55814654,63741311
2026-08-08T14:00:00.000Z,ETHUSDT,buy,5000000,3.844,55814654,63741311
2026-08-08T14:00:00.000Z,ETHUSDT,sell,10000,0.026,55814654,63741311
2026-08-08T14:00:00.000Z,ETHUSDT,sell,100000,0.026,55814654,63741311
2026-08-08T14:00:00.000Z,ETHUSDT,sell,1000000,0.175,55814654,63741311
2026-08-08T14:00:00.000Z,ETHUSDT,sell,5000000,2.404,55814654,63741311
2026-08-08T14:00:00.000Z,LINKUSDT,buy,10000,1.197,8399406,5869727
2026-08-08T14:00:00.000Z,LINKUSDT,buy,100000,5.029,8399406,5869727
2026-08-08T14:00:00.000Z,LINKUSDT,buy,1000000,25.945,8399406,5869727
2026-08-08T14:00:00.000Z,LINKUSDT,buy,5000000,136.503,8399406,5869727
2026-08-08T14:00:00.000Z,LINKUSDT,sell,10000,0.838,8399406,5869727
2026-08-08T14:00:00.000Z,LINKUSDT,sell,100000,4.143,8399406,5869727
2026-08-08T14:00:00.000Z,LINKUSDT,sell,1000000,28.174,8399406,5869727
2026-08-08T14:00:00.000Z,LINKUSDT,sell,5000000,122.252,8399406,5869727
2026-08-08T14:00:00.000Z,SOLUSDT,buy,10000,0.657,92797116,65491381
2026-08-08T14:00:00.000Z,SOLUSDT,buy,100000,0.657,92797116,65491381
2026-08-08T14:00:00.000Z,SOLUSDT,buy,1000000,3.178,92797116,65491381
2026-08-08T14:00:00.000Z,SOLUSDT,buy,5000000,11.864,92797116,65491381
2026-08-08T14:00:00.000Z,SOLUSDT,sell,10000,0.657,92797116,65491381
2026-08-08T14:00:00.000Z,SOLUSDT,sell,100000,0.657,92797116,65491381
2026-08-08T14:00:00.000Z,SOLUSDT,sell,1000000,2.721,92797116,65491381
2026-08-08T14:00:00.000Z,SOLUSDT,sell,5000000,10.136,92797116,65491381
2026-08-08T14:00:00.000Z,XRPUSDT,buy,10000,0.479,35949155,30504649
2026-08-08T14:00:00.000Z,XRPUSDT,buy,100000,0.522,35949155,30504649
2026-08-08T14:00:00.000Z,XRPUSDT,buy,1000000,3.21,35949155,30504649
2026-08-08T14:00:00.000Z,XRPUSDT,buy,5000000,18.005,35949155,30504649
2026-08-08T14:00:00.000Z,XRPUSDT,sell,10000,0.479,35949155,30504649
2026-08-08T14:00:00.000Z,XRPUSDT,sell,100000,1.38,35949155,30504649
2026-08-08T14:00:00.000Z,XRPUSDT,sell,1000000,5.345,35949155,30504649
2026-08-08T14:00:00.000Z,XRPUSDT,sell,5000000,24.097,35949155,30504649
2026-08-08T15:00:00.000Z,ADAUSDT,buy,10000,2.504,15835141,12058639
2026-08-08T15:00:00.000Z,ADAUSDT,buy,100000,7.272,15835141,12058639
2026-08-08T15:00:00.000Z,ADAUSDT,buy,1000000,36.567,15835141,12058639
2026-08-08T15:00:00.000Z,ADAUSDT,buy,5000000,117.02,15835141,12058639
2026-08-08T15:00:00.000Z,ADAUSDT,sell,10000,2.504,15835141,12058639
2026-08-08T15:00:00.000Z,ADAUSDT,sell,100000,6.341,15835141,12058639
2026-08-08T15:00:00.000Z,ADAUSDT,sell,1000000,31.739,15835141,12058639
2026-08-08T15:00:00.000Z,ADAUSDT,sell,5000000,94.492,15835141,12058639
2026-08-08T15:00:00.000Z,BNBUSDT,buy,10000,0.083,9317357,9546928
2026-08-08T15:00:00.000Z,BNBUSDT,buy,100000,0.984,9317357,9546928
2026-08-08T15:00:00.000Z,BNBUSDT,buy,1000000,12.626,9317357,9546928
2026-08-08T15:00:00.000Z,BNBUSDT,buy,5000000,45.168,9317357,9546928
2026-08-08T15:00:00.000Z,BNBUSDT,sell,10000,0.555,9317357,9546928
2026-08-08T15:00:00.000Z,BNBUSDT,sell,100000,1.76,9317357,9546928
2026-08-08T15:00:00.000Z,BNBUSDT,sell,1000000,11.962,9317357,9546928
2026-08-08T15:00:00.000Z,BNBUSDT,sell,5000000,45.065,9317357,9546928
2026-08-08T15:00:00.000Z,BTCUSDT,buy,10000,0.008,51612261,59161904
2026-08-08T15:00:00.000Z,BTCUSDT,buy,100000,0.008,51612261,59161904
2026-08-08T15:00:00.000Z,BTCUSDT,buy,1000000,0.239,51612261,59161904
2026-08-08T15:00:00.000Z,BTCUSDT,buy,5000000,1.24,51612261,59161904
2026-08-08T15:00:00.000Z,BTCUSDT,sell,10000,0.008,51612261,59161904
2026-08-08T15:00:00.000Z,BTCUSDT,sell,100000,0.008,51612261,59161904
2026-08-08T15:00:00.000Z,BTCUSDT,sell,1000000,0.008,51612261,59161904
2026-08-08T15:00:00.000Z,BTCUSDT,sell,5000000,0.389,51612261,59161904
2026-08-08T15:00:00.000Z,DOGEUSDT,buy,10000,0.704,42816708,28165200
2026-08-08T15:00:00.000Z,DOGEUSDT,buy,100000,1.685,42816708,28165200
2026-08-08T15:00:00.000Z,DOGEUSDT,buy,1000000,12.666,42816708,28165200
2026-08-08T15:00:00.000Z,DOGEUSDT,buy,5000000,64.426,42816708,28165200
2026-08-08T15:00:00.000Z,DOGEUSDT,sell,10000,0.704,42816708,28165200
2026-08-08T15:00:00.000Z,DOGEUSDT,sell,100000,1.829,42816708,28165200
2026-08-08T15:00:00.000Z,DOGEUSDT,sell,1000000,9.18,42816708,28165200
2026-08-08T15:00:00.000Z,DOGEUSDT,sell,5000000,49.402,42816708,28165200
2026-08-08T15:00:00.000Z,ETHUSDT,buy,10000,0.026,67538744,62491726
2026-08-08T15:00:00.000Z,ETHUSDT,buy,100000,0.101,67538744,62491726
2026-08-08T15:00:00.000Z,ETHUSDT,buy,1000000,1.096,67538744,62491726
2026-08-08T15:00:00.000Z,ETHUSDT,buy,5000000,3.602,67538744,62491726
2026-08-08T15:00:00.000Z,ETHUSDT,sell,10000,0.026,67538744,62491726
2026-08-08T15:00:00.000Z,ETHUSDT,sell,100000,0.026,67538744,62491726
2026-08-08T15:00:00.000Z,ETHUSDT,sell,1000000,0.047,67538744,62491726
2026-08-08T15:00:00.000Z,ETHUSDT,sell,5000000,2.607,67538744,62491726
2026-08-08T15:00:00.000Z,LINKUSDT,buy,10000,0.6,8419998,6184243
2026-08-08T15:00:00.000Z,LINKUSDT,buy,100000,1.925,8419998,6184243
2026-08-08T15:00:00.000Z,LINKUSDT,buy,1000000,24.775,8419998,6184243
2026-08-08T15:00:00.000Z,LINKUSDT,buy,5000000,130.568,8419998,6184243
2026-08-08T15:00:00.000Z,LINKUSDT,sell,10000,1.16,8419998,6184243
2026-08-08T15:00:00.000Z,LINKUSDT,sell,100000,4.58,8419998,6184243
2026-08-08T15:00:00.000Z,LINKUSDT,sell,1000000,30.381,8419998,6184243
2026-08-08T15:00:00.000Z,LINKUSDT,sell,5000000,115.155,8419998,6184243
2026-08-08T15:00:00.000Z,SOLUSDT,buy,10000,0.655,90091823,77808834
2026-08-08T15:00:00.000Z,SOLUSDT,buy,100000,0.71,90091823,77808834
2026-08-08T15:00:00.000Z,SOLUSDT,buy,1000000,2.769,90091823,77808834
2026-08-08T15:00:00.000Z,SOLUSDT,buy,5000000,11.016,90091823,77808834
2026-08-08T15:00:00.000Z,SOLUSDT,sell,10000,0.655,90091823,77808834
2026-08-08T15:00:00.000Z,SOLUSDT,sell,100000,0.655,90091823,77808834
2026-08-08T15:00:00.000Z,SOLUSDT,sell,1000000,2.865,90091823,77808834
2026-08-08T15:00:00.000Z,SOLUSDT,sell,5000000,10.992,90091823,77808834
2026-08-08T15:00:00.000Z,XRPUSDT,buy,10000,0.479,35910484,30112325
2026-08-08T15:00:00.000Z,XRPUSDT,buy,100000,0.918,35910484,30112325
2026-08-08T15:00:00.000Z,XRPUSDT,buy,1000000,6.179,35910484,30112325
2026-08-08T15:00:00.000Z,XRPUSDT,buy,5000000,22.073,35910484,30112325
2026-08-08T15:00:00.000Z,XRPUSDT,sell,10000,0.479,35910484,30112325
2026-08-08T15:00:00.000Z,XRPUSDT,sell,100000,1.486,35910484,30112325
2026-08-08T15:00:00.000Z,XRPUSDT,sell,1000000,5.201,35910484,30112325
2026-08-08T15:00:00.000Z,XRPUSDT,sell,5000000,23.408,35910484,30112325
2026-08-08T16:00:00.000Z,ADAUSDT,buy,10000,2.502,15780958,12146361
2026-08-08T16:00:00.000Z,ADAUSDT,buy,100000,6.211,15780958,12146361
2026-08-08T16:00:00.000Z,ADAUSDT,buy,1000000,35.91,15780958,12146361
2026-08-08T16:00:00.000Z,ADAUSDT,buy,5000000,121.998,15780958,12146361
2026-08-08T16:00:00.000Z,ADAUSDT,sell,10000,2.502,15780958,12146361
2026-08-08T16:00:00.000Z,ADAUSDT,sell,100000,7.495,15780958,12146361
2026-08-08T16:00:00.000Z,ADAUSDT,sell,1000000,35.29,15780958,12146361
2026-08-08T16:00:00.000Z,ADAUSDT,sell,5000000,95.915,15780958,12146361
2026-08-08T16:00:00.000Z,BNBUSDT,buy,10000,0.083,9485749,9146640
2026-08-08T16:00:00.000Z,BNBUSDT,buy,100000,1.528,9485749,9146640
2026-08-08T16:00:00.000Z,BNBUSDT,buy,1000000,10.628,9485749,9146640
2026-08-08T16:00:00.000Z,BNBUSDT,buy,5000000,43.749,9485749,9146640
2026-08-08T16:00:00.000Z,BNBUSDT,sell,10000,0.098,9485749,9146640
2026-08-08T16:00:00.000Z,BNBUSDT,sell,100000,1.97,9485749,9146640
2026-08-08T16:00:00.000Z,BNBUSDT,sell,1000000,11.102,9485749,9146640
2026-08-08T16:00:00.000Z,BNBUSDT,sell,5000000,42.485,9485749,9146640
2026-08-08T16:00:00.000Z,BTCUSDT,buy,10000,0.008,40934145,43033918
2026-08-08T16:00:00.000Z,BTCUSDT,buy,100000,0.008,40934145,43033918
2026-08-08T16:00:00.000Z,BTCUSDT,buy,1000000,0.109,40934145,43033918
2026-08-08T16:00:00.000Z,BTCUSDT,buy,5000000,1.554,40934145,43033918
2026-08-08T16:00:00.000Z,BTCUSDT,sell,10000,0.008,40934145,43033918
2026-08-08T16:00:00.000Z,BTCUSDT,sell,100000,0.008,40934145,43033918
2026-08-08T16:00:00.000Z,BTCUSDT,sell,1000000,0.167,40934145,43033918
2026-08-08T16:00:00.000Z,BTCUSDT,sell,5000000,1.696,40934145,43033918
2026-08-08T16:00:00.000Z,DOGEUSDT,buy,10000,0.703,42600531,28857322
2026-08-08T16:00:00.000Z,DOGEUSDT,buy,100000,0.855,42600531,28857322
2026-08-08T16:00:00.000Z,DOGEUSDT,buy,1000000,8.759,42600531,28857322
2026-08-08T16:00:00.000Z,DOGEUSDT,buy,5000000,57.031,42600531,28857322
2026-08-08T16:00:00.000Z,DOGEUSDT,sell,10000,0.703,42600531,28857322
2026-08-08T16:00:00.000Z,DOGEUSDT,sell,100000,2.32,42600531,28857322
2026-08-08T16:00:00.000Z,DOGEUSDT,sell,1000000,9.448,42600531,28857322
2026-08-08T16:00:00.000Z,DOGEUSDT,sell,5000000,48.565,42600531,28857322
2026-08-08T16:00:00.000Z,ETHUSDT,buy,10000,0.026,66996210,61508177
2026-08-08T16:00:00.000Z,ETHUSDT,buy,100000,0.026,66996210,61508177
2026-08-08T16:00:00.000Z,ETHUSDT,buy,1000000,0.908,66996210,61508177
2026-08-08T16:00:00.000Z,ETHUSDT,buy,5000000,3.818,66996210,61508177
2026-08-08T16:00:00.000Z,ETHUSDT,sell,10000,0.026,66996210,61508177
2026-08-08T16:00:00.000Z,ETHUSDT,sell,100000,0.026,66996210,61508177
2026-08-08T16:00:00.000Z,ETHUSDT,sell,1000000,0.436,66996210,61508177
2026-08-08T16:00:00.000Z,ETHUSDT,sell,5000000,3.01,66996210,61508177
2026-08-08T16:00:00.000Z,LINKUSDT,buy,10000,1.035,8410739,6086265
2026-08-08T16:00:00.000Z,LINKUSDT,buy,100000,4.407,8410739,6086265
2026-08-08T16:00:00.000Z,LINKUSDT,buy,1000000,28.045,8410739,6086265
2026-08-08T16:00:00.000Z,LINKUSDT,buy,5000000,134.805,8410739,6086265
2026-08-08T16:00:00.000Z,LINKUSDT,sell,10000,0.6,8410739,6086265
2026-08-08T16:00:00.000Z,LINKUSDT,sell,100000,3.698,8410739,6086265
2026-08-08T16:00:00.000Z,LINKUSDT,sell,1000000,28.218,8410739,6086265
2026-08-08T16:00:00.000Z,LINKUSDT,sell,5000000,113.031,8410739,6086265
2026-08-08T16:00:00.000Z,SOLUSDT,buy,10000,0.655,92310797,77977898
2026-08-08T16:00:00.000Z,SOLUSDT,buy,100000,0.694,92310797,77977898
2026-08-08T16:00:00.000Z,SOLUSDT,buy,1000000,3.892,92310797,77977898
2026-08-08T16:00:00.000Z,SOLUSDT,buy,5000000,14.308,92310797,77977898
2026-08-08T16:00:00.000Z,SOLUSDT,sell,10000,0.655,92310797,77977898
2026-08-08T16:00:00.000Z,SOLUSDT,sell,100000,0.655,92310797,77977898
2026-08-08T16:00:00.000Z,SOLUSDT,sell,1000000,2.851,92310797,77977898
2026-08-08T16:00:00.000Z,SOLUSDT,sell,5000000,10.039,92310797,77977898
2026-08-08T16:00:00.000Z,XRPUSDT,buy,10000,0.478,35520143,31637248
2026-08-08T16:00:00.000Z,XRPUSDT,buy,100000,0.478,35520143,31637248
2026-08-08T16:00:00.000Z,XRPUSDT,buy,1000000,4.234,35520143,31637248
2026-08-08T16:00:00.000Z,XRPUSDT,buy,5000000,16.352,35520143,31637248
2026-08-08T16:00:00.000Z,XRPUSDT,sell,10000,0.478,35520143,31637248
2026-08-08T16:00:00.000Z,XRPUSDT,sell,100000,1.297,35520143,31637248
2026-08-08T16:00:00.000Z,XRPUSDT,sell,1000000,5.615,35520143,31637248
2026-08-08T16:00:00.000Z,XRPUSDT,sell,5000000,24.694,35520143,31637248
2026-08-08T17:00:00.000Z,ADAUSDT,buy,10000,2.504,15455799,11810014
2026-08-08T17:00:00.000Z,ADAUSDT,buy,100000,5.664,15455799,11810014
2026-08-08T17:00:00.000Z,ADAUSDT,buy,1000000,35.48,15455799,11810014
2026-08-08T17:00:00.000Z,ADAUSDT,buy,5000000,123.643,15455799,11810014
2026-08-08T17:00:00.000Z,ADAUSDT,sell,10000,2.504,15455799,11810014
2026-08-08T17:00:00.000Z,ADAUSDT,sell,100000,6.262,15455799,11810014
2026-08-08T17:00:00.000Z,ADAUSDT,sell,1000000,32.631,15455799,11810014
2026-08-08T17:00:00.000Z,ADAUSDT,sell,5000000,94.823,15455799,11810014
2026-08-08T17:00:00.000Z,BNBUSDT,buy,10000,0.238,9651872,9584634
2026-08-08T17:00:00.000Z,BNBUSDT,buy,100000,2.148,9651872,9584634
2026-08-08T17:00:00.000Z,BNBUSDT,buy,1000000,11.558,9651872,9584634
2026-08-08T17:00:00.000Z,BNBUSDT,buy,5000000,40.243,9651872,9584634
2026-08-08T17:00:00.000Z,BNBUSDT,sell,10000,0.083,9651872,9584634
2026-08-08T17:00:00.000Z,BNBUSDT,sell,100000,0.651,9651872,9584634
2026-08-08T17:00:00.000Z,BNBUSDT,sell,1000000,11.352,9651872,9584634
2026-08-08T17:00:00.000Z,BNBUSDT,sell,5000000,42.126,9651872,9584634
2026-08-08T17:00:00.000Z,BTCUSDT,buy,10000,0.008,45493064,60727457
2026-08-08T17:00:00.000Z,BTCUSDT,buy,100000,0.008,45493064,60727457
2026-08-08T17:00:00.000Z,BTCUSDT,buy,1000000,0.008,45493064,60727457
2026-08-08T17:00:00.000Z,BTCUSDT,buy,5000000,0.41,45493064,60727457
2026-08-08T17:00:00.000Z,BTCUSDT,sell,10000,0.008,45493064,60727457
2026-08-08T17:00:00.000Z,BTCUSDT,sell,100000,0.008,45493064,60727457
2026-08-08T17:00:00.000Z,BTCUSDT,sell,1000000,0.036,45493064,60727457
2026-08-08T17:00:00.000Z,BTCUSDT,sell,5000000,1.312,45493064,60727457
2026-08-08T17:00:00.000Z,DOGEUSDT,buy,10000,0.701,43216659,28999425
2026-08-08T17:00:00.000Z,DOGEUSDT,buy,100000,0.701,43216659,28999425
2026-08-08T17:00:00.000Z,DOGEUSDT,buy,1000000,9.546,43216659,28999425
2026-08-08T17:00:00.000Z,DOGEUSDT,buy,5000000,57.287,43216659,28999425
2026-08-08T17:00:00.000Z,DOGEUSDT,sell,10000,1.413,43216659,28999425
2026-08-08T17:00:00.000Z,DOGEUSDT,sell,100000,2.576,43216659,28999425
2026-08-08T17:00:00.000Z,DOGEUSDT,sell,1000000,13.347,43216659,28999425
2026-08-08T17:00:00.000Z,DOGEUSDT,sell,5000000,51.47,43216659,28999425
2026-08-08T17:00:00.000Z,ETHUSDT,buy,10000,0.026,65661079,68107233
2026-08-08T17:00:00.000Z,ETHUSDT,buy,100000,0.026,65661079,68107233
2026-08-08T17:00:00.000Z,ETHUSDT,buy,1000000,0.514,65661079,68107233
2026-08-08T17:00:00.000Z,ETHUSDT,buy,5000000,2.685,65661079,68107233
2026-08-08T17:00:00.000Z,ETHUSDT,sell,10000,0.026,65661079,68107233
2026-08-08T17:00:00.000Z,ETHUSDT,sell,100000,0.026,65661079,68107233
2026-08-08T17:00:00.000Z,ETHUSDT,sell,1000000,0.763,65661079,68107233
2026-08-08T17:00:00.000Z,ETHUSDT,sell,5000000,2.804,65661079,68107233
2026-08-08T17:00:00.000Z,LINKUSDT,buy,10000,0.599,8466340,6159151
2026-08-08T17:00:00.000Z,LINKUSDT,buy,100000,2.098,8466340,6159151
2026-08-08T17:00:00.000Z,LINKUSDT,buy,1000000,24.833,8466340,6159151
2026-08-08T17:00:00.000Z,LINKUSDT,buy,5000000,128.72,8466340,6159151
2026-08-08T17:00:00.000Z,LINKUSDT,sell,10000,0.599,8466340,6159151
2026-08-08T17:00:00.000Z,LINKUSDT,sell,100000,3.657,8466340,6159151
2026-08-08T17:00:00.000Z,LINKUSDT,sell,1000000,26.763,8466340,6159151
2026-08-08T17:00:00.000Z,LINKUSDT,sell,5000000,112.92,8466340,6159151
2026-08-08T17:00:00.000Z,SOLUSDT,buy,10000,0.655,91374913,79773248
2026-08-08T17:00:00.000Z,SOLUSDT,buy,100000,0.705,91374913,79773248
2026-08-08T17:00:00.000Z,SOLUSDT,buy,1000000,3.834,91374913,79773248
2026-08-08T17:00:00.000Z,SOLUSDT,buy,5000000,12.175,91374913,79773248
2026-08-08T17:00:00.000Z,SOLUSDT,sell,10000,0.655,91374913,79773248
2026-08-08T17:00:00.000Z,SOLUSDT,sell,100000,0.655,91374913,79773248
2026-08-08T17:00:00.000Z,SOLUSDT,sell,1000000,3.127,91374913,79773248
2026-08-08T17:00:00.000Z,SOLUSDT,sell,5000000,12.024,91374913,79773248
2026-08-08T17:00:00.000Z,XRPUSDT,buy,10000,0.478,35339527,31331326
2026-08-08T17:00:00.000Z,XRPUSDT,buy,100000,0.997,35339527,31331326
2026-08-08T17:00:00.000Z,XRPUSDT,buy,1000000,5.279,35339527,31331326
2026-08-08T17:00:00.000Z,XRPUSDT,buy,5000000,18.311,35339527,31331326
2026-08-08T17:00:00.000Z,XRPUSDT,sell,10000,0.478,35339527,31331326
2026-08-08T17:00:00.000Z,XRPUSDT,sell,100000,0.915,35339527,31331326
2026-08-08T17:00:00.000Z,XRPUSDT,sell,1000000,5.144,35339527,31331326
2026-08-08T17:00:00.000Z,XRPUSDT,sell,5000000,24.855,35339527,31331326
2026-08-08T18:00:00.000Z,ADAUSDT,buy,10000,2.496,15868760,12141313
2026-08-08T18:00:00.000Z,ADAUSDT,buy,100000,7.2,15868760,12141313
2026-08-08T18:00:00.000Z,ADAUSDT,buy,1000000,33.221,15868760,12141313
2026-08-08T18:00:00.000Z,ADAUSDT,buy,5000000,109.472,15868760,12141313
2026-08-08T18:00:00.000Z,ADAUSDT,sell,10000,2.496,15868760,12141313
2026-08-08T18:00:00.000Z,ADAUSDT,sell,100000,7.206,15868760,12141313
2026-08-08T18:00:00.000Z,ADAUSDT,sell,1000000,35.822,15868760,12141313
2026-08-08T18:00:00.000Z,ADAUSDT,sell,5000000,106.943,15868760,12141313
2026-08-08T18:00:00.000Z,BNBUSDT,buy,10000,0.083,9283443,9307855
2026-08-08T18:00:00.000Z,BNBUSDT,buy,100000,1.527,9283443,9307855
2026-08-08T18:00:00.000Z,BNBUSDT,buy,1000000,10.327,9283443,9307855
2026-08-08T18:00:00.000Z,BNBUSDT,buy,5000000,41.02,9283443,9307855
2026-08-08T18:00:00.000Z,BNBUSDT,sell,10000,0.172,9283443,9307855
2026-08-08T18:00:00.000Z,BNBUSDT,sell,100000,2.343,9283443,9307855
2026-08-08T18:00:00.000Z,BNBUSDT,sell,1000000,12.295,9283443,9307855
2026-08-08T18:00:00.000Z,BNBUSDT,sell,5000000,43.156,9283443,9307855
2026-08-08T18:00:00.000Z,BTCUSDT,buy,10000,0.008,46502585,60587968
2026-08-08T18:00:00.000Z,BTCUSDT,buy,100000,0.008,46502585,60587968
2026-08-08T18:00:00.000Z,BTCUSDT,buy,1000000,0.008,46502585,60587968
2026-08-08T18:00:00.000Z,BTCUSDT,buy,5000000,1.435,46502585,60587968
2026-08-08T18:00:00.000Z,BTCUSDT,sell,10000,0.008,46502585,60587968
2026-08-08T18:00:00.000Z,BTCUSDT,sell,100000,0.008,46502585,60587968
2026-08-08T18:00:00.000Z,BTCUSDT,sell,1000000,0.199,46502585,60587968
2026-08-08T18:00:00.000Z,BTCUSDT,sell,5000000,1.621,46502585,60587968
2026-08-08T18:00:00.000Z,DOGEUSDT,buy,10000,0.704,44348545,29239345
2026-08-08T18:00:00.000Z,DOGEUSDT,buy,100000,2.01,44348545,29239345
2026-08-08T18:00:00.000Z,DOGEUSDT,buy,1000000,10.43,44348545,29239345
2026-08-08T18:00:00.000Z,DOGEUSDT,buy,5000000,58.536,44348545,29239345
2026-08-08T18:00:00.000Z,DOGEUSDT,sell,10000,0.704,44348545,29239345
2026-08-08T18:00:00.000Z,DOGEUSDT,sell,100000,1.354,44348545,29239345
2026-08-08T18:00:00.000Z,DOGEUSDT,sell,1000000,9.998,44348545,29239345
2026-08-08T18:00:00.000Z,DOGEUSDT,sell,5000000,47.074,44348545,29239345
2026-08-08T18:00:00.000Z,ETHUSDT,buy,10000,0.026,68405899,56753138
2026-08-08T18:00:00.000Z,ETHUSDT,buy,100000,0.026,68405899,56753138
2026-08-08T18:00:00.000Z,ETHUSDT,buy,1000000,0.756,68405899,56753138
2026-08-08T18:00:00.000Z,ETHUSDT,buy,5000000,3.341,68405899,56753138
2026-08-08T18:00:00.000Z,ETHUSDT,sell,10000,0.026,68405899,56753138
2026-08-08T18:00:00.000Z,ETHUSDT,sell,100000,0.026,68405899,56753138
2026-08-08T18:00:00.000Z,ETHUSDT,sell,1000000,0.835,68405899,56753138
2026-08-08T18:00:00.000Z,ETHUSDT,sell,5000000,3.966,68405899,56753138
2026-08-08T18:00:00.000Z,LINKUSDT,buy,10000,0.902,8388455,6305281
2026-08-08T18:00:00.000Z,LINKUSDT,buy,100000,2.961,8388455,6305281
2026-08-08T18:00:00.000Z,LINKUSDT,buy,1000000,25.863,8388455,6305281
2026-08-08T18:00:00.000Z,LINKUSDT,buy,5000000,127.985,8388455,6305281
2026-08-08T18:00:00.000Z,LINKUSDT,sell,10000,0.66,8388455,6305281
2026-08-08T18:00:00.000Z,LINKUSDT,sell,100000,4.556,8388455,6305281
2026-08-08T18:00:00.000Z,LINKUSDT,sell,1000000,27.102,8388455,6305281
2026-08-08T18:00:00.000Z,LINKUSDT,sell,5000000,113.859,8388455,6305281
2026-08-08T18:00:00.000Z,SOLUSDT,buy,10000,0.657,91408195,80802832
2026-08-08T18:00:00.000Z,SOLUSDT,buy,100000,0.657,91408195,80802832
2026-08-08T18:00:00.000Z,SOLUSDT,buy,1000000,3.553,91408195,80802832
2026-08-08T18:00:00.000Z,SOLUSDT,buy,5000000,13.764,91408195,80802832
2026-08-08T18:00:00.000Z,SOLUSDT,sell,10000,0.657,91408195,80802832
2026-08-08T18:00:00.000Z,SOLUSDT,sell,100000,0.657,91408195,80802832
2026-08-08T18:00:00.000Z,SOLUSDT,sell,1000000,2.963,91408195,80802832
2026-08-08T18:00:00.000Z,SOLUSDT,sell,5000000,10.554,91408195,80802832
2026-08-08T18:00:00.000Z,XRPUSDT,buy,10000,0.48,35428838,31575942
2026-08-08T18:00:00.000Z,XRPUSDT,buy,100000,0.91,35428838,31575942
2026-08-08T18:00:00.000Z,XRPUSDT,buy,1000000,5.734,35428838,31575942
2026-08-08T18:00:00.000Z,XRPUSDT,buy,5000000,24.965,35428838,31575942
2026-08-08T18:00:00.000Z,XRPUSDT,sell,10000,0.48,35428838,31575942
2026-08-08T18:00:00.000Z,XRPUSDT,sell,100000,0.798,35428838,31575942
2026-08-08T18:00:00.000Z,XRPUSDT,sell,1000000,5.104,35428838,31575942
2026-08-08T18:00:00.000Z,XRPUSDT,sell,5000000,24.718,35428838,31575942
2026-08-08T19:00:00.000Z,ADAUSDT,buy,10000,2.492,15979952,11875953
2026-08-08T19:00:00.000Z,ADAUSDT,buy,100000,6.762,15979952,11875953
2026-08-08T19:00:00.000Z,ADAUSDT,buy,1000000,30.823,15979952,11875953
2026-08-08T19:00:00.000Z,ADAUSDT,buy,5000000,103.107,15979952,11875953
2026-08-08T19:00:00.000Z,ADAUSDT,sell,10000,2.492,15979952,11875953
2026-08-08T19:00:00.000Z,ADAUSDT,sell,100000,5.778,15979952,11875953
2026-08-08T19:00:00.000Z,ADAUSDT,sell,1000000,31.175,15979952,11875953
2026-08-08T19:00:00.000Z,ADAUSDT,sell,5000000,108.937,15979952,11875953
2026-08-08T19:00:00.000Z,BNBUSDT,buy,10000,0.695,9482304,8454310
2026-08-08T19:00:00.000Z,BNBUSDT,buy,100000,1.595,9482304,8454310
2026-08-08T19:00:00.000Z,BNBUSDT,buy,1000000,11.309,9482304,8454310
2026-08-08T19:00:00.000Z,BNBUSDT,buy,5000000,43.493,9482304,8454310
2026-08-08T19:00:00.000Z,BNBUSDT,sell,10000,0.083,9482304,8454310
2026-08-08T19:00:00.000Z,BNBUSDT,sell,100000,1.832,9482304,8454310
2026-08-08T19:00:00.000Z,BNBUSDT,sell,1000000,11.522,9482304,8454310
2026-08-08T19:00:00.000Z,BNBUSDT,sell,5000000,41.642,9482304,8454310
2026-08-08T19:00:00.000Z,BTCUSDT,buy,10000,0.008,44959040,62594683
2026-08-08T19:00:00.000Z,BTCUSDT,buy,100000,0.008,44959040,62594683
2026-08-08T19:00:00.000Z,BTCUSDT,buy,1000000,0.037,44959040,62594683
2026-08-08T19:00:00.000Z,BTCUSDT,buy,5000000,1.777,44959040,62594683
2026-08-08T19:00:00.000Z,BTCUSDT,sell,10000,0.008,44959040,62594683
2026-08-08T19:00:00.000Z,BTCUSDT,sell,100000,0.008,44959040,62594683
2026-08-08T19:00:00.000Z,BTCUSDT,sell,1000000,0.008,44959040,62594683
2026-08-08T19:00:00.000Z,BTCUSDT,sell,5000000,0.996,44959040,62594683
2026-08-08T19:00:00.000Z,DOGEUSDT,buy,10000,0.704,44211227,28516564
2026-08-08T19:00:00.000Z,DOGEUSDT,buy,100000,2.258,44211227,28516564
2026-08-08T19:00:00.000Z,DOGEUSDT,buy,1000000,13.26,44211227,28516564
2026-08-08T19:00:00.000Z,DOGEUSDT,buy,5000000,64.664,44211227,28516564
2026-08-08T19:00:00.000Z,DOGEUSDT,sell,10000,0.704,44211227,28516564
2026-08-08T19:00:00.000Z,DOGEUSDT,sell,100000,1.011,44211227,28516564
2026-08-08T19:00:00.000Z,DOGEUSDT,sell,1000000,10.181,44211227,28516564
2026-08-08T19:00:00.000Z,DOGEUSDT,sell,5000000,50.63,44211227,28516564
2026-08-08T19:00:00.000Z,ETHUSDT,buy,10000,0.026,85420707,57598968
2026-08-08T19:00:00.000Z,ETHUSDT,buy,100000,0.244,85420707,57598968
2026-08-08T19:00:00.000Z,ETHUSDT,buy,1000000,1.399,85420707,57598968
2026-08-08T19:00:00.000Z,ETHUSDT,buy,5000000,4.011,85420707,57598968
2026-08-08T19:00:00.000Z,ETHUSDT,sell,10000,0.026,85420707,57598968
2026-08-08T19:00:00.000Z,ETHUSDT,sell,100000,0.026,85420707,57598968
2026-08-08T19:00:00.000Z,ETHUSDT,sell,1000000,0.233,85420707,57598968
2026-08-08T19:00:00.000Z,ETHUSDT,sell,5000000,1.737,85420707,57598968
2026-08-08T19:00:00.000Z,LINKUSDT,buy,10000,1.091,8366029,6158441
2026-08-08T19:00:00.000Z,LINKUSDT,buy,100000,3.961,8366029,6158441
2026-08-08T19:00:00.000Z,LINKUSDT,buy,1000000,26.276,8366029,6158441
2026-08-08T19:00:00.000Z,LINKUSDT,buy,5000000,133.131,8366029,6158441
2026-08-08T19:00:00.000Z,LINKUSDT,sell,10000,1.203,8366029,6158441
2026-08-08T19:00:00.000Z,LINKUSDT,sell,100000,4.2,8366029,6158441
2026-08-08T19:00:00.000Z,LINKUSDT,sell,1000000,27.716,8366029,6158441
2026-08-08T19:00:00.000Z,LINKUSDT,sell,5000000,115.895,8366029,6158441
2026-08-08T19:00:00.000Z,SOLUSDT,buy,10000,0.657,91169471,80344088
2026-08-08T19:00:00.000Z,SOLUSDT,buy,100000,0.657,91169471,80344088
2026-08-08T19:00:00.000Z,SOLUSDT,buy,1000000,3.679,91169471,80344088
2026-08-08T19:00:00.000Z,SOLUSDT,buy,5000000,14.121,91169471,80344088
2026-08-08T19:00:00.000Z,SOLUSDT,sell,10000,0.657,91169471,80344088
2026-08-08T19:00:00.000Z,SOLUSDT,sell,100000,0.657,91169471,80344088
2026-08-08T19:00:00.000Z,SOLUSDT,sell,1000000,2.503,91169471,80344088
2026-08-08T19:00:00.000Z,SOLUSDT,sell,5000000,9.205,91169471,80344088
2026-08-08T19:00:00.000Z,XRPUSDT,buy,10000,0.48,35667615,29841584
2026-08-08T19:00:00.000Z,XRPUSDT,buy,100000,1.257,35667615,29841584
2026-08-08T19:00:00.000Z,XRPUSDT,buy,1000000,6.35,35667615,29841584
2026-08-08T19:00:00.000Z,XRPUSDT,buy,5000000,24.737,35667615,29841584
2026-08-08T19:00:00.000Z,XRPUSDT,sell,10000,0.48,35667615,29841584
2026-08-08T19:00:00.000Z,XRPUSDT,sell,100000,0.636,35667615,29841584
2026-08-08T19:00:00.000Z,XRPUSDT,sell,1000000,4.229,35667615,29841584
2026-08-08T19:00:00.000Z,XRPUSDT,sell,5000000,23.798,35667615,29841584
2026-08-08T20:00:00.000Z,ADAUSDT,buy,10000,2.497,15804749,12104390
2026-08-08T20:00:00.000Z,ADAUSDT,buy,100000,6.253,15804749,12104390
2026-08-08T20:00:00.000Z,ADAUSDT,buy,1000000,32.575,15804749,12104390
2026-08-08T20:00:00.000Z,ADAUSDT,buy,5000000,110.833,15804749,12104390
2026-08-08T20:00:00.000Z,ADAUSDT,sell,10000,2.497,15804749,12104390
2026-08-08T20:00:00.000Z,ADAUSDT,sell,100000,7.605,15804749,12104390
2026-08-08T20:00:00.000Z,ADAUSDT,sell,1000000,33.653,15804749,12104390
2026-08-08T20:00:00.000Z,ADAUSDT,sell,5000000,103.422,15804749,12104390
2026-08-08T20:00:00.000Z,BNBUSDT,buy,10000,0.083,11270156,9060017
2026-08-08T20:00:00.000Z,BNBUSDT,buy,100000,1.448,11270156,9060017
2026-08-08T20:00:00.000Z,BNBUSDT,buy,1000000,11.571,11270156,9060017
2026-08-08T20:00:00.000Z,BNBUSDT,buy,5000000,41.199,11270156,9060017
2026-08-08T20:00:00.000Z,BNBUSDT,sell,10000,0.083,11270156,9060017
2026-08-08T20:00:00.000Z,BNBUSDT,sell,100000,1.096,11270156,9060017
2026-08-08T20:00:00.000Z,BNBUSDT,sell,1000000,9.135,11270156,9060017
2026-08-08T20:00:00.000Z,BNBUSDT,sell,5000000,37.198,11270156,9060017
2026-08-08T20:00:00.000Z,BTCUSDT,buy,10000,0.008,41698770,71457128
2026-08-08T20:00:00.000Z,BTCUSDT,buy,100000,0.008,41698770,71457128
2026-08-08T20:00:00.000Z,BTCUSDT,buy,1000000,0.008,41698770,71457128
2026-08-08T20:00:00.000Z,BTCUSDT,buy,5000000,0.094,41698770,71457128
2026-08-08T20:00:00.000Z,BTCUSDT,sell,10000,0.008,41698770,71457128
2026-08-08T20:00:00.000Z,BTCUSDT,sell,100000,0.008,41698770,71457128
2026-08-08T20:00:00.000Z,BTCUSDT,sell,1000000,0.849,41698770,71457128
2026-08-08T20:00:00.000Z,BTCUSDT,sell,5000000,2.217,41698770,71457128
2026-08-08T20:00:00.000Z,DOGEUSDT,buy,10000,0.704,43834916,28847137
2026-08-08T20:00:00.000Z,DOGEUSDT,buy,100000,2.082,43834916,28847137
2026-08-08T20:00:00.000Z,DOGEUSDT,buy,1000000,11.93,43834916,28847137
2026-08-08T20:00:00.000Z,DOGEUSDT,buy,5000000,63.953,43834916,28847137
2026-08-08T20:00:00.000Z,DOGEUSDT,sell,10000,0.704,43834916,28847137
2026-08-08T20:00:00.000Z,DOGEUSDT,sell,100000,1.331,43834916,28847137
2026-08-08T20:00:00.000Z,DOGEUSDT,sell,1000000,13.242,43834916,28847137
2026-08-08T20:00:00.000Z,DOGEUSDT,sell,5000000,50.778,43834916,28847137
2026-08-08T20:00:00.000Z,ETHUSDT,buy,10000,0.026,71624075,54026195
2026-08-08T20:00:00.000Z,ETHUSDT,buy,100000,0.026,71624075,54026195
2026-08-08T20:00:00.000Z,ETHUSDT,buy,1000000,0.446,71624075,54026195
2026-08-08T20:00:00.000Z,ETHUSDT,buy,5000000,3.916,71624075,54026195
2026-08-08T20:00:00.000Z,ETHUSDT,sell,10000,0.026,71624075,54026195
2026-08-08T20:00:00.000Z,ETHUSDT,sell,100000,0.026,71624075,54026195
2026-08-08T20:00:00.000Z,ETHUSDT,sell,1000000,1.122,71624075,54026195
2026-08-08T20:00:00.000Z,ETHUSDT,sell,5000000,3.703,71624075,54026195
2026-08-08T20:00:00.000Z,LINKUSDT,buy,10000,1.567,8470810,6135420
2026-08-08T20:00:00.000Z,LINKUSDT,buy,100000,5.186,8470810,6135420
2026-08-08T20:00:00.000Z,LINKUSDT,buy,1000000,29.276,8470810,6135420
2026-08-08T20:00:00.000Z,LINKUSDT,buy,5000000,133.9,8470810,6135420
2026-08-08T20:00:00.000Z,LINKUSDT,sell,10000,0.6,8470810,6135420
2026-08-08T20:00:00.000Z,LINKUSDT,sell,100000,3.225,8470810,6135420
2026-08-08T20:00:00.000Z,LINKUSDT,sell,1000000,26.736,8470810,6135420
2026-08-08T20:00:00.000Z,LINKUSDT,sell,5000000,115.628,8470810,6135420
2026-08-08T20:00:00.000Z,SOLUSDT,buy,10000,0.656,91144986,81083892
2026-08-08T20:00:00.000Z,SOLUSDT,buy,100000,0.656,91144986,81083892
2026-08-08T20:00:00.000Z,SOLUSDT,buy,1000000,2.594,91144986,81083892
2026-08-08T20:00:00.000Z,SOLUSDT,buy,5000000,11.018,91144986,81083892
2026-08-08T20:00:00.000Z,SOLUSDT,sell,10000,0.656,91144986,81083892
2026-08-08T20:00:00.000Z,SOLUSDT,sell,100000,0.656,91144986,81083892
2026-08-08T20:00:00.000Z,SOLUSDT,sell,1000000,2.74,91144986,81083892
2026-08-08T20:00:00.000Z,SOLUSDT,sell,5000000,10.135,91144986,81083892
2026-08-08T20:00:00.000Z,XRPUSDT,buy,10000,0.48,35179045,30243739
2026-08-08T20:00:00.000Z,XRPUSDT,buy,100000,1.23,35179045,30243739
2026-08-08T20:00:00.000Z,XRPUSDT,buy,1000000,5.398,35179045,30243739
2026-08-08T20:00:00.000Z,XRPUSDT,buy,5000000,24.726,35179045,30243739
2026-08-08T20:00:00.000Z,XRPUSDT,sell,10000,0.48,35179045,30243739
2026-08-08T20:00:00.000Z,XRPUSDT,sell,100000,0.818,35179045,30243739
2026-08-08T20:00:00.000Z,XRPUSDT,sell,1000000,5.336,35179045,30243739
2026-08-08T20:00:00.000Z,XRPUSDT,sell,5000000,23.675,35179045,30243739
2026-08-08T21:00:00.000Z,ADAUSDT,buy,10000,2.506,15301478,11649135
2026-08-08T21:00:00.000Z,ADAUSDT,buy,100000,7.39,15301478,11649135
2026-08-08T21:00:00.000Z,ADAUSDT,buy,1000000,42.712,15301478,11649135
2026-08-08T21:00:00.000Z,ADAUSDT,buy,5000000,129.363,15301478,11649135
2026-08-08T21:00:00.000Z,ADAUSDT,sell,10000,2.506,15301478,11649135
2026-08-08T21:00:00.000Z,ADAUSDT,sell,100000,7.135,15301478,11649135
2026-08-08T21:00:00.000Z,ADAUSDT,sell,1000000,33.101,15301478,11649135
2026-08-08T21:00:00.000Z,ADAUSDT,sell,5000000,97.875,15301478,11649135
2026-08-08T21:00:00.000Z,BNBUSDT,buy,10000,0.878,11010650,8661944
2026-08-08T21:00:00.000Z,BNBUSDT,buy,100000,2.727,11010650,8661944
2026-08-08T21:00:00.000Z,BNBUSDT,buy,1000000,12.174,11010650,8661944
2026-08-08T21:00:00.000Z,BNBUSDT,buy,5000000,45.121,11010650,8661944
2026-08-08T21:00:00.000Z,BNBUSDT,sell,10000,0.083,11010650,8661944
2026-08-08T21:00:00.000Z,BNBUSDT,sell,100000,0.45,11010650,8661944
2026-08-08T21:00:00.000Z,BNBUSDT,sell,1000000,10.137,11010650,8661944
2026-08-08T21:00:00.000Z,BNBUSDT,sell,5000000,40.753,11010650,8661944
2026-08-08T21:00:00.000Z,BTCUSDT,buy,10000,0.008,46112341,58618863
2026-08-08T21:00:00.000Z,BTCUSDT,buy,100000,0.298,46112341,58618863
2026-08-08T21:00:00.000Z,BTCUSDT,buy,1000000,0.863,46112341,58618863
2026-08-08T21:00:00.000Z,BTCUSDT,buy,5000000,2.817,46112341,58618863
2026-08-08T21:00:00.000Z,BTCUSDT,sell,10000,0.008,46112341,58618863
2026-08-08T21:00:00.000Z,BTCUSDT,sell,100000,0.008,46112341,58618863
2026-08-08T21:00:00.000Z,BTCUSDT,sell,1000000,0.008,46112341,58618863
2026-08-08T21:00:00.000Z,BTCUSDT,sell,5000000,0.896,46112341,58618863
2026-08-08T21:00:00.000Z,DOGEUSDT,buy,10000,0.705,43532200,28255406
2026-08-08T21:00:00.000Z,DOGEUSDT,buy,100000,2.767,43532200,28255406
2026-08-08T21:00:00.000Z,DOGEUSDT,buy,1000000,18.146,43532200,28255406
2026-08-08T21:00:00.000Z,DOGEUSDT,buy,5000000,76.362,43532200,28255406
2026-08-08T21:00:00.000Z,DOGEUSDT,sell,10000,1.14,43532200,28255406
2026-08-08T21:00:00.000Z,DOGEUSDT,sell,100000,3.705,43532200,28255406
2026-08-08T21:00:00.000Z,DOGEUSDT,sell,1000000,18.216,43532200,28255406
2026-08-08T21:00:00.000Z,DOGEUSDT,sell,5000000,58.215,43532200,28255406
2026-08-08T21:00:00.000Z,ETHUSDT,buy,10000,0.026,57645967,51191287
2026-08-08T21:00:00.000Z,ETHUSDT,buy,100000,0.026,57645967,51191287
2026-08-08T21:00:00.000Z,ETHUSDT,buy,1000000,0.691,57645967,51191287
2026-08-08T21:00:00.000Z,ETHUSDT,buy,5000000,4.238,57645967,51191287
2026-08-08T21:00:00.000Z,ETHUSDT,sell,10000,0.026,57645967,51191287
2026-08-08T21:00:00.000Z,ETHUSDT,sell,100000,0.271,57645967,51191287
2026-08-08T21:00:00.000Z,ETHUSDT,sell,1000000,1.675,57645967,51191287
2026-08-08T21:00:00.000Z,ETHUSDT,sell,5000000,5.752,57645967,51191287
2026-08-08T21:00:00.000Z,LINKUSDT,buy,10000,1.146,8463644,6093302
2026-08-08T21:00:00.000Z,LINKUSDT,buy,100000,5.169,8463644,6093302
2026-08-08T21:00:00.000Z,LINKUSDT,buy,1000000,31.693,8463644,6093302
2026-08-08T21:00:00.000Z,LINKUSDT,buy,5000000,137.758,8463644,6093302
2026-08-08T21:00:00.000Z,LINKUSDT,sell,10000,1.7,8463644,6093302
2026-08-08T21:00:00.000Z,LINKUSDT,sell,100000,4.61,8463644,6093302
2026-08-08T21:00:00.000Z,LINKUSDT,sell,1000000,27.23,8463644,6093302
2026-08-08T21:00:00.000Z,LINKUSDT,sell,5000000,115.046,8463644,6093302
2026-08-08T21:00:00.000Z,SOLUSDT,buy,10000,0.656,88241461,80140632
2026-08-08T21:00:00.000Z,SOLUSDT,buy,100000,1.259,88241461,80140632
2026-08-08T21:00:00.000Z,SOLUSDT,buy,1000000,4.559,88241461,80140632
2026-08-08T21:00:00.000Z,SOLUSDT,buy,5000000,13.802,88241461,80140632
2026-08-08T21:00:00.000Z,SOLUSDT,sell,10000,0.656,88241461,80140632
2026-08-08T21:00:00.000Z,SOLUSDT,sell,100000,0.656,88241461,80140632
2026-08-08T21:00:00.000Z,SOLUSDT,sell,1000000,4.257,88241461,80140632
2026-08-08T21:00:00.000Z,SOLUSDT,sell,5000000,15.179,88241461,80140632
2026-08-08T21:00:00.000Z,XRPUSDT,buy,10000,0.479,35020208,29599382
2026-08-08T21:00:00.000Z,XRPUSDT,buy,100000,1.697,35020208,29599382
2026-08-08T21:00:00.000Z,XRPUSDT,buy,1000000,7.206,35020208,29599382
2026-08-08T21:00:00.000Z,XRPUSDT,buy,5000000,28.28,35020208,29599382
2026-08-08T21:00:00.000Z,XRPUSDT,sell,10000,0.479,35020208,29599382
2026-08-08T21:00:00.000Z,XRPUSDT,sell,100000,1.192,35020208,29599382
2026-08-08T21:00:00.000Z,XRPUSDT,sell,1000000,8.292,35020208,29599382
2026-08-08T21:00:00.000Z,XRPUSDT,sell,5000000,30.38,35020208,29599382
2026-08-08T22:00:00.000Z,ADAUSDT,buy,10000,2.523,16675907,12665760
2026-08-08T22:00:00.000Z,ADAUSDT,buy,100000,6.545,16675907,12665760
2026-08-08T22:00:00.000Z,ADAUSDT,buy,1000000,33.351,16675907,12665760
2026-08-08T22:00:00.000Z,ADAUSDT,buy,5000000,103.965,16675907,12665760
2026-08-08T22:00:00.000Z,ADAUSDT,sell,10000,2.523,16675907,12665760
2026-08-08T22:00:00.000Z,ADAUSDT,sell,100000,6.638,16675907,12665760
2026-08-08T22:00:00.000Z,ADAUSDT,sell,1000000,33.22,16675907,12665760
2026-08-08T22:00:00.000Z,ADAUSDT,sell,5000000,90.466,16675907,12665760
2026-08-08T22:00:00.000Z,BNBUSDT,buy,10000,0.694,12141612,7950311
2026-08-08T22:00:00.000Z,BNBUSDT,buy,100000,1.845,12141612,7950311
2026-08-08T22:00:00.000Z,BNBUSDT,buy,1000000,10.347,12141612,7950311
2026-08-08T22:00:00.000Z,BNBUSDT,buy,5000000,44.701,12141612,7950311
2026-08-08T22:00:00.000Z,BNBUSDT,sell,10000,0.083,12141612,7950311
2026-08-08T22:00:00.000Z,BNBUSDT,sell,100000,1.513,12141612,7950311
2026-08-08T22:00:00.000Z,BNBUSDT,sell,1000000,10.397,12141612,7950311
2026-08-08T22:00:00.000Z,BNBUSDT,sell,5000000,40.684,12141612,7950311
2026-08-08T22:00:00.000Z,BTCUSDT,buy,10000,0.008,49980946,38924091
2026-08-08T22:00:00.000Z,BTCUSDT,buy,100000,0.008,49980946,38924091
2026-08-08T22:00:00.000Z,BTCUSDT,buy,1000000,0.173,49980946,38924091
2026-08-08T22:00:00.000Z,BTCUSDT,buy,5000000,1.733,49980946,38924091
2026-08-08T22:00:00.000Z,BTCUSDT,sell,10000,0.008,49980946,38924091
2026-08-08T22:00:00.000Z,BTCUSDT,sell,100000,0.008,49980946,38924091
2026-08-08T22:00:00.000Z,BTCUSDT,sell,1000000,0.038,49980946,38924091
2026-08-08T22:00:00.000Z,BTCUSDT,sell,5000000,1.432,49980946,38924091
2026-08-08T22:00:00.000Z,DOGEUSDT,buy,10000,0.708,43819208,29434287
2026-08-08T22:00:00.000Z,DOGEUSDT,buy,100000,1.601,43819208,29434287
2026-08-08T22:00:00.000Z,DOGEUSDT,buy,1000000,9.879,43819208,29434287
2026-08-08T22:00:00.000Z,DOGEUSDT,buy,5000000,57.246,43819208,29434287
2026-08-08T22:00:00.000Z,DOGEUSDT,sell,10000,0.708,43819208,29434287
2026-08-08T22:00:00.000Z,DOGEUSDT,sell,100000,1.443,43819208,29434287
2026-08-08T22:00:00.000Z,DOGEUSDT,sell,1000000,6.833,43819208,29434287
2026-08-08T22:00:00.000Z,DOGEUSDT,sell,5000000,44.34,43819208,29434287
2026-08-08T22:00:00.000Z,ETHUSDT,buy,10000,0.026,73560734,56068476
2026-08-08T22:00:00.000Z,ETHUSDT,buy,100000,0.026,73560734,56068476
2026-08-08T22:00:00.000Z,ETHUSDT,buy,1000000,0.685,73560734,56068476
2026-08-08T22:00:00.000Z,ETHUSDT,buy,5000000,2.761,73560734,56068476
2026-08-08T22:00:00.000Z,ETHUSDT,sell,10000,0.026,73560734,56068476
2026-08-08T22:00:00.000Z,ETHUSDT,sell,100000,0.026,73560734,56068476
2026-08-08T22:00:00.000Z,ETHUSDT,sell,1000000,0.665,73560734,56068476
2026-08-08T22:00:00.000Z,ETHUSDT,sell,5000000,1.945,73560734,56068476
2026-08-08T22:00:00.000Z,LINKUSDT,buy,10000,0.635,8611731,6551139
2026-08-08T22:00:00.000Z,LINKUSDT,buy,100000,3.806,8611731,6551139
2026-08-08T22:00:00.000Z,LINKUSDT,buy,1000000,25.463,8611731,6551139
2026-08-08T22:00:00.000Z,LINKUSDT,buy,5000000,126.298,8611731,6551139
2026-08-08T22:00:00.000Z,LINKUSDT,sell,10000,1.251,8611731,6551139
2026-08-08T22:00:00.000Z,LINKUSDT,sell,100000,3.987,8611731,6551139
2026-08-08T22:00:00.000Z,LINKUSDT,sell,1000000,25.172,8611731,6551139
2026-08-08T22:00:00.000Z,LINKUSDT,sell,5000000,103.243,8611731,6551139
2026-08-08T22:00:00.000Z,SOLUSDT,buy,10000,0.657,88301009,83461283
2026-08-08T22:00:00.000Z,SOLUSDT,buy,100000,0.657,88301009,83461283
2026-08-08T22:00:00.000Z,SOLUSDT,buy,1000000,1.654,88301009,83461283
2026-08-08T22:00:00.000Z,SOLUSDT,buy,5000000,8.67,88301009,83461283
2026-08-08T22:00:00.000Z,SOLUSDT,sell,10000,0.657,88301009,83461283
2026-08-08T22:00:00.000Z,SOLUSDT,sell,100000,0.657,88301009,83461283
2026-08-08T22:00:00.000Z,SOLUSDT,sell,1000000,3.05,88301009,83461283
2026-08-08T22:00:00.000Z,SOLUSDT,sell,5000000,12.353,88301009,83461283
2026-08-08T22:00:00.000Z,XRPUSDT,buy,10000,0.481,35071148,30926774
2026-08-08T22:00:00.000Z,XRPUSDT,buy,100000,1.032,35071148,30926774
2026-08-08T22:00:00.000Z,XRPUSDT,buy,1000000,3.807,35071148,30926774
2026-08-08T22:00:00.000Z,XRPUSDT,buy,5000000,23.966,35071148,30926774
2026-08-08T22:00:00.000Z,XRPUSDT,sell,10000,0.481,35071148,30926774
2026-08-08T22:00:00.000Z,XRPUSDT,sell,100000,0.511,35071148,30926774
2026-08-08T22:00:00.000Z,XRPUSDT,sell,1000000,5.433,35071148,30926774
2026-08-08T22:00:00.000Z,XRPUSDT,sell,5000000,24.495,35071148,30926774
2026-08-08T23:00:00.000Z,ADAUSDT,buy,10000,2.507,16216463,11991589
2026-08-08T23:00:00.000Z,ADAUSDT,buy,100000,4.927,16216463,11991589
2026-08-08T23:00:00.000Z,ADAUSDT,buy,1000000,29.96,16216463,11991589
2026-08-08T23:00:00.000Z,ADAUSDT,buy,5000000,104.023,16216463,11991589
2026-08-08T23:00:00.000Z,ADAUSDT,sell,10000,2.507,16216463,11991589
2026-08-08T23:00:00.000Z,ADAUSDT,sell,100000,4.3,16216463,11991589
2026-08-08T23:00:00.000Z,ADAUSDT,sell,1000000,33.4,16216463,11991589
2026-08-08T23:00:00.000Z,ADAUSDT,sell,5000000,100.641,16216463,11991589
2026-08-08T23:00:00.000Z,BNBUSDT,buy,10000,0.083,11160433,8193706
2026-08-08T23:00:00.000Z,BNBUSDT,buy,100000,2.039,11160433,8193706
2026-08-08T23:00:00.000Z,BNBUSDT,buy,1000000,10.524,11160433,8193706
2026-08-08T23:00:00.000Z,BNBUSDT,buy,5000000,43.123,11160433,8193706
2026-08-08T23:00:00.000Z,BNBUSDT,sell,10000,0.252,11160433,8193706
2026-08-08T23:00:00.000Z,BNBUSDT,sell,100000,1.868,11160433,8193706
2026-08-08T23:00:00.000Z,BNBUSDT,sell,1000000,10.684,11160433,8193706
2026-08-08T23:00:00.000Z,BNBUSDT,sell,5000000,42.462,11160433,8193706
2026-08-08T23:00:00.000Z,BTCUSDT,buy,10000,0.008,45118133,38287883
2026-08-08T23:00:00.000Z,BTCUSDT,buy,100000,0.008,45118133,38287883
2026-08-08T23:00:00.000Z,BTCUSDT,buy,1000000,0.469,45118133,38287883
2026-08-08T23:00:00.000Z,BTCUSDT,buy,5000000,2.287,45118133,38287883
2026-08-08T23:00:00.000Z,BTCUSDT,sell,10000,0.008,45118133,38287883
2026-08-08T23:00:00.000Z,BTCUSDT,sell,100000,0.008,45118133,38287883
2026-08-08T23:00:00.000Z,BTCUSDT,sell,1000000,0.008,45118133,38287883
2026-08-08T23:00:00.000Z,BTCUSDT,sell,5000000,0.74,45118133,38287883
2026-08-08T23:00:00.000Z,DOGEUSDT,buy,10000,0.71,43762261,29605616
2026-08-08T23:00:00.000Z,DOGEUSDT,buy,100000,1.605,43762261,29605616
2026-08-08T23:00:00.000Z,DOGEUSDT,buy,1000000,10.89,43762261,29605616
2026-08-08T23:00:00.000Z,DOGEUSDT,buy,5000000,50.772,43762261,29605616
2026-08-08T23:00:00.000Z,DOGEUSDT,sell,10000,0.71,43762261,29605616
2026-08-08T23:00:00.000Z,DOGEUSDT,sell,100000,1.485,43762261,29605616
2026-08-08T23:00:00.000Z,DOGEUSDT,sell,1000000,6.652,43762261,29605616
2026-08-08T23:00:00.000Z,DOGEUSDT,sell,5000000,42.021,43762261,29605616
2026-08-08T23:00:00.000Z,ETHUSDT,buy,10000,0.026,63692082,51628549
2026-08-08T23:00:00.000Z,ETHUSDT,buy,100000,0.026,63692082,51628549
2026-08-08T23:00:00.000Z,ETHUSDT,buy,1000000,1.042,63692082,51628549
2026-08-08T23:00:00.000Z,ETHUSDT,buy,5000000,4.016,63692082,51628549
2026-08-08T23:00:00.000Z,ETHUSDT,sell,10000,0.026,63692082,51628549
2026-08-08T23:00:00.000Z,ETHUSDT,sell,100000,0.026,63692082,51628549
2026-08-08T23:00:00.000Z,ETHUSDT,sell,1000000,0.509,63692082,51628549
2026-08-08T23:00:00.000Z,ETHUSDT,sell,5000000,3.79,63692082,51628549
2026-08-08T23:00:00.000Z,LINKUSDT,buy,10000,0.602,8516511,6261985
2026-08-08T23:00:00.000Z,LINKUSDT,buy,100000,4.019,8516511,6261985
2026-08-08T23:00:00.000Z,LINKUSDT,buy,1000000,27.097,8516511,6261985
2026-08-08T23:00:00.000Z,LINKUSDT,buy,5000000,130.928,8516511,6261985
2026-08-08T23:00:00.000Z,LINKUSDT,sell,10000,0.602,8516511,6261985
2026-08-08T23:00:00.000Z,LINKUSDT,sell,100000,3.779,8516511,6261985
2026-08-08T23:00:00.000Z,LINKUSDT,sell,1000000,25.496,8516511,6261985
2026-08-08T23:00:00.000Z,LINKUSDT,sell,5000000,111.199,8516511,6261985
2026-08-08T23:00:00.000Z,SOLUSDT,buy,10000,0.657,89779307,79607484
2026-08-08T23:00:00.000Z,SOLUSDT,buy,100000,1.389,89779307,79607484
2026-08-08T23:00:00.000Z,SOLUSDT,buy,1000000,3.76,89779307,79607484
2026-08-08T23:00:00.000Z,SOLUSDT,buy,5000000,13.793,89779307,79607484
2026-08-08T23:00:00.000Z,SOLUSDT,sell,10000,0.657,89779307,79607484
2026-08-08T23:00:00.000Z,SOLUSDT,sell,100000,0.657,89779307,79607484
2026-08-08T23:00:00.000Z,SOLUSDT,sell,1000000,1.838,89779307,79607484
2026-08-08T23:00:00.000Z,SOLUSDT,sell,5000000,9.015,89779307,79607484
2026-08-08T23:00:00.000Z,XRPUSDT,buy,10000,0.481,35089892,29485218
2026-08-08T23:00:00.000Z,XRPUSDT,buy,100000,1.414,35089892,29485218
2026-08-08T23:00:00.000Z,XRPUSDT,buy,1000000,6.001,35089892,29485218
2026-08-08T23:00:00.000Z,XRPUSDT,buy,5000000,27.008,35089892,29485218
2026-08-08T23:00:00.000Z,XRPUSDT,sell,10000,0.481,35089892,29485218
2026-08-08T23:00:00.000Z,XRPUSDT,sell,100000,0.481,35089892,29485218
2026-08-08T23:00:00.000Z,XRPUSDT,sell,1000000,3.316,35089892,29485218
2026-08-08T23:00:00.000Z,XRPUSDT,sell,5000000,21.12,35089892,29485218
2026-08-09T00:00:00.000Z,ADAUSDT,buy,10000,2.517,15484288,11796282
2026-08-09T00:00:00.000Z,ADAUSDT,buy,100000,9.363,15484288,11796282
2026-08-09T00:00:00.000Z,ADAUSDT,buy,1000000,37.35,15484288,11796282
2026-08-09T00:00:00.000Z,ADAUSDT,buy,5000000,119.35,15484288,11796282
2026-08-09T00:00:00.000Z,ADAUSDT,sell,10000,2.517,15484288,11796282
2026-08-09T00:00:00.000Z,ADAUSDT,sell,100000,5.097,15484288,11796282
2026-08-09T00:00:00.000Z,ADAUSDT,sell,1000000,31.368,15484288,11796282
2026-08-09T00:00:00.000Z,ADAUSDT,sell,5000000,97.484,15484288,11796282
2026-08-09T00:00:00.000Z,BNBUSDT,buy,10000,0.083,9645730,8602094
2026-08-09T00:00:00.000Z,BNBUSDT,buy,100000,1.98,9645730,8602094
2026-08-09T00:00:00.000Z,BNBUSDT,buy,1000000,10.762,9645730,8602094
2026-08-09T00:00:00.000Z,BNBUSDT,buy,5000000,41.201,9645730,8602094
2026-08-09T00:00:00.000Z,BNBUSDT,sell,10000,0.083,9645730,8602094
2026-08-09T00:00:00.000Z,BNBUSDT,sell,100000,0.233,9645730,8602094
2026-08-09T00:00:00.000Z,BNBUSDT,sell,1000000,7.571,9645730,8602094
2026-08-09T00:00:00.000Z,BNBUSDT,sell,5000000,37.911,9645730,8602094
2026-08-09T00:00:00.000Z,BTCUSDT,buy,10000,0.008,47065440,39009619
2026-08-09T00:00:00.000Z,BTCUSDT,buy,100000,0.008,47065440,39009619
2026-08-09T00:00:00.000Z,BTCUSDT,buy,1000000,0.647,47065440,39009619
2026-08-09T00:00:00.000Z,BTCUSDT,buy,5000000,2.484,47065440,39009619
2026-08-09T00:00:00.000Z,BTCUSDT,sell,10000,0.008,47065440,39009619
2026-08-09T00:00:00.000Z,BTCUSDT,sell,100000,0.008,47065440,39009619
2026-08-09T00:00:00.000Z,BTCUSDT,sell,1000000,0.061,47065440,39009619
2026-08-09T00:00:00.000Z,BTCUSDT,sell,5000000,1.513,47065440,39009619
2026-08-09T00:00:00.000Z,DOGEUSDT,buy,10000,0.711,43671906,30140714
2026-08-09T00:00:00.000Z,DOGEUSDT,buy,100000,1.45,43671906,30140714
2026-08-09T00:00:00.000Z,DOGEUSDT,buy,1000000,8.438,43671906,30140714
2026-08-09T00:00:00.000Z,DOGEUSDT,buy,5000000,53.752,43671906,30140714
2026-08-09T00:00:00.000Z,DOGEUSDT,sell,10000,0.711,43671906,30140714
2026-08-09T00:00:00.000Z,DOGEUSDT,sell,100000,1.194,43671906,30140714
2026-08-09T00:00:00.000Z,DOGEUSDT,sell,1000000,7.656,43671906,30140714
2026-08-09T00:00:00.000Z,DOGEUSDT,sell,5000000,44.577,43671906,30140714
2026-08-09T00:00:00.000Z,ETHUSDT,buy,10000,0.026,66464076,49893846
2026-08-09T00:00:00.000Z,ETHUSDT,buy,100000,0.026,66464076,49893846
2026-08-09T00:00:00.000Z,ETHUSDT,buy,1000000,0.789,66464076,49893846
2026-08-09T00:00:00.000Z,ETHUSDT,buy,5000000,4.658,66464076,49893846
2026-08-09T00:00:00.000Z,ETHUSDT,sell,10000,0.026,66464076,49893846
2026-08-09T00:00:00.000Z,ETHUSDT,sell,100000,0.026,66464076,49893846
2026-08-09T00:00:00.000Z,ETHUSDT,sell,1000000,0.43,66464076,49893846
2026-08-09T00:00:00.000Z,ETHUSDT,sell,5000000,4.03,66464076,49893846
2026-08-09T00:00:00.000Z,LINKUSDT,buy,10000,0.602,8553504,6529472
2026-08-09T00:00:00.000Z,LINKUSDT,buy,100000,4.401,8553504,6529472
2026-08-09T00:00:00.000Z,LINKUSDT,buy,1000000,29.043,8553504,6529472
2026-08-09T00:00:00.000Z,LINKUSDT,buy,5000000,127.917,8553504,6529472
2026-08-09T00:00:00.000Z,LINKUSDT,sell,10000,0.602,8553504,6529472
2026-08-09T00:00:00.000Z,LINKUSDT,sell,100000,3.838,8553504,6529472
2026-08-09T00:00:00.000Z,LINKUSDT,sell,1000000,25.886,8553504,6529472
2026-08-09T00:00:00.000Z,LINKUSDT,sell,5000000,108.48,8553504,6529472
2026-08-09T00:00:00.000Z,SOLUSDT,buy,10000,0.659,91164193,81654713
2026-08-09T00:00:00.000Z,SOLUSDT,buy,100000,0.659,91164193,81654713
2026-08-09T00:00:00.000Z,SOLUSDT,buy,1000000,1.819,91164193,81654713
2026-08-09T00:00:00.000Z,SOLUSDT,buy,5000000,9.715,91164193,81654713
2026-08-09T00:00:00.000Z,SOLUSDT,sell,10000,0.659,91164193,81654713
2026-08-09T00:00:00.000Z,SOLUSDT,sell,100000,0.659,91164193,81654713
2026-08-09T00:00:00.000Z,SOLUSDT,sell,1000000,1.98,91164193,81654713
2026-08-09T00:00:00.000Z,SOLUSDT,sell,5000000,9.772,91164193,81654713
2026-08-09T00:00:00.000Z,XRPUSDT,buy,10000,0.482,34558693,30580791
2026-08-09T00:00:00.000Z,XRPUSDT,buy,100000,0.482,34558693,30580791
2026-08-09T00:00:00.000Z,XRPUSDT,buy,1000000,3.237,34558693,30580791
2026-08-09T00:00:00.000Z,XRPUSDT,buy,5000000,22.412,34558693,30580791
2026-08-09T00:00:00.000Z,XRPUSDT,sell,10000,0.482,34558693,30580791
2026-08-09T00:00:00.000Z,XRPUSDT,sell,100000,0.679,34558693,30580791
2026-08-09T00:00:00.000Z,XRPUSDT,sell,1000000,5.726,34558693,30580791
2026-08-09T00:00:00.000Z,XRPUSDT,sell,5000000,23.216,34558693,30580791
2026-08-09T01:00:00.000Z,ADAUSDT,buy,10000,2.512,15841359,11785396
2026-08-09T01:00:00.000Z,ADAUSDT,buy,100000,7.255,15841359,11785396
2026-08-09T01:00:00.000Z,ADAUSDT,buy,1000000,35.066,15841359,11785396
2026-08-09T01:00:00.000Z,ADAUSDT,buy,5000000,117.519,15841359,11785396
2026-08-09T01:00:00.000Z,ADAUSDT,sell,10000,2.512,15841359,11785396
2026-08-09T01:00:00.000Z,ADAUSDT,sell,100000,7.047,15841359,11785396
2026-08-09T01:00:00.000Z,ADAUSDT,sell,1000000,34.468,15841359,11785396
2026-08-09T01:00:00.000Z,ADAUSDT,sell,5000000,98.958,15841359,11785396
2026-08-09T01:00:00.000Z,BNBUSDT,buy,10000,0.475,9253104,9300126
2026-08-09T01:00:00.000Z,BNBUSDT,buy,100000,1.507,9253104,9300126
2026-08-09T01:00:00.000Z,BNBUSDT,buy,1000000,9.464,9253104,9300126
2026-08-09T01:00:00.000Z,BNBUSDT,buy,5000000,38.395,9253104,9300126
2026-08-09T01:00:00.000Z,BNBUSDT,sell,10000,0.083,9253104,9300126
2026-08-09T01:00:00.000Z,BNBUSDT,sell,100000,2.1,9253104,9300126
2026-08-09T01:00:00.000Z,BNBUSDT,sell,1000000,10.973,9253104,9300126
2026-08-09T01:00:00.000Z,BNBUSDT,sell,5000000,44.127,9253104,9300126
2026-08-09T01:00:00.000Z,BTCUSDT,buy,10000,0.008,51974191,48947407
2026-08-09T01:00:00.000Z,BTCUSDT,buy,100000,0.008,51974191,48947407
2026-08-09T01:00:00.000Z,BTCUSDT,buy,1000000,0.213,51974191,48947407
2026-08-09T01:00:00.000Z,BTCUSDT,buy,5000000,1.674,51974191,48947407
2026-08-09T01:00:00.000Z,BTCUSDT,sell,10000,0.008,51974191,48947407
2026-08-09T01:00:00.000Z,BTCUSDT,sell,100000,0.008,51974191,48947407
2026-08-09T01:00:00.000Z,BTCUSDT,sell,1000000,0.18,51974191,48947407
2026-08-09T01:00:00.000Z,BTCUSDT,sell,5000000,1.621,51974191,48947407
2026-08-09T01:00:00.000Z,DOGEUSDT,buy,10000,0.714,44216576,30516483
2026-08-09T01:00:00.000Z,DOGEUSDT,buy,100000,2.081,44216576,30516483
2026-08-09T01:00:00.000Z,DOGEUSDT,buy,1000000,9.928,44216576,30516483
2026-08-09T01:00:00.000Z,DOGEUSDT,buy,5000000,50.32,44216576,30516483
2026-08-09T01:00:00.000Z,DOGEUSDT,sell,10000,0.714,44216576,30516483
2026-08-09T01:00:00.000Z,DOGEUSDT,sell,100000,0.714,44216576,30516483
2026-08-09T01:00:00.000Z,DOGEUSDT,sell,1000000,6.845,44216576,30516483
2026-08-09T01:00:00.000Z,DOGEUSDT,sell,5000000,42.381,44216576,30516483
2026-08-09T01:00:00.000Z,ETHUSDT,buy,10000,0.026,68568141,49834829
2026-08-09T01:00:00.000Z,ETHUSDT,buy,100000,0.026,68568141,49834829
2026-08-09T01:00:00.000Z,ETHUSDT,buy,1000000,0.329,68568141,49834829
2026-08-09T01:00:00.000Z,ETHUSDT,buy,5000000,3.509,68568141,49834829
2026-08-09T01:00:00.000Z,ETHUSDT,sell,10000,0.026,68568141,49834829
2026-08-09T01:00:00.000Z,ETHUSDT,sell,100000,0.026,68568141,49834829
2026-08-09T01:00:00.000Z,ETHUSDT,sell,1000000,0.912,68568141,49834829
2026-08-09T01:00:00.000Z,ETHUSDT,sell,5000000,4.463,68568141,49834829
2026-08-09T01:00:00.000Z,LINKUSDT,buy,10000,0.602,8292585,6436179
2026-08-09T01:00:00.000Z,LINKUSDT,buy,100000,2.788,8292585,6436179
2026-08-09T01:00:00.000Z,LINKUSDT,buy,1000000,25.295,8292585,6436179
2026-08-09T01:00:00.000Z,LINKUSDT,buy,5000000,128.065,8292585,6436179
2026-08-09T01:00:00.000Z,LINKUSDT,sell,10000,1.22,8292585,6436179
2026-08-09T01:00:00.000Z,LINKUSDT,sell,100000,4.878,8292585,6436179
2026-08-09T01:00:00.000Z,LINKUSDT,sell,1000000,28.196,8292585,6436179
2026-08-09T01:00:00.000Z,LINKUSDT,sell,5000000,113.016,8292585,6436179
2026-08-09T01:00:00.000Z,SOLUSDT,buy,10000,0.659,91180871,80754127
2026-08-09T01:00:00.000Z,SOLUSDT,buy,100000,0.659,91180871,80754127
2026-08-09T01:00:00.000Z,SOLUSDT,buy,1000000,2.677,91180871,80754127
2026-08-09T01:00:00.000Z,SOLUSDT,buy,5000000,11.691,91180871,80754127
2026-08-09T01:00:00.000Z,SOLUSDT,sell,10000,0.659,91180871,80754127
2026-08-09T01:00:00.000Z,SOLUSDT,sell,100000,0.659,91180871,80754127
2026-08-09T01:00:00.000Z,SOLUSDT,sell,1000000,1.452,91180871,80754127
2026-08-09T01:00:00.000Z,SOLUSDT,sell,5000000,9.179,91180871,80754127
2026-08-09T01:00:00.000Z,XRPUSDT,buy,10000,0.483,35138066,30294620
2026-08-09T01:00:00.000Z,XRPUSDT,buy,100000,1.357,35138066,30294620
2026-08-09T01:00:00.000Z,XRPUSDT,buy,1000000,4.368,35138066,30294620
2026-08-09T01:00:00.000Z,XRPUSDT,buy,5000000,22.703,35138066,30294620
2026-08-09T01:00:00.000Z,XRPUSDT,sell,10000,0.483,35138066,30294620
2026-08-09T01:00:00.000Z,XRPUSDT,sell,100000,0.483,35138066,30294620
2026-08-09T01:00:00.000Z,XRPUSDT,sell,1000000,3.259,35138066,30294620
2026-08-09T01:00:00.000Z,XRPUSDT,sell,5000000,20.671,35138066,30294620
2026-08-09T02:00:00.000Z,ADAUSDT,buy,10000,2.518,15407136,11644755
2026-08-09T02:00:00.000Z,ADAUSDT,buy,100000,7.188,15407136,11644755
2026-08-09T02:00:00.000Z,ADAUSDT,buy,1000000,33.7,15407136,11644755
2026-08-09T02:00:00.000Z,ADAUSDT,buy,5000000,118.103,15407136,11644755
2026-08-09T02:00:00.000Z,ADAUSDT,sell,10000,2.518,15407136,11644755
2026-08-09T02:00:00.000Z,ADAUSDT,sell,100000,6.899,15407136,11644755
2026-08-09T02:00:00.000Z,ADAUSDT,sell,1000000,32.555,15407136,11644755
2026-08-09T02:00:00.000Z,ADAUSDT,sell,5000000,98.674,15407136,11644755
2026-08-09T02:00:00.000Z,BNBUSDT,buy,10000,0.083,11235181,8556583
2026-08-09T02:00:00.000Z,BNBUSDT,buy,100000,1.083,11235181,8556583
2026-08-09T02:00:00.000Z,BNBUSDT,buy,1000000,9.206,11235181,8556583
2026-08-09T02:00:00.000Z,BNBUSDT,buy,5000000,42.031,11235181,8556583
2026-08-09T02:00:00.000Z,BNBUSDT,sell,10000,0.083,11235181,8556583
2026-08-09T02:00:00.000Z,BNBUSDT,sell,100000,1.925,11235181,8556583
2026-08-09T02:00:00.000Z,BNBUSDT,sell,1000000,10.356,11235181,8556583
2026-08-09T02:00:00.000Z,BNBUSDT,sell,5000000,38.674,11235181,8556583
2026-08-09T02:00:00.000Z,BTCUSDT,buy,10000,0.008,47029645,46070969
2026-08-09T02:00:00.000Z,BTCUSDT,buy,100000,0.008,47029645,46070969
2026-08-09T02:00:00.000Z,BTCUSDT,buy,1000000,0.257,47029645,46070969
2026-08-09T02:00:00.000Z,BTCUSDT,buy,5000000,1.555,47029645,46070969
2026-08-09T02:00:00.000Z,BTCUSDT,sell,10000,0.008,47029645,46070969
2026-08-09T02:00:00.000Z,BTCUSDT,sell,100000,0.008,47029645,46070969
2026-08-09T02:00:00.000Z,BTCUSDT,sell,1000000,0.319,47029645,46070969
2026-08-09T02:00:00.000Z,BTCUSDT,sell,5000000,1.236,47029645,46070969
2026-08-09T02:00:00.000Z,DOGEUSDT,buy,10000,0.715,44138621,30149049
2026-08-09T02:00:00.000Z,DOGEUSDT,buy,100000,1.292,44138621,30149049
2026-08-09T02:00:00.000Z,DOGEUSDT,buy,1000000,9.431,44138621,30149049
2026-08-09T02:00:00.000Z,DOGEUSDT,buy,5000000,55.012,44138621,30149049
2026-08-09T02:00:00.000Z,DOGEUSDT,sell,10000,0.715,44138621,30149049
2026-08-09T02:00:00.000Z,DOGEUSDT,sell,100000,1.639,44138621,30149049
2026-08-09T02:00:00.000Z,DOGEUSDT,sell,1000000,10.217,44138621,30149049
2026-08-09T02:00:00.000Z,DOGEUSDT,sell,5000000,42.238,44138621,30149049
2026-08-09T02:00:00.000Z,ETHUSDT,buy,10000,0.026,66949992,50209594
2026-08-09T02:00:00.000Z,ETHUSDT,buy,100000,0.026,66949992,50209594
2026-08-09T02:00:00.000Z,ETHUSDT,buy,1000000,0.255,66949992,50209594
2026-08-09T02:00:00.000Z,ETHUSDT,buy,5000000,3.057,66949992,50209594
2026-08-09T02:00:00.000Z,ETHUSDT,sell,10000,0.026,66949992,50209594
2026-08-09T02:00:00.000Z,ETHUSDT,sell,100000,0.026,66949992,50209594
2026-08-09T02:00:00.000Z,ETHUSDT,sell,1000000,1.169,66949992,50209594
2026-08-09T02:00:00.000Z,ETHUSDT,sell,5000000,4.033,66949992,50209594
2026-08-09T02:00:00.000Z,LINKUSDT,buy,10000,0.603,8469277,6629965
2026-08-09T02:00:00.000Z,LINKUSDT,buy,100000,2.724,8469277,6629965
2026-08-09T02:00:00.000Z,LINKUSDT,buy,1000000,25.214,8469277,6629965
2026-08-09T02:00:00.000Z,LINKUSDT,buy,5000000,126.529,8469277,6629965
2026-08-09T02:00:00.000Z,LINKUSDT,sell,10000,1.465,8469277,6629965
2026-08-09T02:00:00.000Z,LINKUSDT,sell,100000,3.591,8469277,6629965
2026-08-09T02:00:00.000Z,LINKUSDT,sell,1000000,24.911,8469277,6629965
2026-08-09T02:00:00.000Z,LINKUSDT,sell,5000000,105.162,8469277,6629965
2026-08-09T02:00:00.000Z,SOLUSDT,buy,10000,0.659,90327397,81799266
2026-08-09T02:00:00.000Z,SOLUSDT,buy,100000,0.659,90327397,81799266
2026-08-09T02:00:00.000Z,SOLUSDT,buy,1000000,2.588,90327397,81799266
2026-08-09T02:00:00.000Z,SOLUSDT,buy,5000000,9.543,90327397,81799266
2026-08-09T02:00:00.000Z,SOLUSDT,sell,10000,0.659,90327397,81799266
2026-08-09T02:00:00.000Z,SOLUSDT,sell,100000,0.659,90327397,81799266
2026-08-09T02:00:00.000Z,SOLUSDT,sell,1000000,1.994,90327397,81799266
2026-08-09T02:00:00.000Z,SOLUSDT,sell,5000000,10.751,90327397,81799266
2026-08-09T02:00:00.000Z,XRPUSDT,buy,10000,0.483,34385486,30142779
2026-08-09T02:00:00.000Z,XRPUSDT,buy,100000,0.576,34385486,30142779
2026-08-09T02:00:00.000Z,XRPUSDT,buy,1000000,4.118,34385486,30142779
2026-08-09T02:00:00.000Z,XRPUSDT,buy,5000000,22.873,34385486,30142779
2026-08-09T02:00:00.000Z,XRPUSDT,sell,10000,0.483,34385486,30142779
2026-08-09T02:00:00.000Z,XRPUSDT,sell,100000,1.076,34385486,30142779
2026-08-09T02:00:00.000Z,XRPUSDT,sell,1000000,5.558,34385486,30142779
2026-08-09T02:00:00.000Z,XRPUSDT,sell,5000000,25.236,34385486,30142779
2026-08-09T03:00:00.000Z,ADAUSDT,buy,10000,2.518,15618747,11909787
2026-08-09T03:00:00.000Z,ADAUSDT,buy,100000,5.339,15618747,11909787
2026-08-09T03:00:00.000Z,ADAUSDT,buy,1000000,29.696,15618747,11909787
2026-08-09T03:00:00.000Z,ADAUSDT,buy,5000000,113.001,15618747,11909787
2026-08-09T03:00:00.000Z,ADAUSDT,sell,10000,3.683,15618747,11909787
2026-08-09T03:00:00.000Z,ADAUSDT,sell,100000,7.168,15618747,11909787
2026-08-09T03:00:00.000Z,ADAUSDT,sell,1000000,32.888,15618747,11909787
2026-08-09T03:00:00.000Z,ADAUSDT,sell,5000000,100.236,15618747,11909787
2026-08-09T03:00:00.000Z,BNBUSDT,buy,10000,0.083,12001625,8591818
2026-08-09T03:00:00.000Z,BNBUSDT,buy,100000,1.784,12001625,8591818
2026-08-09T03:00:00.000Z,BNBUSDT,buy,1000000,9.465,12001625,8591818
2026-08-09T03:00:00.000Z,BNBUSDT,buy,5000000,42.209,12001625,8591818
2026-08-09T03:00:00.000Z,BNBUSDT,sell,10000,0.083,12001625,8591818
2026-08-09T03:00:00.000Z,BNBUSDT,sell,100000,0.535,12001625,8591818
2026-08-09T03:00:00.000Z,BNBUSDT,sell,1000000,7.555,12001625,8591818
2026-08-09T03:00:00.000Z,BNBUSDT,sell,5000000,34.598,12001625,8591818
2026-08-09T03:00:00.000Z,BTCUSDT,buy,10000,0.008,48911768,43935696
2026-08-09T03:00:00.000Z,BTCUSDT,buy,100000,0.008,48911768,43935696
2026-08-09T03:00:00.000Z,BTCUSDT,buy,1000000,0.008,48911768,43935696
2026-08-09T03:00:00.000Z,BTCUSDT,buy,5000000,1.379,48911768,43935696
2026-08-09T03:00:00.000Z,BTCUSDT,sell,10000,0.008,48911768,43935696
2026-08-09T03:00:00.000Z,BTCUSDT,sell,100000,0.008,48911768,43935696
2026-08-09T03:00:00.000Z,BTCUSDT,sell,1000000,0.222,48911768,43935696
2026-08-09T03:00:00.000Z,BTCUSDT,sell,5000000,1.19,48911768,43935696
2026-08-09T03:00:00.000Z,DOGEUSDT,buy,10000,0.715,44218694,30370717
2026-08-09T03:00:00.000Z,DOGEUSDT,buy,100000,2.385,44218694,30370717
2026-08-09T03:00:00.000Z,DOGEUSDT,buy,1000000,10.343,44218694,30370717
2026-08-09T03:00:00.000Z,DOGEUSDT,buy,5000000,49.635,44218694,30370717
2026-08-09T03:00:00.000Z,DOGEUSDT,sell,10000,0.715,44218694,30370717
2026-08-09T03:00:00.000Z,DOGEUSDT,sell,100000,1.185,44218694,30370717
2026-08-09T03:00:00.000Z,DOGEUSDT,sell,1000000,9.851,44218694,30370717
2026-08-09T03:00:00.000Z,DOGEUSDT,sell,5000000,42.581,44218694,30370717
2026-08-09T03:00:00.000Z,ETHUSDT,buy,10000,0.026,66924535,57016866
2026-08-09T03:00:00.000Z,ETHUSDT,buy,100000,0.026,66924535,57016866
2026-08-09T03:00:00.000Z,ETHUSDT,buy,1000000,0.316,66924535,57016866
2026-08-09T03:00:00.000Z,ETHUSDT,buy,5000000,3.196,66924535,57016866
2026-08-09T03:00:00.000Z,ETHUSDT,sell,10000,0.026,66924535,57016866
2026-08-09T03:00:00.000Z,ETHUSDT,sell,100000,0.026,66924535,57016866
2026-08-09T03:00:00.000Z,ETHUSDT,sell,1000000,0.907,66924535,57016866
2026-08-09T03:00:00.000Z,ETHUSDT,sell,5000000,4.39,66924535,57016866
2026-08-09T03:00:00.000Z,LINKUSDT,buy,10000,0.604,8340226,6351162
2026-08-09T03:00:00.000Z,LINKUSDT,buy,100000,3.3,8340226,6351162
2026-08-09T03:00:00.000Z,LINKUSDT,buy,1000000,26.327,8340226,6351162
2026-08-09T03:00:00.000Z,LINKUSDT,buy,5000000,133.305,8340226,6351162
2026-08-09T03:00:00.000Z,LINKUSDT,sell,10000,1.655,8340226,6351162
2026-08-09T03:00:00.000Z,LINKUSDT,sell,100000,4.799,8340226,6351162
2026-08-09T03:00:00.000Z,LINKUSDT,sell,1000000,28.608,8340226,6351162
2026-08-09T03:00:00.000Z,LINKUSDT,sell,5000000,113.704,8340226,6351162
2026-08-09T03:00:00.000Z,SOLUSDT,buy,10000,0.658,88504649,78736104
2026-08-09T03:00:00.000Z,SOLUSDT,buy,100000,0.658,88504649,78736104
2026-08-09T03:00:00.000Z,SOLUSDT,buy,1000000,2.604,88504649,78736104
2026-08-09T03:00:00.000Z,SOLUSDT,buy,5000000,10.98,88504649,78736104
2026-08-09T03:00:00.000Z,SOLUSDT,sell,10000,0.658,88504649,78736104
2026-08-09T03:00:00.000Z,SOLUSDT,sell,100000,0.658,88504649,78736104
2026-08-09T03:00:00.000Z,SOLUSDT,sell,1000000,2.863,88504649,78736104
2026-08-09T03:00:00.000Z,SOLUSDT,sell,5000000,10.17,88504649,78736104
2026-08-09T03:00:00.000Z,XRPUSDT,buy,10000,0.482,34903298,28848967
2026-08-09T03:00:00.000Z,XRPUSDT,buy,100000,0.482,34903298,28848967
2026-08-09T03:00:00.000Z,XRPUSDT,buy,1000000,4.167,34903298,28848967
2026-08-09T03:00:00.000Z,XRPUSDT,buy,5000000,24.399,34903298,28848967
2026-08-09T03:00:00.000Z,XRPUSDT,sell,10000,0.482,34903298,28848967
2026-08-09T03:00:00.000Z,XRPUSDT,sell,100000,1.347,34903298,28848967
2026-08-09T03:00:00.000Z,XRPUSDT,sell,1000000,6.139,34903298,28848967
2026-08-09T03:00:00.000Z,XRPUSDT,sell,5000000,26.668,34903298,28848967
2026-08-09T04:00:00.000Z,ADAUSDT,buy,10000,2.742,15485331,12457081
2026-08-09T04:00:00.000Z,ADAUSDT,buy,100000,9.155,15485331,12457081
2026-08-09T04:00:00.000Z,ADAUSDT,buy,1000000,29.78,15485331,12457081
2026-08-09T04:00:00.000Z,ADAUSDT,buy,5000000,106.352,15485331,12457081
2026-08-09T04:00:00.000Z,ADAUSDT,sell,10000,2.528,15485331,12457081
2026-08-09T04:00:00.000Z,ADAUSDT,sell,100000,5.89,15485331,12457081
2026-08-09T04:00:00.000Z,ADAUSDT,sell,1000000,24.539,15485331,12457081
2026-08-09T04:00:00.000Z,ADAUSDT,sell,5000000,89.681,15485331,12457081
2026-08-09T04:00:00.000Z,BNBUSDT,buy,10000,0.083,11325299,8856111
2026-08-09T04:00:00.000Z,BNBUSDT,buy,100000,0.419,11325299,8856111
2026-08-09T04:00:00.000Z,BNBUSDT,buy,1000000,9.409,11325299,8856111
2026-08-09T04:00:00.000Z,BNBUSDT,buy,5000000,41.473,11325299,8856111
2026-08-09T04:00:00.000Z,BNBUSDT,sell,10000,1.064,11325299,8856111
2026-08-09T04:00:00.000Z,BNBUSDT,sell,100000,2.556,11325299,8856111
2026-08-09T04:00:00.000Z,BNBUSDT,sell,1000000,9.989,11325299,8856111
2026-08-09T04:00:00.000Z,BNBUSDT,sell,5000000,38.59,11325299,8856111
2026-08-09T04:00:00.000Z,BTCUSDT,buy,10000,0.008,42888521,46820503
2026-08-09T04:00:00.000Z,BTCUSDT,buy,100000,0.008,42888521,46820503
2026-08-09T04:00:00.000Z,BTCUSDT,buy,1000000,0.124,42888521,46820503
2026-08-09T04:00:00.000Z,BTCUSDT,buy,5000000,1.207,42888521,46820503
2026-08-09T04:00:00.000Z,BTCUSDT,sell,10000,0.008,42888521,46820503
2026-08-09T04:00:00.000Z,BTCUSDT,sell,100000,0.008,42888521,46820503
2026-08-09T04:00:00.000Z,BTCUSDT,sell,1000000,0.339,42888521,46820503
2026-08-09T04:00:00.000Z,BTCUSDT,sell,5000000,1.778,42888521,46820503
2026-08-09T04:00:00.000Z,DOGEUSDT,buy,10000,0.714,44160562,30098572
2026-08-09T04:00:00.000Z,DOGEUSDT,buy,100000,1.462,44160562,30098572
2026-08-09T04:00:00.000Z,DOGEUSDT,buy,1000000,8.664,44160562,30098572
2026-08-09T04:00:00.000Z,DOGEUSDT,buy,5000000,50.803,44160562,30098572
2026-08-09T04:00:00.000Z,DOGEUSDT,sell,10000,0.714,44160562,30098572
2026-08-09T04:00:00.000Z,DOGEUSDT,sell,100000,1.084,44160562,30098572
2026-08-09T04:00:00.000Z,DOGEUSDT,sell,1000000,9.355,44160562,30098572
2026-08-09T04:00:00.000Z,DOGEUSDT,sell,5000000,43.38,44160562,30098572
2026-08-09T04:00:00.000Z,ETHUSDT,buy,10000,0.026,85393818,55629356
2026-08-09T04:00:00.000Z,ETHUSDT,buy,100000,0.026,85393818,55629356
2026-08-09T04:00:00.000Z,ETHUSDT,buy,1000000,0.452,85393818,55629356
2026-08-09T04:00:00.000Z,ETHUSDT,buy,5000000,3.104,85393818,55629356
2026-08-09T04:00:00.000Z,ETHUSDT,sell,10000,0.026,85393818,55629356
2026-08-09T04:00:00.000Z,ETHUSDT,sell,100000,0.026,85393818,55629356
2026-08-09T04:00:00.000Z,ETHUSDT,sell,1000000,1.473,85393818,55629356
2026-08-09T04:00:00.000Z,ETHUSDT,sell,5000000,4.656,85393818,55629356
2026-08-09T04:00:00.000Z,LINKUSDT,buy,10000,0.776,8345202,6377826
2026-08-09T04:00:00.000Z,LINKUSDT,buy,100000,3.879,8345202,6377826
2026-08-09T04:00:00.000Z,LINKUSDT,buy,1000000,27.93,8345202,6377826
2026-08-09T04:00:00.000Z,LINKUSDT,buy,5000000,130.881,8345202,6377826
2026-08-09T04:00:00.000Z,LINKUSDT,sell,10000,0.603,8345202,6377826
2026-08-09T04:00:00.000Z,LINKUSDT,sell,100000,2.976,8345202,6377826
2026-08-09T04:00:00.000Z,LINKUSDT,sell,1000000,27.872,8345202,6377826
2026-08-09T04:00:00.000Z,LINKUSDT,sell,5000000,110.368,8345202,6377826
2026-08-09T04:00:00.000Z,SOLUSDT,buy,10000,0.658,90300915,80447952
2026-08-09T04:00:00.000Z,SOLUSDT,buy,100000,0.658,90300915,80447952
2026-08-09T04:00:00.000Z,SOLUSDT,buy,1000000,1.613,90300915,80447952
2026-08-09T04:00:00.000Z,SOLUSDT,buy,5000000,10.284,90300915,80447952
2026-08-09T04:00:00.000Z,SOLUSDT,sell,10000,0.658,90300915,80447952
2026-08-09T04:00:00.000Z,SOLUSDT,sell,100000,0.658,90300915,80447952
2026-08-09T04:00:00.000Z,SOLUSDT,sell,1000000,2.767,90300915,80447952
2026-08-09T04:00:00.000Z,SOLUSDT,sell,5000000,10.619,90300915,80447952
2026-08-09T04:00:00.000Z,XRPUSDT,buy,10000,0.482,35214773,29502836
2026-08-09T04:00:00.000Z,XRPUSDT,buy,100000,0.891,35214773,29502836
2026-08-09T04:00:00.000Z,XRPUSDT,buy,1000000,4.607,35214773,29502836
2026-08-09T04:00:00.000Z,XRPUSDT,buy,5000000,25.36,35214773,29502836
2026-08-09T04:00:00.000Z,XRPUSDT,sell,10000,0.482,35214773,29502836
2026-08-09T04:00:00.000Z,XRPUSDT,sell,100000,0.855,35214773,29502836
2026-08-09T04:00:00.000Z,XRPUSDT,sell,1000000,5.258,35214773,29502836
2026-08-09T04:00:00.000Z,XRPUSDT,sell,5000000,23.924,35214773,29502836
2026-08-09T05:00:00.000Z,ADAUSDT,buy,10000,2.53,15637034,12581370
2026-08-09T05:00:00.000Z,ADAUSDT,buy,100000,6.81,15637034,12581370
2026-08-09T05:00:00.000Z,ADAUSDT,buy,1000000,32.569,15637034,12581370
2026-08-09T05:00:00.000Z,ADAUSDT,buy,5000000,104.621,15637034,12581370
2026-08-09T05:00:00.000Z,ADAUSDT,sell,10000,2.53,15637034,12581370
2026-08-09T05:00:00.000Z,ADAUSDT,sell,100000,6.005,15637034,12581370
2026-08-09T05:00:00.000Z,ADAUSDT,sell,1000000,30.45,15637034,12581370
2026-08-09T05:00:00.000Z,ADAUSDT,sell,5000000,98.851,15637034,12581370
2026-08-09T05:00:00.000Z,BNBUSDT,buy,10000,0.083,11423127,9114885
2026-08-09T05:00:00.000Z,BNBUSDT,buy,100000,1.054,11423127,9114885
2026-08-09T05:00:00.000Z,BNBUSDT,buy,1000000,9.044,11423127,9114885
2026-08-09T05:00:00.000Z,BNBUSDT,buy,5000000,42.332,11423127,9114885
2026-08-09T05:00:00.000Z,BNBUSDT,sell,10000,0.083,11423127,9114885
2026-08-09T05:00:00.000Z,BNBUSDT,sell,100000,0.083,11423127,9114885
2026-08-09T05:00:00.000Z,BNBUSDT,sell,1000000,8.654,11423127,9114885
2026-08-09T05:00:00.000Z,BNBUSDT,sell,5000000,37.034,11423127,9114885
2026-08-09T05:00:00.000Z,BTCUSDT,buy,10000,0.008,47521248,46618646
2026-08-09T05:00:00.000Z,BTCUSDT,buy,100000,0.008,47521248,46618646
2026-08-09T05:00:00.000Z,BTCUSDT,buy,1000000,0.44,47521248,46618646
2026-08-09T05:00:00.000Z,BTCUSDT,buy,5000000,1.754,47521248,46618646
2026-08-09T05:00:00.000Z,BTCUSDT,sell,10000,0.008,47521248,46618646
2026-08-09T05:00:00.000Z,BTCUSDT,sell,100000,0.008,47521248,46618646
2026-08-09T05:00:00.000Z,BTCUSDT,sell,1000000,0.01,47521248,46618646
2026-08-09T05:00:00.000Z,BTCUSDT,sell,5000000,0.763,47521248,46618646
2026-08-09T05:00:00.000Z,DOGEUSDT,buy,10000,0.715,44532938,30517229
2026-08-09T05:00:00.000Z,DOGEUSDT,buy,100000,1.04,44532938,30517229
2026-08-09T05:00:00.000Z,DOGEUSDT,buy,1000000,9.655,44532938,30517229
2026-08-09T05:00:00.000Z,DOGEUSDT,buy,5000000,51.628,44532938,30517229
2026-08-09T05:00:00.000Z,DOGEUSDT,sell,10000,0.715,44532938,30517229
2026-08-09T05:00:00.000Z,DOGEUSDT,sell,100000,2.054,44532938,30517229
2026-08-09T05:00:00.000Z,DOGEUSDT,sell,1000000,8.481,44532938,30517229
2026-08-09T05:00:00.000Z,DOGEUSDT,sell,5000000,38.435,44532938,30517229
2026-08-09T05:00:00.000Z,ETHUSDT,buy,10000,0.026,84770146,54351267
2026-08-09T05:00:00.000Z,ETHUSDT,buy,100000,0.026,84770146,54351267
2026-08-09T05:00:00.000Z,ETHUSDT,buy,1000000,0.956,84770146,54351267
2026-08-09T05:00:00.000Z,ETHUSDT,buy,5000000,3.752,84770146,54351267
2026-08-09T05:00:00.000Z,ETHUSDT,sell,10000,0.026,84770146,54351267
2026-08-09T05:00:00.000Z,ETHUSDT,sell,100000,0.026,84770146,54351267
2026-08-09T05:00:00.000Z,ETHUSDT,sell,1000000,0.554,84770146,54351267
2026-08-09T05:00:00.000Z,ETHUSDT,sell,5000000,4.177,84770146,54351267
2026-08-09T05:00:00.000Z,LINKUSDT,buy,10000,0.952,8446066,6455293
2026-08-09T05:00:00.000Z,LINKUSDT,buy,100000,4.203,8446066,6455293
2026-08-09T05:00:00.000Z,LINKUSDT,buy,1000000,29.533,8446066,6455293
2026-08-09T05:00:00.000Z,LINKUSDT,buy,5000000,138.771,8446066,6455293
2026-08-09T05:00:00.000Z,LINKUSDT,sell,10000,0.708,8446066,6455293
2026-08-09T05:00:00.000Z,LINKUSDT,sell,100000,3.324,8446066,6455293
2026-08-09T05:00:00.000Z,LINKUSDT,sell,1000000,22.598,8446066,6455293
2026-08-09T05:00:00.000Z,LINKUSDT,sell,5000000,101.905,8446066,6455293
2026-08-09T05:00:00.000Z,SOLUSDT,buy,10000,0.658,91376297,79862039
2026-08-09T05:00:00.000Z,SOLUSDT,buy,100000,0.658,91376297,79862039
2026-08-09T05:00:00.000Z,SOLUSDT,buy,1000000,1.897,91376297,79862039
2026-08-09T05:00:00.000Z,SOLUSDT,buy,5000000,11.658,91376297,79862039
2026-08-09T05:00:00.000Z,SOLUSDT,sell,10000,0.658,91376297,79862039
2026-08-09T05:00:00.000Z,SOLUSDT,sell,100000,0.658,91376297,79862039
2026-08-09T05:00:00.000Z,SOLUSDT,sell,1000000,2.052,91376297,79862039
2026-08-09T05:00:00.000Z,SOLUSDT,sell,5000000,8.828,91376297,79862039
2026-08-09T05:00:00.000Z,XRPUSDT,buy,10000,0.483,34923226,29747284
2026-08-09T05:00:00.000Z,XRPUSDT,buy,100000,0.551,34923226,29747284
2026-08-09T05:00:00.000Z,XRPUSDT,buy,1000000,4.704,34923226,29747284
2026-08-09T05:00:00.000Z,XRPUSDT,buy,5000000,25.984,34923226,29747284
2026-08-09T05:00:00.000Z,XRPUSDT,sell,10000,0.483,34923226,29747284
2026-08-09T05:00:00.000Z,XRPUSDT,sell,100000,1.027,34923226,29747284
2026-08-09T05:00:00.000Z,XRPUSDT,sell,1000000,4.605,34923226,29747284
2026-08-09T05:00:00.000Z,XRPUSDT,sell,5000000,23.683,34923226,29747284
2026-08-09T06:00:00.000Z,ADAUSDT,buy,10000,2.52,15278217,11619012
2026-08-09T06:00:00.000Z,ADAUSDT,buy,100000,6.812,15278217,11619012
2026-08-09T06:00:00.000Z,ADAUSDT,buy,1000000,30.78,15278217,11619012
2026-08-09T06:00:00.000Z,ADAUSDT,buy,5000000,114.187,15278217,11619012
2026-08-09T06:00:00.000Z,ADAUSDT,sell,10000,2.52,15278217,11619012
2026-08-09T06:00:00.000Z,ADAUSDT,sell,100000,5.785,15278217,11619012
2026-08-09T06:00:00.000Z,ADAUSDT,sell,1000000,32.136,15278217,11619012
2026-08-09T06:00:00.000Z,ADAUSDT,sell,5000000,102.033,15278217,11619012
2026-08-09T06:00:00.000Z,BNBUSDT,buy,10000,0.083,10100187,9221091
2026-08-09T06:00:00.000Z,BNBUSDT,buy,100000,0.819,10100187,9221091
2026-08-09T06:00:00.000Z,BNBUSDT,buy,1000000,9.162,10100187,9221091
2026-08-09T06:00:00.000Z,BNBUSDT,buy,5000000,37.576,10100187,9221091
2026-08-09T06:00:00.000Z,BNBUSDT,sell,10000,0.083,10100187,9221091
2026-08-09T06:00:00.000Z,BNBUSDT,sell,100000,1.643,10100187,9221091
2026-08-09T06:00:00.000Z,BNBUSDT,sell,1000000,8.446,10100187,9221091
2026-08-09T06:00:00.000Z,BNBUSDT,sell,5000000,36.826,10100187,9221091
2026-08-09T06:00:00.000Z,BTCUSDT,buy,10000,0.008,48527401,59040315
2026-08-09T06:00:00.000Z,BTCUSDT,buy,100000,0.008,48527401,59040315
2026-08-09T06:00:00.000Z,BTCUSDT,buy,1000000,0.014,48527401,59040315
2026-08-09T06:00:00.000Z,BTCUSDT,buy,5000000,0.996,48527401,59040315
2026-08-09T06:00:00.000Z,BTCUSDT,sell,10000,0.008,48527401,59040315
2026-08-09T06:00:00.000Z,BTCUSDT,sell,100000,0.008,48527401,59040315
2026-08-09T06:00:00.000Z,BTCUSDT,sell,1000000,0.034,48527401,59040315
2026-08-09T06:00:00.000Z,BTCUSDT,sell,5000000,1.005,48527401,59040315
2026-08-09T06:00:00.000Z,DOGEUSDT,buy,10000,0.713,44837904,29633110
2026-08-09T06:00:00.000Z,DOGEUSDT,buy,100000,1.321,44837904,29633110
2026-08-09T06:00:00.000Z,DOGEUSDT,buy,1000000,9.841,44837904,29633110
2026-08-09T06:00:00.000Z,DOGEUSDT,buy,5000000,52.204,44837904,29633110
2026-08-09T06:00:00.000Z,DOGEUSDT,sell,10000,0.713,44837904,29633110
2026-08-09T06:00:00.000Z,DOGEUSDT,sell,100000,2.235,44837904,29633110
2026-08-09T06:00:00.000Z,DOGEUSDT,sell,1000000,10.891,44837904,29633110
2026-08-09T06:00:00.000Z,DOGEUSDT,sell,5000000,43.86,44837904,29633110
2026-08-09T06:00:00.000Z,ETHUSDT,buy,10000,0.026,56374074,59681225
2026-08-09T06:00:00.000Z,ETHUSDT,buy,100000,0.181,56374074,59681225
2026-08-09T06:00:00.000Z,ETHUSDT,buy,1000000,1.031,56374074,59681225
2026-08-09T06:00:00.000Z,ETHUSDT,buy,5000000,3.887,56374074,59681225
2026-08-09T06:00:00.000Z,ETHUSDT,sell,10000,0.026,56374074,59681225
2026-08-09T06:00:00.000Z,ETHUSDT,sell,100000,0.026,56374074,59681225
2026-08-09T06:00:00.000Z,ETHUSDT,sell,1000000,0.142,56374074,59681225
2026-08-09T06:00:00.000Z,ETHUSDT,sell,5000000,2.905,56374074,59681225
2026-08-09T06:00:00.000Z,LINKUSDT,buy,10000,0.939,8705351,6255427
2026-08-09T06:00:00.000Z,LINKUSDT,buy,100000,4.082,8705351,6255427
2026-08-09T06:00:00.000Z,LINKUSDT,buy,1000000,24.897,8705351,6255427
2026-08-09T06:00:00.000Z,LINKUSDT,buy,5000000,124.318,8705351,6255427
2026-08-09T06:00:00.000Z,LINKUSDT,sell,10000,1.003,8705351,6255427
2026-08-09T06:00:00.000Z,LINKUSDT,sell,100000,2.959,8705351,6255427
2026-08-09T06:00:00.000Z,LINKUSDT,sell,1000000,22.171,8705351,6255427
2026-08-09T06:00:00.000Z,LINKUSDT,sell,5000000,107.807,8705351,6255427
2026-08-09T06:00:00.000Z,SOLUSDT,buy,10000,0.655,92366781,81465473
2026-08-09T06:00:00.000Z,SOLUSDT,buy,100000,0.655,92366781,81465473
2026-08-09T06:00:00.000Z,SOLUSDT,buy,1000000,1.799,92366781,81465473
2026-08-09T06:00:00.000Z,SOLUSDT,buy,5000000,9.546,92366781,81465473
2026-08-09T06:00:00.000Z,SOLUSDT,sell,10000,0.655,92366781,81465473
2026-08-09T06:00:00.000Z,SOLUSDT,sell,100000,0.655,92366781,81465473
2026-08-09T06:00:00.000Z,SOLUSDT,sell,1000000,0.754,92366781,81465473
2026-08-09T06:00:00.000Z,SOLUSDT,sell,5000000,7.745,92366781,81465473
2026-08-09T06:00:00.000Z,XRPUSDT,buy,10000,0.481,35661504,28833690
2026-08-09T06:00:00.000Z,XRPUSDT,buy,100000,0.68,35661504,28833690
2026-08-09T06:00:00.000Z,XRPUSDT,buy,1000000,5.179,35661504,28833690
2026-08-09T06:00:00.000Z,XRPUSDT,buy,5000000,28.062,35661504,28833690
2026-08-09T06:00:00.000Z,XRPUSDT,sell,10000,0.481,35661504,28833690
2026-08-09T06:00:00.000Z,XRPUSDT,sell,100000,0.731,35661504,28833690
2026-08-09T06:00:00.000Z,XRPUSDT,sell,1000000,4.406,35661504,28833690
2026-08-09T06:00:00.000Z,XRPUSDT,sell,5000000,23.685,35661504,28833690
2026-08-09T07:00:00.000Z,ADAUSDT,buy,10000,2.516,15023455,11494681
2026-08-09T07:00:00.000Z,ADAUSDT,buy,100000,5.796,15023455,11494681
2026-08-09T07:00:00.000Z,ADAUSDT,buy,1000000,30.407,15023455,11494681
2026-08-09T07:00:00.000Z,ADAUSDT,buy,5000000,122.561,15023455,11494681
2026-08-09T07:00:00.000Z,ADAUSDT,sell,10000,2.516,15023455,11494681
2026-08-09T07:00:00.000Z,ADAUSDT,sell,100000,5.582,15023455,11494681
2026-08-09T07:00:00.000Z,ADAUSDT,sell,1000000,34.736,15023455,11494681
2026-08-09T07:00:00.000Z,ADAUSDT,sell,5000000,105.352,15023455,11494681
2026-08-09T07:00:00.000Z,BNBUSDT,buy,10000,0.375,10052753,9288942
2026-08-09T07:00:00.000Z,BNBUSDT,buy,100000,0.813,10052753,9288942
2026-08-09T07:00:00.000Z,BNBUSDT,buy,1000000,7.841,10052753,9288942
2026-08-09T07:00:00.000Z,BNBUSDT,buy,5000000,37.4,10052753,9288942
2026-08-09T07:00:00.000Z,BNBUSDT,sell,10000,0.083,10052753,9288942
2026-08-09T07:00:00.000Z,BNBUSDT,sell,100000,0.653,10052753,9288942
2026-08-09T07:00:00.000Z,BNBUSDT,sell,1000000,8.877,10052753,9288942
2026-08-09T07:00:00.000Z,BNBUSDT,sell,5000000,38.812,10052753,9288942
2026-08-09T07:00:00.000Z,BTCUSDT,buy,10000,0.008,57465126,43567373
2026-08-09T07:00:00.000Z,BTCUSDT,buy,100000,0.008,57465126,43567373
2026-08-09T07:00:00.000Z,BTCUSDT,buy,1000000,0.153,57465126,43567373
2026-08-09T07:00:00.000Z,BTCUSDT,buy,5000000,1.433,57465126,43567373
2026-08-09T07:00:00.000Z,BTCUSDT,sell,10000,0.008,57465126,43567373
2026-08-09T07:00:00.000Z,BTCUSDT,sell,100000,0.008,57465126,43567373
2026-08-09T07:00:00.000Z,BTCUSDT,sell,1000000,0.012,57465126,43567373
2026-08-09T07:00:00.000Z,BTCUSDT,sell,5000000,1.368,57465126,43567373
2026-08-09T07:00:00.000Z,DOGEUSDT,buy,10000,0.713,44646706,29780522
2026-08-09T07:00:00.000Z,DOGEUSDT,buy,100000,1.298,44646706,29780522
2026-08-09T07:00:00.000Z,DOGEUSDT,buy,1000000,10.585,44646706,29780522
2026-08-09T07:00:00.000Z,DOGEUSDT,buy,5000000,55.478,44646706,29780522
2026-08-09T07:00:00.000Z,DOGEUSDT,sell,10000,0.713,44646706,29780522
2026-08-09T07:00:00.000Z,DOGEUSDT,sell,100000,1.204,44646706,29780522
2026-08-09T07:00:00.000Z,DOGEUSDT,sell,1000000,5.736,44646706,29780522
2026-08-09T07:00:00.000Z,DOGEUSDT,sell,5000000,37.243,44646706,29780522
2026-08-09T07:00:00.000Z,ETHUSDT,buy,10000,0.026,61040917,59234148
2026-08-09T07:00:00.000Z,ETHUSDT,buy,100000,0.026,61040917,59234148
2026-08-09T07:00:00.000Z,ETHUSDT,buy,1000000,0.783,61040917,59234148
2026-08-09T07:00:00.000Z,ETHUSDT,buy,5000000,3.67,61040917,59234148
2026-08-09T07:00:00.000Z,ETHUSDT,sell,10000,0.026,61040917,59234148
2026-08-09T07:00:00.000Z,ETHUSDT,sell,100000,0.026,61040917,59234148
2026-08-09T07:00:00.000Z,ETHUSDT,sell,1000000,0.57,61040917,59234148
2026-08-09T07:00:00.000Z,ETHUSDT,sell,5000000,2.658,61040917,59234148
2026-08-09T07:00:00.000Z,LINKUSDT,buy,10000,0.972,7967679,6075064
2026-08-09T07:00:00.000Z,LINKUSDT,buy,100000,4.957,7967679,6075064
2026-08-09T07:00:00.000Z,LINKUSDT,buy,1000000,32.16,7967679,6075064
2026-08-09T07:00:00.000Z,LINKUSDT,buy,5000000,144.7,7967679,6075064
2026-08-09T07:00:00.000Z,LINKUSDT,sell,10000,0.6,7967679,6075064
2026-08-09T07:00:00.000Z,LINKUSDT,sell,100000,3.009,7967679,6075064
2026-08-09T07:00:00.000Z,LINKUSDT,sell,1000000,28.42,7967679,6075064
2026-08-09T07:00:00.000Z,LINKUSDT,sell,5000000,120.615,7967679,6075064
2026-08-09T07:00:00.000Z,SOLUSDT,buy,10000,0.656,89073268,80341992
2026-08-09T07:00:00.000Z,SOLUSDT,buy,100000,0.656,89073268,80341992
2026-08-09T07:00:00.000Z,SOLUSDT,buy,1000000,1.803,89073268,80341992
2026-08-09T07:00:00.000Z,SOLUSDT,buy,5000000,11.283,89073268,80341992
2026-08-09T07:00:00.000Z,SOLUSDT,sell,10000,0.656,89073268,80341992
2026-08-09T07:00:00.000Z,SOLUSDT,sell,100000,0.656,89073268,80341992
2026-08-09T07:00:00.000Z,SOLUSDT,sell,1000000,1.854,89073268,80341992
2026-08-09T07:00:00.000Z,SOLUSDT,sell,5000000,9.951,89073268,80341992
2026-08-09T07:00:00.000Z,XRPUSDT,buy,10000,0.482,33247536,28234075
2026-08-09T07:00:00.000Z,XRPUSDT,buy,100000,0.796,33247536,28234075
2026-08-09T07:00:00.000Z,XRPUSDT,buy,1000000,5.544,33247536,28234075
2026-08-09T07:00:00.000Z,XRPUSDT,buy,5000000,30.504,33247536,28234075
2026-08-09T07:00:00.000Z,XRPUSDT,sell,10000,0.482,33247536,28234075
2026-08-09T07:00:00.000Z,XRPUSDT,sell,100000,0.923,33247536,28234075
2026-08-09T07:00:00.000Z,XRPUSDT,sell,1000000,4.816,33247536,28234075
2026-08-09T07:00:00.000Z,XRPUSDT,sell,5000000,27.996,33247536,28234075
2026-08-09T08:00:00.000Z,ADAUSDT,buy,10000,2.532,15485902,12038802
2026-08-09T08:00:00.000Z,ADAUSDT,buy,100000,4.449,15485902,12038802
2026-08-09T08:00:00.000Z,ADAUSDT,buy,1000000,30.938,15485902,12038802
2026-08-09T08:00:00.000Z,ADAUSDT,buy,5000000,116.506,15485902,12038802
2026-08-09T08:00:00.000Z,ADAUSDT,sell,10000,2.532,15485902,12038802
2026-08-09T08:00:00.000Z,ADAUSDT,sell,100000,6.961,15485902,12038802
2026-08-09T08:00:00.000Z,ADAUSDT,sell,1000000,30.007,15485902,12038802
2026-08-09T08:00:00.000Z,ADAUSDT,sell,5000000,97.937,15485902,12038802
2026-08-09T08:00:00.000Z,BNBUSDT,buy,10000,0.083,11443651,9224960
2026-08-09T08:00:00.000Z,BNBUSDT,buy,100000,1.545,11443651,9224960
2026-08-09T08:00:00.000Z,BNBUSDT,buy,1000000,9.058,11443651,9224960
2026-08-09T08:00:00.000Z,BNBUSDT,buy,5000000,38.409,11443651,9224960
2026-08-09T08:00:00.000Z,BNBUSDT,sell,10000,0.232,11443651,9224960
2026-08-09T08:00:00.000Z,BNBUSDT,sell,100000,2.111,11443651,9224960
2026-08-09T08:00:00.000Z,BNBUSDT,sell,1000000,10.134,11443651,9224960
2026-08-09T08:00:00.000Z,BNBUSDT,sell,5000000,37.324,11443651,9224960
2026-08-09T08:00:00.000Z,BTCUSDT,buy,10000,0.008,50265210,51586636
2026-08-09T08:00:00.000Z,BTCUSDT,buy,100000,0.008,50265210,51586636
2026-08-09T08:00:00.000Z,BTCUSDT,buy,1000000,0.008,50265210,51586636
2026-08-09T08:00:00.000Z,BTCUSDT,buy,5000000,1.028,50265210,51586636
2026-08-09T08:00:00.000Z,BTCUSDT,sell,10000,0.008,50265210,51586636
2026-08-09T08:00:00.000Z,BTCUSDT,sell,100000,0.008,50265210,51586636
2026-08-09T08:00:00.000Z,BTCUSDT,sell,1000000,0.271,50265210,51586636
2026-08-09T08:00:00.000Z,BTCUSDT,sell,5000000,1.714,50265210,51586636
2026-08-09T08:00:00.000Z,DOGEUSDT,buy,10000,0.714,44801622,30826897
2026-08-09T08:00:00.000Z,DOGEUSDT,buy,100000,1.35,44801622,30826897
2026-08-09T08:00:00.000Z,DOGEUSDT,buy,1000000,10.221,44801622,30826897
2026-08-09T08:00:00.000Z,DOGEUSDT,buy,5000000,49.754,44801622,30826897
2026-08-09T08:00:00.000Z,DOGEUSDT,sell,10000,0.714,44801622,30826897
2026-08-09T08:00:00.000Z,DOGEUSDT,sell,100000,1.852,44801622,30826897
2026-08-09T08:00:00.000Z,DOGEUSDT,sell,1000000,9.196,44801622,30826897
2026-08-09T08:00:00.000Z,DOGEUSDT,sell,5000000,44.588,44801622,30826897
2026-08-09T08:00:00.000Z,ETHUSDT,buy,10000,0.026,66360235,53379027
2026-08-09T08:00:00.000Z,ETHUSDT,buy,100000,0.026,66360235,53379027
2026-08-09T08:00:00.000Z,ETHUSDT,buy,1000000,0.522,66360235,53379027
2026-08-09T08:00:00.000Z,ETHUSDT,buy,5000000,3.24,66360235,53379027
2026-08-09T08:00:00.000Z,ETHUSDT,sell,10000,0.026,66360235,53379027
2026-08-09T08:00:00.000Z,ETHUSDT,sell,100000,0.026,66360235,53379027
2026-08-09T08:00:00.000Z,ETHUSDT,sell,1000000,1.006,66360235,53379027
2026-08-09T08:00:00.000Z,ETHUSDT,sell,5000000,4.697,66360235,53379027
2026-08-09T08:00:00.000Z,LINKUSDT,buy,10000,0.602,8367984,6521646
2026-08-09T08:00:00.000Z,LINKUSDT,buy,100000,3.342,8367984,6521646
2026-08-09T08:00:00.000Z,LINKUSDT,buy,1000000,28.747,8367984,6521646
2026-08-09T08:00:00.000Z,LINKUSDT,buy,5000000,130.895,8367984,6521646
2026-08-09T08:00:00.000Z,LINKUSDT,sell,10000,0.81,8367984,6521646
2026-08-09T08:00:00.000Z,LINKUSDT,sell,100000,3.184,8367984,6521646
2026-08-09T08:00:00.000Z,LINKUSDT,sell,1000000,24.596,8367984,6521646
2026-08-09T08:00:00.000Z,LINKUSDT,sell,5000000,106.962,8367984,6521646
2026-08-09T08:00:00.000Z,SOLUSDT,buy,10000,0.656,90401575,83774496
2026-08-09T08:00:00.000Z,SOLUSDT,buy,100000,0.656,90401575,83774496
2026-08-09T08:00:00.000Z,SOLUSDT,buy,1000000,2.763,90401575,83774496
2026-08-09T08:00:00.000Z,SOLUSDT,buy,5000000,10.476,90401575,83774496
2026-08-09T08:00:00.000Z,SOLUSDT,sell,10000,0.656,90401575,83774496
2026-08-09T08:00:00.000Z,SOLUSDT,sell,100000,0.656,90401575,83774496
2026-08-09T08:00:00.000Z,SOLUSDT,sell,1000000,1.745,90401575,83774496
2026-08-09T08:00:00.000Z,SOLUSDT,sell,5000000,10.196,90401575,83774496
2026-08-09T08:00:00.000Z,XRPUSDT,buy,10000,0.484,36208271,30987653
2026-08-09T08:00:00.000Z,XRPUSDT,buy,100000,0.678,36208271,30987653
2026-08-09T08:00:00.000Z,XRPUSDT,buy,1000000,4.471,36208271,30987653
2026-08-09T08:00:00.000Z,XRPUSDT,buy,5000000,25.85,36208271,30987653
2026-08-09T08:00:00.000Z,XRPUSDT,sell,10000,0.484,36208271,30987653
2026-08-09T08:00:00.000Z,XRPUSDT,sell,100000,1.073,36208271,30987653
2026-08-09T08:00:00.000Z,XRPUSDT,sell,1000000,6.354,36208271,30987653
2026-08-09T08:00:00.000Z,XRPUSDT,sell,5000000,24.548,36208271,30987653
2026-08-09T09:00:00.000Z,ADAUSDT,buy,10000,2.546,15061739,11728595
2026-08-09T09:00:00.000Z,ADAUSDT,buy,100000,6.081,15061739,11728595
2026-08-09T09:00:00.000Z,ADAUSDT,buy,1000000,30.672,15061739,11728595
2026-08-09T09:00:00.000Z,ADAUSDT,buy,5000000,112.975,15061739,11728595
2026-08-09T09:00:00.000Z,ADAUSDT,sell,10000,2.546,15061739,11728595
2026-08-09T09:00:00.000Z,ADAUSDT,sell,100000,4.762,15061739,11728595
2026-08-09T09:00:00.000Z,ADAUSDT,sell,1000000,27.698,15061739,11728595
2026-08-09T09:00:00.000Z,ADAUSDT,sell,5000000,96.596,15061739,11728595
2026-08-09T09:00:00.000Z,BNBUSDT,buy,10000,0.241,11412182,9296941
2026-08-09T09:00:00.000Z,BNBUSDT,buy,100000,1.51,11412182,9296941
2026-08-09T09:00:00.000Z,BNBUSDT,buy,1000000,8.871,11412182,9296941
2026-08-09T09:00:00.000Z,BNBUSDT,buy,5000000,40.298,11412182,9296941
2026-08-09T09:00:00.000Z,BNBUSDT,sell,10000,0.083,11412182,9296941
2026-08-09T09:00:00.000Z,BNBUSDT,sell,100000,0.97,11412182,9296941
2026-08-09T09:00:00.000Z,BNBUSDT,sell,1000000,9.261,11412182,9296941
2026-08-09T09:00:00.000Z,BNBUSDT,sell,5000000,38.554,11412182,9296941
2026-08-09T09:00:00.000Z,BTCUSDT,buy,10000,0.008,50610239,42625097
2026-08-09T09:00:00.000Z,BTCUSDT,buy,100000,0.008,50610239,42625097
2026-08-09T09:00:00.000Z,BTCUSDT,buy,1000000,0.43,50610239,42625097
2026-08-09T09:00:00.000Z,BTCUSDT,buy,5000000,1.835,50610239,42625097
2026-08-09T09:00:00.000Z,BTCUSDT,sell,10000,0.008,50610239,42625097
2026-08-09T09:00:00.000Z,BTCUSDT,sell,100000,0.008,50610239,42625097
2026-08-09T09:00:00.000Z,BTCUSDT,sell,1000000,0.009,50610239,42625097
2026-08-09T09:00:00.000Z,BTCUSDT,sell,5000000,0.832,50610239,42625097
2026-08-09T09:00:00.000Z,DOGEUSDT,buy,10000,0.714,44108538,29765026
2026-08-09T09:00:00.000Z,DOGEUSDT,buy,100000,0.856,44108538,29765026
2026-08-09T09:00:00.000Z,DOGEUSDT,buy,1000000,9.734,44108538,29765026
2026-08-09T09:00:00.000Z,DOGEUSDT,buy,5000000,53.426,44108538,29765026
2026-08-09T09:00:00.000Z,DOGEUSDT,sell,10000,0.714,44108538,29765026
2026-08-09T09:00:00.000Z,DOGEUSDT,sell,100000,1.765,44108538,29765026
2026-08-09T09:00:00.000Z,DOGEUSDT,sell,1000000,9.646,44108538,29765026
2026-08-09T09:00:00.000Z,DOGEUSDT,sell,5000000,44.476,44108538,29765026
2026-08-09T09:00:00.000Z,ETHUSDT,buy,10000,0.026,54735483,54708918
2026-08-09T09:00:00.000Z,ETHUSDT,buy,100000,0.206,54735483,54708918
2026-08-09T09:00:00.000Z,ETHUSDT,buy,1000000,1.393,54735483,54708918
2026-08-09T09:00:00.000Z,ETHUSDT,buy,5000000,3.23,54735483,54708918
2026-08-09T09:00:00.000Z,ETHUSDT,sell,10000,0.026,54735483,54708918
2026-08-09T09:00:00.000Z,ETHUSDT,sell,100000,0.026,54735483,54708918
2026-08-09T09:00:00.000Z,ETHUSDT,sell,1000000,0.439,54735483,54708918
2026-08-09T09:00:00.000Z,ETHUSDT,sell,5000000,4.384,54735483,54708918
2026-08-09T09:00:00.000Z,LINKUSDT,buy,10000,1.007,8235093,6168145
2026-08-09T09:00:00.000Z,LINKUSDT,buy,100000,4.367,8235093,6168145
2026-08-09T09:00:00.000Z,LINKUSDT,buy,1000000,30.046,8235093,6168145
2026-08-09T09:00:00.000Z,LINKUSDT,buy,5000000,138.23,8235093,6168145
2026-08-09T09:00:00.000Z,LINKUSDT,sell,10000,0.602,8235093,6168145
2026-08-09T09:00:00.000Z,LINKUSDT,sell,100000,2.53,8235093,6168145
2026-08-09T09:00:00.000Z,LINKUSDT,sell,1000000,21.719,8235093,6168145
2026-08-09T09:00:00.000Z,LINKUSDT,sell,5000000,109.352,8235093,6168145
2026-08-09T09:00:00.000Z,SOLUSDT,buy,10000,0.654,89058795,81606659
2026-08-09T09:00:00.000Z,SOLUSDT,buy,100000,0.654,89058795,81606659
2026-08-09T09:00:00.000Z,SOLUSDT,buy,1000000,3.304,89058795,81606659
2026-08-09T09:00:00.000Z,SOLUSDT,buy,5000000,11.678,89058795,81606659
2026-08-09T09:00:00.000Z,SOLUSDT,sell,10000,0.654,89058795,81606659
2026-08-09T09:00:00.000Z,SOLUSDT,sell,100000,0.654,89058795,81606659
2026-08-09T09:00:00.000Z,SOLUSDT,sell,1000000,1.673,89058795,81606659
2026-08-09T09:00:00.000Z,SOLUSDT,sell,5000000,10.546,89058795,81606659
2026-08-09T09:00:00.000Z,XRPUSDT,buy,10000,0.483,36158339,29427985
2026-08-09T09:00:00.000Z,XRPUSDT,buy,100000,0.729,36158339,29427985
2026-08-09T09:00:00.000Z,XRPUSDT,buy,1000000,4.613,36158339,29427985
2026-08-09T09:00:00.000Z,XRPUSDT,buy,5000000,23.65,36158339,29427985
2026-08-09T09:00:00.000Z,XRPUSDT,sell,10000,0.483,36158339,29427985
2026-08-09T09:00:00.000Z,XRPUSDT,sell,100000,0.76,36158339,29427985
2026-08-09T09:00:00.000Z,XRPUSDT,sell,1000000,4.348,36158339,29427985
2026-08-09T09:00:00.000Z,XRPUSDT,sell,5000000,22.667,36158339,29427985
2026-08-09T10:00:00.000Z,ADAUSDT,buy,10000,2.55,15309900,11464557
2026-08-09T10:00:00.000Z,ADAUSDT,buy,100000,5.393,15309900,11464557
2026-08-09T10:00:00.000Z,ADAUSDT,buy,1000000,28.856,15309900,11464557
2026-08-09T10:00:00.000Z,ADAUSDT,buy,5000000,114.195,15309900,11464557
2026-08-09T10:00:00.000Z,ADAUSDT,sell,10000,2.55,15309900,11464557
2026-08-09T10:00:00.000Z,ADAUSDT,sell,100000,5.997,15309900,11464557
2026-08-09T10:00:00.000Z,ADAUSDT,sell,1000000,29.164,15309900,11464557
2026-08-09T10:00:00.000Z,ADAUSDT,sell,5000000,96.171,15309900,11464557
2026-08-09T10:00:00.000Z,BNBUSDT,buy,10000,0.89,9823186,9449590
2026-08-09T10:00:00.000Z,BNBUSDT,buy,100000,1.984,9823186,9449590
2026-08-09T10:00:00.000Z,BNBUSDT,buy,1000000,9.507,9823186,9449590
2026-08-09T10:00:00.000Z,BNBUSDT,buy,5000000,36.577,9823186,9449590
2026-08-09T10:00:00.000Z,BNBUSDT,sell,10000,0.083,9823186,9449590
2026-08-09T10:00:00.000Z,BNBUSDT,sell,100000,0.844,9823186,9449590
2026-08-09T10:00:00.000Z,BNBUSDT,sell,1000000,10.5,9823186,9449590
2026-08-09T10:00:00.000Z,BNBUSDT,sell,5000000,43.454,9823186,9449590
2026-08-09T10:00:00.000Z,BTCUSDT,buy,10000,0.008,48926525,46955094
2026-08-09T10:00:00.000Z,BTCUSDT,buy,100000,0.008,48926525,46955094
2026-08-09T10:00:00.000Z,BTCUSDT,buy,1000000,0.336,48926525,46955094
2026-08-09T10:00:00.000Z,BTCUSDT,buy,5000000,1.326,48926525,46955094
2026-08-09T10:00:00.000Z,BTCUSDT,sell,10000,0.008,48926525,46955094
2026-08-09T10:00:00.000Z,BTCUSDT,sell,100000,0.008,48926525,46955094
2026-08-09T10:00:00.000Z,BTCUSDT,sell,1000000,0.219,48926525,46955094
2026-08-09T10:00:00.000Z,BTCUSDT,sell,5000000,1.745,48926525,46955094
2026-08-09T10:00:00.000Z,DOGEUSDT,buy,10000,0.713,44400115,29888636
2026-08-09T10:00:00.000Z,DOGEUSDT,buy,100000,1.133,44400115,29888636
2026-08-09T10:00:00.000Z,DOGEUSDT,buy,1000000,10.397,44400115,29888636
2026-08-09T10:00:00.000Z,DOGEUSDT,buy,5000000,53.99,44400115,29888636
2026-08-09T10:00:00.000Z,DOGEUSDT,sell,10000,0.713,44400115,29888636
2026-08-09T10:00:00.000Z,DOGEUSDT,sell,100000,2.019,44400115,29888636
2026-08-09T10:00:00.000Z,DOGEUSDT,sell,1000000,11.202,44400115,29888636
2026-08-09T10:00:00.000Z,DOGEUSDT,sell,5000000,48.346,44400115,29888636
2026-08-09T10:00:00.000Z,ETHUSDT,buy,10000,0.026,75370548,59654302
2026-08-09T10:00:00.000Z,ETHUSDT,buy,100000,0.091,75370548,59654302
2026-08-09T10:00:00.000Z,ETHUSDT,buy,1000000,0.941,75370548,59654302
2026-08-09T10:00:00.000Z,ETHUSDT,buy,5000000,4.191,75370548,59654302
2026-08-09T10:00:00.000Z,ETHUSDT,sell,10000,0.026,75370548,59654302
2026-08-09T10:00:00.000Z,ETHUSDT,sell,100000,0.026,75370548,59654302
2026-08-09T10:00:00.000Z,ETHUSDT,sell,1000000,0.46,75370548,59654302
2026-08-09T10:00:00.000Z,ETHUSDT,sell,5000000,0.928,75370548,59654302
2026-08-09T10:00:00.000Z,LINKUSDT,buy,10000,0.764,8296959,6107949
2026-08-09T10:00:00.000Z,LINKUSDT,buy,100000,4.241,8296959,6107949
2026-08-09T10:00:00.000Z,LINKUSDT,buy,1000000,31.053,8296959,6107949
2026-08-09T10:00:00.000Z,LINKUSDT,buy,5000000,144.462,8296959,6107949
2026-08-09T10:00:00.000Z,LINKUSDT,sell,10000,0.602,8296959,6107949
2026-08-09T10:00:00.000Z,LINKUSDT,sell,100000,2.579,8296959,6107949
2026-08-09T10:00:00.000Z,LINKUSDT,sell,1000000,23.782,8296959,6107949
2026-08-09T10:00:00.000Z,LINKUSDT,sell,5000000,108.453,8296959,6107949
2026-08-09T10:00:00.000Z,SOLUSDT,buy,10000,0.654,90983072,83773553
2026-08-09T10:00:00.000Z,SOLUSDT,buy,100000,0.654,90983072,83773553
2026-08-09T10:00:00.000Z,SOLUSDT,buy,1000000,2.057,90983072,83773553
2026-08-09T10:00:00.000Z,SOLUSDT,buy,5000000,8.855,90983072,83773553
2026-08-09T10:00:00.000Z,SOLUSDT,sell,10000,0.654,90983072,83773553
2026-08-09T10:00:00.000Z,SOLUSDT,sell,100000,0.654,90983072,83773553
2026-08-09T10:00:00.000Z,SOLUSDT,sell,1000000,2.277,90983072,83773553
2026-08-09T10:00:00.000Z,SOLUSDT,sell,5000000,11.163,90983072,83773553
2026-08-09T10:00:00.000Z,XRPUSDT,buy,10000,0.483,35207208,29437221
2026-08-09T10:00:00.000Z,XRPUSDT,buy,100000,0.483,35207208,29437221
2026-08-09T10:00:00.000Z,XRPUSDT,buy,1000000,4.765,35207208,29437221
2026-08-09T10:00:00.000Z,XRPUSDT,buy,5000000,24.494,35207208,29437221
2026-08-09T10:00:00.000Z,XRPUSDT,sell,10000,0.483,35207208,29437221
2026-08-09T10:00:00.000Z,XRPUSDT,sell,100000,0.487,35207208,29437221
2026-08-09T10:00:00.000Z,XRPUSDT,sell,1000000,5.025,35207208,29437221
2026-08-09T10:00:00.000Z,XRPUSDT,sell,5000000,25.676,35207208,29437221
2026-08-09T11:00:00.000Z,ADAUSDT,buy,10000,2.543,15170461,11584450
2026-08-09T11:00:00.000Z,ADAUSDT,buy,100000,6.867,15170461,11584450
2026-08-09T11:00:00.000Z,ADAUSDT,buy,1000000,34.296,15170461,11584450
2026-08-09T11:00:00.000Z,ADAUSDT,buy,5000000,117.808,15170461,11584450
2026-08-09T11:00:00.000Z,ADAUSDT,sell,10000,2.543,15170461,11584450
2026-08-09T11:00:00.000Z,ADAUSDT,sell,100000,4.675,15170461,11584450
2026-08-09T11:00:00.000Z,ADAUSDT,sell,1000000,31.054,15170461,11584450
2026-08-09T11:00:00.000Z,ADAUSDT,sell,5000000,99.085,15170461,11584450
2026-08-09T11:00:00.000Z,BNBUSDT,buy,10000,0.083,9946996,8849062
2026-08-09T11:00:00.000Z,BNBUSDT,buy,100000,1.282,9946996,8849062
2026-08-09T11:00:00.000Z,BNBUSDT,buy,1000000,9.877,9946996,8849062
2026-08-09T11:00:00.000Z,BNBUSDT,buy,5000000,36.787,9946996,8849062
2026-08-09T11:00:00.000Z,BNBUSDT,sell,10000,0.083,9946996,8849062
2026-08-09T11:00:00.000Z,BNBUSDT,sell,100000,1.668,9946996,8849062
2026-08-09T11:00:00.000Z,BNBUSDT,sell,1000000,10.742,9946996,8849062
2026-08-09T11:00:00.000Z,BNBUSDT,sell,5000000,40.909,9946996,8849062
2026-08-09T11:00:00.000Z,BTCUSDT,buy,10000,0.008,55007995,46689761
2026-08-09T11:00:00.000Z,BTCUSDT,buy,100000,0.008,55007995,46689761
2026-08-09T11:00:00.000Z,BTCUSDT,buy,1000000,0.376,55007995,46689761
2026-08-09T11:00:00.000Z,BTCUSDT,buy,5000000,1.95,55007995,46689761
2026-08-09T11:00:00.000Z,BTCUSDT,sell,10000,0.008,55007995,46689761
2026-08-09T11:00:00.000Z,BTCUSDT,sell,100000,0.008,55007995,46689761
2026-08-09T11:00:00.000Z,BTCUSDT,sell,1000000,0.145,55007995,46689761
2026-08-09T11:00:00.000Z,BTCUSDT,sell,5000000,1.083,55007995,46689761
2026-08-09T11:00:00.000Z,DOGEUSDT,buy,10000,0.713,44444972,29640252
2026-08-09T11:00:00.000Z,DOGEUSDT,buy,100000,2.082,44444972,29640252
2026-08-09T11:00:00.000Z,DOGEUSDT,buy,1000000,9.441,44444972,29640252
2026-08-09T11:00:00.000Z,DOGEUSDT,buy,5000000,56.189,44444972,29640252
2026-08-09T11:00:00.000Z,DOGEUSDT,sell,10000,0.713,44444972,29640252
2026-08-09T11:00:00.000Z,DOGEUSDT,sell,100000,1.368,44444972,29640252
2026-08-09T11:00:00.000Z,DOGEUSDT,sell,1000000,12.03,44444972,29640252
2026-08-09T11:00:00.000Z,DOGEUSDT,sell,5000000,49.095,44444972,29640252
2026-08-09T11:00:00.000Z,ETHUSDT,buy,10000,0.026,57569885,48736384
2026-08-09T11:00:00.000Z,ETHUSDT,buy,100000,0.026,57569885,48736384
2026-08-09T11:00:00.000Z,ETHUSDT,buy,1000000,1.263,57569885,48736384
2026-08-09T11:00:00.000Z,ETHUSDT,buy,5000000,5.09,57569885,48736384
2026-08-09T11:00:00.000Z,ETHUSDT,sell,10000,0.026,57569885,48736384
2026-08-09T11:00:00.000Z,ETHUSDT,sell,100000,0.026,57569885,48736384
2026-08-09T11:00:00.000Z,ETHUSDT,sell,1000000,0.67,57569885,48736384
2026-08-09T11:00:00.000Z,ETHUSDT,sell,5000000,2.123,57569885,48736384
2026-08-09T11:00:00.000Z,LINKUSDT,buy,10000,1.267,8133343,6107953
2026-08-09T11:00:00.000Z,LINKUSDT,buy,100000,4.572,8133343,6107953
2026-08-09T11:00:00.000Z,LINKUSDT,buy,1000000,32.46,8133343,6107953
2026-08-09T11:00:00.000Z,LINKUSDT,buy,5000000,142.3,8133343,6107953
2026-08-09T11:00:00.000Z,LINKUSDT,sell,10000,0.603,8133343,6107953
2026-08-09T11:00:00.000Z,LINKUSDT,sell,100000,2.594,8133343,6107953
2026-08-09T11:00:00.000Z,LINKUSDT,sell,1000000,24.832,8133343,6107953
2026-08-09T11:00:00.000Z,LINKUSDT,sell,5000000,113.196,8133343,6107953
2026-08-09T11:00:00.000Z,SOLUSDT,buy,10000,0.654,90879281,84967851
2026-08-09T11:00:00.000Z,SOLUSDT,buy,100000,0.654,90879281,84967851
2026-08-09T11:00:00.000Z,SOLUSDT,buy,1000000,2.075,90879281,84967851
2026-08-09T11:00:00.000Z,SOLUSDT,buy,5000000,9.951,90879281,84967851
2026-08-09T11:00:00.000Z,SOLUSDT,sell,10000,0.654,90879281,84967851
2026-08-09T11:00:00.000Z,SOLUSDT,sell,100000,0.654,90879281,84967851
2026-08-09T11:00:00.000Z,SOLUSDT,sell,1000000,1.945,90879281,84967851
2026-08-09T11:00:00.000Z,SOLUSDT,sell,5000000,9.641,90879281,84967851
2026-08-09T11:00:00.000Z,XRPUSDT,buy,10000,0.482,35001999,29211519
2026-08-09T11:00:00.000Z,XRPUSDT,buy,100000,1,35001999,29211519
2026-08-09T11:00:00.000Z,XRPUSDT,buy,1000000,5.346,35001999,29211519
2026-08-09T11:00:00.000Z,XRPUSDT,buy,5000000,25.575,35001999,29211519
2026-08-09T11:00:00.000Z,XRPUSDT,sell,10000,0.482,35001999,29211519
2026-08-09T11:00:00.000Z,XRPUSDT,sell,100000,1.013,35001999,29211519
2026-08-09T11:00:00.000Z,XRPUSDT,sell,1000000,5.094,35001999,29211519
2026-08-09T11:00:00.000Z,XRPUSDT,sell,5000000,26.674,35001999,29211519
2026-08-09T12:00:00.000Z,ADAUSDT,buy,10000,2.549,14776845,11246313
2026-08-09T12:00:00.000Z,ADAUSDT,buy,100000,5.614,14776845,11246313
2026-08-09T12:00:00.000Z,ADAUSDT,buy,1000000,31.812,14776845,11246313
2026-08-09T12:00:00.000Z,ADAUSDT,buy,5000000,118.458,14776845,11246313
2026-08-09T12:00:00.000Z,ADAUSDT,sell,10000,2.549,14776845,11246313
2026-08-09T12:00:00.000Z,ADAUSDT,sell,100000,5.929,14776845,11246313
2026-08-09T12:00:00.000Z,ADAUSDT,sell,1000000,32.267,14776845,11246313
2026-08-09T12:00:00.000Z,ADAUSDT,sell,5000000,102.65,14776845,11246313
2026-08-09T12:00:00.000Z,BNBUSDT,buy,10000,1.236,10310633,9801516
2026-08-09T12:00:00.000Z,BNBUSDT,buy,100000,1.848,10310633,9801516
2026-08-09T12:00:00.000Z,BNBUSDT,buy,1000000,8.388,10310633,9801516
2026-08-09T12:00:00.000Z,BNBUSDT,buy,5000000,35.554,10310633,9801516
2026-08-09T12:00:00.000Z,BNBUSDT,sell,10000,0.083,10310633,9801516
2026-08-09T12:00:00.000Z,BNBUSDT,sell,100000,0.977,10310633,9801516
2026-08-09T12:00:00.000Z,BNBUSDT,sell,1000000,10.054,10310633,9801516
2026-08-09T12:00:00.000Z,BNBUSDT,sell,5000000,42.432,10310633,9801516
2026-08-09T12:00:00.000Z,BTCUSDT,buy,10000,0.008,44349302,46544692
2026-08-09T12:00:00.000Z,BTCUSDT,buy,100000,0.008,44349302,46544692
2026-08-09T12:00:00.000Z,BTCUSDT,buy,1000000,0.507,44349302,46544692
2026-08-09T12:00:00.000Z,BTCUSDT,buy,5000000,2.465,44349302,46544692
2026-08-09T12:00:00.000Z,BTCUSDT,sell,10000,0.008,44349302,46544692
2026-08-09T12:00:00.000Z,BTCUSDT,sell,100000,0.008,44349302,46544692
2026-08-09T12:00:00.000Z,BTCUSDT,sell,1000000,0.06,44349302,46544692
2026-08-09T12:00:00.000Z,BTCUSDT,sell,5000000,1.493,44349302,46544692
2026-08-09T12:00:00.000Z,DOGEUSDT,buy,10000,0.713,44275980,29686337
2026-08-09T12:00:00.000Z,DOGEUSDT,buy,100000,1.325,44275980,29686337
2026-08-09T12:00:00.000Z,DOGEUSDT,buy,1000000,8.576,44275980,29686337
2026-08-09T12:00:00.000Z,DOGEUSDT,buy,5000000,52.039,44275980,29686337
2026-08-09T12:00:00.000Z,DOGEUSDT,sell,10000,0.713,44275980,29686337
2026-08-09T12:00:00.000Z,DOGEUSDT,sell,100000,1.585,44275980,29686337
2026-08-09T12:00:00.000Z,DOGEUSDT,sell,1000000,9.712,44275980,29686337
2026-08-09T12:00:00.000Z,DOGEUSDT,sell,5000000,45.535,44275980,29686337
2026-08-09T12:00:00.000Z,ETHUSDT,buy,10000,0.026,64257605,54841843
2026-08-09T12:00:00.000Z,ETHUSDT,buy,100000,0.131,64257605,54841843
2026-08-09T12:00:00.000Z,ETHUSDT,buy,1000000,1.143,64257605,54841843
2026-08-09T12:00:00.000Z,ETHUSDT,buy,5000000,4.344,64257605,54841843
2026-08-09T12:00:00.000Z,ETHUSDT,sell,10000,0.026,64257605,54841843
2026-08-09T12:00:00.000Z,ETHUSDT,sell,100000,0.026,64257605,54841843
2026-08-09T12:00:00.000Z,ETHUSDT,sell,1000000,0.332,64257605,54841843
2026-08-09T12:00:00.000Z,ETHUSDT,sell,5000000,3.714,64257605,54841843
2026-08-09T12:00:00.000Z,LINKUSDT,buy,10000,0.604,8188133,6214446
2026-08-09T12:00:00.000Z,LINKUSDT,buy,100000,3.896,8188133,6214446
2026-08-09T12:00:00.000Z,LINKUSDT,buy,1000000,29.095,8188133,6214446
2026-08-09T12:00:00.000Z,LINKUSDT,buy,5000000,141.072,8188133,6214446
2026-08-09T12:00:00.000Z,LINKUSDT,sell,10000,0.604,8188133,6214446
2026-08-09T12:00:00.000Z,LINKUSDT,sell,100000,3.317,8188133,6214446
2026-08-09T12:00:00.000Z,LINKUSDT,sell,1000000,20.736,8188133,6214446
2026-08-09T12:00:00.000Z,LINKUSDT,sell,5000000,108.513,8188133,6214446
2026-08-09T12:00:00.000Z,SOLUSDT,buy,10000,0.655,91103460,84423969
2026-08-09T12:00:00.000Z,SOLUSDT,buy,100000,0.655,91103460,84423969
2026-08-09T12:00:00.000Z,SOLUSDT,buy,1000000,3.342,91103460,84423969
2026-08-09T12:00:00.000Z,SOLUSDT,buy,5000000,12.09,91103460,84423969
2026-08-09T12:00:00.000Z,SOLUSDT,sell,10000,0.655,91103460,84423969
2026-08-09T12:00:00.000Z,SOLUSDT,sell,100000,0.655,91103460,84423969
2026-08-09T12:00:00.000Z,SOLUSDT,sell,1000000,1.482,91103460,84423969
2026-08-09T12:00:00.000Z,SOLUSDT,sell,5000000,8.034,91103460,84423969
2026-08-09T12:00:00.000Z,XRPUSDT,buy,10000,0.482,35537728,28968305
2026-08-09T12:00:00.000Z,XRPUSDT,buy,100000,0.891,35537728,28968305
2026-08-09T12:00:00.000Z,XRPUSDT,buy,1000000,6.071,35537728,28968305
2026-08-09T12:00:00.000Z,XRPUSDT,buy,5000000,27.066,35537728,28968305
2026-08-09T12:00:00.000Z,XRPUSDT,sell,10000,0.482,35537728,28968305
2026-08-09T12:00:00.000Z,XRPUSDT,sell,100000,0.482,35537728,28968305
2026-08-09T12:00:00.000Z,XRPUSDT,sell,1000000,3.599,35537728,28968305
2026-08-09T12:00:00.000Z,XRPUSDT,sell,5000000,22.82,35537728,28968305
2026-08-09T13:00:00.000Z,ADAUSDT,buy,10000,2.535,14420675,11564967
2026-08-09T13:00:00.000Z,ADAUSDT,buy,100000,5.007,14420675,11564967
2026-08-09T13:00:00.000Z,ADAUSDT,buy,1000000,26.172,14420675,11564967
2026-08-09T13:00:00.000Z,ADAUSDT,buy,5000000,107.217,14420675,11564967
2026-08-09T13:00:00.000Z,ADAUSDT,sell,10000,3.45,14420675,11564967
2026-08-09T13:00:00.000Z,ADAUSDT,sell,100000,7.189,14420675,11564967
2026-08-09T13:00:00.000Z,ADAUSDT,sell,1000000,33.084,14420675,11564967
2026-08-09T13:00:00.000Z,ADAUSDT,sell,5000000,108.248,14420675,11564967
2026-08-09T13:00:00.000Z,BNBUSDT,buy,10000,0.082,10361468,8688171
2026-08-09T13:00:00.000Z,BNBUSDT,buy,100000,0.796,10361468,8688171
2026-08-09T13:00:00.000Z,BNBUSDT,buy,1000000,9.92,10361468,8688171
2026-08-09T13:00:00.000Z,BNBUSDT,buy,5000000,40.537,10361468,8688171
2026-08-09T13:00:00.000Z,BNBUSDT,sell,10000,0.119,10361468,8688171
2026-08-09T13:00:00.000Z,BNBUSDT,sell,100000,2.025,10361468,8688171
2026-08-09T13:00:00.000Z,BNBUSDT,sell,1000000,11.277,10361468,8688171
2026-08-09T13:00:00.000Z,BNBUSDT,sell,5000000,42.608,10361468,8688171
2026-08-09T13:00:00.000Z,BTCUSDT,buy,10000,0.008,53473557,62770464
2026-08-09T13:00:00.000Z,BTCUSDT,buy,100000,0.008,53473557,62770464
2026-08-09T13:00:00.000Z,BTCUSDT,buy,1000000,0.008,53473557,62770464
2026-08-09T13:00:00.000Z,BTCUSDT,buy,5000000,0.013,53473557,62770464
2026-08-09T13:00:00.000Z,BTCUSDT,sell,10000,0.008,53473557,62770464
2026-08-09T13:00:00.000Z,BTCUSDT,sell,100000,0.008,53473557,62770464
2026-08-09T13:00:00.000Z,BTCUSDT,sell,1000000,0.185,53473557,62770464
2026-08-09T13:00:00.000Z,BTCUSDT,sell,5000000,1.118,53473557,62770464
2026-08-09T13:00:00.000Z,DOGEUSDT,buy,10000,0.711,44021770,30133588
2026-08-09T13:00:00.000Z,DOGEUSDT,buy,100000,1.081,44021770,30133588
2026-08-09T13:00:00.000Z,DOGEUSDT,buy,1000000,7.048,44021770,30133588
2026-08-09T13:00:00.000Z,DOGEUSDT,buy,5000000,47.804,44021770,30133588
2026-08-09T13:00:00.000Z,DOGEUSDT,sell,10000,0.711,44021770,30133588
2026-08-09T13:00:00.000Z,DOGEUSDT,sell,100000,2.01,44021770,30133588
2026-08-09T13:00:00.000Z,DOGEUSDT,sell,1000000,13.223,44021770,30133588
2026-08-09T13:00:00.000Z,DOGEUSDT,sell,5000000,50.092,44021770,30133588
2026-08-09T13:00:00.000Z,ETHUSDT,buy,10000,0.026,61460379,51674732
2026-08-09T13:00:00.000Z,ETHUSDT,buy,100000,0.026,61460379,51674732
2026-08-09T13:00:00.000Z,ETHUSDT,buy,1000000,1.384,61460379,51674732
2026-08-09T13:00:00.000Z,ETHUSDT,buy,5000000,5.539,61460379,51674732
2026-08-09T13:00:00.000Z,ETHUSDT,sell,10000,0.026,61460379,51674732
2026-08-09T13:00:00.000Z,ETHUSDT,sell,100000,0.026,61460379,51674732
2026-08-09T13:00:00.000Z,ETHUSDT,sell,1000000,0.846,61460379,51674732
2026-08-09T13:00:00.000Z,ETHUSDT,sell,5000000,4.002,61460379,51674732
2026-08-09T13:00:00.000Z,LINKUSDT,buy,10000,0.602,8289481,6340163
2026-08-09T13:00:00.000Z,LINKUSDT,buy,100000,4.409,8289481,6340163
2026-08-09T13:00:00.000Z,LINKUSDT,buy,1000000,31.219,8289481,6340163
2026-08-09T13:00:00.000Z,LINKUSDT,buy,5000000,138.956,8289481,6340163
2026-08-09T13:00:00.000Z,LINKUSDT,sell,10000,0.734,8289481,6340163
2026-08-09T13:00:00.000Z,LINKUSDT,sell,100000,3.52,8289481,6340163
2026-08-09T13:00:00.000Z,LINKUSDT,sell,1000000,25.385,8289481,6340163
2026-08-09T13:00:00.000Z,LINKUSDT,sell,5000000,107.766,8289481,6340163
2026-08-09T13:00:00.000Z,SOLUSDT,buy,10000,0.652,90742422,84594028
2026-08-09T13:00:00.000Z,SOLUSDT,buy,100000,0.652,90742422,84594028
2026-08-09T13:00:00.000Z,SOLUSDT,buy,1000000,1.867,90742422,84594028
2026-08-09T13:00:00.000Z,SOLUSDT,buy,5000000,7.833,90742422,84594028
2026-08-09T13:00:00.000Z,SOLUSDT,sell,10000,0.652,90742422,84594028
2026-08-09T13:00:00.000Z,SOLUSDT,sell,100000,0.652,90742422,84594028
2026-08-09T13:00:00.000Z,SOLUSDT,sell,1000000,1.757,90742422,84594028
2026-08-09T13:00:00.000Z,SOLUSDT,sell,5000000,10.329,90742422,84594028
2026-08-09T13:00:00.000Z,XRPUSDT,buy,10000,0.481,35090329,29675475
2026-08-09T13:00:00.000Z,XRPUSDT,buy,100000,0.481,35090329,29675475
2026-08-09T13:00:00.000Z,XRPUSDT,buy,1000000,3.328,35090329,29675475
2026-08-09T13:00:00.000Z,XRPUSDT,buy,5000000,23.282,35090329,29675475
2026-08-09T13:00:00.000Z,XRPUSDT,sell,10000,0.481,35090329,29675475
2026-08-09T13:00:00.000Z,XRPUSDT,sell,100000,1.729,35090329,29675475
2026-08-09T13:00:00.000Z,XRPUSDT,sell,1000000,6.095,35090329,29675475
2026-08-09T13:00:00.000Z,XRPUSDT,sell,5000000,24.956,35090329,29675475
2026-08-09T14:00:00.000Z,ADAUSDT,buy,10000,4.989,14487999,11061467
2026-08-09T14:00:00.000Z,ADAUSDT,buy,100000,8.202,14487999,11061467
2026-08-09T14:00:00.000Z,ADAUSDT,buy,1000000,28.433,14487999,11061467
2026-08-09T14:00:00.000Z,ADAUSDT,buy,5000000,111.968,14487999,11061467
2026-08-09T14:00:00.000Z,ADAUSDT,sell,10000,2.531,14487999,11061467
2026-08-09T14:00:00.000Z,ADAUSDT,sell,100000,4.619,14487999,11061467
2026-08-09T14:00:00.000Z,ADAUSDT,sell,1000000,22.825,14487999,11061467
2026-08-09T14:00:00.000Z,ADAUSDT,sell,5000000,103.574,14487999,11061467
2026-08-09T14:00:00.000Z,BNBUSDT,buy,10000,0.082,10565569,9383808
2026-08-09T14:00:00.000Z,BNBUSDT,buy,100000,1.059,10565569,9383808
2026-08-09T14:00:00.000Z,BNBUSDT,buy,1000000,8.447,10565569,9383808
2026-08-09T14:00:00.000Z,BNBUSDT,buy,5000000,39.173,10565569,9383808
2026-08-09T14:00:00.000Z,BNBUSDT,sell,10000,0.486,10565569,9383808
2026-08-09T14:00:00.000Z,BNBUSDT,sell,100000,2.534,10565569,9383808
2026-08-09T14:00:00.000Z,BNBUSDT,sell,1000000,12.596,10565569,9383808
2026-08-09T14:00:00.000Z,BNBUSDT,sell,5000000,42.665,10565569,9383808
2026-08-09T14:00:00.000Z,BTCUSDT,buy,10000,0.008,52983887,56584666
2026-08-09T14:00:00.000Z,BTCUSDT,buy,100000,0.107,52983887,56584666
2026-08-09T14:00:00.000Z,BTCUSDT,buy,1000000,0.641,52983887,56584666
2026-08-09T14:00:00.000Z,BTCUSDT,buy,5000000,2.045,52983887,56584666
2026-08-09T14:00:00.000Z,BTCUSDT,sell,10000,0.008,52983887,56584666
2026-08-09T14:00:00.000Z,BTCUSDT,sell,100000,0.008,52983887,56584666
2026-08-09T14:00:00.000Z,BTCUSDT,sell,1000000,0.008,52983887,56584666
2026-08-09T14:00:00.000Z,BTCUSDT,sell,5000000,0.277,52983887,56584666
2026-08-09T14:00:00.000Z,DOGEUSDT,buy,10000,1.136,43979531,29433202
2026-08-09T14:00:00.000Z,DOGEUSDT,buy,100000,2.7,43979531,29433202
2026-08-09T14:00:00.000Z,DOGEUSDT,buy,1000000,12.414,43979531,29433202
2026-08-09T14:00:00.000Z,DOGEUSDT,buy,5000000,52.762,43979531,29433202
2026-08-09T14:00:00.000Z,DOGEUSDT,sell,10000,0.71,43979531,29433202
2026-08-09T14:00:00.000Z,DOGEUSDT,sell,100000,0.75,43979531,29433202
2026-08-09T14:00:00.000Z,DOGEUSDT,sell,1000000,8.805,43979531,29433202
2026-08-09T14:00:00.000Z,DOGEUSDT,sell,5000000,50.106,43979531,29433202
2026-08-09T14:00:00.000Z,ETHUSDT,buy,10000,0.026,58978339,54305804
2026-08-09T14:00:00.000Z,ETHUSDT,buy,100000,0.026,58978339,54305804
2026-08-09T14:00:00.000Z,ETHUSDT,buy,1000000,1.24,58978339,54305804
2026-08-09T14:00:00.000Z,ETHUSDT,buy,5000000,4.806,58978339,54305804
2026-08-09T14:00:00.000Z,ETHUSDT,sell,10000,0.026,58978339,54305804
2026-08-09T14:00:00.000Z,ETHUSDT,sell,100000,0.026,58978339,54305804
2026-08-09T14:00:00.000Z,ETHUSDT,sell,1000000,0.764,58978339,54305804
2026-08-09T14:00:00.000Z,ETHUSDT,sell,5000000,3.672,58978339,54305804
2026-08-09T14:00:00.000Z,LINKUSDT,buy,10000,1.341,8606671,6096526
2026-08-09T14:00:00.000Z,LINKUSDT,buy,100000,3.741,8606671,6096526
2026-08-09T14:00:00.000Z,LINKUSDT,buy,1000000,31.51,8606671,6096526
2026-08-09T14:00:00.000Z,LINKUSDT,buy,5000000,149.904,8606671,6096526
2026-08-09T14:00:00.000Z,LINKUSDT,sell,10000,0.603,8606671,6096526
2026-08-09T14:00:00.000Z,LINKUSDT,sell,100000,2.474,8606671,6096526
2026-08-09T14:00:00.000Z,LINKUSDT,sell,1000000,20.235,8606671,6096526
2026-08-09T14:00:00.000Z,LINKUSDT,sell,5000000,99.75,8606671,6096526
2026-08-09T14:00:00.000Z,SOLUSDT,buy,10000,0.652,91233626,85259584
2026-08-09T14:00:00.000Z,SOLUSDT,buy,100000,0.652,91233626,85259584
2026-08-09T14:00:00.000Z,SOLUSDT,buy,1000000,2.048,91233626,85259584
2026-08-09T14:00:00.000Z,SOLUSDT,buy,5000000,7.978,91233626,85259584
2026-08-09T14:00:00.000Z,SOLUSDT,sell,10000,0.652,91233626,85259584
2026-08-09T14:00:00.000Z,SOLUSDT,sell,100000,0.652,91233626,85259584
2026-08-09T14:00:00.000Z,SOLUSDT,sell,1000000,2.077,91233626,85259584
2026-08-09T14:00:00.000Z,SOLUSDT,sell,5000000,9.191,91233626,85259584
2026-08-09T14:00:00.000Z,XRPUSDT,buy,10000,0.481,35649949,29171364
2026-08-09T14:00:00.000Z,XRPUSDT,buy,100000,1.498,35649949,29171364
2026-08-09T14:00:00.000Z,XRPUSDT,buy,1000000,6.145,35649949,29171364
2026-08-09T14:00:00.000Z,XRPUSDT,buy,5000000,25.332,35649949,29171364
2026-08-09T14:00:00.000Z,XRPUSDT,sell,10000,0.481,35649949,29171364
2026-08-09T14:00:00.000Z,XRPUSDT,sell,100000,0.516,35649949,29171364
2026-08-09T14:00:00.000Z,XRPUSDT,sell,1000000,4.112,35649949,29171364
2026-08-09T14:00:00.000Z,XRPUSDT,sell,5000000,22.887,35649949,29171364
2026-08-09T15:00:00.000Z,ADAUSDT,buy,10000,2.532,14611585,11291270
2026-08-09T15:00:00.000Z,ADAUSDT,buy,100000,5.243,14611585,11291270
2026-08-09T15:00:00.000Z,ADAUSDT,buy,1000000,29.533,14611585,11291270
2026-08-09T15:00:00.000Z,ADAUSDT,buy,5000000,110.981,14611585,11291270
2026-08-09T15:00:00.000Z,ADAUSDT,sell,10000,2.532,14611585,11291270
2026-08-09T15:00:00.000Z,ADAUSDT,sell,100000,6.413,14611585,11291270
2026-08-09T15:00:00.000Z,ADAUSDT,sell,1000000,29.281,14611585,11291270
2026-08-09T15:00:00.000Z,ADAUSDT,sell,5000000,105.403,14611585,11291270
2026-08-09T15:00:00.000Z,BNBUSDT,buy,10000,0.291,10378925,8972528
2026-08-09T15:00:00.000Z,BNBUSDT,buy,100000,2.318,10378925,8972528
2026-08-09T15:00:00.000Z,BNBUSDT,buy,1000000,12.738,10378925,8972528
2026-08-09T15:00:00.000Z,BNBUSDT,buy,5000000,45.343,10378925,8972528
2026-08-09T15:00:00.000Z,BNBUSDT,sell,10000,0.082,10378925,8972528
2026-08-09T15:00:00.000Z,BNBUSDT,sell,100000,0.883,10378925,8972528
2026-08-09T15:00:00.000Z,BNBUSDT,sell,1000000,12.131,10378925,8972528
2026-08-09T15:00:00.000Z,BNBUSDT,sell,5000000,42.922,10378925,8972528
2026-08-09T15:00:00.000Z,BTCUSDT,buy,10000,0.008,61875366,55603676
2026-08-09T15:00:00.000Z,BTCUSDT,buy,100000,0.008,61875366,55603676
2026-08-09T15:00:00.000Z,BTCUSDT,buy,1000000,0.008,61875366,55603676
2026-08-09T15:00:00.000Z,BTCUSDT,buy,5000000,0.75,61875366,55603676
2026-08-09T15:00:00.000Z,BTCUSDT,sell,10000,0.008,61875366,55603676
2026-08-09T15:00:00.000Z,BTCUSDT,sell,100000,0.008,61875366,55603676
2026-08-09T15:00:00.000Z,BTCUSDT,sell,1000000,0.264,61875366,55603676
2026-08-09T15:00:00.000Z,BTCUSDT,sell,5000000,1.609,61875366,55603676
2026-08-09T15:00:00.000Z,DOGEUSDT,buy,10000,0.708,42318381,29687926
2026-08-09T15:00:00.000Z,DOGEUSDT,buy,100000,1.479,42318381,29687926
2026-08-09T15:00:00.000Z,DOGEUSDT,buy,1000000,9.934,42318381,29687926
2026-08-09T15:00:00.000Z,DOGEUSDT,buy,5000000,47.497,42318381,29687926
2026-08-09T15:00:00.000Z,DOGEUSDT,sell,10000,0.708,42318381,29687926
2026-08-09T15:00:00.000Z,DOGEUSDT,sell,100000,1.172,42318381,29687926
2026-08-09T15:00:00.000Z,DOGEUSDT,sell,1000000,11.567,42318381,29687926
2026-08-09T15:00:00.000Z,DOGEUSDT,sell,5000000,52.22,42318381,29687926
2026-08-09T15:00:00.000Z,ETHUSDT,buy,10000,0.026,54072133,60969625
2026-08-09T15:00:00.000Z,ETHUSDT,buy,100000,0.026,54072133,60969625
2026-08-09T15:00:00.000Z,ETHUSDT,buy,1000000,0.469,54072133,60969625
2026-08-09T15:00:00.000Z,ETHUSDT,buy,5000000,3.605,54072133,60969625
2026-08-09T15:00:00.000Z,ETHUSDT,sell,10000,0.026,54072133,60969625
2026-08-09T15:00:00.000Z,ETHUSDT,sell,100000,0.026,54072133,60969625
2026-08-09T15:00:00.000Z,ETHUSDT,sell,1000000,0.95,54072133,60969625
2026-08-09T15:00:00.000Z,ETHUSDT,sell,5000000,3.452,54072133,60969625
2026-08-09T15:00:00.000Z,LINKUSDT,buy,10000,0.599,8319393,6126970
2026-08-09T15:00:00.000Z,LINKUSDT,buy,100000,3.746,8319393,6126970
2026-08-09T15:00:00.000Z,LINKUSDT,buy,1000000,29.339,8319393,6126970
2026-08-09T15:00:00.000Z,LINKUSDT,buy,5000000,137.338,8319393,6126970
2026-08-09T15:00:00.000Z,LINKUSDT,sell,10000,1.196,8319393,6126970
2026-08-09T15:00:00.000Z,LINKUSDT,sell,100000,3.858,8319393,6126970
2026-08-09T15:00:00.000Z,LINKUSDT,sell,1000000,29.086,8319393,6126970
2026-08-09T15:00:00.000Z,LINKUSDT,sell,5000000,116.78,8319393,6126970
2026-08-09T15:00:00.000Z,SOLUSDT,buy,10000,0.648,90707880,86493802
2026-08-09T15:00:00.000Z,SOLUSDT,buy,100000,0.648,90707880,86493802
2026-08-09T15:00:00.000Z,SOLUSDT,buy,1000000,1.855,90707880,86493802
2026-08-09T15:00:00.000Z,SOLUSDT,buy,5000000,9.896,90707880,86493802
2026-08-09T15:00:00.000Z,SOLUSDT,sell,10000,0.648,90707880,86493802
2026-08-09T15:00:00.000Z,SOLUSDT,sell,100000,1.383,90707880,86493802
2026-08-09T15:00:00.000Z,SOLUSDT,sell,1000000,3.696,90707880,86493802
2026-08-09T15:00:00.000Z,SOLUSDT,sell,5000000,12.851,90707880,86493802
2026-08-09T15:00:00.000Z,XRPUSDT,buy,10000,0.479,35579602,29957184
2026-08-09T15:00:00.000Z,XRPUSDT,buy,100000,0.56,35579602,29957184
2026-08-09T15:00:00.000Z,XRPUSDT,buy,1000000,3.963,35579602,29957184
2026-08-09T15:00:00.000Z,XRPUSDT,buy,5000000,22.977,35579602,29957184
2026-08-09T15:00:00.000Z,XRPUSDT,sell,10000,0.479,35579602,29957184
2026-08-09T15:00:00.000Z,XRPUSDT,sell,100000,1.453,35579602,29957184
2026-08-09T15:00:00.000Z,XRPUSDT,sell,1000000,5.595,35579602,29957184
2026-08-09T15:00:00.000Z,XRPUSDT,sell,5000000,22.459,35579602,29957184
2026-08-09T16:00:00.000Z,ADAUSDT,buy,10000,2.53,14259789,11133374
2026-08-09T16:00:00.000Z,ADAUSDT,buy,100000,6.174,14259789,11133374
2026-08-09T16:00:00.000Z,ADAUSDT,buy,1000000,24.398,14259789,11133374
2026-08-09T16:00:00.000Z,ADAUSDT,buy,5000000,107.539,14259789,11133374
2026-08-09T16:00:00.000Z,ADAUSDT,sell,10000,2.53,14259789,11133374
2026-08-09T16:00:00.000Z,ADAUSDT,sell,100000,6.518,14259789,11133374
2026-08-09T16:00:00.000Z,ADAUSDT,sell,1000000,26.146,14259789,11133374
2026-08-09T16:00:00.000Z,ADAUSDT,sell,5000000,101.692,14259789,11133374
2026-08-09T16:00:00.000Z,BNBUSDT,buy,10000,0.082,10550185,9398131
2026-08-09T16:00:00.000Z,BNBUSDT,buy,100000,0.66,10550185,9398131
2026-08-09T16:00:00.000Z,BNBUSDT,buy,1000000,9.974,10550185,9398131
2026-08-09T16:00:00.000Z,BNBUSDT,buy,5000000,40.558,10550185,9398131
2026-08-09T16:00:00.000Z,BNBUSDT,sell,10000,0.188,10550185,9398131
2026-08-09T16:00:00.000Z,BNBUSDT,sell,100000,2.255,10550185,9398131
2026-08-09T16:00:00.000Z,BNBUSDT,sell,1000000,13.258,10550185,9398131
2026-08-09T16:00:00.000Z,BNBUSDT,sell,5000000,42.074,10550185,9398131
2026-08-09T16:00:00.000Z,BTCUSDT,buy,10000,0.008,55143144,50497604
2026-08-09T16:00:00.000Z,BTCUSDT,buy,100000,0.008,55143144,50497604
2026-08-09T16:00:00.000Z,BTCUSDT,buy,1000000,0.545,55143144,50497604
2026-08-09T16:00:00.000Z,BTCUSDT,buy,5000000,2.014,55143144,50497604
2026-08-09T16:00:00.000Z,BTCUSDT,sell,10000,0.008,55143144,50497604
2026-08-09T16:00:00.000Z,BTCUSDT,sell,100000,0.008,55143144,50497604
2026-08-09T16:00:00.000Z,BTCUSDT,sell,1000000,0.008,55143144,50497604
2026-08-09T16:00:00.000Z,BTCUSDT,sell,5000000,1.024,55143144,50497604
2026-08-09T16:00:00.000Z,DOGEUSDT,buy,10000,0.707,42297045,30041375
2026-08-09T16:00:00.000Z,DOGEUSDT,buy,100000,0.821,42297045,30041375
2026-08-09T16:00:00.000Z,DOGEUSDT,buy,1000000,7.692,42297045,30041375
2026-08-09T16:00:00.000Z,DOGEUSDT,buy,5000000,41.184,42297045,30041375
2026-08-09T16:00:00.000Z,DOGEUSDT,sell,10000,0.707,42297045,30041375
2026-08-09T16:00:00.000Z,DOGEUSDT,sell,100000,1.66,42297045,30041375
2026-08-09T16:00:00.000Z,DOGEUSDT,sell,1000000,10.619,42297045,30041375
2026-08-09T16:00:00.000Z,DOGEUSDT,sell,5000000,51.108,42297045,30041375
2026-08-09T16:00:00.000Z,ETHUSDT,buy,10000,0.026,54306738,62244886
2026-08-09T16:00:00.000Z,ETHUSDT,buy,100000,0.026,54306738,62244886
2026-08-09T16:00:00.000Z,ETHUSDT,buy,1000000,0.932,54306738,62244886
2026-08-09T16:00:00.000Z,ETHUSDT,buy,5000000,3.866,54306738,62244886
2026-08-09T16:00:00.000Z,ETHUSDT,sell,10000,0.026,54306738,62244886
2026-08-09T16:00:00.000Z,ETHUSDT,sell,100000,0.026,54306738,62244886
2026-08-09T16:00:00.000Z,ETHUSDT,sell,1000000,0.929,54306738,62244886
2026-08-09T16:00:00.000Z,ETHUSDT,sell,5000000,4.085,54306738,62244886
2026-08-09T16:00:00.000Z,LINKUSDT,buy,10000,0.599,8335075,6384660
2026-08-09T16:00:00.000Z,LINKUSDT,buy,100000,2.611,8335075,6384660
2026-08-09T16:00:00.000Z,LINKUSDT,buy,1000000,23.424,8335075,6384660
2026-08-09T16:00:00.000Z,LINKUSDT,buy,5000000,123.752,8335075,6384660
2026-08-09T16:00:00.000Z,LINKUSDT,sell,10000,1.015,8335075,6384660
2026-08-09T16:00:00.000Z,LINKUSDT,sell,100000,4.29,8335075,6384660
2026-08-09T16:00:00.000Z,LINKUSDT,sell,1000000,27.846,8335075,6384660
2026-08-09T16:00:00.000Z,LINKUSDT,sell,5000000,117.994,8335075,6384660
2026-08-09T16:00:00.000Z,SOLUSDT,buy,10000,0.647,90080600,82826121
2026-08-09T16:00:00.000Z,SOLUSDT,buy,100000,0.98,90080600,82826121
2026-08-09T16:00:00.000Z,SOLUSDT,buy,1000000,3.605,90080600,82826121
2026-08-09T16:00:00.000Z,SOLUSDT,buy,5000000,12.32,90080600,82826121
2026-08-09T16:00:00.000Z,SOLUSDT,sell,10000,0.647,90080600,82826121
2026-08-09T16:00:00.000Z,SOLUSDT,sell,100000,0.647,90080600,82826121
2026-08-09T16:00:00.000Z,SOLUSDT,sell,1000000,2.706,90080600,82826121
2026-08-09T16:00:00.000Z,SOLUSDT,sell,5000000,11.313,90080600,82826121
2026-08-09T16:00:00.000Z,XRPUSDT,buy,10000,0.479,35971396,30865805
2026-08-09T16:00:00.000Z,XRPUSDT,buy,100000,1.092,35971396,30865805
2026-08-09T16:00:00.000Z,XRPUSDT,buy,1000000,4.794,35971396,30865805
2026-08-09T16:00:00.000Z,XRPUSDT,buy,5000000,22.05,35971396,30865805
2026-08-09T16:00:00.000Z,XRPUSDT,sell,10000,0.479,35971396,30865805
2026-08-09T16:00:00.000Z,XRPUSDT,sell,100000,0.792,35971396,30865805
2026-08-09T16:00:00.000Z,XRPUSDT,sell,1000000,5.628,35971396,30865805
2026-08-09T16:00:00.000Z,XRPUSDT,sell,5000000,22.718,35971396,30865805
2026-08-09T17:00:00.000Z,ADAUSDT,buy,10000,2.527,14133661,10999979
2026-08-09T17:00:00.000Z,ADAUSDT,buy,100000,5.073,14133661,10999979
2026-08-09T17:00:00.000Z,ADAUSDT,buy,1000000,30.115,14133661,10999979
2026-08-09T17:00:00.000Z,ADAUSDT,buy,5000000,117.979,14133661,10999979
2026-08-09T17:00:00.000Z,ADAUSDT,sell,10000,2.527,14133661,10999979
2026-08-09T17:00:00.000Z,ADAUSDT,sell,100000,5.075,14133661,10999979
2026-08-09T17:00:00.000Z,ADAUSDT,sell,1000000,30.47,14133661,10999979
2026-08-09T17:00:00.000Z,ADAUSDT,sell,5000000,97.707,14133661,10999979
2026-08-09T17:00:00.000Z,BNBUSDT,buy,10000,0.082,10233942,9648789
2026-08-09T17:00:00.000Z,BNBUSDT,buy,100000,1.411,10233942,9648789
2026-08-09T17:00:00.000Z,BNBUSDT,buy,1000000,8.53,10233942,9648789
2026-08-09T17:00:00.000Z,BNBUSDT,buy,5000000,38.036,10233942,9648789
2026-08-09T17:00:00.000Z,BNBUSDT,sell,10000,0.286,10233942,9648789
2026-08-09T17:00:00.000Z,BNBUSDT,sell,100000,2.229,10233942,9648789
2026-08-09T17:00:00.000Z,BNBUSDT,sell,1000000,13.993,10233942,9648789
2026-08-09T17:00:00.000Z,BNBUSDT,sell,5000000,44.91,10233942,9648789
2026-08-09T17:00:00.000Z,BTCUSDT,buy,10000,0.008,54940328,51800422
2026-08-09T17:00:00.000Z,BTCUSDT,buy,100000,0.008,54940328,51800422
2026-08-09T17:00:00.000Z,BTCUSDT,buy,1000000,0.008,54940328,51800422
2026-08-09T17:00:00.000Z,BTCUSDT,buy,5000000,1.125,54940328,51800422
2026-08-09T17:00:00.000Z,BTCUSDT,sell,10000,0.008,54940328,51800422
2026-08-09T17:00:00.000Z,BTCUSDT,sell,100000,0.008,54940328,51800422
2026-08-09T17:00:00.000Z,BTCUSDT,sell,1000000,0.206,54940328,51800422
2026-08-09T17:00:00.000Z,BTCUSDT,sell,5000000,1.778,54940328,51800422
2026-08-09T17:00:00.000Z,DOGEUSDT,buy,10000,0.708,43617574,30054106
2026-08-09T17:00:00.000Z,DOGEUSDT,buy,100000,1.485,43617574,30054106
2026-08-09T17:00:00.000Z,DOGEUSDT,buy,1000000,8.711,43617574,30054106
2026-08-09T17:00:00.000Z,DOGEUSDT,buy,5000000,45.148,43617574,30054106
2026-08-09T17:00:00.000Z,DOGEUSDT,sell,10000,0.708,43617574,30054106
2026-08-09T17:00:00.000Z,DOGEUSDT,sell,100000,1.693,43617574,30054106
2026-08-09T17:00:00.000Z,DOGEUSDT,sell,1000000,11.844,43617574,30054106
2026-08-09T17:00:00.000Z,DOGEUSDT,sell,5000000,51.337,43617574,30054106
2026-08-09T17:00:00.000Z,ETHUSDT,buy,10000,0.026,60645220,60863610
2026-08-09T17:00:00.000Z,ETHUSDT,buy,100000,0.026,60645220,60863610
2026-08-09T17:00:00.000Z,ETHUSDT,buy,1000000,0.843,60645220,60863610
2026-08-09T17:00:00.000Z,ETHUSDT,buy,5000000,1.42,60645220,60863610
2026-08-09T17:00:00.000Z,ETHUSDT,sell,10000,0.026,60645220,60863610
2026-08-09T17:00:00.000Z,ETHUSDT,sell,100000,0.026,60645220,60863610
2026-08-09T17:00:00.000Z,ETHUSDT,sell,1000000,0.051,60645220,60863610
2026-08-09T17:00:00.000Z,ETHUSDT,sell,5000000,3.105,60645220,60863610
2026-08-09T17:00:00.000Z,LINKUSDT,buy,10000,0.601,8431846,6293566
2026-08-09T17:00:00.000Z,LINKUSDT,buy,100000,2.632,8431846,6293566
2026-08-09T17:00:00.000Z,LINKUSDT,buy,1000000,20.877,8431846,6293566
2026-08-09T17:00:00.000Z,LINKUSDT,buy,5000000,134.149,8431846,6293566
2026-08-09T17:00:00.000Z,LINKUSDT,sell,10000,1.12,8431846,6293566
2026-08-09T17:00:00.000Z,LINKUSDT,sell,100000,3.583,8431846,6293566
2026-08-09T17:00:00.000Z,LINKUSDT,sell,1000000,24.26,8431846,6293566
2026-08-09T17:00:00.000Z,LINKUSDT,sell,5000000,105.534,8431846,6293566
2026-08-09T17:00:00.000Z,SOLUSDT,buy,10000,0.648,91381826,83151818
2026-08-09T17:00:00.000Z,SOLUSDT,buy,100000,0.648,91381826,83151818
2026-08-09T17:00:00.000Z,SOLUSDT,buy,1000000,2.215,91381826,83151818
2026-08-09T17:00:00.000Z,SOLUSDT,buy,5000000,10.75,91381826,83151818
2026-08-09T17:00:00.000Z,SOLUSDT,sell,10000,0.648,91381826,83151818
2026-08-09T17:00:00.000Z,SOLUSDT,sell,100000,0.648,91381826,83151818
2026-08-09T17:00:00.000Z,SOLUSDT,sell,1000000,2.672,91381826,83151818
2026-08-09T17:00:00.000Z,SOLUSDT,sell,5000000,11.414,91381826,83151818
2026-08-09T17:00:00.000Z,XRPUSDT,buy,10000,0.48,35179717,30727699
2026-08-09T17:00:00.000Z,XRPUSDT,buy,100000,1.062,35179717,30727699
2026-08-09T17:00:00.000Z,XRPUSDT,buy,1000000,4.754,35179717,30727699
2026-08-09T17:00:00.000Z,XRPUSDT,buy,5000000,22.951,35179717,30727699
2026-08-09T17:00:00.000Z,XRPUSDT,sell,10000,0.48,35179717,30727699
2026-08-09T17:00:00.000Z,XRPUSDT,sell,100000,0.849,35179717,30727699
2026-08-09T17:00:00.000Z,XRPUSDT,sell,1000000,5.107,35179717,30727699
2026-08-09T17:00:00.000Z,XRPUSDT,sell,5000000,23.516,35179717,30727699
2026-08-09T18:00:00.000Z,ADAUSDT,buy,10000,2.526,14520511,11247975
2026-08-09T18:00:00.000Z,ADAUSDT,buy,100000,6.075,14520511,11247975
2026-08-09T18:00:00.000Z,ADAUSDT,buy,1000000,28.535,14520511,11247975
2026-08-09T18:00:00.000Z,ADAUSDT,buy,5000000,112.369,14520511,11247975
2026-08-09T18:00:00.000Z,ADAUSDT,sell,10000,2.526,14520511,11247975
2026-08-09T18:00:00.000Z,ADAUSDT,sell,100000,5.495,14520511,11247975
2026-08-09T18:00:00.000Z,ADAUSDT,sell,1000000,31.3,14520511,11247975
2026-08-09T18:00:00.000Z,ADAUSDT,sell,5000000,101.683,14520511,11247975
2026-08-09T18:00:00.000Z,BNBUSDT,buy,10000,0.091,10495505,9945924
2026-08-09T18:00:00.000Z,BNBUSDT,buy,100000,1.739,10495505,9945924
2026-08-09T18:00:00.000Z,BNBUSDT,buy,1000000,12.183,10495505,9945924
2026-08-09T18:00:00.000Z,BNBUSDT,buy,5000000,41.15,10495505,9945924
2026-08-09T18:00:00.000Z,BNBUSDT,sell,10000,0.224,10495505,9945924
2026-08-09T18:00:00.000Z,BNBUSDT,sell,100000,2.118,10495505,9945924
2026-08-09T18:00:00.000Z,BNBUSDT,sell,1000000,9.657,10495505,9945924
2026-08-09T18:00:00.000Z,BNBUSDT,sell,5000000,39.464,10495505,9945924
2026-08-09T18:00:00.000Z,BTCUSDT,buy,10000,0.008,56182561,53266420
2026-08-09T18:00:00.000Z,BTCUSDT,buy,100000,0.008,56182561,53266420
2026-08-09T18:00:00.000Z,BTCUSDT,buy,1000000,0.027,56182561,53266420
2026-08-09T18:00:00.000Z,BTCUSDT,buy,5000000,1.417,56182561,53266420
2026-08-09T18:00:00.000Z,BTCUSDT,sell,10000,0.008,56182561,53266420
2026-08-09T18:00:00.000Z,BTCUSDT,sell,100000,0.008,56182561,53266420
2026-08-09T18:00:00.000Z,BTCUSDT,sell,1000000,0.318,56182561,53266420
2026-08-09T18:00:00.000Z,BTCUSDT,sell,5000000,1.406,56182561,53266420
2026-08-09T18:00:00.000Z,DOGEUSDT,buy,10000,0.709,44528611,30063137
2026-08-09T18:00:00.000Z,DOGEUSDT,buy,100000,2.481,44528611,30063137
2026-08-09T18:00:00.000Z,DOGEUSDT,buy,1000000,12.135,44528611,30063137
2026-08-09T18:00:00.000Z,DOGEUSDT,buy,5000000,50.199,44528611,30063137
2026-08-09T18:00:00.000Z,DOGEUSDT,sell,10000,0.709,44528611,30063137
2026-08-09T18:00:00.000Z,DOGEUSDT,sell,100000,1.308,44528611,30063137
2026-08-09T18:00:00.000Z,DOGEUSDT,sell,1000000,10.972,44528611,30063137
2026-08-09T18:00:00.000Z,DOGEUSDT,sell,5000000,50.183,44528611,30063137
2026-08-09T18:00:00.000Z,ETHUSDT,buy,10000,0.026,61857155,51164403
2026-08-09T18:00:00.000Z,ETHUSDT,buy,100000,0.026,61857155,51164403
2026-08-09T18:00:00.000Z,ETHUSDT,buy,1000000,1.006,61857155,51164403
2026-08-09T18:00:00.000Z,ETHUSDT,buy,5000000,4.156,61857155,51164403
2026-08-09T18:00:00.000Z,ETHUSDT,sell,10000,0.026,61857155,51164403
2026-08-09T18:00:00.000Z,ETHUSDT,sell,100000,0.026,61857155,51164403
2026-08-09T18:00:00.000Z,ETHUSDT,sell,1000000,0.441,61857155,51164403
2026-08-09T18:00:00.000Z,ETHUSDT,sell,5000000,4.04,61857155,51164403
2026-08-09T18:00:00.000Z,LINKUSDT,buy,10000,0.601,8266380,6298902
2026-08-09T18:00:00.000Z,LINKUSDT,buy,100000,3.501,8266380,6298902
2026-08-09T18:00:00.000Z,LINKUSDT,buy,1000000,27.363,8266380,6298902
2026-08-09T18:00:00.000Z,LINKUSDT,buy,5000000,132.497,8266380,6298902
2026-08-09T18:00:00.000Z,LINKUSDT,sell,10000,0.601,8266380,6298902
2026-08-09T18:00:00.000Z,LINKUSDT,sell,100000,3.854,8266380,6298902
2026-08-09T18:00:00.000Z,LINKUSDT,sell,1000000,25.724,8266380,6298902
2026-08-09T18:00:00.000Z,LINKUSDT,sell,5000000,114.638,8266380,6298902
2026-08-09T18:00:00.000Z,SOLUSDT,buy,10000,0.648,90586802,82110035
2026-08-09T18:00:00.000Z,SOLUSDT,buy,100000,0.648,90586802,82110035
2026-08-09T18:00:00.000Z,SOLUSDT,buy,1000000,3.279,90586802,82110035
2026-08-09T18:00:00.000Z,SOLUSDT,buy,5000000,13.809,90586802,82110035
2026-08-09T18:00:00.000Z,SOLUSDT,sell,10000,0.648,90586802,82110035
2026-08-09T18:00:00.000Z,SOLUSDT,sell,100000,0.648,90586802,82110035
2026-08-09T18:00:00.000Z,SOLUSDT,sell,1000000,1.871,90586802,82110035
2026-08-09T18:00:00.000Z,SOLUSDT,sell,5000000,9.468,90586802,82110035
2026-08-09T18:00:00.000Z,XRPUSDT,buy,10000,0.481,35245840,31422222
2026-08-09T18:00:00.000Z,XRPUSDT,buy,100000,0.691,35245840,31422222
2026-08-09T18:00:00.000Z,XRPUSDT,buy,1000000,3.422,35245840,31422222
2026-08-09T18:00:00.000Z,XRPUSDT,buy,5000000,18.761,35245840,31422222
2026-08-09T18:00:00.000Z,XRPUSDT,sell,10000,0.481,35245840,31422222
2026-08-09T18:00:00.000Z,XRPUSDT,sell,100000,1.002,35245840,31422222
2026-08-09T18:00:00.000Z,XRPUSDT,sell,1000000,5.523,35245840,31422222
2026-08-09T18:00:00.000Z,XRPUSDT,sell,5000000,23.965,35245840,31422222
2026-08-09T19:00:00.000Z,ADAUSDT,buy,10000,2.53,14208714,10951505
2026-08-09T19:00:00.000Z,ADAUSDT,buy,100000,5.828,14208714,10951505
2026-08-09T19:00:00.000Z,ADAUSDT,buy,1000000,28.871,14208714,10951505
2026-08-09T19:00:00.000Z,ADAUSDT,buy,5000000,112.962,14208714,10951505
2026-08-09T19:00:00.000Z,ADAUSDT,sell,10000,2.53,14208714,10951505
2026-08-09T19:00:00.000Z,ADAUSDT,sell,100000,6.487,14208714,10951505
2026-08-09T19:00:00.000Z,ADAUSDT,sell,1000000,32.245,14208714,10951505
2026-08-09T19:00:00.000Z,ADAUSDT,sell,5000000,104.251,14208714,10951505
2026-08-09T19:00:00.000Z,BNBUSDT,buy,10000,0.915,10756796,10042533
2026-08-09T19:00:00.000Z,BNBUSDT,buy,100000,2.419,10756796,10042533
2026-08-09T19:00:00.000Z,BNBUSDT,buy,1000000,11.822,10756796,10042533
2026-08-09T19:00:00.000Z,BNBUSDT,buy,5000000,39.784,10756796,10042533
2026-08-09T19:00:00.000Z,BNBUSDT,sell,10000,0.082,10756796,10042533
2026-08-09T19:00:00.000Z,BNBUSDT,sell,100000,0.719,10756796,10042533
2026-08-09T19:00:00.000Z,BNBUSDT,sell,1000000,10.727,10756796,10042533
2026-08-09T19:00:00.000Z,BNBUSDT,sell,5000000,40.588,10756796,10042533
2026-08-09T19:00:00.000Z,BTCUSDT,buy,10000,0.008,50464500,52795456
2026-08-09T19:00:00.000Z,BTCUSDT,buy,100000,0.008,50464500,52795456
2026-08-09T19:00:00.000Z,BTCUSDT,buy,1000000,0.288,50464500,52795456
2026-08-09T19:00:00.000Z,BTCUSDT,buy,5000000,1.962,50464500,52795456
2026-08-09T19:00:00.000Z,BTCUSDT,sell,10000,0.008,50464500,52795456
2026-08-09T19:00:00.000Z,BTCUSDT,sell,100000,0.008,50464500,52795456
2026-08-09T19:00:00.000Z,BTCUSDT,sell,1000000,0.008,50464500,52795456
2026-08-09T19:00:00.000Z,BTCUSDT,sell,5000000,1.009,50464500,52795456
2026-08-09T19:00:00.000Z,DOGEUSDT,buy,10000,0.709,43464783,29407883
2026-08-09T19:00:00.000Z,DOGEUSDT,buy,100000,1.38,43464783,29407883
2026-08-09T19:00:00.000Z,DOGEUSDT,buy,1000000,10.31,43464783,29407883
2026-08-09T19:00:00.000Z,DOGEUSDT,buy,5000000,51.019,43464783,29407883
2026-08-09T19:00:00.000Z,DOGEUSDT,sell,10000,0.709,43464783,29407883
2026-08-09T19:00:00.000Z,DOGEUSDT,sell,100000,1.243,43464783,29407883
2026-08-09T19:00:00.000Z,DOGEUSDT,sell,1000000,8.826,43464783,29407883
2026-08-09T19:00:00.000Z,DOGEUSDT,sell,5000000,53.958,43464783,29407883
2026-08-09T19:00:00.000Z,ETHUSDT,buy,10000,0.026,58937615,54066830
2026-08-09T19:00:00.000Z,ETHUSDT,buy,100000,0.026,58937615,54066830
2026-08-09T19:00:00.000Z,ETHUSDT,buy,1000000,0.771,58937615,54066830
2026-08-09T19:00:00.000Z,ETHUSDT,buy,5000000,2.906,58937615,54066830
2026-08-09T19:00:00.000Z,ETHUSDT,sell,10000,0.026,58937615,54066830
2026-08-09T19:00:00.000Z,ETHUSDT,sell,100000,0.026,58937615,54066830
2026-08-09T19:00:00.000Z,ETHUSDT,sell,1000000,1.326,58937615,54066830
2026-08-09T19:00:00.000Z,ETHUSDT,sell,5000000,4.442,58937615,54066830
2026-08-09T19:00:00.000Z,LINKUSDT,buy,10000,0.877,8398664,6389265
2026-08-09T19:00:00.000Z,LINKUSDT,buy,100000,3.702,8398664,6389265
2026-08-09T19:00:00.000Z,LINKUSDT,buy,1000000,25.752,8398664,6389265
2026-08-09T19:00:00.000Z,LINKUSDT,buy,5000000,128.583,8398664,6389265
2026-08-09T19:00:00.000Z,LINKUSDT,sell,10000,0.601,8398664,6389265
2026-08-09T19:00:00.000Z,LINKUSDT,sell,100000,2.014,8398664,6389265
2026-08-09T19:00:00.000Z,LINKUSDT,sell,1000000,17.206,8398664,6389265
2026-08-09T19:00:00.000Z,LINKUSDT,sell,5000000,106.447,8398664,6389265
2026-08-09T19:00:00.000Z,SOLUSDT,buy,10000,0.647,90491122,83126790
2026-08-09T19:00:00.000Z,SOLUSDT,buy,100000,0.647,90491122,83126790
2026-08-09T19:00:00.000Z,SOLUSDT,buy,1000000,3.061,90491122,83126790
2026-08-09T19:00:00.000Z,SOLUSDT,buy,5000000,11.339,90491122,83126790
2026-08-09T19:00:00.000Z,SOLUSDT,sell,10000,0.647,90491122,83126790
2026-08-09T19:00:00.000Z,SOLUSDT,sell,100000,0.813,90491122,83126790
2026-08-09T19:00:00.000Z,SOLUSDT,sell,1000000,3.259,90491122,83126790
2026-08-09T19:00:00.000Z,SOLUSDT,sell,5000000,12.669,90491122,83126790
2026-08-09T19:00:00.000Z,XRPUSDT,buy,10000,0.48,36463366,30591779
2026-08-09T19:00:00.000Z,XRPUSDT,buy,100000,0.696,36463366,30591779
2026-08-09T19:00:00.000Z,XRPUSDT,buy,1000000,4.867,36463366,30591779
2026-08-09T19:00:00.000Z,XRPUSDT,buy,5000000,22.087,36463366,30591779
2026-08-09T19:00:00.000Z,XRPUSDT,sell,10000,0.48,36463366,30591779
2026-08-09T19:00:00.000Z,XRPUSDT,sell,100000,1.162,36463366,30591779
2026-08-09T19:00:00.000Z,XRPUSDT,sell,1000000,3.767,36463366,30591779
2026-08-09T19:00:00.000Z,XRPUSDT,sell,5000000,19.643,36463366,30591779
2026-08-09T20:00:00.000Z,ADAUSDT,buy,10000,2.525,14198781,10655440
2026-08-09T20:00:00.000Z,ADAUSDT,buy,100000,7.523,14198781,10655440
2026-08-09T20:00:00.000Z,ADAUSDT,buy,1000000,37.108,14198781,10655440
2026-08-09T20:00:00.000Z,ADAUSDT,buy,5000000,117.526,14198781,10655440
2026-08-09T20:00:00.000Z,ADAUSDT,sell,10000,2.525,14198781,10655440
2026-08-09T20:00:00.000Z,ADAUSDT,sell,100000,5.774,14198781,10655440
2026-08-09T20:00:00.000Z,ADAUSDT,sell,1000000,38.707,14198781,10655440
2026-08-09T20:00:00.000Z,ADAUSDT,sell,5000000,115.445,14198781,10655440
2026-08-09T20:00:00.000Z,BNBUSDT,buy,10000,0.363,10203958,8867332
2026-08-09T20:00:00.000Z,BNBUSDT,buy,100000,2.285,10203958,8867332
2026-08-09T20:00:00.000Z,BNBUSDT,buy,1000000,13.324,10203958,8867332
2026-08-09T20:00:00.000Z,BNBUSDT,buy,5000000,47.274,10203958,8867332
2026-08-09T20:00:00.000Z,BNBUSDT,sell,10000,0.146,10203958,8867332
2026-08-09T20:00:00.000Z,BNBUSDT,sell,100000,1.476,10203958,8867332
2026-08-09T20:00:00.000Z,BNBUSDT,sell,1000000,13.44,10203958,8867332
2026-08-09T20:00:00.000Z,BNBUSDT,sell,5000000,46.647,10203958,8867332
2026-08-09T20:00:00.000Z,BTCUSDT,buy,10000,0.008,41837818,35320365
2026-08-09T20:00:00.000Z,BTCUSDT,buy,100000,0.008,41837818,35320365
2026-08-09T20:00:00.000Z,BTCUSDT,buy,1000000,0.631,41837818,35320365
2026-08-09T20:00:00.000Z,BTCUSDT,buy,5000000,2.202,41837818,35320365
2026-08-09T20:00:00.000Z,BTCUSDT,sell,10000,0.008,41837818,35320365
2026-08-09T20:00:00.000Z,BTCUSDT,sell,100000,0.008,41837818,35320365
2026-08-09T20:00:00.000Z,BTCUSDT,sell,1000000,0.361,41837818,35320365
2026-08-09T20:00:00.000Z,BTCUSDT,sell,5000000,2.191,41837818,35320365
2026-08-09T20:00:00.000Z,DOGEUSDT,buy,10000,0.71,42812723,28756504
2026-08-09T20:00:00.000Z,DOGEUSDT,buy,100000,2.09,42812723,28756504
2026-08-09T20:00:00.000Z,DOGEUSDT,buy,1000000,15.668,42812723,28756504
2026-08-09T20:00:00.000Z,DOGEUSDT,buy,5000000,67.173,42812723,28756504
2026-08-09T20:00:00.000Z,DOGEUSDT,sell,10000,1.447,42812723,28756504
2026-08-09T20:00:00.000Z,DOGEUSDT,sell,100000,3.435,42812723,28756504
2026-08-09T20:00:00.000Z,DOGEUSDT,sell,1000000,18.317,42812723,28756504
2026-08-09T20:00:00.000Z,DOGEUSDT,sell,5000000,65.249,42812723,28756504
2026-08-09T20:00:00.000Z,ETHUSDT,buy,10000,0.026,47868962,47026158
2026-08-09T20:00:00.000Z,ETHUSDT,buy,100000,0.026,47868962,47026158
2026-08-09T20:00:00.000Z,ETHUSDT,buy,1000000,1.126,47868962,47026158
2026-08-09T20:00:00.000Z,ETHUSDT,buy,5000000,5.045,47868962,47026158
2026-08-09T20:00:00.000Z,ETHUSDT,sell,10000,0.026,47868962,47026158
2026-08-09T20:00:00.000Z,ETHUSDT,sell,100000,0.256,47868962,47026158
2026-08-09T20:00:00.000Z,ETHUSDT,sell,1000000,1.381,47868962,47026158
2026-08-09T20:00:00.000Z,ETHUSDT,sell,5000000,4.129,47868962,47026158
2026-08-09T20:00:00.000Z,LINKUSDT,buy,10000,1.933,7966419,6010836
2026-08-09T20:00:00.000Z,LINKUSDT,buy,100000,6.125,7966419,6010836
2026-08-09T20:00:00.000Z,LINKUSDT,buy,1000000,33.686,7966419,6010836
2026-08-09T20:00:00.000Z,LINKUSDT,buy,5000000,140.486,7966419,6010836
2026-08-09T20:00:00.000Z,LINKUSDT,sell,10000,0.812,7966419,6010836
2026-08-09T20:00:00.000Z,LINKUSDT,sell,100000,4.669,7966419,6010836
2026-08-09T20:00:00.000Z,LINKUSDT,sell,1000000,31.21,7966419,6010836
2026-08-09T20:00:00.000Z,LINKUSDT,sell,5000000,128.349,7966419,6010836
2026-08-09T20:00:00.000Z,SOLUSDT,buy,10000,0.647,88331990,80072218
2026-08-09T20:00:00.000Z,SOLUSDT,buy,100000,0.647,88331990,80072218
2026-08-09T20:00:00.000Z,SOLUSDT,buy,1000000,3.649,88331990,80072218
2026-08-09T20:00:00.000Z,SOLUSDT,buy,5000000,13.457,88331990,80072218
2026-08-09T20:00:00.000Z,SOLUSDT,sell,10000,0.647,88331990,80072218
2026-08-09T20:00:00.000Z,SOLUSDT,sell,100000,1.127,88331990,80072218
2026-08-09T20:00:00.000Z,SOLUSDT,sell,1000000,4.955,88331990,80072218
2026-08-09T20:00:00.000Z,SOLUSDT,sell,5000000,17.419,88331990,80072218
2026-08-09T20:00:00.000Z,XRPUSDT,buy,10000,0.48,34750809,29322018
2026-08-09T20:00:00.000Z,XRPUSDT,buy,100000,1.79,34750809,29322018
2026-08-09T20:00:00.000Z,XRPUSDT,buy,1000000,7.857,34750809,29322018
2026-08-09T20:00:00.000Z,XRPUSDT,buy,5000000,29.745,34750809,29322018
2026-08-09T20:00:00.000Z,XRPUSDT,sell,10000,0.48,34750809,29322018
2026-08-09T20:00:00.000Z,XRPUSDT,sell,100000,1.571,34750809,29322018
2026-08-09T20:00:00.000Z,XRPUSDT,sell,1000000,7.49,34750809,29322018
2026-08-09T20:00:00.000Z,XRPUSDT,sell,5000000,30.919,34750809,29322018
2026-08-09T21:00:00.000Z,ADAUSDT,buy,10000,2.521,14127392,10847467
2026-08-09T21:00:00.000Z,ADAUSDT,buy,100000,7.998,14127392,10847467
2026-08-09T21:00:00.000Z,ADAUSDT,buy,1000000,40.149,14127392,10847467
2026-08-09T21:00:00.000Z,ADAUSDT,buy,5000000,127.008,14127392,10847467
2026-08-09T21:00:00.000Z,ADAUSDT,sell,10000,2.521,14127392,10847467
2026-08-09T21:00:00.000Z,ADAUSDT,sell,100000,6.993,14127392,10847467
2026-08-09T21:00:00.000Z,ADAUSDT,sell,1000000,34.569,14127392,10847467
2026-08-09T21:00:00.000Z,ADAUSDT,sell,5000000,103.418,14127392,10847467
2026-08-09T21:00:00.000Z,BNBUSDT,buy,10000,0.082,10547171,9746849
2026-08-09T21:00:00.000Z,BNBUSDT,buy,100000,0.977,10547171,9746849
2026-08-09T21:00:00.000Z,BNBUSDT,buy,1000000,10.926,10547171,9746849
2026-08-09T21:00:00.000Z,BNBUSDT,buy,5000000,41.817,10547171,9746849
2026-08-09T21:00:00.000Z,BNBUSDT,sell,10000,0.209,10547171,9746849
2026-08-09T21:00:00.000Z,BNBUSDT,sell,100000,1.333,10547171,9746849
2026-08-09T21:00:00.000Z,BNBUSDT,sell,1000000,12.517,10547171,9746849
2026-08-09T21:00:00.000Z,BNBUSDT,sell,5000000,43.393,10547171,9746849
2026-08-09T21:00:00.000Z,BTCUSDT,buy,10000,0.008,40102996,40012822
2026-08-09T21:00:00.000Z,BTCUSDT,buy,100000,0.01,40102996,40012822
2026-08-09T21:00:00.000Z,BTCUSDT,buy,1000000,0.88,40102996,40012822
2026-08-09T21:00:00.000Z,BTCUSDT,buy,5000000,2.365,40102996,40012822
2026-08-09T21:00:00.000Z,BTCUSDT,sell,10000,0.008,40102996,40012822
2026-08-09T21:00:00.000Z,BTCUSDT,sell,100000,0.008,40102996,40012822
2026-08-09T21:00:00.000Z,BTCUSDT,sell,1000000,0.008,40102996,40012822
2026-08-09T21:00:00.000Z,BTCUSDT,sell,5000000,1.867,40102996,40012822
2026-08-09T21:00:00.000Z,DOGEUSDT,buy,10000,0.708,43305118,29380505
2026-08-09T21:00:00.000Z,DOGEUSDT,buy,100000,2.021,43305118,29380505
2026-08-09T21:00:00.000Z,DOGEUSDT,buy,1000000,16.04,43305118,29380505
2026-08-09T21:00:00.000Z,DOGEUSDT,buy,5000000,61.479,43305118,29380505
2026-08-09T21:00:00.000Z,DOGEUSDT,sell,10000,0.708,43305118,29380505
2026-08-09T21:00:00.000Z,DOGEUSDT,sell,100000,2.842,43305118,29380505
2026-08-09T21:00:00.000Z,DOGEUSDT,sell,1000000,18.031,43305118,29380505
2026-08-09T21:00:00.000Z,DOGEUSDT,sell,5000000,61.18,43305118,29380505
2026-08-09T21:00:00.000Z,ETHUSDT,buy,10000,0.026,37550212,62030705
2026-08-09T21:00:00.000Z,ETHUSDT,buy,100000,0.026,37550212,62030705
2026-08-09T21:00:00.000Z,ETHUSDT,buy,1000000,0.863,37550212,62030705
2026-08-09T21:00:00.000Z,ETHUSDT,buy,5000000,5.075,37550212,62030705
2026-08-09T21:00:00.000Z,ETHUSDT,sell,10000,0.028,37550212,62030705
2026-08-09T21:00:00.000Z,ETHUSDT,sell,100000,0.903,37550212,62030705
2026-08-09T21:00:00.000Z,ETHUSDT,sell,1000000,2.167,37550212,62030705
2026-08-09T21:00:00.000Z,ETHUSDT,sell,5000000,6.039,37550212,62030705
2026-08-09T21:00:00.000Z,LINKUSDT,buy,10000,0.948,8153024,5995580
2026-08-09T21:00:00.000Z,LINKUSDT,buy,100000,6.609,8153024,5995580
2026-08-09T21:00:00.000Z,LINKUSDT,buy,1000000,35.983,8153024,5995580
2026-08-09T21:00:00.000Z,LINKUSDT,buy,5000000,142.668,8153024,5995580
2026-08-09T21:00:00.000Z,LINKUSDT,sell,10000,1.645,8153024,5995580
2026-08-09T21:00:00.000Z,LINKUSDT,sell,100000,5.7,8153024,5995580
2026-08-09T21:00:00.000Z,LINKUSDT,sell,1000000,33.119,8153024,5995580
2026-08-09T21:00:00.000Z,LINKUSDT,sell,5000000,124.169,8153024,5995580
2026-08-09T21:00:00.000Z,SOLUSDT,buy,10000,0.646,88297491,78130507
2026-08-09T21:00:00.000Z,SOLUSDT,buy,100000,0.981,88297491,78130507
2026-08-09T21:00:00.000Z,SOLUSDT,buy,1000000,5.164,88297491,78130507
2026-08-09T21:00:00.000Z,SOLUSDT,buy,5000000,16.04,88297491,78130507
2026-08-09T21:00:00.000Z,SOLUSDT,sell,10000,0.646,88297491,78130507
2026-08-09T21:00:00.000Z,SOLUSDT,sell,100000,0.646,88297491,78130507
2026-08-09T21:00:00.000Z,SOLUSDT,sell,1000000,4.081,88297491,78130507
2026-08-09T21:00:00.000Z,SOLUSDT,sell,5000000,14.989,88297491,78130507
2026-08-09T21:00:00.000Z,XRPUSDT,buy,10000,0.479,34563595,29390825
2026-08-09T21:00:00.000Z,XRPUSDT,buy,100000,0.984,34563595,29390825
2026-08-09T21:00:00.000Z,XRPUSDT,buy,1000000,6.791,34563595,29390825
2026-08-09T21:00:00.000Z,XRPUSDT,buy,5000000,29.745,34563595,29390825
2026-08-09T21:00:00.000Z,XRPUSDT,sell,10000,0.479,34563595,29390825
2026-08-09T21:00:00.000Z,XRPUSDT,sell,100000,2.287,34563595,29390825
2026-08-09T21:00:00.000Z,XRPUSDT,sell,1000000,8.71,34563595,29390825
2026-08-09T21:00:00.000Z,XRPUSDT,sell,5000000,31.47,34563595,29390825
2026-08-09T22:00:00.000Z,ADAUSDT,buy,10000,2.537,13786242,11028153
2026-08-09T22:00:00.000Z,ADAUSDT,buy,100000,6.491,13786242,11028153
2026-08-09T22:00:00.000Z,ADAUSDT,buy,1000000,35.242,13786242,11028153
2026-08-09T22:00:00.000Z,ADAUSDT,buy,5000000,123.042,13786242,11028153
2026-08-09T22:00:00.000Z,ADAUSDT,sell,10000,2.537,13786242,11028153
2026-08-09T22:00:00.000Z,ADAUSDT,sell,100000,6.864,13786242,11028153
2026-08-09T22:00:00.000Z,ADAUSDT,sell,1000000,29.209,13786242,11028153
2026-08-09T22:00:00.000Z,ADAUSDT,sell,5000000,99.723,13786242,11028153
2026-08-09T22:00:00.000Z,BNBUSDT,buy,10000,0.552,10479576,8206942
2026-08-09T22:00:00.000Z,BNBUSDT,buy,100000,2.657,10479576,8206942
2026-08-09T22:00:00.000Z,BNBUSDT,buy,1000000,13.498,10479576,8206942
2026-08-09T22:00:00.000Z,BNBUSDT,buy,5000000,52.669,10479576,8206942
2026-08-09T22:00:00.000Z,BNBUSDT,sell,10000,0.083,10479576,8206942
2026-08-09T22:00:00.000Z,BNBUSDT,sell,100000,0.763,10479576,8206942
2026-08-09T22:00:00.000Z,BNBUSDT,sell,1000000,10.585,10479576,8206942
2026-08-09T22:00:00.000Z,BNBUSDT,sell,5000000,42.571,10479576,8206942
2026-08-09T22:00:00.000Z,BTCUSDT,buy,10000,0.008,51735042,39243308
2026-08-09T22:00:00.000Z,BTCUSDT,buy,100000,0.008,51735042,39243308
2026-08-09T22:00:00.000Z,BTCUSDT,buy,1000000,0.344,51735042,39243308
2026-08-09T22:00:00.000Z,BTCUSDT,buy,5000000,2.107,51735042,39243308
2026-08-09T22:00:00.000Z,BTCUSDT,sell,10000,0.008,51735042,39243308
2026-08-09T22:00:00.000Z,BTCUSDT,sell,100000,0.008,51735042,39243308
2026-08-09T22:00:00.000Z,BTCUSDT,sell,1000000,0.332,51735042,39243308
2026-08-09T22:00:00.000Z,BTCUSDT,sell,5000000,2.014,51735042,39243308
2026-08-09T22:00:00.000Z,DOGEUSDT,buy,10000,0.714,43868673,30194286
2026-08-09T22:00:00.000Z,DOGEUSDT,buy,100000,1.105,43868673,30194286
2026-08-09T22:00:00.000Z,DOGEUSDT,buy,1000000,9.469,43868673,30194286
2026-08-09T22:00:00.000Z,DOGEUSDT,buy,5000000,55.439,43868673,30194286
2026-08-09T22:00:00.000Z,DOGEUSDT,sell,10000,0.714,43868673,30194286
2026-08-09T22:00:00.000Z,DOGEUSDT,sell,100000,2.328,43868673,30194286
2026-08-09T22:00:00.000Z,DOGEUSDT,sell,1000000,12.573,43868673,30194286
2026-08-09T22:00:00.000Z,DOGEUSDT,sell,5000000,49.818,43868673,30194286
2026-08-09T22:00:00.000Z,ETHUSDT,buy,10000,0.026,53958296,46549960
2026-08-09T22:00:00.000Z,ETHUSDT,buy,100000,0.026,53958296,46549960
2026-08-09T22:00:00.000Z,ETHUSDT,buy,1000000,1.083,53958296,46549960
2026-08-09T22:00:00.000Z,ETHUSDT,buy,5000000,4.55,53958296,46549960
2026-08-09T22:00:00.000Z,ETHUSDT,sell,10000,0.026,53958296,46549960
2026-08-09T22:00:00.000Z,ETHUSDT,sell,100000,0.026,53958296,46549960
2026-08-09T22:00:00.000Z,ETHUSDT,sell,1000000,1.306,53958296,46549960
2026-08-09T22:00:00.000Z,ETHUSDT,sell,5000000,4.53,53958296,46549960
2026-08-09T22:00:00.000Z,LINKUSDT,buy,10000,0.911,8075337,6241519
2026-08-09T22:00:00.000Z,LINKUSDT,buy,100000,4.206,8075337,6241519
2026-08-09T22:00:00.000Z,LINKUSDT,buy,1000000,31.431,8075337,6241519
2026-08-09T22:00:00.000Z,LINKUSDT,buy,5000000,144.436,8075337,6241519
2026-08-09T22:00:00.000Z,LINKUSDT,sell,10000,2.589,8075337,6241519
2026-08-09T22:00:00.000Z,LINKUSDT,sell,100000,5.151,8075337,6241519
2026-08-09T22:00:00.000Z,LINKUSDT,sell,1000000,25.783,8075337,6241519
2026-08-09T22:00:00.000Z,LINKUSDT,sell,5000000,117.393,8075337,6241519
2026-08-09T22:00:00.000Z,SOLUSDT,buy,10000,0.65,88746367,82563941
2026-08-09T22:00:00.000Z,SOLUSDT,buy,100000,0.65,88746367,82563941
2026-08-09T22:00:00.000Z,SOLUSDT,buy,1000000,2.098,88746367,82563941
2026-08-09T22:00:00.000Z,SOLUSDT,buy,5000000,7.813,88746367,82563941
2026-08-09T22:00:00.000Z,SOLUSDT,sell,10000,0.65,88746367,82563941
2026-08-09T22:00:00.000Z,SOLUSDT,sell,100000,0.65,88746367,82563941
2026-08-09T22:00:00.000Z,SOLUSDT,sell,1000000,2.826,88746367,82563941
2026-08-09T22:00:00.000Z,SOLUSDT,sell,5000000,11.261,88746367,82563941
2026-08-09T22:00:00.000Z,XRPUSDT,buy,10000,0.482,35736319,30208952
2026-08-09T22:00:00.000Z,XRPUSDT,buy,100000,1.057,35736319,30208952
2026-08-09T22:00:00.000Z,XRPUSDT,buy,1000000,5.539,35736319,30208952
2026-08-09T22:00:00.000Z,XRPUSDT,buy,5000000,26.985,35736319,30208952
2026-08-09T22:00:00.000Z,XRPUSDT,sell,10000,0.482,35736319,30208952
2026-08-09T22:00:00.000Z,XRPUSDT,sell,100000,1.279,35736319,30208952
2026-08-09T22:00:00.000Z,XRPUSDT,sell,1000000,3.605,35736319,30208952
2026-08-09T22:00:00.000Z,XRPUSDT,sell,5000000,20.633,35736319,30208952
2026-08-09T23:00:00.000Z,ADAUSDT,buy,10000,2.567,13952797,11452525
2026-08-09T23:00:00.000Z,ADAUSDT,buy,100000,5.107,13952797,11452525
2026-08-09T23:00:00.000Z,ADAUSDT,buy,1000000,29.092,13952797,11452525
2026-08-09T23:00:00.000Z,ADAUSDT,buy,5000000,109.65,13952797,11452525
2026-08-09T23:00:00.000Z,ADAUSDT,sell,10000,2.567,13952797,11452525
2026-08-09T23:00:00.000Z,ADAUSDT,sell,100000,3.544,13952797,11452525
2026-08-09T23:00:00.000Z,ADAUSDT,sell,1000000,32.971,13952797,11452525
2026-08-09T23:00:00.000Z,ADAUSDT,sell,5000000,110.677,13952797,11452525
2026-08-09T23:00:00.000Z,BNBUSDT,buy,10000,0.083,11199340,7374990
2026-08-09T23:00:00.000Z,BNBUSDT,buy,100000,1.44,11199340,7374990
2026-08-09T23:00:00.000Z,BNBUSDT,buy,1000000,11.175,11199340,7374990
2026-08-09T23:00:00.000Z,BNBUSDT,buy,5000000,51.052,11199340,7374990
2026-08-09T23:00:00.000Z,BNBUSDT,sell,10000,0.083,11199340,7374990
2026-08-09T23:00:00.000Z,BNBUSDT,sell,100000,2.071,11199340,7374990
2026-08-09T23:00:00.000Z,BNBUSDT,sell,1000000,11.328,11199340,7374990
2026-08-09T23:00:00.000Z,BNBUSDT,sell,5000000,32.023,11199340,7374990
2026-08-09T23:00:00.000Z,BTCUSDT,buy,10000,0.008,41494953,39494075
2026-08-09T23:00:00.000Z,BTCUSDT,buy,100000,0.008,41494953,39494075
2026-08-09T23:00:00.000Z,BTCUSDT,buy,1000000,0.053,41494953,39494075
2026-08-09T23:00:00.000Z,BTCUSDT,buy,5000000,1.41,41494953,39494075
2026-08-09T23:00:00.000Z,BTCUSDT,sell,10000,0.008,41494953,39494075
2026-08-09T23:00:00.000Z,BTCUSDT,sell,100000,0.008,41494953,39494075
2026-08-09T23:00:00.000Z,BTCUSDT,sell,1000000,0.585,41494953,39494075
2026-08-09T23:00:00.000Z,BTCUSDT,sell,5000000,2.271,41494953,39494075
2026-08-09T23:00:00.000Z,DOGEUSDT,buy,10000,0.721,42788557,31376441
2026-08-09T23:00:00.000Z,DOGEUSDT,buy,100000,1.457,42788557,31376441
2026-08-09T23:00:00.000Z,DOGEUSDT,buy,1000000,7.783,42788557,31376441
2026-08-09T23:00:00.000Z,DOGEUSDT,buy,5000000,34.029,42788557,31376441
2026-08-09T23:00:00.000Z,DOGEUSDT,sell,10000,0.721,42788557,31376441
2026-08-09T23:00:00.000Z,DOGEUSDT,sell,100000,1.503,42788557,31376441
2026-08-09T23:00:00.000Z,DOGEUSDT,sell,1000000,12.149,42788557,31376441
2026-08-09T23:00:00.000Z,DOGEUSDT,sell,5000000,44.914,42788557,31376441
2026-08-09T23:00:00.000Z,ETHUSDT,buy,10000,0.026,72156687,45567703
2026-08-09T23:00:00.000Z,ETHUSDT,buy,100000,0.026,72156687,45567703
2026-08-09T23:00:00.000Z,ETHUSDT,buy,1000000,0.408,72156687,45567703
2026-08-09T23:00:00.000Z,ETHUSDT,buy,5000000,3.622,72156687,45567703
2026-08-09T23:00:00.000Z,ETHUSDT,sell,10000,0.026,72156687,45567703
2026-08-09T23:00:00.000Z,ETHUSDT,sell,100000,0.026,72156687,45567703
2026-08-09T23:00:00.000Z,ETHUSDT,sell,1000000,1.522,72156687,45567703
2026-08-09T23:00:00.000Z,ETHUSDT,sell,5000000,4.887,72156687,45567703
2026-08-09T23:00:00.000Z,LINKUSDT,buy,10000,0.61,7912953,6381362
2026-08-09T23:00:00.000Z,LINKUSDT,buy,100000,3.533,7912953,6381362
2026-08-09T23:00:00.000Z,LINKUSDT,buy,1000000,29.795,7912953,6381362
2026-08-09T23:00:00.000Z,LINKUSDT,buy,5000000,138.075,7912953,6381362
2026-08-09T23:00:00.000Z,LINKUSDT,sell,10000,1.858,7912953,6381362
2026-08-09T23:00:00.000Z,LINKUSDT,sell,100000,6.366,7912953,6381362
2026-08-09T23:00:00.000Z,LINKUSDT,sell,1000000,26.851,7912953,6381362
2026-08-09T23:00:00.000Z,LINKUSDT,sell,5000000,108.251,7912953,6381362
2026-08-09T23:00:00.000Z,SOLUSDT,buy,10000,0.655,91480998,83010616
2026-08-09T23:00:00.000Z,SOLUSDT,buy,100000,0.655,91480998,83010616
2026-08-09T23:00:00.000Z,SOLUSDT,buy,1000000,3.308,91480998,83010616
2026-08-09T23:00:00.000Z,SOLUSDT,buy,5000000,11.468,91480998,83010616
2026-08-09T23:00:00.000Z,SOLUSDT,sell,10000,0.655,91480998,83010616
2026-08-09T23:00:00.000Z,SOLUSDT,sell,100000,0.655,91480998,83010616
2026-08-09T23:00:00.000Z,SOLUSDT,sell,1000000,2.895,91480998,83010616
2026-08-09T23:00:00.000Z,SOLUSDT,sell,5000000,11.892,91480998,83010616
2026-08-09T23:00:00.000Z,XRPUSDT,buy,10000,0.486,35030893,30019889
2026-08-09T23:00:00.000Z,XRPUSDT,buy,100000,1.251,35030893,30019889
2026-08-09T23:00:00.000Z,XRPUSDT,buy,1000000,4.979,35030893,30019889
2026-08-09T23:00:00.000Z,XRPUSDT,buy,5000000,24.02,35030893,30019889
2026-08-09T23:00:00.000Z,XRPUSDT,sell,10000,0.486,35030893,30019889
2026-08-09T23:00:00.000Z,XRPUSDT,sell,100000,0.771,35030893,30019889
2026-08-09T23:00:00.000Z,XRPUSDT,sell,1000000,5.59,35030893,30019889
2026-08-09T23:00:00.000Z,XRPUSDT,sell,5000000,22.835,35030893,30019889
2026-08-10T00:00:00.000Z,ADAUSDT,buy,10000,2.556,13759253,11450641
2026-08-10T00:00:00.000Z,ADAUSDT,buy,100000,6.212,13759253,11450641
2026-08-10T00:00:00.000Z,ADAUSDT,buy,1000000,29.632,13759253,11450641
2026-08-10T00:00:00.000Z,ADAUSDT,buy,5000000,108.289,13759253,11450641
2026-08-10T00:00:00.000Z,ADAUSDT,sell,10000,2.556,13759253,11450641
2026-08-10T00:00:00.000Z,ADAUSDT,sell,100000,7.077,13759253,11450641
2026-08-10T00:00:00.000Z,ADAUSDT,sell,1000000,34.133,13759253,11450641
2026-08-10T00:00:00.000Z,ADAUSDT,sell,5000000,111.348,13759253,11450641
2026-08-10T00:00:00.000Z,BNBUSDT,buy,10000,0.083,11446693,7547121
2026-08-10T00:00:00.000Z,BNBUSDT,buy,100000,1.647,11446693,7547121
2026-08-10T00:00:00.000Z,BNBUSDT,buy,1000000,12.193,11446693,7547121
2026-08-10T00:00:00.000Z,BNBUSDT,buy,5000000,51.246,11446693,7547121
2026-08-10T00:00:00.000Z,BNBUSDT,sell,10000,0.491,11446693,7547121
2026-08-10T00:00:00.000Z,BNBUSDT,sell,100000,2.22,11446693,7547121
2026-08-10T00:00:00.000Z,BNBUSDT,sell,1000000,11.537,11446693,7547121
2026-08-10T00:00:00.000Z,BNBUSDT,sell,5000000,37.828,11446693,7547121
2026-08-10T00:00:00.000Z,BTCUSDT,buy,10000,0.008,46794271,44066721
2026-08-10T00:00:00.000Z,BTCUSDT,buy,100000,0.008,46794271,44066721
2026-08-10T00:00:00.000Z,BTCUSDT,buy,1000000,0.175,46794271,44066721
2026-08-10T00:00:00.000Z,BTCUSDT,buy,5000000,1.664,46794271,44066721
2026-08-10T00:00:00.000Z,BTCUSDT,sell,10000,0.008,46794271,44066721
2026-08-10T00:00:00.000Z,BTCUSDT,sell,100000,0.008,46794271,44066721
2026-08-10T00:00:00.000Z,BTCUSDT,sell,1000000,0.552,46794271,44066721
2026-08-10T00:00:00.000Z,BTCUSDT,sell,5000000,2.169,46794271,44066721
2026-08-10T00:00:00.000Z,DOGEUSDT,buy,10000,0.719,41882156,29918039
2026-08-10T00:00:00.000Z,DOGEUSDT,buy,100000,1.018,41882156,29918039
2026-08-10T00:00:00.000Z,DOGEUSDT,buy,1000000,10.728,41882156,29918039
2026-08-10T00:00:00.000Z,DOGEUSDT,buy,5000000,52.969,41882156,29918039
2026-08-10T00:00:00.000Z,DOGEUSDT,sell,10000,0.719,41882156,29918039
2026-08-10T00:00:00.000Z,DOGEUSDT,sell,100000,2.883,41882156,29918039
2026-08-10T00:00:00.000Z,DOGEUSDT,sell,1000000,10.272,41882156,29918039
2026-08-10T00:00:00.000Z,DOGEUSDT,sell,5000000,52.803,41882156,29918039
2026-08-10T00:00:00.000Z,ETHUSDT,buy,10000,0.026,61759955,49034016
2026-08-10T00:00:00.000Z,ETHUSDT,buy,100000,0.026,61759955,49034016
2026-08-10T00:00:00.000Z,ETHUSDT,buy,1000000,0.841,61759955,49034016
2026-08-10T00:00:00.000Z,ETHUSDT,buy,5000000,3.013,61759955,49034016
2026-08-10T00:00:00.000Z,ETHUSDT,sell,10000,0.026,61759955,49034016
2026-08-10T00:00:00.000Z,ETHUSDT,sell,100000,0.026,61759955,49034016
2026-08-10T00:00:00.000Z,ETHUSDT,sell,1000000,1.268,61759955,49034016
2026-08-10T00:00:00.000Z,ETHUSDT,sell,5000000,5.334,61759955,49034016
2026-08-10T00:00:00.000Z,LINKUSDT,buy,10000,0.658,8132461,6323128
2026-08-10T00:00:00.000Z,LINKUSDT,buy,100000,4.34,8132461,6323128
2026-08-10T00:00:00.000Z,LINKUSDT,buy,1000000,32.325,8132461,6323128
2026-08-10T00:00:00.000Z,LINKUSDT,buy,5000000,138.033,8132461,6323128
2026-08-10T00:00:00.000Z,LINKUSDT,sell,10000,1.642,8132461,6323128
2026-08-10T00:00:00.000Z,LINKUSDT,sell,100000,4.488,8132461,6323128
2026-08-10T00:00:00.000Z,LINKUSDT,sell,1000000,27.428,8132461,6323128
2026-08-10T00:00:00.000Z,LINKUSDT,sell,5000000,115.653,8132461,6323128
2026-08-10T00:00:00.000Z,SOLUSDT,buy,10000,0.653,90700899,80788776
2026-08-10T00:00:00.000Z,SOLUSDT,buy,100000,0.653,90700899,80788776
2026-08-10T00:00:00.000Z,SOLUSDT,buy,1000000,2.243,90700899,80788776
2026-08-10T00:00:00.000Z,SOLUSDT,buy,5000000,10.685,90700899,80788776
2026-08-10T00:00:00.000Z,SOLUSDT,sell,10000,0.653,90700899,80788776
2026-08-10T00:00:00.000Z,SOLUSDT,sell,100000,0.991,90700899,80788776
2026-08-10T00:00:00.000Z,SOLUSDT,sell,1000000,3.034,90700899,80788776
2026-08-10T00:00:00.000Z,SOLUSDT,sell,5000000,11.885,90700899,80788776
2026-08-10T00:00:00.000Z,XRPUSDT,buy,10000,0.485,35937931,29649995
2026-08-10T00:00:00.000Z,XRPUSDT,buy,100000,0.816,35937931,29649995
2026-08-10T00:00:00.000Z,XRPUSDT,buy,1000000,6.051,35937931,29649995
2026-08-10T00:00:00.000Z,XRPUSDT,buy,5000000,26.157,35937931,29649995
2026-08-10T00:00:00.000Z,XRPUSDT,sell,10000,0.485,35937931,29649995
2026-08-10T00:00:00.000Z,XRPUSDT,sell,100000,1.486,35937931,29649995
2026-08-10T00:00:00.000Z,XRPUSDT,sell,1000000,5.777,35937931,29649995
2026-08-10T00:00:00.000Z,XRPUSDT,sell,5000000,26.437,35937931,29649995
2026-08-10T01:00:00.000Z,ADAUSDT,buy,10000,2.535,13189009,10713713
2026-08-10T01:00:00.000Z,ADAUSDT,buy,100000,5.575,13189009,10713713
2026-08-10T01:00:00.000Z,ADAUSDT,buy,1000000,28.929,13189009,10713713
2026-08-10T01:00:00.000Z,ADAUSDT,buy,5000000,112.32,13189009,10713713
2026-08-10T01:00:00.000Z,ADAUSDT,sell,10000,2.535,13189009,10713713
2026-08-10T01:00:00.000Z,ADAUSDT,sell,100000,8.088,13189009,10713713
2026-08-10T01:00:00.000Z,ADAUSDT,sell,1000000,34.967,13189009,10713713
2026-08-10T01:00:00.000Z,ADAUSDT,sell,5000000,116.527,13189009,10713713
2026-08-10T01:00:00.000Z,BNBUSDT,buy,10000,0.082,10191595,9730876
2026-08-10T01:00:00.000Z,BNBUSDT,buy,100000,1.926,10191595,9730876
2026-08-10T01:00:00.000Z,BNBUSDT,buy,1000000,12.37,10191595,9730876
2026-08-10T01:00:00.000Z,BNBUSDT,buy,5000000,44.573,10191595,9730876
2026-08-10T01:00:00.000Z,BNBUSDT,sell,10000,1.264,10191595,9730876
2026-08-10T01:00:00.000Z,BNBUSDT,sell,100000,2.189,10191595,9730876
2026-08-10T01:00:00.000Z,BNBUSDT,sell,1000000,11.089,10191595,9730876
2026-08-10T01:00:00.000Z,BNBUSDT,sell,5000000,47.123,10191595,9730876
2026-08-10T01:00:00.000Z,BTCUSDT,buy,10000,0.008,40960360,44639117
2026-08-10T01:00:00.000Z,BTCUSDT,buy,100000,0.008,40960360,44639117
2026-08-10T01:00:00.000Z,BTCUSDT,buy,1000000,0.672,40960360,44639117
2026-08-10T01:00:00.000Z,BTCUSDT,buy,5000000,1.85,40960360,44639117
2026-08-10T01:00:00.000Z,BTCUSDT,sell,10000,0.008,40960360,44639117
2026-08-10T01:00:00.000Z,BTCUSDT,sell,100000,0.008,40960360,44639117
2026-08-10T01:00:00.000Z,BTCUSDT,sell,1000000,0.008,40960360,44639117
2026-08-10T01:00:00.000Z,BTCUSDT,sell,5000000,1.387,40960360,44639117
2026-08-10T01:00:00.000Z,DOGEUSDT,buy,10000,0.76,42882820,29919285
2026-08-10T01:00:00.000Z,DOGEUSDT,buy,100000,3.373,42882820,29919285
2026-08-10T01:00:00.000Z,DOGEUSDT,buy,1000000,14.188,42882820,29919285
2026-08-10T01:00:00.000Z,DOGEUSDT,buy,5000000,46.034,42882820,29919285
2026-08-10T01:00:00.000Z,DOGEUSDT,sell,10000,0.713,42882820,29919285
2026-08-10T01:00:00.000Z,DOGEUSDT,sell,100000,1.51,42882820,29919285
2026-08-10T01:00:00.000Z,DOGEUSDT,sell,1000000,8.757,42882820,29919285
2026-08-10T01:00:00.000Z,DOGEUSDT,sell,5000000,53.973,42882820,29919285
2026-08-10T01:00:00.000Z,ETHUSDT,buy,10000,0.026,46408271,57892189
2026-08-10T01:00:00.000Z,ETHUSDT,buy,100000,0.239,46408271,57892189
2026-08-10T01:00:00.000Z,ETHUSDT,buy,1000000,2.018,46408271,57892189
2026-08-10T01:00:00.000Z,ETHUSDT,buy,5000000,5.75,46408271,57892189
2026-08-10T01:00:00.000Z,ETHUSDT,sell,10000,0.026,46408271,57892189
2026-08-10T01:00:00.000Z,ETHUSDT,sell,100000,0.026,46408271,57892189
2026-08-10T01:00:00.000Z,ETHUSDT,sell,1000000,0.96,46408271,57892189
2026-08-10T01:00:00.000Z,ETHUSDT,sell,5000000,5.226,46408271,57892189
2026-08-10T01:00:00.000Z,LINKUSDT,buy,10000,2.332,8091636,6637490
2026-08-10T01:00:00.000Z,LINKUSDT,buy,100000,5.337,8091636,6637490
2026-08-10T01:00:00.000Z,LINKUSDT,buy,1000000,24.004,8091636,6637490
2026-08-10T01:00:00.000Z,LINKUSDT,buy,5000000,118.237,8091636,6637490
2026-08-10T01:00:00.000Z,LINKUSDT,sell,10000,0.72,8091636,6637490
2026-08-10T01:00:00.000Z,LINKUSDT,sell,100000,4.801,8091636,6637490
2026-08-10T01:00:00.000Z,LINKUSDT,sell,1000000,35.078,8091636,6637490
2026-08-10T01:00:00.000Z,LINKUSDT,sell,5000000,135.401,8091636,6637490
2026-08-10T01:00:00.000Z,SOLUSDT,buy,10000,0.649,88943006,81697482
2026-08-10T01:00:00.000Z,SOLUSDT,buy,100000,0.794,88943006,81697482
2026-08-10T01:00:00.000Z,SOLUSDT,buy,1000000,3.12,88943006,81697482
2026-08-10T01:00:00.000Z,SOLUSDT,buy,5000000,11.131,88943006,81697482
2026-08-10T01:00:00.000Z,SOLUSDT,sell,10000,0.649,88943006,81697482
2026-08-10T01:00:00.000Z,SOLUSDT,sell,100000,0.649,88943006,81697482
2026-08-10T01:00:00.000Z,SOLUSDT,sell,1000000,2.414,88943006,81697482
2026-08-10T01:00:00.000Z,SOLUSDT,sell,5000000,10.787,88943006,81697482
2026-08-10T01:00:00.000Z,XRPUSDT,buy,10000,0.481,36289892,30032410
2026-08-10T01:00:00.000Z,XRPUSDT,buy,100000,0.913,36289892,30032410
2026-08-10T01:00:00.000Z,XRPUSDT,buy,1000000,4.024,36289892,30032410
2026-08-10T01:00:00.000Z,XRPUSDT,buy,5000000,22.818,36289892,30032410
2026-08-10T01:00:00.000Z,XRPUSDT,sell,10000,0.481,36289892,30032410
2026-08-10T01:00:00.000Z,XRPUSDT,sell,100000,0.883,36289892,30032410
2026-08-10T01:00:00.000Z,XRPUSDT,sell,1000000,5.822,36289892,30032410
2026-08-10T01:00:00.000Z,XRPUSDT,sell,5000000,27.399,36289892,30032410
2026-08-10T02:00:00.000Z,ADAUSDT,buy,10000,2.534,13588782,11062558
2026-08-10T02:00:00.000Z,ADAUSDT,buy,100000,5.585,13588782,11062558
2026-08-10T02:00:00.000Z,ADAUSDT,buy,1000000,26.328,13588782,11062558
2026-08-10T02:00:00.000Z,ADAUSDT,buy,5000000,114.702,13588782,11062558
2026-08-10T02:00:00.000Z,ADAUSDT,sell,10000,2.534,13588782,11062558
2026-08-10T02:00:00.000Z,ADAUSDT,sell,100000,6.574,13588782,11062558
2026-08-10T02:00:00.000Z,ADAUSDT,sell,1000000,32.763,13588782,11062558
2026-08-10T02:00:00.000Z,ADAUSDT,sell,5000000,103.905,13588782,11062558
2026-08-10T02:00:00.000Z,BNBUSDT,buy,10000,0.726,11722612,7803555
2026-08-10T02:00:00.000Z,BNBUSDT,buy,100000,2.145,11722612,7803555
2026-08-10T02:00:00.000Z,BNBUSDT,buy,1000000,12.881,11722612,7803555
2026-08-10T02:00:00.000Z,BNBUSDT,buy,5000000,50.417,11722612,7803555
2026-08-10T02:00:00.000Z,BNBUSDT,sell,10000,0.083,11722612,7803555
2026-08-10T02:00:00.000Z,BNBUSDT,sell,100000,0.343,11722612,7803555
2026-08-10T02:00:00.000Z,BNBUSDT,sell,1000000,9.973,11722612,7803555
2026-08-10T02:00:00.000Z,BNBUSDT,sell,5000000,33.541,11722612,7803555
2026-08-10T02:00:00.000Z,BTCUSDT,buy,10000,0.008,36909917,49222129
2026-08-10T02:00:00.000Z,BTCUSDT,buy,100000,0.008,36909917,49222129
2026-08-10T02:00:00.000Z,BTCUSDT,buy,1000000,0.211,36909917,49222129
2026-08-10T02:00:00.000Z,BTCUSDT,buy,5000000,1.372,36909917,49222129
2026-08-10T02:00:00.000Z,BTCUSDT,sell,10000,0.008,36909917,49222129
2026-08-10T02:00:00.000Z,BTCUSDT,sell,100000,0.008,36909917,49222129
2026-08-10T02:00:00.000Z,BTCUSDT,sell,1000000,0.124,36909917,49222129
2026-08-10T02:00:00.000Z,BTCUSDT,sell,5000000,1.598,36909917,49222129
2026-08-10T02:00:00.000Z,DOGEUSDT,buy,10000,0.716,42469244,30117729
2026-08-10T02:00:00.000Z,DOGEUSDT,buy,100000,1.546,42469244,30117729
2026-08-10T02:00:00.000Z,DOGEUSDT,buy,1000000,9.605,42469244,30117729
2026-08-10T02:00:00.000Z,DOGEUSDT,buy,5000000,52.936,42469244,30117729
2026-08-10T02:00:00.000Z,DOGEUSDT,sell,10000,0.716,42469244,30117729
2026-08-10T02:00:00.000Z,DOGEUSDT,sell,100000,1.245,42469244,30117729
2026-08-10T02:00:00.000Z,DOGEUSDT,sell,1000000,9.273,42469244,30117729
2026-08-10T02:00:00.000Z,DOGEUSDT,sell,5000000,50.133,42469244,30117729
2026-08-10T02:00:00.000Z,ETHUSDT,buy,10000,0.026,50878678,57532920
2026-08-10T02:00:00.000Z,ETHUSDT,buy,100000,0.378,50878678,57532920
2026-08-10T02:00:00.000Z,ETHUSDT,buy,1000000,1.832,50878678,57532920
2026-08-10T02:00:00.000Z,ETHUSDT,buy,5000000,4.689,50878678,57532920
2026-08-10T02:00:00.000Z,ETHUSDT,sell,10000,0.026,50878678,57532920
2026-08-10T02:00:00.000Z,ETHUSDT,sell,100000,0.026,50878678,57532920
2026-08-10T02:00:00.000Z,ETHUSDT,sell,1000000,0.087,50878678,57532920
2026-08-10T02:00:00.000Z,ETHUSDT,sell,5000000,3.161,50878678,57532920
2026-08-10T02:00:00.000Z,LINKUSDT,buy,10000,0.609,8447239,6484825
2026-08-10T02:00:00.000Z,LINKUSDT,buy,100000,4.313,8447239,6484825
2026-08-10T02:00:00.000Z,LINKUSDT,buy,1000000,29.847,8447239,6484825
2026-08-10T02:00:00.000Z,LINKUSDT,buy,5000000,137.675,8447239,6484825
2026-08-10T02:00:00.000Z,LINKUSDT,sell,10000,0.609,8447239,6484825
2026-08-10T02:00:00.000Z,LINKUSDT,sell,100000,3.738,8447239,6484825
2026-08-10T02:00:00.000Z,LINKUSDT,sell,1000000,28.663,8447239,6484825
2026-08-10T02:00:00.000Z,LINKUSDT,sell,5000000,105.181,8447239,6484825
2026-08-10T02:00:00.000Z,SOLUSDT,buy,10000,0.652,90643548,80189667
2026-08-10T02:00:00.000Z,SOLUSDT,buy,100000,1.689,90643548,80189667
2026-08-10T02:00:00.000Z,SOLUSDT,buy,1000000,3.55,90643548,80189667
2026-08-10T02:00:00.000Z,SOLUSDT,buy,5000000,12.134,90643548,80189667
2026-08-10T02:00:00.000Z,SOLUSDT,sell,10000,0.652,90643548,80189667
2026-08-10T02:00:00.000Z,SOLUSDT,sell,100000,0.652,90643548,80189667
2026-08-10T02:00:00.000Z,SOLUSDT,sell,1000000,2.391,90643548,80189667
2026-08-10T02:00:00.000Z,SOLUSDT,sell,5000000,11.023,90643548,80189667
2026-08-10T02:00:00.000Z,XRPUSDT,buy,10000,0.483,36463107,29761113
2026-08-10T02:00:00.000Z,XRPUSDT,buy,100000,1.717,36463107,29761113
2026-08-10T02:00:00.000Z,XRPUSDT,buy,1000000,6.253,36463107,29761113
2026-08-10T02:00:00.000Z,XRPUSDT,buy,5000000,25.186,36463107,29761113
2026-08-10T02:00:00.000Z,XRPUSDT,sell,10000,0.483,36463107,29761113
2026-08-10T02:00:00.000Z,XRPUSDT,sell,100000,0.483,36463107,29761113
2026-08-10T02:00:00.000Z,XRPUSDT,sell,1000000,4.653,36463107,29761113
2026-08-10T02:00:00.000Z,XRPUSDT,sell,5000000,24.587,36463107,29761113
2026-08-10T03:00:00.000Z,ADAUSDT,buy,10000,2.549,13932250,11348416
2026-08-10T03:00:00.000Z,ADAUSDT,buy,100000,6.396,13932250,11348416
2026-08-10T03:00:00.000Z,ADAUSDT,buy,1000000,30.955,13932250,11348416
2026-08-10T03:00:00.000Z,ADAUSDT,buy,5000000,117.977,13932250,11348416
2026-08-10T03:00:00.000Z,ADAUSDT,sell,10000,2.549,13932250,11348416
2026-08-10T03:00:00.000Z,ADAUSDT,sell,100000,6.815,13932250,11348416
2026-08-10T03:00:00.000Z,ADAUSDT,sell,1000000,27.891,13932250,11348416
2026-08-10T03:00:00.000Z,ADAUSDT,sell,5000000,95.094,13932250,11348416
2026-08-10T03:00:00.000Z,BNBUSDT,buy,10000,0.133,11428511,8969807
2026-08-10T03:00:00.000Z,BNBUSDT,buy,100000,1.407,11428511,8969807
2026-08-10T03:00:00.000Z,BNBUSDT,buy,1000000,10.608,11428511,8969807
2026-08-10T03:00:00.000Z,BNBUSDT,buy,5000000,42.201,11428511,8969807
2026-08-10T03:00:00.000Z,BNBUSDT,sell,10000,0.206,11428511,8969807
2026-08-10T03:00:00.000Z,BNBUSDT,sell,100000,2.091,11428511,8969807
2026-08-10T03:00:00.000Z,BNBUSDT,sell,1000000,11.894,11428511,8969807
2026-08-10T03:00:00.000Z,BNBUSDT,sell,5000000,35.033,11428511,8969807
2026-08-10T03:00:00.000Z,BTCUSDT,buy,10000,0.008,40125706,44436072
2026-08-10T03:00:00.000Z,BTCUSDT,buy,100000,0.008,40125706,44436072
2026-08-10T03:00:00.000Z,BTCUSDT,buy,1000000,0.008,40125706,44436072
2026-08-10T03:00:00.000Z,BTCUSDT,buy,5000000,0.165,40125706,44436072
2026-08-10T03:00:00.000Z,BTCUSDT,sell,10000,0.134,40125706,44436072
2026-08-10T03:00:00.000Z,BTCUSDT,sell,100000,0.404,40125706,44436072
2026-08-10T03:00:00.000Z,BTCUSDT,sell,1000000,1.323,40125706,44436072
2026-08-10T03:00:00.000Z,BTCUSDT,sell,5000000,2.862,40125706,44436072
2026-08-10T03:00:00.000Z,DOGEUSDT,buy,10000,0.717,42851142,29815159
2026-08-10T03:00:00.000Z,DOGEUSDT,buy,100000,1.305,42851142,29815159
2026-08-10T03:00:00.000Z,DOGEUSDT,buy,1000000,10.437,42851142,29815159
2026-08-10T03:00:00.000Z,DOGEUSDT,buy,5000000,54.788,42851142,29815159
2026-08-10T03:00:00.000Z,DOGEUSDT,sell,10000,0.717,42851142,29815159
2026-08-10T03:00:00.000Z,DOGEUSDT,sell,100000,1.487,42851142,29815159
2026-08-10T03:00:00.000Z,DOGEUSDT,sell,1000000,9.25,42851142,29815159
2026-08-10T03:00:00.000Z,DOGEUSDT,sell,5000000,45.378,42851142,29815159
2026-08-10T03:00:00.000Z,ETHUSDT,buy,10000,0.026,55210196,49310707
2026-08-10T03:00:00.000Z,ETHUSDT,buy,100000,0.026,55210196,49310707
2026-08-10T03:00:00.000Z,ETHUSDT,buy,1000000,1.032,55210196,49310707
2026-08-10T03:00:00.000Z,ETHUSDT,buy,5000000,4.182,55210196,49310707
2026-08-10T03:00:00.000Z,ETHUSDT,sell,10000,0.026,55210196,49310707
2026-08-10T03:00:00.000Z,ETHUSDT,sell,100000,0.026,55210196,49310707
2026-08-10T03:00:00.000Z,ETHUSDT,sell,1000000,1.606,55210196,49310707
2026-08-10T03:00:00.000Z,ETHUSDT,sell,5000000,4.523,55210196,49310707
2026-08-10T03:00:00.000Z,LINKUSDT,buy,10000,1.369,8310163,6599813
2026-08-10T03:00:00.000Z,LINKUSDT,buy,100000,4.734,8310163,6599813
2026-08-10T03:00:00.000Z,LINKUSDT,buy,1000000,29.669,8310163,6599813
2026-08-10T03:00:00.000Z,LINKUSDT,buy,5000000,133.952,8310163,6599813
2026-08-10T03:00:00.000Z,LINKUSDT,sell,10000,0.611,8310163,6599813
2026-08-10T03:00:00.000Z,LINKUSDT,sell,100000,3.099,8310163,6599813
2026-08-10T03:00:00.000Z,LINKUSDT,sell,1000000,25.361,8310163,6599813
2026-08-10T03:00:00.000Z,LINKUSDT,sell,5000000,104.229,8310163,6599813
2026-08-10T03:00:00.000Z,SOLUSDT,buy,10000,0.652,91268396,81627590
2026-08-10T03:00:00.000Z,SOLUSDT,buy,100000,0.652,91268396,81627590
2026-08-10T03:00:00.000Z,SOLUSDT,buy,1000000,2.706,91268396,81627590
2026-08-10T03:00:00.000Z,SOLUSDT,buy,5000000,11.348,91268396,81627590
2026-08-10T03:00:00.000Z,SOLUSDT,sell,10000,0.652,91268396,81627590
2026-08-10T03:00:00.000Z,SOLUSDT,sell,100000,0.652,91268396,81627590
2026-08-10T03:00:00.000Z,SOLUSDT,sell,1000000,3.069,91268396,81627590
2026-08-10T03:00:00.000Z,SOLUSDT,sell,5000000,9.456,91268396,81627590
2026-08-10T03:00:00.000Z,XRPUSDT,buy,10000,0.485,36883065,30550105
2026-08-10T03:00:00.000Z,XRPUSDT,buy,100000,0.983,36883065,30550105
2026-08-10T03:00:00.000Z,XRPUSDT,buy,1000000,4.589,36883065,30550105
2026-08-10T03:00:00.000Z,XRPUSDT,buy,5000000,24.306,36883065,30550105
2026-08-10T03:00:00.000Z,XRPUSDT,sell,10000,0.485,36883065,30550105
2026-08-10T03:00:00.000Z,XRPUSDT,sell,100000,1.154,36883065,30550105
2026-08-10T03:00:00.000Z,XRPUSDT,sell,1000000,5.865,36883065,30550105
2026-08-10T03:00:00.000Z,XRPUSDT,sell,5000000,22.67,36883065,30550105
2026-08-10T04:00:00.000Z,ADAUSDT,buy,10000,5.278,13928794,11229662
2026-08-10T04:00:00.000Z,ADAUSDT,buy,100000,7.4,13928794,11229662
2026-08-10T04:00:00.000Z,ADAUSDT,buy,1000000,25.242,13928794,11229662
2026-08-10T04:00:00.000Z,ADAUSDT,buy,5000000,108.101,13928794,11229662
2026-08-10T04:00:00.000Z,ADAUSDT,sell,10000,2.545,13928794,11229662
2026-08-10T04:00:00.000Z,ADAUSDT,sell,100000,5.428,13928794,11229662
2026-08-10T04:00:00.000Z,ADAUSDT,sell,1000000,30.4,13928794,11229662
2026-08-10T04:00:00.000Z,ADAUSDT,sell,5000000,101.885,13928794,11229662
2026-08-10T04:00:00.000Z,BNBUSDT,buy,10000,0.257,12560157,8631951
2026-08-10T04:00:00.000Z,BNBUSDT,buy,100000,1.878,12560157,8631951
2026-08-10T04:00:00.000Z,BNBUSDT,buy,1000000,11.315,12560157,8631951
2026-08-10T04:00:00.000Z,BNBUSDT,buy,5000000,44.309,12560157,8631951
2026-08-10T04:00:00.000Z,BNBUSDT,sell,10000,0.083,12560157,8631951
2026-08-10T04:00:00.000Z,BNBUSDT,sell,100000,1.137,12560157,8631951
2026-08-10T04:00:00.000Z,BNBUSDT,sell,1000000,10.899,12560157,8631951
2026-08-10T04:00:00.000Z,BNBUSDT,sell,5000000,36.228,12560157,8631951
2026-08-10T04:00:00.000Z,BTCUSDT,buy,10000,0.008,42921843,43304601
2026-08-10T04:00:00.000Z,BTCUSDT,buy,100000,0.009,42921843,43304601
2026-08-10T04:00:00.000Z,BTCUSDT,buy,1000000,1.1,42921843,43304601
2026-08-10T04:00:00.000Z,BTCUSDT,buy,5000000,2.591,42921843,43304601
2026-08-10T04:00:00.000Z,BTCUSDT,sell,10000,0.008,42921843,43304601
2026-08-10T04:00:00.000Z,BTCUSDT,sell,100000,0.008,42921843,43304601
2026-08-10T04:00:00.000Z,BTCUSDT,sell,1000000,0.008,42921843,43304601
2026-08-10T04:00:00.000Z,BTCUSDT,sell,5000000,0.887,42921843,43304601
2026-08-10T04:00:00.000Z,DOGEUSDT,buy,10000,0.717,44143158,30978373
2026-08-10T04:00:00.000Z,DOGEUSDT,buy,100000,1.473,44143158,30978373
2026-08-10T04:00:00.000Z,DOGEUSDT,buy,1000000,9.969,44143158,30978373
2026-08-10T04:00:00.000Z,DOGEUSDT,buy,5000000,49.19,44143158,30978373
2026-08-10T04:00:00.000Z,DOGEUSDT,sell,10000,0.717,44143158,30978373
2026-08-10T04:00:00.000Z,DOGEUSDT,sell,100000,1.805,44143158,30978373
2026-08-10T04:00:00.000Z,DOGEUSDT,sell,1000000,10.719,44143158,30978373
2026-08-10T04:00:00.000Z,DOGEUSDT,sell,5000000,50.597,44143158,30978373
2026-08-10T04:00:00.000Z,ETHUSDT,buy,10000,0.026,55441369,48156804
2026-08-10T04:00:00.000Z,ETHUSDT,buy,100000,0.026,55441369,48156804
2026-08-10T04:00:00.000Z,ETHUSDT,buy,1000000,1.026,55441369,48156804
2026-08-10T04:00:00.000Z,ETHUSDT,buy,5000000,4.277,55441369,48156804
2026-08-10T04:00:00.000Z,ETHUSDT,sell,10000,0.026,55441369,48156804
2026-08-10T04:00:00.000Z,ETHUSDT,sell,100000,0.026,55441369,48156804
2026-08-10T04:00:00.000Z,ETHUSDT,sell,1000000,2.045,55441369,48156804
2026-08-10T04:00:00.000Z,ETHUSDT,sell,5000000,6.13,55441369,48156804
2026-08-10T04:00:00.000Z,LINKUSDT,buy,10000,0.61,8389348,6681937
2026-08-10T04:00:00.000Z,LINKUSDT,buy,100000,4.355,8389348,6681937
2026-08-10T04:00:00.000Z,LINKUSDT,buy,1000000,29.015,8389348,6681937
2026-08-10T04:00:00.000Z,LINKUSDT,buy,5000000,126.365,8389348,6681937
2026-08-10T04:00:00.000Z,LINKUSDT,sell,10000,1.098,8389348,6681937
2026-08-10T04:00:00.000Z,LINKUSDT,sell,100000,4.052,8389348,6681937
2026-08-10T04:00:00.000Z,LINKUSDT,sell,1000000,27.651,8389348,6681937
2026-08-10T04:00:00.000Z,LINKUSDT,sell,5000000,108.371,8389348,6681937
2026-08-10T04:00:00.000Z,SOLUSDT,buy,10000,0.653,90995920,81004656
2026-08-10T04:00:00.000Z,SOLUSDT,buy,100000,0.653,90995920,81004656
2026-08-10T04:00:00.000Z,SOLUSDT,buy,1000000,2.398,90995920,81004656
2026-08-10T04:00:00.000Z,SOLUSDT,buy,5000000,10.699,90995920,81004656
2026-08-10T04:00:00.000Z,SOLUSDT,sell,10000,0.653,90995920,81004656
2026-08-10T04:00:00.000Z,SOLUSDT,sell,100000,0.882,90995920,81004656
2026-08-10T04:00:00.000Z,SOLUSDT,sell,1000000,3.397,90995920,81004656
2026-08-10T04:00:00.000Z,SOLUSDT,sell,5000000,12.337,90995920,81004656
2026-08-10T04:00:00.000Z,XRPUSDT,buy,10000,0.485,36465525,30306223
2026-08-10T04:00:00.000Z,XRPUSDT,buy,100000,0.95,36465525,30306223
2026-08-10T04:00:00.000Z,XRPUSDT,buy,1000000,4.842,36465525,30306223
2026-08-10T04:00:00.000Z,XRPUSDT,buy,5000000,24.282,36465525,30306223
2026-08-10T04:00:00.000Z,XRPUSDT,sell,10000,0.485,36465525,30306223
2026-08-10T04:00:00.000Z,XRPUSDT,sell,100000,0.892,36465525,30306223
2026-08-10T04:00:00.000Z,XRPUSDT,sell,1000000,5.204,36465525,30306223
2026-08-10T04:00:00.000Z,XRPUSDT,sell,5000000,24.177,36465525,30306223
2026-08-10T05:00:00.000Z,ADAUSDT,buy,10000,2.53,14067184,10905602
2026-08-10T05:00:00.000Z,ADAUSDT,buy,100000,6.35,14067184,10905602
2026-08-10T05:00:00.000Z,ADAUSDT,buy,1000000,24.731,14067184,10905602
2026-08-10T05:00:00.000Z,ADAUSDT,buy,5000000,112.951,14067184,10905602
2026-08-10T05:00:00.000Z,ADAUSDT,sell,10000,2.53,14067184,10905602
2026-08-10T05:00:00.000Z,ADAUSDT,sell,100000,6.483,14067184,10905602
2026-08-10T05:00:00.000Z,ADAUSDT,sell,1000000,31.155,14067184,10905602
2026-08-10T05:00:00.000Z,ADAUSDT,sell,5000000,108.195,14067184,10905602
2026-08-10T05:00:00.000Z,BNBUSDT,buy,10000,0.255,11148446,10976314
2026-08-10T05:00:00.000Z,BNBUSDT,buy,100000,2.154,11148446,10976314
2026-08-10T05:00:00.000Z,BNBUSDT,buy,1000000,9.876,11148446,10976314
2026-08-10T05:00:00.000Z,BNBUSDT,buy,5000000,35.374,11148446,10976314
2026-08-10T05:00:00.000Z,BNBUSDT,sell,10000,0.119,11148446,10976314
2026-08-10T05:00:00.000Z,BNBUSDT,sell,100000,0.942,11148446,10976314
2026-08-10T05:00:00.000Z,BNBUSDT,sell,1000000,9.941,11148446,10976314
2026-08-10T05:00:00.000Z,BNBUSDT,sell,5000000,37.692,11148446,10976314
2026-08-10T05:00:00.000Z,BTCUSDT,buy,10000,0.008,44409688,46935024
2026-08-10T05:00:00.000Z,BTCUSDT,buy,100000,0.008,44409688,46935024
2026-08-10T05:00:00.000Z,BTCUSDT,buy,1000000,0.729,44409688,46935024
2026-08-10T05:00:00.000Z,BTCUSDT,buy,5000000,1.638,44409688,46935024
2026-08-10T05:00:00.000Z,BTCUSDT,sell,10000,0.008,44409688,46935024
2026-08-10T05:00:00.000Z,BTCUSDT,sell,100000,0.008,44409688,46935024
2026-08-10T05:00:00.000Z,BTCUSDT,sell,1000000,0.008,44409688,46935024
2026-08-10T05:00:00.000Z,BTCUSDT,sell,5000000,0.989,44409688,46935024
2026-08-10T05:00:00.000Z,DOGEUSDT,buy,10000,0.715,42884996,30538187
2026-08-10T05:00:00.000Z,DOGEUSDT,buy,100000,2.191,42884996,30538187
2026-08-10T05:00:00.000Z,DOGEUSDT,buy,1000000,11.954,42884996,30538187
2026-08-10T05:00:00.000Z,DOGEUSDT,buy,5000000,50.006,42884996,30538187
2026-08-10T05:00:00.000Z,DOGEUSDT,sell,10000,0.715,42884996,30538187
2026-08-10T05:00:00.000Z,DOGEUSDT,sell,100000,0.965,42884996,30538187
2026-08-10T05:00:00.000Z,DOGEUSDT,sell,1000000,9.475,42884996,30538187
2026-08-10T05:00:00.000Z,DOGEUSDT,sell,5000000,49.656,42884996,30538187
2026-08-10T05:00:00.000Z,ETHUSDT,buy,10000,0.026,73802409,68427392
2026-08-10T05:00:00.000Z,ETHUSDT,buy,100000,0.026,73802409,68427392
2026-08-10T05:00:00.000Z,ETHUSDT,buy,1000000,0.569,73802409,68427392
2026-08-10T05:00:00.000Z,ETHUSDT,buy,5000000,2.277,73802409,68427392
2026-08-10T05:00:00.000Z,ETHUSDT,sell,10000,0.026,73802409,68427392
2026-08-10T05:00:00.000Z,ETHUSDT,sell,100000,0.026,73802409,68427392
2026-08-10T05:00:00.000Z,ETHUSDT,sell,1000000,0.73,73802409,68427392
2026-08-10T05:00:00.000Z,ETHUSDT,sell,5000000,4.488,73802409,68427392
2026-08-10T05:00:00.000Z,LINKUSDT,buy,10000,1.711,8417722,6764031
2026-08-10T05:00:00.000Z,LINKUSDT,buy,100000,5.486,8417722,6764031
2026-08-10T05:00:00.000Z,LINKUSDT,buy,1000000,24.417,8417722,6764031
2026-08-10T05:00:00.000Z,LINKUSDT,buy,5000000,116.328,8417722,6764031
2026-08-10T05:00:00.000Z,LINKUSDT,sell,10000,0.631,8417722,6764031
2026-08-10T05:00:00.000Z,LINKUSDT,sell,100000,2.398,8417722,6764031
2026-08-10T05:00:00.000Z,LINKUSDT,sell,1000000,24.229,8417722,6764031
2026-08-10T05:00:00.000Z,LINKUSDT,sell,5000000,111.373,8417722,6764031
2026-08-10T05:00:00.000Z,SOLUSDT,buy,10000,0.651,89282343,75667929
2026-08-10T05:00:00.000Z,SOLUSDT,buy,100000,0.651,89282343,75667929
2026-08-10T05:00:00.000Z,SOLUSDT,buy,1000000,1.942,89282343,75667929
2026-08-10T05:00:00.000Z,SOLUSDT,buy,5000000,11.991,89282343,75667929
2026-08-10T05:00:00.000Z,SOLUSDT,sell,10000,0.651,89282343,75667929
2026-08-10T05:00:00.000Z,SOLUSDT,sell,100000,1.45,89282343,75667929
2026-08-10T05:00:00.000Z,SOLUSDT,sell,1000000,3.331,89282343,75667929
2026-08-10T05:00:00.000Z,SOLUSDT,sell,5000000,12.308,89282343,75667929
2026-08-10T05:00:00.000Z,XRPUSDT,buy,10000,0.483,36421327,29891659
2026-08-10T05:00:00.000Z,XRPUSDT,buy,100000,1.605,36421327,29891659
2026-08-10T05:00:00.000Z,XRPUSDT,buy,1000000,6.802,36421327,29891659
2026-08-10T05:00:00.000Z,XRPUSDT,buy,5000000,26.92,36421327,29891659
2026-08-10T05:00:00.000Z,XRPUSDT,sell,10000,0.483,36421327,29891659
2026-08-10T05:00:00.000Z,XRPUSDT,sell,100000,1.34,36421327,29891659
2026-08-10T05:00:00.000Z,XRPUSDT,sell,1000000,5.583,36421327,29891659
2026-08-10T05:00:00.000Z,XRPUSDT,sell,5000000,23.554,36421327,29891659
2026-08-10T06:00:00.000Z,ADAUSDT,buy,10000,2.525,14302021,10770295
2026-08-10T06:00:00.000Z,ADAUSDT,buy,100000,6.549,14302021,10770295
2026-08-10T06:00:00.000Z,ADAUSDT,buy,1000000,29.967,14302021,10770295
2026-08-10T06:00:00.000Z,ADAUSDT,buy,5000000,116.837,14302021,10770295
2026-08-10T06:00:00.000Z,ADAUSDT,sell,10000,2.525,14302021,10770295
2026-08-10T06:00:00.000Z,ADAUSDT,sell,100000,6.125,14302021,10770295
2026-08-10T06:00:00.000Z,ADAUSDT,sell,1000000,30.574,14302021,10770295
2026-08-10T06:00:00.000Z,ADAUSDT,sell,5000000,104.036,14302021,10770295
2026-08-10T06:00:00.000Z,BNBUSDT,buy,10000,0.569,11570135,11887655
2026-08-10T06:00:00.000Z,BNBUSDT,buy,100000,2.024,11570135,11887655
2026-08-10T06:00:00.000Z,BNBUSDT,buy,1000000,7.516,11570135,11887655
2026-08-10T06:00:00.000Z,BNBUSDT,buy,5000000,30.044,11570135,11887655
2026-08-10T06:00:00.000Z,BNBUSDT,sell,10000,0.083,11570135,11887655
2026-08-10T06:00:00.000Z,BNBUSDT,sell,100000,1.482,11570135,11887655
2026-08-10T06:00:00.000Z,BNBUSDT,sell,1000000,9.482,11570135,11887655
2026-08-10T06:00:00.000Z,BNBUSDT,sell,5000000,35.716,11570135,11887655
2026-08-10T06:00:00.000Z,BTCUSDT,buy,10000,0.008,42450857,48829249
2026-08-10T06:00:00.000Z,BTCUSDT,buy,100000,0.008,42450857,48829249
2026-08-10T06:00:00.000Z,BTCUSDT,buy,1000000,0.413,42450857,48829249
2026-08-10T06:00:00.000Z,BTCUSDT,buy,5000000,1.844,42450857,48829249
2026-08-10T06:00:00.000Z,BTCUSDT,sell,10000,0.008,42450857,48829249
2026-08-10T06:00:00.000Z,BTCUSDT,sell,100000,0.008,42450857,48829249
2026-08-10T06:00:00.000Z,BTCUSDT,sell,1000000,0.625,42450857,48829249
2026-08-10T06:00:00.000Z,BTCUSDT,sell,5000000,2.349,42450857,48829249
2026-08-10T06:00:00.000Z,DOGEUSDT,buy,10000,0.714,42509370,30055353
2026-08-10T06:00:00.000Z,DOGEUSDT,buy,100000,2.336,42509370,30055353
2026-08-10T06:00:00.000Z,DOGEUSDT,buy,1000000,12.344,42509370,30055353
2026-08-10T06:00:00.000Z,DOGEUSDT,buy,5000000,53.887,42509370,30055353
2026-08-10T06:00:00.000Z,DOGEUSDT,sell,10000,0.714,42509370,30055353
2026-08-10T06:00:00.000Z,DOGEUSDT,sell,100000,1.047,42509370,30055353
2026-08-10T06:00:00.000Z,DOGEUSDT,sell,1000000,9.124,42509370,30055353
2026-08-10T06:00:00.000Z,DOGEUSDT,sell,5000000,54.202,42509370,30055353
2026-08-10T06:00:00.000Z,ETHUSDT,buy,10000,0.026,72292475,62910155
2026-08-10T06:00:00.000Z,ETHUSDT,buy,100000,0.026,72292475,62910155
2026-08-10T06:00:00.000Z,ETHUSDT,buy,1000000,1.412,72292475,62910155
2026-08-10T06:00:00.000Z,ETHUSDT,buy,5000000,4.329,72292475,62910155
2026-08-10T06:00:00.000Z,ETHUSDT,sell,10000,0.026,72292475,62910155
2026-08-10T06:00:00.000Z,ETHUSDT,sell,100000,0.026,72292475,62910155
2026-08-10T06:00:00.000Z,ETHUSDT,sell,1000000,0.971,72292475,62910155
2026-08-10T06:00:00.000Z,ETHUSDT,sell,5000000,4.04,72292475,62910155
2026-08-10T06:00:00.000Z,LINKUSDT,buy,10000,0.608,8328193,6491649
2026-08-10T06:00:00.000Z,LINKUSDT,buy,100000,4.393,8328193,6491649
2026-08-10T06:00:00.000Z,LINKUSDT,buy,1000000,26.097,8328193,6491649
2026-08-10T06:00:00.000Z,LINKUSDT,buy,5000000,129.454,8328193,6491649
2026-08-10T06:00:00.000Z,LINKUSDT,sell,10000,1.52,8328193,6491649
2026-08-10T06:00:00.000Z,LINKUSDT,sell,100000,3.775,8328193,6491649
2026-08-10T06:00:00.000Z,LINKUSDT,sell,1000000,28.776,8328193,6491649
2026-08-10T06:00:00.000Z,LINKUSDT,sell,5000000,115.423,8328193,6491649
2026-08-10T06:00:00.000Z,SOLUSDT,buy,10000,0.65,91439122,84631956
2026-08-10T06:00:00.000Z,SOLUSDT,buy,100000,0.65,91439122,84631956
2026-08-10T06:00:00.000Z,SOLUSDT,buy,1000000,2.464,91439122,84631956
2026-08-10T06:00:00.000Z,SOLUSDT,buy,5000000,11.688,91439122,84631956
2026-08-10T06:00:00.000Z,SOLUSDT,sell,10000,0.65,91439122,84631956
2026-08-10T06:00:00.000Z,SOLUSDT,sell,100000,1.513,91439122,84631956
2026-08-10T06:00:00.000Z,SOLUSDT,sell,1000000,4.011,91439122,84631956
2026-08-10T06:00:00.000Z,SOLUSDT,sell,5000000,11.908,91439122,84631956
2026-08-10T06:00:00.000Z,XRPUSDT,buy,10000,0.482,36931872,29923434
2026-08-10T06:00:00.000Z,XRPUSDT,buy,100000,1.976,36931872,29923434
2026-08-10T06:00:00.000Z,XRPUSDT,buy,1000000,6.511,36931872,29923434
2026-08-10T06:00:00.000Z,XRPUSDT,buy,5000000,22.302,36931872,29923434
2026-08-10T06:00:00.000Z,XRPUSDT,sell,10000,0.482,36931872,29923434
2026-08-10T06:00:00.000Z,XRPUSDT,sell,100000,1.123,36931872,29923434
2026-08-10T06:00:00.000Z,XRPUSDT,sell,1000000,5.117,36931872,29923434
2026-08-10T06:00:00.000Z,XRPUSDT,sell,5000000,23.9,36931872,29923434
2026-08-10T07:00:00.000Z,ADAUSDT,buy,10000,2.528,14438187,11137745
2026-08-10T07:00:00.000Z,ADAUSDT,buy,100000,6.227,14438187,11137745
2026-08-10T07:00:00.000Z,ADAUSDT,buy,1000000,29.287,14438187,11137745
2026-08-10T07:00:00.000Z,ADAUSDT,buy,5000000,119.916,14438187,11137745
2026-08-10T07:00:00.000Z,ADAUSDT,sell,10000,2.528,14438187,11137745
2026-08-10T07:00:00.000Z,ADAUSDT,sell,100000,5.759,14438187,11137745
2026-08-10T07:00:00.000Z,ADAUSDT,sell,1000000,29.321,14438187,11137745
2026-08-10T07:00:00.000Z,ADAUSDT,sell,5000000,94.788,14438187,11137745
2026-08-10T07:00:00.000Z,BNBUSDT,buy,10000,0.32,11403748,11804693
2026-08-10T07:00:00.000Z,BNBUSDT,buy,100000,2.339,11403748,11804693
2026-08-10T07:00:00.000Z,BNBUSDT,buy,1000000,10.697,11403748,11804693
2026-08-10T07:00:00.000Z,BNBUSDT,buy,5000000,32.386,11403748,11804693
2026-08-10T07:00:00.000Z,BNBUSDT,sell,10000,0.083,11403748,11804693
2026-08-10T07:00:00.000Z,BNBUSDT,sell,100000,0.384,11403748,11804693
2026-08-10T07:00:00.000Z,BNBUSDT,sell,1000000,8.7,11403748,11804693
2026-08-10T07:00:00.000Z,BNBUSDT,sell,5000000,35.055,11403748,11804693
2026-08-10T07:00:00.000Z,BTCUSDT,buy,10000,0.008,48468963,35436533
2026-08-10T07:00:00.000Z,BTCUSDT,buy,100000,0.008,48468963,35436533
2026-08-10T07:00:00.000Z,BTCUSDT,buy,1000000,0.647,48468963,35436533
2026-08-10T07:00:00.000Z,BTCUSDT,buy,5000000,2.256,48468963,35436533
2026-08-10T07:00:00.000Z,BTCUSDT,sell,10000,0.008,48468963,35436533
2026-08-10T07:00:00.000Z,BTCUSDT,sell,100000,0.008,48468963,35436533
2026-08-10T07:00:00.000Z,BTCUSDT,sell,1000000,0.074,48468963,35436533
2026-08-10T07:00:00.000Z,BTCUSDT,sell,5000000,1.137,48468963,35436533
2026-08-10T07:00:00.000Z,DOGEUSDT,buy,10000,0.714,42597110,30508493
2026-08-10T07:00:00.000Z,DOGEUSDT,buy,100000,2.485,42597110,30508493
2026-08-10T07:00:00.000Z,DOGEUSDT,buy,1000000,11.198,42597110,30508493
2026-08-10T07:00:00.000Z,DOGEUSDT,buy,5000000,51.258,42597110,30508493
2026-08-10T07:00:00.000Z,DOGEUSDT,sell,10000,0.714,42597110,30508493
2026-08-10T07:00:00.000Z,DOGEUSDT,sell,100000,0.714,42597110,30508493
2026-08-10T07:00:00.000Z,DOGEUSDT,sell,1000000,9.704,42597110,30508493
2026-08-10T07:00:00.000Z,DOGEUSDT,sell,5000000,47.671,42597110,30508493
2026-08-10T07:00:00.000Z,ETHUSDT,buy,10000,0.026,80980214,51336069
2026-08-10T07:00:00.000Z,ETHUSDT,buy,100000,0.414,80980214,51336069
2026-08-10T07:00:00.000Z,ETHUSDT,buy,1000000,1.449,80980214,51336069
2026-08-10T07:00:00.000Z,ETHUSDT,buy,5000000,4.813,80980214,51336069
2026-08-10T07:00:00.000Z,ETHUSDT,sell,10000,0.026,80980214,51336069
2026-08-10T07:00:00.000Z,ETHUSDT,sell,100000,0.026,80980214,51336069
2026-08-10T07:00:00.000Z,ETHUSDT,sell,1000000,0.307,80980214,51336069
2026-08-10T07:00:00.000Z,ETHUSDT,sell,5000000,3.532,80980214,51336069
2026-08-10T07:00:00.000Z,LINKUSDT,buy,10000,1.339,8425470,6562607
2026-08-10T07:00:00.000Z,LINKUSDT,buy,100000,4.881,8425470,6562607
2026-08-10T07:00:00.000Z,LINKUSDT,buy,1000000,27.497,8425470,6562607
2026-08-10T07:00:00.000Z,LINKUSDT,buy,5000000,128.49,8425470,6562607
2026-08-10T07:00:00.000Z,LINKUSDT,sell,10000,0.608,8425470,6562607
2026-08-10T07:00:00.000Z,LINKUSDT,sell,100000,2.906,8425470,6562607
2026-08-10T07:00:00.000Z,LINKUSDT,sell,1000000,26.867,8425470,6562607
2026-08-10T07:00:00.000Z,LINKUSDT,sell,5000000,104.764,8425470,6562607
2026-08-10T07:00:00.000Z,SOLUSDT,buy,10000,0.65,91175993,84004640
2026-08-10T07:00:00.000Z,SOLUSDT,buy,100000,0.65,91175993,84004640
2026-08-10T07:00:00.000Z,SOLUSDT,buy,1000000,2.633,91175993,84004640
2026-08-10T07:00:00.000Z,SOLUSDT,buy,5000000,9.594,91175993,84004640
2026-08-10T07:00:00.000Z,SOLUSDT,sell,10000,0.65,91175993,84004640
2026-08-10T07:00:00.000Z,SOLUSDT,sell,100000,0.65,91175993,84004640
2026-08-10T07:00:00.000Z,SOLUSDT,sell,1000000,2.74,91175993,84004640
2026-08-10T07:00:00.000Z,SOLUSDT,sell,5000000,12.529,91175993,84004640
2026-08-10T07:00:00.000Z,XRPUSDT,buy,10000,0.482,35404934,29755483
2026-08-10T07:00:00.000Z,XRPUSDT,buy,100000,1.455,35404934,29755483
2026-08-10T07:00:00.000Z,XRPUSDT,buy,1000000,6.545,35404934,29755483
2026-08-10T07:00:00.000Z,XRPUSDT,buy,5000000,26.098,35404934,29755483
2026-08-10T07:00:00.000Z,XRPUSDT,sell,10000,0.482,35404934,29755483
2026-08-10T07:00:00.000Z,XRPUSDT,sell,100000,0.782,35404934,29755483
2026-08-10T07:00:00.000Z,XRPUSDT,sell,1000000,5.873,35404934,29755483
2026-08-10T07:00:00.000Z,XRPUSDT,sell,5000000,25.574,35404934,29755483
2026-08-10T08:00:00.000Z,ADAUSDT,buy,10000,3.041,14768323,11425585
2026-08-10T08:00:00.000Z,ADAUSDT,buy,100000,7.179,14768323,11425585
2026-08-10T08:00:00.000Z,ADAUSDT,buy,1000000,28.114,14768323,11425585
2026-08-10T08:00:00.000Z,ADAUSDT,buy,5000000,117.234,14768323,11425585
2026-08-10T08:00:00.000Z,ADAUSDT,sell,10000,2.546,14768323,11425585
2026-08-10T08:00:00.000Z,ADAUSDT,sell,100000,2.609,14768323,11425585
2026-08-10T08:00:00.000Z,ADAUSDT,sell,1000000,23.577,14768323,11425585
2026-08-10T08:00:00.000Z,ADAUSDT,sell,5000000,91.23,14768323,11425585
2026-08-10T08:00:00.000Z,BNBUSDT,buy,10000,0.083,11847462,10197617
2026-08-10T08:00:00.000Z,BNBUSDT,buy,100000,1.138,11847462,10197617
2026-08-10T08:00:00.000Z,BNBUSDT,buy,1000000,10.013,11847462,10197617
2026-08-10T08:00:00.000Z,BNBUSDT,buy,5000000,37.823,11847462,10197617
2026-08-10T08:00:00.000Z,BNBUSDT,sell,10000,0.083,11847462,10197617
2026-08-10T08:00:00.000Z,BNBUSDT,sell,100000,1.604,11847462,10197617
2026-08-10T08:00:00.000Z,BNBUSDT,sell,1000000,9.372,11847462,10197617
2026-08-10T08:00:00.000Z,BNBUSDT,sell,5000000,33.257,11847462,10197617
2026-08-10T08:00:00.000Z,BTCUSDT,buy,10000,0.008,46724488,41816217
2026-08-10T08:00:00.000Z,BTCUSDT,buy,100000,0.008,46724488,41816217
2026-08-10T08:00:00.000Z,BTCUSDT,buy,1000000,0.008,46724488,41816217
2026-08-10T08:00:00.000Z,BTCUSDT,buy,5000000,1.017,46724488,41816217
2026-08-10T08:00:00.000Z,BTCUSDT,sell,10000,0.008,46724488,41816217
2026-08-10T08:00:00.000Z,BTCUSDT,sell,100000,0.008,46724488,41816217
2026-08-10T08:00:00.000Z,BTCUSDT,sell,1000000,0.347,46724488,41816217
2026-08-10T08:00:00.000Z,BTCUSDT,sell,5000000,1.791,46724488,41816217
2026-08-10T08:00:00.000Z,DOGEUSDT,buy,10000,0.715,49321075,31330442
2026-08-10T08:00:00.000Z,DOGEUSDT,buy,100000,1.682,49321075,31330442
2026-08-10T08:00:00.000Z,DOGEUSDT,buy,1000000,12.125,49321075,31330442
2026-08-10T08:00:00.000Z,DOGEUSDT,buy,5000000,45.626,49321075,31330442
2026-08-10T08:00:00.000Z,DOGEUSDT,sell,10000,0.715,49321075,31330442
2026-08-10T08:00:00.000Z,DOGEUSDT,sell,100000,1.14,49321075,31330442
2026-08-10T08:00:00.000Z,DOGEUSDT,sell,1000000,8.803,49321075,31330442
2026-08-10T08:00:00.000Z,DOGEUSDT,sell,5000000,43.429,49321075,31330442
2026-08-10T08:00:00.000Z,ETHUSDT,buy,10000,0.026,78347097,60845891
2026-08-10T08:00:00.000Z,ETHUSDT,buy,100000,0.19,78347097,60845891
2026-08-10T08:00:00.000Z,ETHUSDT,buy,1000000,1.554,78347097,60845891
2026-08-10T08:00:00.000Z,ETHUSDT,buy,5000000,4.934,78347097,60845891
2026-08-10T08:00:00.000Z,ETHUSDT,sell,10000,0.026,78347097,60845891
2026-08-10T08:00:00.000Z,ETHUSDT,sell,100000,0.026,78347097,60845891
2026-08-10T08:00:00.000Z,ETHUSDT,sell,1000000,1.049,78347097,60845891
2026-08-10T08:00:00.000Z,ETHUSDT,sell,5000000,4.634,78347097,60845891
2026-08-10T08:00:00.000Z,LINKUSDT,buy,10000,1.629,8583999,6579177
2026-08-10T08:00:00.000Z,LINKUSDT,buy,100000,4.612,8583999,6579177
2026-08-10T08:00:00.000Z,LINKUSDT,buy,1000000,27.369,8583999,6579177
2026-08-10T08:00:00.000Z,LINKUSDT,buy,5000000,126.917,8583999,6579177
2026-08-10T08:00:00.000Z,LINKUSDT,sell,10000,0.61,8583999,6579177
2026-08-10T08:00:00.000Z,LINKUSDT,sell,100000,2.665,8583999,6579177
2026-08-10T08:00:00.000Z,LINKUSDT,sell,1000000,23.827,8583999,6579177
2026-08-10T08:00:00.000Z,LINKUSDT,sell,5000000,98.859,8583999,6579177
2026-08-10T08:00:00.000Z,SOLUSDT,buy,10000,0.651,93459132,86445842
2026-08-10T08:00:00.000Z,SOLUSDT,buy,100000,0.651,93459132,86445842
2026-08-10T08:00:00.000Z,SOLUSDT,buy,1000000,2.841,93459132,86445842
2026-08-10T08:00:00.000Z,SOLUSDT,buy,5000000,12.185,93459132,86445842
2026-08-10T08:00:00.000Z,SOLUSDT,sell,10000,0.651,93459132,86445842
2026-08-10T08:00:00.000Z,SOLUSDT,sell,100000,0.651,93459132,86445842
2026-08-10T08:00:00.000Z,SOLUSDT,sell,1000000,2.164,93459132,86445842
2026-08-10T08:00:00.000Z,SOLUSDT,sell,5000000,9.116,93459132,86445842
2026-08-10T08:00:00.000Z,XRPUSDT,buy,10000,0.485,37825241,31287286
2026-08-10T08:00:00.000Z,XRPUSDT,buy,100000,0.789,37825241,31287286
2026-08-10T08:00:00.000Z,XRPUSDT,buy,1000000,4.127,37825241,31287286
2026-08-10T08:00:00.000Z,XRPUSDT,buy,5000000,24.645,37825241,31287286
2026-08-10T08:00:00.000Z,XRPUSDT,sell,10000,0.485,37825241,31287286
2026-08-10T08:00:00.000Z,XRPUSDT,sell,100000,0.946,37825241,31287286
2026-08-10T08:00:00.000Z,XRPUSDT,sell,1000000,5.641,37825241,31287286
2026-08-10T08:00:00.000Z,XRPUSDT,sell,5000000,19.769,37825241,31287286
2026-08-10T09:00:00.000Z,ADAUSDT,buy,10000,2.563,14534978,11680825
2026-08-10T09:00:00.000Z,ADAUSDT,buy,100000,3.282,14534978,11680825
2026-08-10T09:00:00.000Z,ADAUSDT,buy,1000000,24.534,14534978,11680825
2026-08-10T09:00:00.000Z,ADAUSDT,buy,5000000,109.813,14534978,11680825
2026-08-10T09:00:00.000Z,ADAUSDT,sell,10000,3.785,14534978,11680825
2026-08-10T09:00:00.000Z,ADAUSDT,sell,100000,7.3,14534978,11680825
2026-08-10T09:00:00.000Z,ADAUSDT,sell,1000000,33.141,14534978,11680825
2026-08-10T09:00:00.000Z,ADAUSDT,sell,5000000,101.071,14534978,11680825
2026-08-10T09:00:00.000Z,BNBUSDT,buy,10000,0.312,11692630,10194067
2026-08-10T09:00:00.000Z,BNBUSDT,buy,100000,1.258,11692630,10194067
2026-08-10T09:00:00.000Z,BNBUSDT,buy,1000000,9.278,11692630,10194067
2026-08-10T09:00:00.000Z,BNBUSDT,buy,5000000,37.771,11692630,10194067
2026-08-10T09:00:00.000Z,BNBUSDT,sell,10000,0.083,11692630,10194067
2026-08-10T09:00:00.000Z,BNBUSDT,sell,100000,0.988,11692630,10194067
2026-08-10T09:00:00.000Z,BNBUSDT,sell,1000000,10.395,11692630,10194067
2026-08-10T09:00:00.000Z,BNBUSDT,sell,5000000,33.232,11692630,10194067
2026-08-10T09:00:00.000Z,BTCUSDT,buy,10000,0.008,51095332,48612028
2026-08-10T09:00:00.000Z,BTCUSDT,buy,100000,0.554,51095332,48612028
2026-08-10T09:00:00.000Z,BTCUSDT,buy,1000000,1.041,51095332,48612028
2026-08-10T09:00:00.000Z,BTCUSDT,buy,5000000,2.483,51095332,48612028
2026-08-10T09:00:00.000Z,BTCUSDT,sell,10000,0.008,51095332,48612028
2026-08-10T09:00:00.000Z,BTCUSDT,sell,100000,0.008,51095332,48612028
2026-08-10T09:00:00.000Z,BTCUSDT,sell,1000000,0.008,51095332,48612028
2026-08-10T09:00:00.000Z,BTCUSDT,sell,5000000,0.998,51095332,48612028
2026-08-10T09:00:00.000Z,DOGEUSDT,buy,10000,0.715,48378442,30404406
2026-08-10T09:00:00.000Z,DOGEUSDT,buy,100000,1.223,48378442,30404406
2026-08-10T09:00:00.000Z,DOGEUSDT,buy,1000000,11.137,48378442,30404406
2026-08-10T09:00:00.000Z,DOGEUSDT,buy,5000000,53.261,48378442,30404406
2026-08-10T09:00:00.000Z,DOGEUSDT,sell,10000,0.715,48378442,30404406
2026-08-10T09:00:00.000Z,DOGEUSDT,sell,100000,1.447,48378442,30404406
2026-08-10T09:00:00.000Z,DOGEUSDT,sell,1000000,9.605,48378442,30404406
2026-08-10T09:00:00.000Z,DOGEUSDT,sell,5000000,48.383,48378442,30404406
2026-08-10T09:00:00.000Z,ETHUSDT,buy,10000,0.026,74426241,57380510
2026-08-10T09:00:00.000Z,ETHUSDT,buy,100000,0.026,74426241,57380510
2026-08-10T09:00:00.000Z,ETHUSDT,buy,1000000,0.945,74426241,57380510
2026-08-10T09:00:00.000Z,ETHUSDT,buy,5000000,3.025,74426241,57380510
2026-08-10T09:00:00.000Z,ETHUSDT,sell,10000,0.026,74426241,57380510
2026-08-10T09:00:00.000Z,ETHUSDT,sell,100000,0.026,74426241,57380510
2026-08-10T09:00:00.000Z,ETHUSDT,sell,1000000,0.823,74426241,57380510
2026-08-10T09:00:00.000Z,ETHUSDT,sell,5000000,4.63,74426241,57380510
2026-08-10T09:00:00.000Z,LINKUSDT,buy,10000,1.758,8980255,6686016
2026-08-10T09:00:00.000Z,LINKUSDT,buy,100000,5.252,8980255,6686016
2026-08-10T09:00:00.000Z,LINKUSDT,buy,1000000,26.524,8980255,6686016
2026-08-10T09:00:00.000Z,LINKUSDT,buy,5000000,123.236,8980255,6686016
2026-08-10T09:00:00.000Z,LINKUSDT,sell,10000,0.607,8980255,6686016
2026-08-10T09:00:00.000Z,LINKUSDT,sell,100000,2.943,8980255,6686016
2026-08-10T09:00:00.000Z,LINKUSDT,sell,1000000,29.312,8980255,6686016
2026-08-10T09:00:00.000Z,LINKUSDT,sell,5000000,110.452,8980255,6686016
2026-08-10T09:00:00.000Z,SOLUSDT,buy,10000,0.652,91606697,85532390
2026-08-10T09:00:00.000Z,SOLUSDT,buy,100000,1.614,91606697,85532390
2026-08-10T09:00:00.000Z,SOLUSDT,buy,1000000,4.157,91606697,85532390
2026-08-10T09:00:00.000Z,SOLUSDT,buy,5000000,14.953,91606697,85532390
2026-08-10T09:00:00.000Z,SOLUSDT,sell,10000,0.652,91606697,85532390
2026-08-10T09:00:00.000Z,SOLUSDT,sell,100000,0.652,91606697,85532390
2026-08-10T09:00:00.000Z,SOLUSDT,sell,1000000,2.241,91606697,85532390
2026-08-10T09:00:00.000Z,SOLUSDT,sell,5000000,10.887,91606697,85532390
2026-08-10T09:00:00.000Z,XRPUSDT,buy,10000,0.644,36583840,30126357
2026-08-10T09:00:00.000Z,XRPUSDT,buy,100000,2.081,36583840,30126357
2026-08-10T09:00:00.000Z,XRPUSDT,buy,1000000,7.607,36583840,30126357
2026-08-10T09:00:00.000Z,XRPUSDT,buy,5000000,27.478,36583840,30126357
2026-08-10T09:00:00.000Z,XRPUSDT,sell,10000,0.485,36583840,30126357
2026-08-10T09:00:00.000Z,XRPUSDT,sell,100000,0.485,36583840,30126357
2026-08-10T09:00:00.000Z,XRPUSDT,sell,1000000,4.493,36583840,30126357
2026-08-10T09:00:00.000Z,XRPUSDT,sell,5000000,18.672,36583840,30126357
2026-08-10T10:00:00.000Z,ADAUSDT,buy,10000,3.167,14558876,11286572
2026-08-10T10:00:00.000Z,ADAUSDT,buy,100000,7.231,14558876,11286572
2026-08-10T10:00:00.000Z,ADAUSDT,buy,1000000,33.305,14558876,11286572
2026-08-10T10:00:00.000Z,ADAUSDT,buy,5000000,116.206,14558876,11286572
2026-08-10T10:00:00.000Z,ADAUSDT,sell,10000,2.561,14558876,11286572
2026-08-10T10:00:00.000Z,ADAUSDT,sell,100000,5.079,14558876,11286572
2026-08-10T10:00:00.000Z,ADAUSDT,sell,1000000,28.133,14558876,11286572
2026-08-10T10:00:00.000Z,ADAUSDT,sell,5000000,99.024,14558876,11286572
2026-08-10T10:00:00.000Z,BNBUSDT,buy,10000,0.082,11195509,11293699
2026-08-10T10:00:00.000Z,BNBUSDT,buy,100000,0.795,11195509,11293699
2026-08-10T10:00:00.000Z,BNBUSDT,buy,1000000,7.359,11195509,11293699
2026-08-10T10:00:00.000Z,BNBUSDT,buy,5000000,29.305,11195509,11293699
2026-08-10T10:00:00.000Z,BNBUSDT,sell,10000,0.597,11195509,11293699
2026-08-10T10:00:00.000Z,BNBUSDT,sell,100000,2.419,11195509,11293699
2026-08-10T10:00:00.000Z,BNBUSDT,sell,1000000,10.99,11195509,11293699
2026-08-10T10:00:00.000Z,BNBUSDT,sell,5000000,44.884,11195509,11293699
2026-08-10T10:00:00.000Z,BTCUSDT,buy,10000,0.008,42062911,54795908
2026-08-10T10:00:00.000Z,BTCUSDT,buy,100000,0.008,42062911,54795908
2026-08-10T10:00:00.000Z,BTCUSDT,buy,1000000,0.171,42062911,54795908
2026-08-10T10:00:00.000Z,BTCUSDT,buy,5000000,1.684,42062911,54795908
2026-08-10T10:00:00.000Z,BTCUSDT,sell,10000,0.008,42062911,54795908
2026-08-10T10:00:00.000Z,BTCUSDT,sell,100000,0.008,42062911,54795908
2026-08-10T10:00:00.000Z,BTCUSDT,sell,1000000,0.496,42062911,54795908
2026-08-10T10:00:00.000Z,BTCUSDT,sell,5000000,2.109,42062911,54795908
2026-08-10T10:00:00.000Z,DOGEUSDT,buy,10000,0.715,48511290,30831057
2026-08-10T10:00:00.000Z,DOGEUSDT,buy,100000,1.124,48511290,30831057
2026-08-10T10:00:00.000Z,DOGEUSDT,buy,1000000,7.852,48511290,30831057
2026-08-10T10:00:00.000Z,DOGEUSDT,buy,5000000,45.342,48511290,30831057
2026-08-10T10:00:00.000Z,DOGEUSDT,sell,10000,0.715,48511290,30831057
2026-08-10T10:00:00.000Z,DOGEUSDT,sell,100000,1.112,48511290,30831057
2026-08-10T10:00:00.000Z,DOGEUSDT,sell,1000000,7.353,48511290,30831057
2026-08-10T10:00:00.000Z,DOGEUSDT,sell,5000000,43.573,48511290,30831057
2026-08-10T10:00:00.000Z,ETHUSDT,buy,10000,0.026,71566612,57302957
2026-08-10T10:00:00.000Z,ETHUSDT,buy,100000,0.026,71566612,57302957
2026-08-10T10:00:00.000Z,ETHUSDT,buy,1000000,1.224,71566612,57302957
2026-08-10T10:00:00.000Z,ETHUSDT,buy,5000000,5.105,71566612,57302957
2026-08-10T10:00:00.000Z,ETHUSDT,sell,10000,0.026,71566612,57302957
2026-08-10T10:00:00.000Z,ETHUSDT,sell,100000,0.026,71566612,57302957
2026-08-10T10:00:00.000Z,ETHUSDT,sell,1000000,0.513,71566612,57302957
2026-08-10T10:00:00.000Z,ETHUSDT,sell,5000000,2.791,71566612,57302957
2026-08-10T10:00:00.000Z,LINKUSDT,buy,10000,0.604,8780413,6736300
2026-08-10T10:00:00.000Z,LINKUSDT,buy,100000,3.627,8780413,6736300
2026-08-10T10:00:00.000Z,LINKUSDT,buy,1000000,30.162,8780413,6736300
2026-08-10T10:00:00.000Z,LINKUSDT,buy,5000000,133.34,8780413,6736300
2026-08-10T10:00:00.000Z,LINKUSDT,sell,10000,1.665,8780413,6736300
2026-08-10T10:00:00.000Z,LINKUSDT,sell,100000,5.175,8780413,6736300
2026-08-10T10:00:00.000Z,LINKUSDT,sell,1000000,27.704,8780413,6736300
2026-08-10T10:00:00.000Z,LINKUSDT,sell,5000000,116.44,8780413,6736300
2026-08-10T10:00:00.000Z,SOLUSDT,buy,10000,0.651,93097765,84761583
2026-08-10T10:00:00.000Z,SOLUSDT,buy,100000,0.651,93097765,84761583
2026-08-10T10:00:00.000Z,SOLUSDT,buy,1000000,3.397,93097765,84761583
2026-08-10T10:00:00.000Z,SOLUSDT,buy,5000000,13.05,93097765,84761583
2026-08-10T10:00:00.000Z,SOLUSDT,sell,10000,0.651,93097765,84761583
2026-08-10T10:00:00.000Z,SOLUSDT,sell,100000,1.394,93097765,84761583
2026-08-10T10:00:00.000Z,SOLUSDT,sell,1000000,3.419,93097765,84761583
2026-08-10T10:00:00.000Z,SOLUSDT,sell,5000000,9.844,93097765,84761583
2026-08-10T10:00:00.000Z,XRPUSDT,buy,10000,0.485,36956858,29976649
2026-08-10T10:00:00.000Z,XRPUSDT,buy,100000,0.815,36956858,29976649
2026-08-10T10:00:00.000Z,XRPUSDT,buy,1000000,5.831,36956858,29976649
2026-08-10T10:00:00.000Z,XRPUSDT,buy,5000000,26.196,36956858,29976649
2026-08-10T10:00:00.000Z,XRPUSDT,sell,10000,0.485,36956858,29976649
2026-08-10T10:00:00.000Z,XRPUSDT,sell,100000,1.572,36956858,29976649
2026-08-10T10:00:00.000Z,XRPUSDT,sell,1000000,5.086,36956858,29976649
2026-08-10T10:00:00.000Z,XRPUSDT,sell,5000000,20.636,36956858,29976649
2026-08-10T11:00:00.000Z,ADAUSDT,buy,10000,2.556,16835411,11296477
2026-08-10T11:00:00.000Z,ADAUSDT,buy,100000,6.067,16835411,11296477
2026-08-10T11:00:00.000Z,ADAUSDT,buy,1000000,30.311,16835411,11296477
2026-08-10T11:00:00.000Z,ADAUSDT,buy,5000000,112.845,16835411,11296477
2026-08-10T11:00:00.000Z,ADAUSDT,sell,10000,2.556,16835411,11296477
2026-08-10T11:00:00.000Z,ADAUSDT,sell,100000,6.864,16835411,11296477
2026-08-10T11:00:00.000Z,ADAUSDT,sell,1000000,29.299,16835411,11296477
2026-08-10T11:00:00.000Z,ADAUSDT,sell,5000000,99.478,16835411,11296477
2026-08-10T11:00:00.000Z,BNBUSDT,buy,10000,0.083,12577987,9908966
2026-08-10T11:00:00.000Z,BNBUSDT,buy,100000,1.414,12577987,9908966
2026-08-10T11:00:00.000Z,BNBUSDT,buy,1000000,10.091,12577987,9908966
2026-08-10T11:00:00.000Z,BNBUSDT,buy,5000000,38.878,12577987,9908966
2026-08-10T11:00:00.000Z,BNBUSDT,sell,10000,0.083,12577987,9908966
2026-08-10T11:00:00.000Z,BNBUSDT,sell,100000,1.378,12577987,9908966
2026-08-10T11:00:00.000Z,BNBUSDT,sell,1000000,9.221,12577987,9908966
2026-08-10T11:00:00.000Z,BNBUSDT,sell,5000000,34.774,12577987,9908966
2026-08-10T11:00:00.000Z,BTCUSDT,buy,10000,0.008,42522187,44671763
2026-08-10T11:00:00.000Z,BTCUSDT,buy,100000,0.008,42522187,44671763
2026-08-10T11:00:00.000Z,BTCUSDT,buy,1000000,0.008,42522187,44671763
2026-08-10T11:00:00.000Z,BTCUSDT,buy,5000000,1.197,42522187,44671763
2026-08-10T11:00:00.000Z,BTCUSDT,sell,10000,0.008,42522187,44671763
2026-08-10T11:00:00.000Z,BTCUSDT,sell,100000,0.008,42522187,44671763
2026-08-10T11:00:00.000Z,BTCUSDT,sell,1000000,0.308,42522187,44671763
2026-08-10T11:00:00.000Z,BTCUSDT,sell,5000000,1.466,42522187,44671763
2026-08-10T11:00:00.000Z,DOGEUSDT,buy,10000,0.715,52220760,30894250
2026-08-10T11:00:00.000Z,DOGEUSDT,buy,100000,0.715,52220760,30894250
2026-08-10T11:00:00.000Z,DOGEUSDT,buy,1000000,7.9,52220760,30894250
2026-08-10T11:00:00.000Z,DOGEUSDT,buy,5000000,47.108,52220760,30894250
2026-08-10T11:00:00.000Z,DOGEUSDT,sell,10000,0.715,52220760,30894250
2026-08-10T11:00:00.000Z,DOGEUSDT,sell,100000,1.629,52220760,30894250
2026-08-10T11:00:00.000Z,DOGEUSDT,sell,1000000,11.767,52220760,30894250
2026-08-10T11:00:00.000Z,DOGEUSDT,sell,5000000,47.946,52220760,30894250
2026-08-10T11:00:00.000Z,ETHUSDT,buy,10000,0.026,63609067,58485587
2026-08-10T11:00:00.000Z,ETHUSDT,buy,100000,0.026,63609067,58485587
2026-08-10T11:00:00.000Z,ETHUSDT,buy,1000000,0.762,63609067,58485587
2026-08-10T11:00:00.000Z,ETHUSDT,buy,5000000,4.504,63609067,58485587
2026-08-10T11:00:00.000Z,ETHUSDT,sell,10000,0.026,63609067,58485587
2026-08-10T11:00:00.000Z,ETHUSDT,sell,100000,0.026,63609067,58485587
2026-08-10T11:00:00.000Z,ETHUSDT,sell,1000000,1.383,63609067,58485587
2026-08-10T11:00:00.000Z,ETHUSDT,sell,5000000,4.287,63609067,58485587
2026-08-10T11:00:00.000Z,LINKUSDT,buy,10000,0.602,8473897,6444433
2026-08-10T11:00:00.000Z,LINKUSDT,buy,100000,3.22,8473897,6444433
2026-08-10T11:00:00.000Z,LINKUSDT,buy,1000000,23.987,8473897,6444433
2026-08-10T11:00:00.000Z,LINKUSDT,buy,5000000,133.72,8473897,6444433
2026-08-10T11:00:00.000Z,LINKUSDT,sell,10000,1.484,8473897,6444433
2026-08-10T11:00:00.000Z,LINKUSDT,sell,100000,4.254,8473897,6444433
2026-08-10T11:00:00.000Z,LINKUSDT,sell,1000000,26.796,8473897,6444433
2026-08-10T11:00:00.000Z,LINKUSDT,sell,5000000,118.99,8473897,6444433
2026-08-10T11:00:00.000Z,SOLUSDT,buy,10000,0.65,94410933,80786038
2026-08-10T11:00:00.000Z,SOLUSDT,buy,100000,0.65,94410933,80786038
2026-08-10T11:00:00.000Z,SOLUSDT,buy,1000000,2.7,94410933,80786038
2026-08-10T11:00:00.000Z,SOLUSDT,buy,5000000,12.234,94410933,80786038
2026-08-10T11:00:00.000Z,SOLUSDT,sell,10000,0.65,94410933,80786038
2026-08-10T11:00:00.000Z,SOLUSDT,sell,100000,0.65,94410933,80786038
2026-08-10T11:00:00.000Z,SOLUSDT,sell,1000000,2.957,94410933,80786038
2026-08-10T11:00:00.000Z,SOLUSDT,sell,5000000,8.032,94410933,80786038
2026-08-10T11:00:00.000Z,XRPUSDT,buy,10000,0.484,38113881,29704356
2026-08-10T11:00:00.000Z,XRPUSDT,buy,100000,1.222,38113881,29704356
2026-08-10T11:00:00.000Z,XRPUSDT,buy,1000000,5.014,38113881,29704356
2026-08-10T11:00:00.000Z,XRPUSDT,buy,5000000,25.244,38113881,29704356
2026-08-10T11:00:00.000Z,XRPUSDT,sell,10000,0.484,38113881,29704356
2026-08-10T11:00:00.000Z,XRPUSDT,sell,100000,0.924,38113881,29704356
2026-08-10T11:00:00.000Z,XRPUSDT,sell,1000000,5.099,38113881,29704356
2026-08-10T11:00:00.000Z,XRPUSDT,sell,5000000,24.204,38113881,29704356
2026-08-10T12:00:00.000Z,ADAUSDT,buy,10000,2.55,17138354,11315049
2026-08-10T12:00:00.000Z,ADAUSDT,buy,100000,6.508,17138354,11315049
2026-08-10T12:00:00.000Z,ADAUSDT,buy,1000000,29.574,17138354,11315049
2026-08-10T12:00:00.000Z,ADAUSDT,buy,5000000,111.606,17138354,11315049
2026-08-10T12:00:00.000Z,ADAUSDT,sell,10000,2.55,17138354,11315049
2026-08-10T12:00:00.000Z,ADAUSDT,sell,100000,6.285,17138354,11315049
2026-08-10T12:00:00.000Z,ADAUSDT,sell,1000000,29.54,17138354,11315049
2026-08-10T12:00:00.000Z,ADAUSDT,sell,5000000,98.14,17138354,11315049
2026-08-10T12:00:00.000Z,BNBUSDT,buy,10000,0.104,12871364,9404031
2026-08-10T12:00:00.000Z,BNBUSDT,buy,100000,1.246,12871364,9404031
2026-08-10T12:00:00.000Z,BNBUSDT,buy,1000000,9.388,12871364,9404031
2026-08-10T12:00:00.000Z,BNBUSDT,buy,5000000,42.501,12871364,9404031
2026-08-10T12:00:00.000Z,BNBUSDT,sell,10000,0.791,12871364,9404031
2026-08-10T12:00:00.000Z,BNBUSDT,sell,100000,2.427,12871364,9404031
2026-08-10T12:00:00.000Z,BNBUSDT,sell,1000000,10.649,12871364,9404031
2026-08-10T12:00:00.000Z,BNBUSDT,sell,5000000,30.226,12871364,9404031
2026-08-10T12:00:00.000Z,BTCUSDT,buy,10000,0.008,39967372,47830830
2026-08-10T12:00:00.000Z,BTCUSDT,buy,100000,0.008,39967372,47830830
2026-08-10T12:00:00.000Z,BTCUSDT,buy,1000000,0.072,39967372,47830830
2026-08-10T12:00:00.000Z,BTCUSDT,buy,5000000,1.112,39967372,47830830
2026-08-10T12:00:00.000Z,BTCUSDT,sell,10000,0.008,39967372,47830830
2026-08-10T12:00:00.000Z,BTCUSDT,sell,100000,0.008,39967372,47830830
2026-08-10T12:00:00.000Z,BTCUSDT,sell,1000000,0.592,39967372,47830830
2026-08-10T12:00:00.000Z,BTCUSDT,sell,5000000,2.374,39967372,47830830
2026-08-10T12:00:00.000Z,DOGEUSDT,buy,10000,0.715,52729200,30983816
2026-08-10T12:00:00.000Z,DOGEUSDT,buy,100000,0.775,52729200,30983816
2026-08-10T12:00:00.000Z,DOGEUSDT,buy,1000000,7.149,52729200,30983816
2026-08-10T12:00:00.000Z,DOGEUSDT,buy,5000000,44.954,52729200,30983816
2026-08-10T12:00:00.000Z,DOGEUSDT,sell,10000,0.715,52729200,30983816
2026-08-10T12:00:00.000Z,DOGEUSDT,sell,100000,1.611,52729200,30983816
2026-08-10T12:00:00.000Z,DOGEUSDT,sell,1000000,11.001,52729200,30983816
2026-08-10T12:00:00.000Z,DOGEUSDT,sell,5000000,46.863,52729200,30983816
2026-08-10T12:00:00.000Z,ETHUSDT,buy,10000,0.026,102097698,60795807
2026-08-10T12:00:00.000Z,ETHUSDT,buy,100000,0.026,102097698,60795807
2026-08-10T12:00:00.000Z,ETHUSDT,buy,1000000,0.422,102097698,60795807
2026-08-10T12:00:00.000Z,ETHUSDT,buy,5000000,3.317,102097698,60795807
2026-08-10T12:00:00.000Z,ETHUSDT,sell,10000,0.026,102097698,60795807
2026-08-10T12:00:00.000Z,ETHUSDT,sell,100000,0.453,102097698,60795807
2026-08-10T12:00:00.000Z,ETHUSDT,sell,1000000,1.498,102097698,60795807
2026-08-10T12:00:00.000Z,ETHUSDT,sell,5000000,3.532,102097698,60795807
2026-08-10T12:00:00.000Z,LINKUSDT,buy,10000,0.602,9198631,6838498
2026-08-10T12:00:00.000Z,LINKUSDT,buy,100000,3.72,9198631,6838498
2026-08-10T12:00:00.000Z,LINKUSDT,buy,1000000,33.422,9198631,6838498
2026-08-10T12:00:00.000Z,LINKUSDT,buy,5000000,135.835,9198631,6838498
2026-08-10T12:00:00.000Z,LINKUSDT,sell,10000,1.453,9198631,6838498
2026-08-10T12:00:00.000Z,LINKUSDT,sell,100000,4.571,9198631,6838498
2026-08-10T12:00:00.000Z,LINKUSDT,sell,1000000,30.799,9198631,6838498
2026-08-10T12:00:00.000Z,LINKUSDT,sell,5000000,105.257,9198631,6838498
2026-08-10T12:00:00.000Z,SOLUSDT,buy,10000,0.652,91744651,83339880
2026-08-10T12:00:00.000Z,SOLUSDT,buy,100000,0.652,91744651,83339880
2026-08-10T12:00:00.000Z,SOLUSDT,buy,1000000,2.77,91744651,83339880
2026-08-10T12:00:00.000Z,SOLUSDT,buy,5000000,10.611,91744651,83339880
2026-08-10T12:00:00.000Z,SOLUSDT,sell,10000,0.652,91744651,83339880
2026-08-10T12:00:00.000Z,SOLUSDT,sell,100000,0.652,91744651,83339880
2026-08-10T12:00:00.000Z,SOLUSDT,sell,1000000,2.817,91744651,83339880
2026-08-10T12:00:00.000Z,SOLUSDT,sell,5000000,11.243,91744651,83339880
2026-08-10T12:00:00.000Z,XRPUSDT,buy,10000,0.486,37791581,29897887
2026-08-10T12:00:00.000Z,XRPUSDT,buy,100000,0.869,37791581,29897887
2026-08-10T12:00:00.000Z,XRPUSDT,buy,1000000,5.095,37791581,29897887
2026-08-10T12:00:00.000Z,XRPUSDT,buy,5000000,24.841,37791581,29897887
2026-08-10T12:00:00.000Z,XRPUSDT,sell,10000,0.486,37791581,29897887
2026-08-10T12:00:00.000Z,XRPUSDT,sell,100000,0.837,37791581,29897887
2026-08-10T12:00:00.000Z,XRPUSDT,sell,1000000,4.683,37791581,29897887
2026-08-10T12:00:00.000Z,XRPUSDT,sell,5000000,19.077,37791581,29897887
2026-08-10T13:00:00.000Z,ADAUSDT,buy,10000,2.553,14393376,11234689
2026-08-10T13:00:00.000Z,ADAUSDT,buy,100000,7.094,14393376,11234689
2026-08-10T13:00:00.000Z,ADAUSDT,buy,1000000,30.392,14393376,11234689
2026-08-10T13:00:00.000Z,ADAUSDT,buy,5000000,116.671,14393376,11234689
2026-08-10T13:00:00.000Z,ADAUSDT,sell,10000,2.553,14393376,11234689
2026-08-10T13:00:00.000Z,ADAUSDT,sell,100000,6.329,14393376,11234689
2026-08-10T13:00:00.000Z,ADAUSDT,sell,1000000,30.371,14393376,11234689
2026-08-10T13:00:00.000Z,ADAUSDT,sell,5000000,98.155,14393376,11234689
2026-08-10T13:00:00.000Z,BNBUSDT,buy,10000,0.917,13589477,8011377
2026-08-10T13:00:00.000Z,BNBUSDT,buy,100000,2.406,13589477,8011377
2026-08-10T13:00:00.000Z,BNBUSDT,buy,1000000,12.412,13589477,8011377
2026-08-10T13:00:00.000Z,BNBUSDT,buy,5000000,56.069,13589477,8011377
2026-08-10T13:00:00.000Z,BNBUSDT,sell,10000,0.083,13589477,8011377
2026-08-10T13:00:00.000Z,BNBUSDT,sell,100000,1.845,13589477,8011377
2026-08-10T13:00:00.000Z,BNBUSDT,sell,1000000,8.784,13589477,8011377
2026-08-10T13:00:00.000Z,BNBUSDT,sell,5000000,30.455,13589477,8011377
2026-08-10T13:00:00.000Z,BTCUSDT,buy,10000,0.008,68761828,43430841
2026-08-10T13:00:00.000Z,BTCUSDT,buy,100000,0.008,68761828,43430841
2026-08-10T13:00:00.000Z,BTCUSDT,buy,1000000,0.236,68761828,43430841
2026-08-10T13:00:00.000Z,BTCUSDT,buy,5000000,1.352,68761828,43430841
2026-08-10T13:00:00.000Z,BTCUSDT,sell,10000,0.008,68761828,43430841
2026-08-10T13:00:00.000Z,BTCUSDT,sell,100000,0.008,68761828,43430841
2026-08-10T13:00:00.000Z,BTCUSDT,sell,1000000,0.665,68761828,43430841
2026-08-10T13:00:00.000Z,BTCUSDT,sell,5000000,2.354,68761828,43430841
2026-08-10T13:00:00.000Z,DOGEUSDT,buy,10000,0.718,45665902,30674302
2026-08-10T13:00:00.000Z,DOGEUSDT,buy,100000,0.961,45665902,30674302
2026-08-10T13:00:00.000Z,DOGEUSDT,buy,1000000,10.253,45665902,30674302
2026-08-10T13:00:00.000Z,DOGEUSDT,buy,5000000,52.309,45665902,30674302
2026-08-10T13:00:00.000Z,DOGEUSDT,sell,10000,0.718,45665902,30674302
2026-08-10T13:00:00.000Z,DOGEUSDT,sell,100000,1.399,45665902,30674302
2026-08-10T13:00:00.000Z,DOGEUSDT,sell,1000000,5.279,45665902,30674302
2026-08-10T13:00:00.000Z,DOGEUSDT,sell,5000000,33.774,45665902,30674302
2026-08-10T13:00:00.000Z,ETHUSDT,buy,10000,0.026,69471184,48018046
2026-08-10T13:00:00.000Z,ETHUSDT,buy,100000,0.026,69471184,48018046
2026-08-10T13:00:00.000Z,ETHUSDT,buy,1000000,0.91,69471184,48018046
2026-08-10T13:00:00.000Z,ETHUSDT,buy,5000000,3.777,69471184,48018046
2026-08-10T13:00:00.000Z,ETHUSDT,sell,10000,0.026,69471184,48018046
2026-08-10T13:00:00.000Z,ETHUSDT,sell,100000,0.026,69471184,48018046
2026-08-10T13:00:00.000Z,ETHUSDT,sell,1000000,0.648,69471184,48018046
2026-08-10T13:00:00.000Z,ETHUSDT,sell,5000000,2.757,69471184,48018046
2026-08-10T13:00:00.000Z,LINKUSDT,buy,10000,1.105,8661811,6463284
2026-08-10T13:00:00.000Z,LINKUSDT,buy,100000,4.585,8661811,6463284
2026-08-10T13:00:00.000Z,LINKUSDT,buy,1000000,36.809,8661811,6463284
2026-08-10T13:00:00.000Z,LINKUSDT,buy,5000000,146.724,8661811,6463284
2026-08-10T13:00:00.000Z,LINKUSDT,sell,10000,1.658,8661811,6463284
2026-08-10T13:00:00.000Z,LINKUSDT,sell,100000,5.677,8661811,6463284
2026-08-10T13:00:00.000Z,LINKUSDT,sell,1000000,38.001,8661811,6463284
2026-08-10T13:00:00.000Z,LINKUSDT,sell,5000000,122.519,8661811,6463284
2026-08-10T13:00:00.000Z,SOLUSDT,buy,10000,0.656,89137364,78620960
2026-08-10T13:00:00.000Z,SOLUSDT,buy,100000,0.656,89137364,78620960
2026-08-10T13:00:00.000Z,SOLUSDT,buy,1000000,2.246,89137364,78620960
2026-08-10T13:00:00.000Z,SOLUSDT,buy,5000000,10.456,89137364,78620960
2026-08-10T13:00:00.000Z,SOLUSDT,sell,10000,0.656,89137364,78620960
2026-08-10T13:00:00.000Z,SOLUSDT,sell,100000,1.463,89137364,78620960
2026-08-10T13:00:00.000Z,SOLUSDT,sell,1000000,4.585,89137364,78620960
2026-08-10T13:00:00.000Z,SOLUSDT,sell,5000000,13.436,89137364,78620960
2026-08-10T13:00:00.000Z,XRPUSDT,buy,10000,0.489,34460773,29675012
2026-08-10T13:00:00.000Z,XRPUSDT,buy,100000,0.489,34460773,29675012
2026-08-10T13:00:00.000Z,XRPUSDT,buy,1000000,4.511,34460773,29675012
2026-08-10T13:00:00.000Z,XRPUSDT,buy,5000000,25.062,34460773,29675012
2026-08-10T13:00:00.000Z,XRPUSDT,sell,10000,0.489,34460773,29675012
2026-08-10T13:00:00.000Z,XRPUSDT,sell,100000,1.071,34460773,29675012
2026-08-10T13:00:00.000Z,XRPUSDT,sell,1000000,5.479,34460773,29675012
2026-08-10T13:00:00.000Z,XRPUSDT,sell,5000000,21.998,34460773,29675012
2026-08-10T14:00:00.000Z,ADAUSDT,buy,10000,2.55,14802995,11305267
2026-08-10T14:00:00.000Z,ADAUSDT,buy,100000,5.739,14802995,11305267
2026-08-10T14:00:00.000Z,ADAUSDT,buy,1000000,28.184,14802995,11305267
2026-08-10T14:00:00.000Z,ADAUSDT,buy,5000000,116.48,14802995,11305267
2026-08-10T14:00:00.000Z,ADAUSDT,sell,10000,4.523,14802995,11305267
2026-08-10T14:00:00.000Z,ADAUSDT,sell,100000,7.442,14802995,11305267
2026-08-10T14:00:00.000Z,ADAUSDT,sell,1000000,32.723,14802995,11305267
2026-08-10T14:00:00.000Z,ADAUSDT,sell,5000000,95.178,14802995,11305267
2026-08-10T14:00:00.000Z,BNBUSDT,buy,10000,0.083,12418593,9370480
2026-08-10T14:00:00.000Z,BNBUSDT,buy,100000,2.186,12418593,9370480
2026-08-10T14:00:00.000Z,BNBUSDT,buy,1000000,12.716,12418593,9370480
2026-08-10T14:00:00.000Z,BNBUSDT,buy,5000000,48.364,12418593,9370480
2026-08-10T14:00:00.000Z,BNBUSDT,sell,10000,0.158,12418593,9370480
2026-08-10T14:00:00.000Z,BNBUSDT,sell,100000,2.299,12418593,9370480
2026-08-10T14:00:00.000Z,BNBUSDT,sell,1000000,11.083,12418593,9370480
2026-08-10T14:00:00.000Z,BNBUSDT,sell,5000000,41.922,12418593,9370480
2026-08-10T14:00:00.000Z,BTCUSDT,buy,10000,0.008,42883438,38482198
2026-08-10T14:00:00.000Z,BTCUSDT,buy,100000,0.008,42883438,38482198
2026-08-10T14:00:00.000Z,BTCUSDT,buy,1000000,0.155,42883438,38482198
2026-08-10T14:00:00.000Z,BTCUSDT,buy,5000000,1.696,42883438,38482198
2026-08-10T14:00:00.000Z,BTCUSDT,sell,10000,0.008,42883438,38482198
2026-08-10T14:00:00.000Z,BTCUSDT,sell,100000,0.008,42883438,38482198
2026-08-10T14:00:00.000Z,BTCUSDT,sell,1000000,0.661,42883438,38482198
2026-08-10T14:00:00.000Z,BTCUSDT,sell,5000000,2.177,42883438,38482198
2026-08-10T14:00:00.000Z,DOGEUSDT,buy,10000,0.715,44312715,30415355
2026-08-10T14:00:00.000Z,DOGEUSDT,buy,100000,1.208,44312715,30415355
2026-08-10T14:00:00.000Z,DOGEUSDT,buy,1000000,8.779,44312715,30415355
2026-08-10T14:00:00.000Z,DOGEUSDT,buy,5000000,45.673,44312715,30415355
2026-08-10T14:00:00.000Z,DOGEUSDT,sell,10000,0.715,44312715,30415355
2026-08-10T14:00:00.000Z,DOGEUSDT,sell,100000,1.539,44312715,30415355
2026-08-10T14:00:00.000Z,DOGEUSDT,sell,1000000,10.265,44312715,30415355
2026-08-10T14:00:00.000Z,DOGEUSDT,sell,5000000,49.183,44312715,30415355
2026-08-10T14:00:00.000Z,ETHUSDT,buy,10000,0.026,59985372,52703110
2026-08-10T14:00:00.000Z,ETHUSDT,buy,100000,0.026,59985372,52703110
2026-08-10T14:00:00.000Z,ETHUSDT,buy,1000000,0.869,59985372,52703110
2026-08-10T14:00:00.000Z,ETHUSDT,buy,5000000,3.564,59985372,52703110
2026-08-10T14:00:00.000Z,ETHUSDT,sell,10000,0.026,59985372,52703110
2026-08-10T14:00:00.000Z,ETHUSDT,sell,100000,0.026,59985372,52703110
2026-08-10T14:00:00.000Z,ETHUSDT,sell,1000000,1.803,59985372,52703110
2026-08-10T14:00:00.000Z,ETHUSDT,sell,5000000,4.984,59985372,52703110
2026-08-10T14:00:00.000Z,LINKUSDT,buy,10000,1.7,9075304,6868978
2026-08-10T14:00:00.000Z,LINKUSDT,buy,100000,4.374,9075304,6868978
2026-08-10T14:00:00.000Z,LINKUSDT,buy,1000000,31.191,9075304,6868978
2026-08-10T14:00:00.000Z,LINKUSDT,buy,5000000,133.992,9075304,6868978
2026-08-10T14:00:00.000Z,LINKUSDT,sell,10000,0.876,9075304,6868978
2026-08-10T14:00:00.000Z,LINKUSDT,sell,100000,3.523,9075304,6868978
2026-08-10T14:00:00.000Z,LINKUSDT,sell,1000000,29.641,9075304,6868978
2026-08-10T14:00:00.000Z,LINKUSDT,sell,5000000,110.133,9075304,6868978
2026-08-10T14:00:00.000Z,SOLUSDT,buy,10000,0.654,89363941,76675991
2026-08-10T14:00:00.000Z,SOLUSDT,buy,100000,0.654,89363941,76675991
2026-08-10T14:00:00.000Z,SOLUSDT,buy,1000000,3.078,89363941,76675991
2026-08-10T14:00:00.000Z,SOLUSDT,buy,5000000,10.76,89363941,76675991
2026-08-10T14:00:00.000Z,SOLUSDT,sell,10000,0.654,89363941,76675991
2026-08-10T14:00:00.000Z,SOLUSDT,sell,100000,0.654,89363941,76675991
2026-08-10T14:00:00.000Z,SOLUSDT,sell,1000000,3.011,89363941,76675991
2026-08-10T14:00:00.000Z,SOLUSDT,sell,5000000,11.145,89363941,76675991
2026-08-10T14:00:00.000Z,XRPUSDT,buy,10000,0.486,35187919,30335147
2026-08-10T14:00:00.000Z,XRPUSDT,buy,100000,0.486,35187919,30335147
2026-08-10T14:00:00.000Z,XRPUSDT,buy,1000000,3.254,35187919,30335147
2026-08-10T14:00:00.000Z,XRPUSDT,buy,5000000,20.678,35187919,30335147
2026-08-10T14:00:00.000Z,XRPUSDT,sell,10000,0.486,35187919,30335147
2026-08-10T14:00:00.000Z,XRPUSDT,sell,100000,1.391,35187919,30335147
2026-08-10T14:00:00.000Z,XRPUSDT,sell,1000000,7.006,35187919,30335147
2026-08-10T14:00:00.000Z,XRPUSDT,sell,5000000,24.588,35187919,30335147
2026-08-10T15:00:00.000Z,ADAUSDT,buy,10000,2.565,13935515,11128010
2026-08-10T15:00:00.000Z,ADAUSDT,buy,100000,6.298,13935515,11128010
2026-08-10T15:00:00.000Z,ADAUSDT,buy,1000000,31.902,13935515,11128010
2026-08-10T15:00:00.000Z,ADAUSDT,buy,5000000,114.778,13935515,11128010
2026-08-10T15:00:00.000Z,ADAUSDT,sell,10000,2.565,13935515,11128010
2026-08-10T15:00:00.000Z,ADAUSDT,sell,100000,3.909,13935515,11128010
2026-08-10T15:00:00.000Z,ADAUSDT,sell,1000000,28.419,13935515,11128010
2026-08-10T15:00:00.000Z,ADAUSDT,sell,5000000,100.439,13935515,11128010
2026-08-10T15:00:00.000Z,BNBUSDT,buy,10000,0.083,13359575,8862234
2026-08-10T15:00:00.000Z,BNBUSDT,buy,100000,1.652,13359575,8862234
2026-08-10T15:00:00.000Z,BNBUSDT,buy,1000000,10.198,13359575,8862234
2026-08-10T15:00:00.000Z,BNBUSDT,buy,5000000,49.865,13359575,8862234
2026-08-10T15:00:00.000Z,BNBUSDT,sell,10000,0.083,13359575,8862234
2026-08-10T15:00:00.000Z,BNBUSDT,sell,100000,0.479,13359575,8862234
2026-08-10T15:00:00.000Z,BNBUSDT,sell,1000000,9.248,13359575,8862234
2026-08-10T15:00:00.000Z,BNBUSDT,sell,5000000,37.783,13359575,8862234
2026-08-10T15:00:00.000Z,BTCUSDT,buy,10000,0.008,51812450,43253013
2026-08-10T15:00:00.000Z,BTCUSDT,buy,100000,0.008,51812450,43253013
2026-08-10T15:00:00.000Z,BTCUSDT,buy,1000000,0.586,51812450,43253013
2026-08-10T15:00:00.000Z,BTCUSDT,buy,5000000,2.027,51812450,43253013
2026-08-10T15:00:00.000Z,BTCUSDT,sell,10000,0.008,51812450,43253013
2026-08-10T15:00:00.000Z,BTCUSDT,sell,100000,0.008,51812450,43253013
2026-08-10T15:00:00.000Z,BTCUSDT,sell,1000000,0.122,51812450,43253013
2026-08-10T15:00:00.000Z,BTCUSDT,sell,5000000,0.589,51812450,43253013
2026-08-10T15:00:00.000Z,DOGEUSDT,buy,10000,0.719,44915972,30197916
2026-08-10T15:00:00.000Z,DOGEUSDT,buy,100000,2.546,44915972,30197916
2026-08-10T15:00:00.000Z,DOGEUSDT,buy,1000000,10.881,44915972,30197916
2026-08-10T15:00:00.000Z,DOGEUSDT,buy,5000000,55.651,44915972,30197916
2026-08-10T15:00:00.000Z,DOGEUSDT,sell,10000,0.719,44915972,30197916
2026-08-10T15:00:00.000Z,DOGEUSDT,sell,100000,1.091,44915972,30197916
2026-08-10T15:00:00.000Z,DOGEUSDT,sell,1000000,9.407,44915972,30197916
2026-08-10T15:00:00.000Z,DOGEUSDT,sell,5000000,46.788,44915972,30197916
2026-08-10T15:00:00.000Z,ETHUSDT,buy,10000,0.027,64691005,54387517
2026-08-10T15:00:00.000Z,ETHUSDT,buy,100000,0.027,64691005,54387517
2026-08-10T15:00:00.000Z,ETHUSDT,buy,1000000,1.325,64691005,54387517
2026-08-10T15:00:00.000Z,ETHUSDT,buy,5000000,4.201,64691005,54387517
2026-08-10T15:00:00.000Z,ETHUSDT,sell,10000,0.027,64691005,54387517
2026-08-10T15:00:00.000Z,ETHUSDT,sell,100000,0.027,64691005,54387517
2026-08-10T15:00:00.000Z,ETHUSDT,sell,1000000,1.087,64691005,54387517
2026-08-10T15:00:00.000Z,ETHUSDT,sell,5000000,3.958,64691005,54387517
2026-08-10T15:00:00.000Z,LINKUSDT,buy,10000,1.05,8670673,6720203
2026-08-10T15:00:00.000Z,LINKUSDT,buy,100000,4.588,8670673,6720203
2026-08-10T15:00:00.000Z,LINKUSDT,buy,1000000,32.537,8670673,6720203
2026-08-10T15:00:00.000Z,LINKUSDT,buy,5000000,135.698,8670673,6720203
2026-08-10T15:00:00.000Z,LINKUSDT,sell,10000,0.611,8670673,6720203
2026-08-10T15:00:00.000Z,LINKUSDT,sell,100000,3.257,8670673,6720203
2026-08-10T15:00:00.000Z,LINKUSDT,sell,1000000,27.863,8670673,6720203
2026-08-10T15:00:00.000Z,LINKUSDT,sell,5000000,108.411,8670673,6720203
2026-08-10T15:00:00.000Z,SOLUSDT,buy,10000,0.659,90852074,77384621
2026-08-10T15:00:00.000Z,SOLUSDT,buy,100000,1.444,90852074,77384621
2026-08-10T15:00:00.000Z,SOLUSDT,buy,1000000,2.966,90852074,77384621
2026-08-10T15:00:00.000Z,SOLUSDT,buy,5000000,8.491,90852074,77384621
2026-08-10T15:00:00.000Z,SOLUSDT,sell,10000,0.659,90852074,77384621
2026-08-10T15:00:00.000Z,SOLUSDT,sell,100000,0.659,90852074,77384621
2026-08-10T15:00:00.000Z,SOLUSDT,sell,1000000,2.957,90852074,77384621
2026-08-10T15:00:00.000Z,SOLUSDT,sell,5000000,10.236,90852074,77384621
2026-08-10T15:00:00.000Z,XRPUSDT,buy,10000,0.49,35208486,29903917
2026-08-10T15:00:00.000Z,XRPUSDT,buy,100000,0.684,35208486,29903917
2026-08-10T15:00:00.000Z,XRPUSDT,buy,1000000,3.824,35208486,29903917
2026-08-10T15:00:00.000Z,XRPUSDT,buy,5000000,22.658,35208486,29903917
2026-08-10T15:00:00.000Z,XRPUSDT,sell,10000,0.49,35208486,29903917
2026-08-10T15:00:00.000Z,XRPUSDT,sell,100000,1.489,35208486,29903917
2026-08-10T15:00:00.000Z,XRPUSDT,sell,1000000,6.909,35208486,29903917
2026-08-10T15:00:00.000Z,XRPUSDT,sell,5000000,20.509,35208486,29903917
2026-08-10T16:00:00.000Z,ADAUSDT,buy,10000,2.558,14152024,11428827
2026-08-10T16:00:00.000Z,ADAUSDT,buy,100000,6.166,14152024,11428827
2026-08-10T16:00:00.000Z,ADAUSDT,buy,1000000,30.001,14152024,11428827
2026-08-10T16:00:00.000Z,ADAUSDT,buy,5000000,118.531,14152024,11428827
2026-08-10T16:00:00.000Z,ADAUSDT,sell,10000,2.558,14152024,11428827
2026-08-10T16:00:00.000Z,ADAUSDT,sell,100000,6.212,14152024,11428827
2026-08-10T16:00:00.000Z,ADAUSDT,sell,1000000,29.261,14152024,11428827
2026-08-10T16:00:00.000Z,ADAUSDT,sell,5000000,95.011,14152024,11428827
2026-08-10T16:00:00.000Z,BNBUSDT,buy,10000,0.083,13668773,8627460
2026-08-10T16:00:00.000Z,BNBUSDT,buy,100000,1.141,13668773,8627460
2026-08-10T16:00:00.000Z,BNBUSDT,buy,1000000,8.968,13668773,8627460
2026-08-10T16:00:00.000Z,BNBUSDT,buy,5000000,44.559,13668773,8627460
2026-08-10T16:00:00.000Z,BNBUSDT,sell,10000,0.151,13668773,8627460
2026-08-10T16:00:00.000Z,BNBUSDT,sell,100000,2.021,13668773,8627460
2026-08-10T16:00:00.000Z,BNBUSDT,sell,1000000,9.4,13668773,8627460
2026-08-10T16:00:00.000Z,BNBUSDT,sell,5000000,35.368,13668773,8627460
2026-08-10T16:00:00.000Z,BTCUSDT,buy,10000,0.008,81576703,190646308
2026-08-10T16:00:00.000Z,BTCUSDT,buy,100000,0.008,81576703,190646308
2026-08-10T16:00:00.000Z,BTCUSDT,buy,1000000,0.026,81576703,190646308
2026-08-10T16:00:00.000Z,BTCUSDT,buy,5000000,0.346,81576703,190646308
2026-08-10T16:00:00.000Z,BTCUSDT,sell,10000,0.008,81576703,190646308
2026-08-10T16:00:00.000Z,BTCUSDT,sell,100000,0.081,81576703,190646308
2026-08-10T16:00:00.000Z,BTCUSDT,sell,1000000,0.754,81576703,190646308
2026-08-10T16:00:00.000Z,BTCUSDT,sell,5000000,1.032,81576703,190646308
2026-08-10T16:00:00.000Z,DOGEUSDT,buy,10000,0.719,44940335,30539053
2026-08-10T16:00:00.000Z,DOGEUSDT,buy,100000,1.559,44940335,30539053
2026-08-10T16:00:00.000Z,DOGEUSDT,buy,1000000,8.163,44940335,30539053
2026-08-10T16:00:00.000Z,DOGEUSDT,buy,5000000,54.135,44940335,30539053
2026-08-10T16:00:00.000Z,DOGEUSDT,sell,10000,0.719,44940335,30539053
2026-08-10T16:00:00.000Z,DOGEUSDT,sell,100000,1.202,44940335,30539053
2026-08-10T16:00:00.000Z,DOGEUSDT,sell,1000000,7.13,44940335,30539053
2026-08-10T16:00:00.000Z,DOGEUSDT,sell,5000000,41.873,44940335,30539053
2026-08-10T16:00:00.000Z,ETHUSDT,buy,10000,0.027,74348864,58774310
2026-08-10T16:00:00.000Z,ETHUSDT,buy,100000,0.027,74348864,58774310
2026-08-10T16:00:00.000Z,ETHUSDT,buy,1000000,0.054,74348864,58774310
2026-08-10T16:00:00.000Z,ETHUSDT,buy,5000000,3.421,74348864,58774310
2026-08-10T16:00:00.000Z,ETHUSDT,sell,10000,0.027,74348864,58774310
2026-08-10T16:00:00.000Z,ETHUSDT,sell,100000,0.027,74348864,58774310
2026-08-10T16:00:00.000Z,ETHUSDT,sell,1000000,0.881,74348864,58774310
2026-08-10T16:00:00.000Z,ETHUSDT,sell,5000000,3.75,74348864,58774310
2026-08-10T16:00:00.000Z,LINKUSDT,buy,10000,0.608,8987186,7524317
2026-08-10T16:00:00.000Z,LINKUSDT,buy,100000,2.342,8987186,7524317
2026-08-10T16:00:00.000Z,LINKUSDT,buy,1000000,30.914,8987186,7524317
2026-08-10T16:00:00.000Z,LINKUSDT,buy,5000000,124.75,8987186,7524317
2026-08-10T16:00:00.000Z,LINKUSDT,sell,10000,1.358,8987186,7524317
2026-08-10T16:00:00.000Z,LINKUSDT,sell,100000,4.511,8987186,7524317
2026-08-10T16:00:00.000Z,LINKUSDT,sell,1000000,26.984,8987186,7524317
2026-08-10T16:00:00.000Z,LINKUSDT,sell,5000000,98.685,8987186,7524317
2026-08-10T16:00:00.000Z,SOLUSDT,buy,10000,0.661,91786523,76526056
2026-08-10T16:00:00.000Z,SOLUSDT,buy,100000,0.661,91786523,76526056
2026-08-10T16:00:00.000Z,SOLUSDT,buy,1000000,1.587,91786523,76526056
2026-08-10T16:00:00.000Z,SOLUSDT,buy,5000000,8.1,91786523,76526056
2026-08-10T16:00:00.000Z,SOLUSDT,sell,10000,0.661,91786523,76526056
2026-08-10T16:00:00.000Z,SOLUSDT,sell,100000,0.801,91786523,76526056
2026-08-10T16:00:00.000Z,SOLUSDT,sell,1000000,3.071,91786523,76526056
2026-08-10T16:00:00.000Z,SOLUSDT,sell,5000000,9.327,91786523,76526056
2026-08-10T16:00:00.000Z,XRPUSDT,buy,10000,0.491,36328028,30352416
2026-08-10T16:00:00.000Z,XRPUSDT,buy,100000,0.491,36328028,30352416
2026-08-10T16:00:00.000Z,XRPUSDT,buy,1000000,3.102,36328028,30352416
2026-08-10T16:00:00.000Z,XRPUSDT,buy,5000000,21.478,36328028,30352416
2026-08-10T16:00:00.000Z,XRPUSDT,sell,10000,0.909,36328028,30352416
2026-08-10T16:00:00.000Z,XRPUSDT,sell,100000,1.814,36328028,30352416
2026-08-10T16:00:00.000Z,XRPUSDT,sell,1000000,5.416,36328028,30352416
2026-08-10T16:00:00.000Z,XRPUSDT,sell,5000000,20.974,36328028,30352416
2026-08-10T17:00:00.000Z,ADAUSDT,buy,10000,2.566,14468987,11209273
2026-08-10T17:00:00.000Z,ADAUSDT,buy,100000,5.89,14468987,11209273
2026-08-10T17:00:00.000Z,ADAUSDT,buy,1000000,31.885,14468987,11209273
2026-08-10T17:00:00.000Z,ADAUSDT,buy,5000000,116.755,14468987,11209273
2026-08-10T17:00:00.000Z,ADAUSDT,sell,10000,2.566,14468987,11209273
2026-08-10T17:00:00.000Z,ADAUSDT,sell,100000,6.804,14468987,11209273
2026-08-10T17:00:00.000Z,ADAUSDT,sell,1000000,31.576,14468987,11209273
2026-08-10T17:00:00.000Z,ADAUSDT,sell,5000000,97.52,14468987,11209273
2026-08-10T17:00:00.000Z,BNBUSDT,buy,10000,0.15,11763253,8941450
2026-08-10T17:00:00.000Z,BNBUSDT,buy,100000,1.403,11763253,8941450
2026-08-10T17:00:00.000Z,BNBUSDT,buy,1000000,9.674,11763253,8941450
2026-08-10T17:00:00.000Z,BNBUSDT,buy,5000000,45.435,11763253,8941450
2026-08-10T17:00:00.000Z,BNBUSDT,sell,10000,0.083,11763253,8941450
2026-08-10T17:00:00.000Z,BNBUSDT,sell,100000,1.054,11763253,8941450
2026-08-10T17:00:00.000Z,BNBUSDT,sell,1000000,10.98,11763253,8941450
2026-08-10T17:00:00.000Z,BNBUSDT,sell,5000000,42.266,11763253,8941450
2026-08-10T17:00:00.000Z,BTCUSDT,buy,10000,0.008,42735374,50324257
2026-08-10T17:00:00.000Z,BTCUSDT,buy,100000,0.008,42735374,50324257
2026-08-10T17:00:00.000Z,BTCUSDT,buy,1000000,0.682,42735374,50324257
2026-08-10T17:00:00.000Z,BTCUSDT,buy,5000000,1.777,42735374,50324257
2026-08-10T17:00:00.000Z,BTCUSDT,sell,10000,0.008,42735374,50324257
2026-08-10T17:00:00.000Z,BTCUSDT,sell,100000,0.008,42735374,50324257
2026-08-10T17:00:00.000Z,BTCUSDT,sell,1000000,0.008,42735374,50324257
2026-08-10T17:00:00.000Z,BTCUSDT,sell,5000000,0.354,42735374,50324257
2026-08-10T17:00:00.000Z,DOGEUSDT,buy,10000,0.718,45086271,30679547
2026-08-10T17:00:00.000Z,DOGEUSDT,buy,100000,1.401,45086271,30679547
2026-08-10T17:00:00.000Z,DOGEUSDT,buy,1000000,9.675,45086271,30679547
2026-08-10T17:00:00.000Z,DOGEUSDT,buy,5000000,52.487,45086271,30679547
2026-08-10T17:00:00.000Z,DOGEUSDT,sell,10000,0.718,45086271,30679547
2026-08-10T17:00:00.000Z,DOGEUSDT,sell,100000,1.244,45086271,30679547
2026-08-10T17:00:00.000Z,DOGEUSDT,sell,1000000,9.701,45086271,30679547
2026-08-10T17:00:00.000Z,DOGEUSDT,sell,5000000,46.935,45086271,30679547
2026-08-10T17:00:00.000Z,ETHUSDT,buy,10000,0.027,67447555,55729706
2026-08-10T17:00:00.000Z,ETHUSDT,buy,100000,0.441,67447555,55729706
2026-08-10T17:00:00.000Z,ETHUSDT,buy,1000000,1.861,67447555,55729706
2026-08-10T17:00:00.000Z,ETHUSDT,buy,5000000,4.54,67447555,55729706
2026-08-10T17:00:00.000Z,ETHUSDT,sell,10000,0.027,67447555,55729706
2026-08-10T17:00:00.000Z,ETHUSDT,sell,100000,0.027,67447555,55729706
2026-08-10T17:00:00.000Z,ETHUSDT,sell,1000000,0.114,67447555,55729706
2026-08-10T17:00:00.000Z,ETHUSDT,sell,5000000,3.883,67447555,55729706
2026-08-10T17:00:00.000Z,LINKUSDT,buy,10000,1.001,8790903,6946311
2026-08-10T17:00:00.000Z,LINKUSDT,buy,100000,4.84,8790903,6946311
2026-08-10T17:00:00.000Z,LINKUSDT,buy,1000000,24.989,8790903,6946311
2026-08-10T17:00:00.000Z,LINKUSDT,buy,5000000,119.522,8790903,6946311
2026-08-10T17:00:00.000Z,LINKUSDT,sell,10000,0.606,8790903,6946311
2026-08-10T17:00:00.000Z,LINKUSDT,sell,100000,2.9,8790903,6946311
2026-08-10T17:00:00.000Z,LINKUSDT,sell,1000000,24.418,8790903,6946311
2026-08-10T17:00:00.000Z,LINKUSDT,sell,5000000,101.719,8790903,6946311
2026-08-10T17:00:00.000Z,SOLUSDT,buy,10000,0.658,91924633,73953332
2026-08-10T17:00:00.000Z,SOLUSDT,buy,100000,0.658,91924633,73953332
2026-08-10T17:00:00.000Z,SOLUSDT,buy,1000000,2.866,91924633,73953332
2026-08-10T17:00:00.000Z,SOLUSDT,buy,5000000,10.322,91924633,73953332
2026-08-10T17:00:00.000Z,SOLUSDT,sell,10000,0.658,91924633,73953332
2026-08-10T17:00:00.000Z,SOLUSDT,sell,100000,0.658,91924633,73953332
2026-08-10T17:00:00.000Z,SOLUSDT,sell,1000000,1.507,91924633,73953332
2026-08-10T17:00:00.000Z,SOLUSDT,sell,5000000,9.644,91924633,73953332
2026-08-10T17:00:00.000Z,XRPUSDT,buy,10000,1.239,36212267,29567114
2026-08-10T17:00:00.000Z,XRPUSDT,buy,100000,1.49,36212267,29567114
2026-08-10T17:00:00.000Z,XRPUSDT,buy,1000000,6.465,36212267,29567114
2026-08-10T17:00:00.000Z,XRPUSDT,buy,5000000,24.437,36212267,29567114
2026-08-10T17:00:00.000Z,XRPUSDT,sell,10000,0.49,36212267,29567114
2026-08-10T17:00:00.000Z,XRPUSDT,sell,100000,0.49,36212267,29567114
2026-08-10T17:00:00.000Z,XRPUSDT,sell,1000000,3.272,36212267,29567114
2026-08-10T17:00:00.000Z,XRPUSDT,sell,5000000,21.076,36212267,29567114
2026-08-10T18:00:00.000Z,ADAUSDT,buy,10000,2.583,14741730,11187040
2026-08-10T18:00:00.000Z,ADAUSDT,buy,100000,6.121,14741730,11187040
2026-08-10T18:00:00.000Z,ADAUSDT,buy,1000000,37.389,14741730,11187040
2026-08-10T18:00:00.000Z,ADAUSDT,buy,5000000,115.088,14741730,11187040
2026-08-10T18:00:00.000Z,ADAUSDT,sell,10000,2.583,14741730,11187040
2026-08-10T18:00:00.000Z,ADAUSDT,sell,100000,6.892,14741730,11187040
2026-08-10T18:00:00.000Z,ADAUSDT,sell,1000000,30.44,14741730,11187040
2026-08-10T18:00:00.000Z,ADAUSDT,sell,5000000,106.056,14741730,11187040
2026-08-10T18:00:00.000Z,BNBUSDT,buy,10000,0.083,12004218,8839637
2026-08-10T18:00:00.000Z,BNBUSDT,buy,100000,1.338,12004218,8839637
2026-08-10T18:00:00.000Z,BNBUSDT,buy,1000000,11.165,12004218,8839637
2026-08-10T18:00:00.000Z,BNBUSDT,buy,5000000,46.77,12004218,8839637
2026-08-10T18:00:00.000Z,BNBUSDT,sell,10000,0.083,12004218,8839637
2026-08-10T18:00:00.000Z,BNBUSDT,sell,100000,1.893,12004218,8839637
2026-08-10T18:00:00.000Z,BNBUSDT,sell,1000000,11.931,12004218,8839637
2026-08-10T18:00:00.000Z,BNBUSDT,sell,5000000,40.516,12004218,8839637
2026-08-10T18:00:00.000Z,BTCUSDT,buy,10000,0.008,40735051,45954388
2026-08-10T18:00:00.000Z,BTCUSDT,buy,100000,0.008,40735051,45954388
2026-08-10T18:00:00.000Z,BTCUSDT,buy,1000000,0.008,40735051,45954388
2026-08-10T18:00:00.000Z,BTCUSDT,buy,5000000,1.107,40735051,45954388
2026-08-10T18:00:00.000Z,BTCUSDT,sell,10000,0.008,40735051,45954388
2026-08-10T18:00:00.000Z,BTCUSDT,sell,100000,0.008,40735051,45954388
2026-08-10T18:00:00.000Z,BTCUSDT,sell,1000000,0.098,40735051,45954388
2026-08-10T18:00:00.000Z,BTCUSDT,sell,5000000,2.12,40735051,45954388
2026-08-10T18:00:00.000Z,DOGEUSDT,buy,10000,0.719,44939694,30467745
2026-08-10T18:00:00.000Z,DOGEUSDT,buy,100000,1.139,44939694,30467745
2026-08-10T18:00:00.000Z,DOGEUSDT,buy,1000000,8.914,44939694,30467745
2026-08-10T18:00:00.000Z,DOGEUSDT,buy,5000000,51.958,44939694,30467745
2026-08-10T18:00:00.000Z,DOGEUSDT,sell,10000,0.719,44939694,30467745
2026-08-10T18:00:00.000Z,DOGEUSDT,sell,100000,1.837,44939694,30467745
2026-08-10T18:00:00.000Z,DOGEUSDT,sell,1000000,10.032,44939694,30467745
2026-08-10T18:00:00.000Z,DOGEUSDT,sell,5000000,47.031,44939694,30467745
2026-08-10T18:00:00.000Z,ETHUSDT,buy,10000,0.027,85999999,57793317
2026-08-10T18:00:00.000Z,ETHUSDT,buy,100000,0.027,85999999,57793317
2026-08-10T18:00:00.000Z,ETHUSDT,buy,1000000,1.329,85999999,57793317
2026-08-10T18:00:00.000Z,ETHUSDT,buy,5000000,4.317,85999999,57793317
2026-08-10T18:00:00.000Z,ETHUSDT,sell,10000,0.027,85999999,57793317
2026-08-10T18:00:00.000Z,ETHUSDT,sell,100000,0.027,85999999,57793317
2026-08-10T18:00:00.000Z,ETHUSDT,sell,1000000,0.885,85999999,57793317
2026-08-10T18:00:00.000Z,ETHUSDT,sell,5000000,3.934,85999999,57793317
2026-08-10T18:00:00.000Z,LINKUSDT,buy,10000,0.711,9039121,7470656
2026-08-10T18:00:00.000Z,LINKUSDT,buy,100000,4.051,9039121,7470656
2026-08-10T18:00:00.000Z,LINKUSDT,buy,1000000,26.909,9039121,7470656
2026-08-10T18:00:00.000Z,LINKUSDT,buy,5000000,107.038,9039121,7470656
2026-08-10T18:00:00.000Z,LINKUSDT,sell,10000,1.316,9039121,7470656
2026-08-10T18:00:00.000Z,LINKUSDT,sell,100000,4.278,9039121,7470656
2026-08-10T18:00:00.000Z,LINKUSDT,sell,1000000,31.488,9039121,7470656
2026-08-10T18:00:00.000Z,LINKUSDT,sell,5000000,112.19,9039121,7470656
2026-08-10T18:00:00.000Z,SOLUSDT,buy,10000,0.66,90697220,75291033
2026-08-10T18:00:00.000Z,SOLUSDT,buy,100000,0.66,90697220,75291033
2026-08-10T18:00:00.000Z,SOLUSDT,buy,1000000,1.598,90697220,75291033
2026-08-10T18:00:00.000Z,SOLUSDT,buy,5000000,10.039,90697220,75291033
2026-08-10T18:00:00.000Z,SOLUSDT,sell,10000,0.66,90697220,75291033
2026-08-10T18:00:00.000Z,SOLUSDT,sell,100000,1.186,90697220,75291033
2026-08-10T18:00:00.000Z,SOLUSDT,sell,1000000,3.552,90697220,75291033
2026-08-10T18:00:00.000Z,SOLUSDT,sell,5000000,11.15,90697220,75291033
2026-08-10T18:00:00.000Z,XRPUSDT,buy,10000,0.492,36352424,29970238
2026-08-10T18:00:00.000Z,XRPUSDT,buy,100000,1.067,36352424,29970238
2026-08-10T18:00:00.000Z,XRPUSDT,buy,1000000,4.42,36352424,29970238
2026-08-10T18:00:00.000Z,XRPUSDT,buy,5000000,22.217,36352424,29970238
2026-08-10T18:00:00.000Z,XRPUSDT,sell,10000,0.492,36352424,29970238
2026-08-10T18:00:00.000Z,XRPUSDT,sell,100000,0.492,36352424,29970238
2026-08-10T18:00:00.000Z,XRPUSDT,sell,1000000,3.693,36352424,29970238
2026-08-10T18:00:00.000Z,XRPUSDT,sell,5000000,20.787,36352424,29970238
2026-08-10T19:00:00.000Z,ADAUSDT,buy,10000,2.574,14625201,11462144
2026-08-10T19:00:00.000Z,ADAUSDT,buy,100000,5.147,14625201,11462144
2026-08-10T19:00:00.000Z,ADAUSDT,buy,1000000,29.392,14625201,11462144
2026-08-10T19:00:00.000Z,ADAUSDT,buy,5000000,113.89,14625201,11462144
2026-08-10T19:00:00.000Z,ADAUSDT,sell,10000,2.574,14625201,11462144
2026-08-10T19:00:00.000Z,ADAUSDT,sell,100000,6.623,14625201,11462144
2026-08-10T19:00:00.000Z,ADAUSDT,sell,1000000,34.223,14625201,11462144
2026-08-10T19:00:00.000Z,ADAUSDT,sell,5000000,105.739,14625201,11462144
2026-08-10T19:00:00.000Z,BNBUSDT,buy,10000,0.091,10596778,9551773
2026-08-10T19:00:00.000Z,BNBUSDT,buy,100000,1.391,10596778,9551773
2026-08-10T19:00:00.000Z,BNBUSDT,buy,1000000,10.396,10596778,9551773
2026-08-10T19:00:00.000Z,BNBUSDT,buy,5000000,45.084,10596778,9551773
2026-08-10T19:00:00.000Z,BNBUSDT,sell,10000,0.083,10596778,9551773
2026-08-10T19:00:00.000Z,BNBUSDT,sell,100000,1.63,10596778,9551773
2026-08-10T19:00:00.000Z,BNBUSDT,sell,1000000,6.892,10596778,9551773
2026-08-10T19:00:00.000Z,BNBUSDT,sell,5000000,39.129,10596778,9551773
2026-08-10T19:00:00.000Z,BTCUSDT,buy,10000,0.008,32471561,55742270
2026-08-10T19:00:00.000Z,BTCUSDT,buy,100000,0.008,32471561,55742270
2026-08-10T19:00:00.000Z,BTCUSDT,buy,1000000,0.121,32471561,55742270
2026-08-10T19:00:00.000Z,BTCUSDT,buy,5000000,1.437,32471561,55742270
2026-08-10T19:00:00.000Z,BTCUSDT,sell,10000,0.008,32471561,55742270
2026-08-10T19:00:00.000Z,BTCUSDT,sell,100000,0.008,32471561,55742270
2026-08-10T19:00:00.000Z,BTCUSDT,sell,1000000,0.3,32471561,55742270
2026-08-10T19:00:00.000Z,BTCUSDT,sell,5000000,2.433,32471561,55742270
2026-08-10T19:00:00.000Z,DOGEUSDT,buy,10000,0.716,44305230,29841499
2026-08-10T19:00:00.000Z,DOGEUSDT,buy,100000,1.47,44305230,29841499
2026-08-10T19:00:00.000Z,DOGEUSDT,buy,1000000,10.25,44305230,29841499
2026-08-10T19:00:00.000Z,DOGEUSDT,buy,5000000,54.033,44305230,29841499
2026-08-10T19:00:00.000Z,DOGEUSDT,sell,10000,0.716,44305230,29841499
2026-08-10T19:00:00.000Z,DOGEUSDT,sell,100000,1.614,44305230,29841499
2026-08-10T19:00:00.000Z,DOGEUSDT,sell,1000000,12.004,44305230,29841499
2026-08-10T19:00:00.000Z,DOGEUSDT,sell,5000000,53.131,44305230,29841499
2026-08-10T19:00:00.000Z,ETHUSDT,buy,10000,0.027,55980521,59307020
2026-08-10T19:00:00.000Z,ETHUSDT,buy,100000,0.027,55980521,59307020
2026-08-10T19:00:00.000Z,ETHUSDT,buy,1000000,1.149,55980521,59307020
2026-08-10T19:00:00.000Z,ETHUSDT,buy,5000000,4.224,55980521,59307020
2026-08-10T19:00:00.000Z,ETHUSDT,sell,10000,0.027,55980521,59307020
2026-08-10T19:00:00.000Z,ETHUSDT,sell,100000,0.027,55980521,59307020
2026-08-10T19:00:00.000Z,ETHUSDT,sell,1000000,0.952,55980521,59307020
2026-08-10T19:00:00.000Z,ETHUSDT,sell,5000000,4.432,55980521,59307020
2026-08-10T19:00:00.000Z,LINKUSDT,buy,10000,0.603,8658835,6544903
2026-08-10T19:00:00.000Z,LINKUSDT,buy,100000,4.002,8658835,6544903
2026-08-10T19:00:00.000Z,LINKUSDT,buy,1000000,28.568,8658835,6544903
2026-08-10T19:00:00.000Z,LINKUSDT,buy,5000000,136.871,8658835,6544903
2026-08-10T19:00:00.000Z,LINKUSDT,sell,10000,1.709,8658835,6544903
2026-08-10T19:00:00.000Z,LINKUSDT,sell,100000,3.653,8658835,6544903
2026-08-10T19:00:00.000Z,LINKUSDT,sell,1000000,26.523,8658835,6544903
2026-08-10T19:00:00.000Z,LINKUSDT,sell,5000000,111.164,8658835,6544903
2026-08-10T19:00:00.000Z,SOLUSDT,buy,10000,0.656,89902713,74107697
2026-08-10T19:00:00.000Z,SOLUSDT,buy,100000,0.656,89902713,74107697
2026-08-10T19:00:00.000Z,SOLUSDT,buy,1000000,2.47,89902713,74107697
2026-08-10T19:00:00.000Z,SOLUSDT,buy,5000000,10.1,89902713,74107697
2026-08-10T19:00:00.000Z,SOLUSDT,sell,10000,0.656,89902713,74107697
2026-08-10T19:00:00.000Z,SOLUSDT,sell,100000,0.656,89902713,74107697
2026-08-10T19:00:00.000Z,SOLUSDT,sell,1000000,2.653,89902713,74107697
2026-08-10T19:00:00.000Z,SOLUSDT,sell,5000000,11.58,89902713,74107697
2026-08-10T19:00:00.000Z,XRPUSDT,buy,10000,0.49,35896582,29812701
2026-08-10T19:00:00.000Z,XRPUSDT,buy,100000,0.49,35896582,29812701
2026-08-10T19:00:00.000Z,XRPUSDT,buy,1000000,4.53,35896582,29812701
2026-08-10T19:00:00.000Z,XRPUSDT,buy,5000000,24.057,35896582,29812701
2026-08-10T19:00:00.000Z,XRPUSDT,sell,10000,0.49,35896582,29812701
2026-08-10T19:00:00.000Z,XRPUSDT,sell,100000,1.75,35896582,29812701
2026-08-10T19:00:00.000Z,XRPUSDT,sell,1000000,6.3,35896582,29812701
2026-08-10T19:00:00.000Z,XRPUSDT,sell,5000000,26.294,35896582,29812701
2026-08-10T20:00:00.000Z,ADAUSDT,buy,10000,2.589,16852784,11626055
2026-08-10T20:00:00.000Z,ADAUSDT,buy,100000,5.654,16852784,11626055
2026-08-10T20:00:00.000Z,ADAUSDT,buy,1000000,30.516,16852784,11626055
2026-08-10T20:00:00.000Z,ADAUSDT,buy,5000000,116.218,16852784,11626055
2026-08-10T20:00:00.000Z,ADAUSDT,sell,10000,2.589,16852784,11626055
2026-08-10T20:00:00.000Z,ADAUSDT,sell,100000,6.066,16852784,11626055
2026-08-10T20:00:00.000Z,ADAUSDT,sell,1000000,27.864,16852784,11626055
2026-08-10T20:00:00.000Z,ADAUSDT,sell,5000000,100.705,16852784,11626055
2026-08-10T20:00:00.000Z,BNBUSDT,buy,10000,0.083,10546586,9765134
2026-08-10T20:00:00.000Z,BNBUSDT,buy,100000,1.195,10546586,9765134
2026-08-10T20:00:00.000Z,BNBUSDT,buy,1000000,10.628,10546586,9765134
2026-08-10T20:00:00.000Z,BNBUSDT,buy,5000000,45.018,10546586,9765134
2026-08-10T20:00:00.000Z,BNBUSDT,sell,10000,0.083,10546586,9765134
2026-08-10T20:00:00.000Z,BNBUSDT,sell,100000,1.634,10546586,9765134
2026-08-10T20:00:00.000Z,BNBUSDT,sell,1000000,8.95,10546586,9765134
2026-08-10T20:00:00.000Z,BNBUSDT,sell,5000000,39.964,10546586,9765134
2026-08-10T20:00:00.000Z,BTCUSDT,buy,10000,0.008,46281585,46686003
2026-08-10T20:00:00.000Z,BTCUSDT,buy,100000,0.008,46281585,46686003
2026-08-10T20:00:00.000Z,BTCUSDT,buy,1000000,0.943,46281585,46686003
2026-08-10T20:00:00.000Z,BTCUSDT,buy,5000000,2.795,46281585,46686003
2026-08-10T20:00:00.000Z,BTCUSDT,sell,10000,0.008,46281585,46686003
2026-08-10T20:00:00.000Z,BTCUSDT,sell,100000,0.008,46281585,46686003
2026-08-10T20:00:00.000Z,BTCUSDT,sell,1000000,0.008,46281585,46686003
2026-08-10T20:00:00.000Z,BTCUSDT,sell,5000000,0.85,46281585,46686003
2026-08-10T20:00:00.000Z,DOGEUSDT,buy,10000,1.766,48700385,30267406
2026-08-10T20:00:00.000Z,DOGEUSDT,buy,100000,2.696,48700385,30267406
2026-08-10T20:00:00.000Z,DOGEUSDT,buy,1000000,11.57,48700385,30267406
2026-08-10T20:00:00.000Z,DOGEUSDT,buy,5000000,50.187,48700385,30267406
2026-08-10T20:00:00.000Z,DOGEUSDT,sell,10000,0.716,48700385,30267406
2026-08-10T20:00:00.000Z,DOGEUSDT,sell,100000,0.716,48700385,30267406
2026-08-10T20:00:00.000Z,DOGEUSDT,sell,1000000,6.436,48700385,30267406
2026-08-10T20:00:00.000Z,DOGEUSDT,sell,5000000,44.756,48700385,30267406
2026-08-10T20:00:00.000Z,ETHUSDT,buy,10000,0.027,60165935,57941321
2026-08-10T20:00:00.000Z,ETHUSDT,buy,100000,0.226,60165935,57941321
2026-08-10T20:00:00.000Z,ETHUSDT,buy,1000000,1.338,60165935,57941321
2026-08-10T20:00:00.000Z,ETHUSDT,buy,5000000,3.683,60165935,57941321
2026-08-10T20:00:00.000Z,ETHUSDT,sell,10000,0.027,60165935,57941321
2026-08-10T20:00:00.000Z,ETHUSDT,sell,100000,0.027,60165935,57941321
2026-08-10T20:00:00.000Z,ETHUSDT,sell,1000000,0.032,60165935,57941321
2026-08-10T20:00:00.000Z,ETHUSDT,sell,5000000,2.518,60165935,57941321
2026-08-10T20:00:00.000Z,LINKUSDT,buy,10000,2.014,10255756,6184248
2026-08-10T20:00:00.000Z,LINKUSDT,buy,100000,6.382,10255756,6184248
2026-08-10T20:00:00.000Z,LINKUSDT,buy,1000000,32.256,10255756,6184248
2026-08-10T20:00:00.000Z,LINKUSDT,buy,5000000,141.509,10255756,6184248
2026-08-10T20:00:00.000Z,LINKUSDT,sell,10000,0.603,10255756,6184248
2026-08-10T20:00:00.000Z,LINKUSDT,sell,100000,2.796,10255756,6184248
2026-08-10T20:00:00.000Z,LINKUSDT,sell,1000000,27.72,10255756,6184248
2026-08-10T20:00:00.000Z,LINKUSDT,sell,5000000,116.256,10255756,6184248
2026-08-10T20:00:00.000Z,SOLUSDT,buy,10000,0.655,96364170,72760087
2026-08-10T20:00:00.000Z,SOLUSDT,buy,100000,0.95,96364170,72760087
2026-08-10T20:00:00.000Z,SOLUSDT,buy,1000000,3.18,96364170,72760087
2026-08-10T20:00:00.000Z,SOLUSDT,buy,5000000,10.746,96364170,72760087
2026-08-10T20:00:00.000Z,SOLUSDT,sell,10000,0.655,96364170,72760087
2026-08-10T20:00:00.000Z,SOLUSDT,sell,100000,0.655,96364170,72760087
2026-08-10T20:00:00.000Z,SOLUSDT,sell,1000000,1.329,96364170,72760087
2026-08-10T20:00:00.000Z,SOLUSDT,sell,5000000,9.736,96364170,72760087
2026-08-10T20:00:00.000Z,XRPUSDT,buy,10000,0.491,38383954,29835919
2026-08-10T20:00:00.000Z,XRPUSDT,buy,100000,1.253,38383954,29835919
2026-08-10T20:00:00.000Z,XRPUSDT,buy,1000000,4.984,38383954,29835919
2026-08-10T20:00:00.000Z,XRPUSDT,buy,5000000,24.026,38383954,29835919
2026-08-10T20:00:00.000Z,XRPUSDT,sell,10000,0.491,38383954,29835919
2026-08-10T20:00:00.000Z,XRPUSDT,sell,100000,0.491,38383954,29835919
2026-08-10T20:00:00.000Z,XRPUSDT,sell,1000000,3.99,38383954,29835919
2026-08-10T20:00:00.000Z,XRPUSDT,sell,5000000,24.924,38383954,29835919
2026-08-10T21:00:00.000Z,ADAUSDT,buy,10000,3.045,16593358,11379518
2026-08-10T21:00:00.000Z,ADAUSDT,buy,100000,7.323,16593358,11379518
2026-08-10T21:00:00.000Z,ADAUSDT,buy,1000000,34.812,16593358,11379518
2026-08-10T21:00:00.000Z,ADAUSDT,buy,5000000,114.547,16593358,11379518
2026-08-10T21:00:00.000Z,ADAUSDT,sell,10000,2.599,16593358,11379518
2026-08-10T21:00:00.000Z,ADAUSDT,sell,100000,5.942,16593358,11379518
2026-08-10T21:00:00.000Z,ADAUSDT,sell,1000000,37.966,16593358,11379518
2026-08-10T21:00:00.000Z,ADAUSDT,sell,5000000,114.813,16593358,11379518
2026-08-10T21:00:00.000Z,BNBUSDT,buy,10000,0.083,11436581,8709587
2026-08-10T21:00:00.000Z,BNBUSDT,buy,100000,0.806,11436581,8709587
2026-08-10T21:00:00.000Z,BNBUSDT,buy,1000000,11.514,11436581,8709587
2026-08-10T21:00:00.000Z,BNBUSDT,buy,5000000,54.285,11436581,8709587
2026-08-10T21:00:00.000Z,BNBUSDT,sell,10000,0.158,11436581,8709587
2026-08-10T21:00:00.000Z,BNBUSDT,sell,100000,1.97,11436581,8709587
2026-08-10T21:00:00.000Z,BNBUSDT,sell,1000000,13.884,11436581,8709587
2026-08-10T21:00:00.000Z,BNBUSDT,sell,5000000,44.758,11436581,8709587
2026-08-10T21:00:00.000Z,BTCUSDT,buy,10000,0.008,35668514,47040688
2026-08-10T21:00:00.000Z,BTCUSDT,buy,100000,0.008,35668514,47040688
2026-08-10T21:00:00.000Z,BTCUSDT,buy,1000000,0.013,35668514,47040688
2026-08-10T21:00:00.000Z,BTCUSDT,buy,5000000,1.227,35668514,47040688
2026-08-10T21:00:00.000Z,BTCUSDT,sell,10000,0.008,35668514,47040688
2026-08-10T21:00:00.000Z,BTCUSDT,sell,100000,0.008,35668514,47040688
2026-08-10T21:00:00.000Z,BTCUSDT,sell,1000000,0.766,35668514,47040688
2026-08-10T21:00:00.000Z,BTCUSDT,sell,5000000,2.697,35668514,47040688
2026-08-10T21:00:00.000Z,DOGEUSDT,buy,10000,0.717,47804225,29757642
2026-08-10T21:00:00.000Z,DOGEUSDT,buy,100000,2.66,47804225,29757642
2026-08-10T21:00:00.000Z,DOGEUSDT,buy,1000000,14.962,47804225,29757642
2026-08-10T21:00:00.000Z,DOGEUSDT,buy,5000000,62.204,47804225,29757642
2026-08-10T21:00:00.000Z,DOGEUSDT,sell,10000,0.717,47804225,29757642
2026-08-10T21:00:00.000Z,DOGEUSDT,sell,100000,2.964,47804225,29757642
2026-08-10T21:00:00.000Z,DOGEUSDT,sell,1000000,14.878,47804225,29757642
2026-08-10T21:00:00.000Z,DOGEUSDT,sell,5000000,56.075,47804225,29757642
2026-08-10T21:00:00.000Z,ETHUSDT,buy,10000,0.027,75282745,54111018
2026-08-10T21:00:00.000Z,ETHUSDT,buy,100000,0.027,75282745,54111018
2026-08-10T21:00:00.000Z,ETHUSDT,buy,1000000,0.526,75282745,54111018
2026-08-10T21:00:00.000Z,ETHUSDT,buy,5000000,3.612,75282745,54111018
2026-08-10T21:00:00.000Z,ETHUSDT,sell,10000,0.027,75282745,54111018
2026-08-10T21:00:00.000Z,ETHUSDT,sell,100000,0.027,75282745,54111018
2026-08-10T21:00:00.000Z,ETHUSDT,sell,1000000,0.211,75282745,54111018
2026-08-10T21:00:00.000Z,ETHUSDT,sell,5000000,1.598,75282745,54111018
2026-08-10T21:00:00.000Z,LINKUSDT,buy,10000,0.603,10169024,6095358
2026-08-10T21:00:00.000Z,LINKUSDT,buy,100000,4.993,10169024,6095358
2026-08-10T21:00:00.000Z,LINKUSDT,buy,1000000,40.021,10169024,6095358
2026-08-10T21:00:00.000Z,LINKUSDT,buy,5000000,159.079,10169024,6095358
2026-08-10T21:00:00.000Z,LINKUSDT,sell,10000,2.437,10169024,6095358
2026-08-10T21:00:00.000Z,LINKUSDT,sell,100000,7.025,10169024,6095358
2026-08-10T21:00:00.000Z,LINKUSDT,sell,1000000,29.019,10169024,6095358
2026-08-10T21:00:00.000Z,LINKUSDT,sell,5000000,111.261,10169024,6095358
2026-08-10T21:00:00.000Z,SOLUSDT,buy,10000,0.655,92941752,70656781
2026-08-10T21:00:00.000Z,SOLUSDT,buy,100000,0.655,92941752,70656781
2026-08-10T21:00:00.000Z,SOLUSDT,buy,1000000,2.199,92941752,70656781
2026-08-10T21:00:00.000Z,SOLUSDT,buy,5000000,13.216,92941752,70656781
2026-08-10T21:00:00.000Z,SOLUSDT,sell,10000,0.655,92941752,70656781
2026-08-10T21:00:00.000Z,SOLUSDT,sell,100000,0.888,92941752,70656781
2026-08-10T21:00:00.000Z,SOLUSDT,sell,1000000,4.641,92941752,70656781
2026-08-10T21:00:00.000Z,SOLUSDT,sell,5000000,15.824,92941752,70656781
2026-08-10T21:00:00.000Z,XRPUSDT,buy,10000,0.492,37930080,29059874
2026-08-10T21:00:00.000Z,XRPUSDT,buy,100000,0.492,37930080,29059874
2026-08-10T21:00:00.000Z,XRPUSDT,buy,1000000,6.515,37930080,29059874
2026-08-10T21:00:00.000Z,XRPUSDT,buy,5000000,30.797,37930080,29059874
2026-08-10T21:00:00.000Z,XRPUSDT,sell,10000,0.492,37930080,29059874
2026-08-10T21:00:00.000Z,XRPUSDT,sell,100000,1.697,37930080,29059874
2026-08-10T21:00:00.000Z,XRPUSDT,sell,1000000,9.308,37930080,29059874
2026-08-10T21:00:00.000Z,XRPUSDT,sell,5000000,26.598,37930080,29059874
2026-08-10T22:00:00.000Z,ADAUSDT,buy,10000,2.602,16192965,11125626
2026-08-10T22:00:00.000Z,ADAUSDT,buy,100000,4.594,16192965,11125626
2026-08-10T22:00:00.000Z,ADAUSDT,buy,1000000,26.64,16192965,11125626
2026-08-10T22:00:00.000Z,ADAUSDT,buy,5000000,114.61,16192965,11125626
2026-08-10T22:00:00.000Z,ADAUSDT,sell,10000,2.602,16192965,11125626
2026-08-10T22:00:00.000Z,ADAUSDT,sell,100000,5.46,16192965,11125626
2026-08-10T22:00:00.000Z,ADAUSDT,sell,1000000,30.561,16192965,11125626
2026-08-10T22:00:00.000Z,ADAUSDT,sell,5000000,108.886,16192965,11125626
2026-08-10T22:00:00.000Z,BNBUSDT,buy,10000,0.083,11893858,9027274
2026-08-10T22:00:00.000Z,BNBUSDT,buy,100000,1.042,11893858,9027274
2026-08-10T22:00:00.000Z,BNBUSDT,buy,1000000,11.483,11893858,9027274
2026-08-10T22:00:00.000Z,BNBUSDT,buy,5000000,47.906,11893858,9027274
2026-08-10T22:00:00.000Z,BNBUSDT,sell,10000,0.086,11893858,9027274
2026-08-10T22:00:00.000Z,BNBUSDT,sell,100000,2.288,11893858,9027274
2026-08-10T22:00:00.000Z,BNBUSDT,sell,1000000,12.454,11893858,9027274
2026-08-10T22:00:00.000Z,BNBUSDT,sell,5000000,41.502,11893858,9027274
2026-08-10T22:00:00.000Z,BTCUSDT,buy,10000,0.008,39946178,43020817
2026-08-10T22:00:00.000Z,BTCUSDT,buy,100000,0.008,39946178,43020817
2026-08-10T22:00:00.000Z,BTCUSDT,buy,1000000,0.36,39946178,43020817
2026-08-10T22:00:00.000Z,BTCUSDT,buy,5000000,1.848,39946178,43020817
2026-08-10T22:00:00.000Z,BTCUSDT,sell,10000,0.008,39946178,43020817
2026-08-10T22:00:00.000Z,BTCUSDT,sell,100000,0.008,39946178,43020817
2026-08-10T22:00:00.000Z,BTCUSDT,sell,1000000,0.01,39946178,43020817
2026-08-10T22:00:00.000Z,BTCUSDT,sell,5000000,1.734,39946178,43020817
2026-08-10T22:00:00.000Z,DOGEUSDT,buy,10000,0.717,48053423,29932792
2026-08-10T22:00:00.000Z,DOGEUSDT,buy,100000,1.543,48053423,29932792
2026-08-10T22:00:00.000Z,DOGEUSDT,buy,1000000,12.244,48053423,29932792
2026-08-10T22:00:00.000Z,DOGEUSDT,buy,5000000,57.376,48053423,29932792
2026-08-10T22:00:00.000Z,DOGEUSDT,sell,10000,0.717,48053423,29932792
2026-08-10T22:00:00.000Z,DOGEUSDT,sell,100000,2.101,48053423,29932792
2026-08-10T22:00:00.000Z,DOGEUSDT,sell,1000000,10.256,48053423,29932792
2026-08-10T22:00:00.000Z,DOGEUSDT,sell,5000000,52.602,48053423,29932792
2026-08-10T22:00:00.000Z,ETHUSDT,buy,10000,0.027,75453558,56455196
2026-08-10T22:00:00.000Z,ETHUSDT,buy,100000,0.394,75453558,56455196
2026-08-10T22:00:00.000Z,ETHUSDT,buy,1000000,1.399,75453558,56455196
2026-08-10T22:00:00.000Z,ETHUSDT,buy,5000000,3.947,75453558,56455196
2026-08-10T22:00:00.000Z,ETHUSDT,sell,10000,0.027,75453558,56455196
2026-08-10T22:00:00.000Z,ETHUSDT,sell,100000,0.027,75453558,56455196
2026-08-10T22:00:00.000Z,ETHUSDT,sell,1000000,0.068,75453558,56455196
2026-08-10T22:00:00.000Z,ETHUSDT,sell,5000000,2.862,75453558,56455196
2026-08-10T22:00:00.000Z,LINKUSDT,buy,10000,0.602,10229424,6303459
2026-08-10T22:00:00.000Z,LINKUSDT,buy,100000,4.419,10229424,6303459
2026-08-10T22:00:00.000Z,LINKUSDT,buy,1000000,31.308,10229424,6303459
2026-08-10T22:00:00.000Z,LINKUSDT,buy,5000000,135.712,10229424,6303459
2026-08-10T22:00:00.000Z,LINKUSDT,sell,10000,1.468,10229424,6303459
2026-08-10T22:00:00.000Z,LINKUSDT,sell,100000,4.307,10229424,6303459
2026-08-10T22:00:00.000Z,LINKUSDT,sell,1000000,30.548,10229424,6303459
2026-08-10T22:00:00.000Z,LINKUSDT,sell,5000000,123.699,10229424,6303459
2026-08-10T22:00:00.000Z,SOLUSDT,buy,10000,0.657,95987553,73771395
2026-08-10T22:00:00.000Z,SOLUSDT,buy,100000,0.657,95987553,73771395
2026-08-10T22:00:00.000Z,SOLUSDT,buy,1000000,2.519,95987553,73771395
2026-08-10T22:00:00.000Z,SOLUSDT,buy,5000000,11.46,95987553,73771395
2026-08-10T22:00:00.000Z,SOLUSDT,sell,10000,0.657,95987553,73771395
2026-08-10T22:00:00.000Z,SOLUSDT,sell,100000,0.657,95987553,73771395
2026-08-10T22:00:00.000Z,SOLUSDT,sell,1000000,1.922,95987553,73771395
2026-08-10T22:00:00.000Z,SOLUSDT,sell,5000000,9.552,95987553,73771395
2026-08-10T22:00:00.000Z,XRPUSDT,buy,10000,0.495,35141259,28843696
2026-08-10T22:00:00.000Z,XRPUSDT,buy,100000,0.584,35141259,28843696
2026-08-10T22:00:00.000Z,XRPUSDT,buy,1000000,4.456,35141259,28843696
2026-08-10T22:00:00.000Z,XRPUSDT,buy,5000000,24.982,35141259,28843696
2026-08-10T22:00:00.000Z,XRPUSDT,sell,10000,0.495,35141259,28843696
2026-08-10T22:00:00.000Z,XRPUSDT,sell,100000,1.202,35141259,28843696
2026-08-10T22:00:00.000Z,XRPUSDT,sell,1000000,5.539,35141259,28843696
2026-08-10T22:00:00.000Z,XRPUSDT,sell,5000000,35.051,35141259,28843696
2026-08-10T23:00:00.000Z,ADAUSDT,buy,10000,2.609,16105926,11277491
2026-08-10T23:00:00.000Z,ADAUSDT,buy,100000,5.731,16105926,11277491
2026-08-10T23:00:00.000Z,ADAUSDT,buy,1000000,30.377,16105926,11277491
2026-08-10T23:00:00.000Z,ADAUSDT,buy,5000000,122.618,16105926,11277491
2026-08-10T23:00:00.000Z,ADAUSDT,sell,10000,2.609,16105926,11277491
2026-08-10T23:00:00.000Z,ADAUSDT,sell,100000,7.201,16105926,11277491
2026-08-10T23:00:00.000Z,ADAUSDT,sell,1000000,33.333,16105926,11277491
2026-08-10T23:00:00.000Z,ADAUSDT,sell,5000000,105.475,16105926,11277491
2026-08-10T23:00:00.000Z,BNBUSDT,buy,10000,0.083,15184131,7848136
2026-08-10T23:00:00.000Z,BNBUSDT,buy,100000,0.453,15184131,7848136
2026-08-10T23:00:00.000Z,BNBUSDT,buy,1000000,10.658,15184131,7848136
2026-08-10T23:00:00.000Z,BNBUSDT,buy,5000000,45.847,15184131,7848136
2026-08-10T23:00:00.000Z,BNBUSDT,sell,10000,0.735,15184131,7848136
2026-08-10T23:00:00.000Z,BNBUSDT,sell,100000,2.349,15184131,7848136
2026-08-10T23:00:00.000Z,BNBUSDT,sell,1000000,11.963,15184131,7848136
2026-08-10T23:00:00.000Z,BNBUSDT,sell,5000000,42.047,15184131,7848136
2026-08-10T23:00:00.000Z,BTCUSDT,buy,10000,0.008,35973340,42799949
2026-08-10T23:00:00.000Z,BTCUSDT,buy,100000,0.008,35973340,42799949
2026-08-10T23:00:00.000Z,BTCUSDT,buy,1000000,0.414,35973340,42799949
2026-08-10T23:00:00.000Z,BTCUSDT,buy,5000000,1.957,35973340,42799949
2026-08-10T23:00:00.000Z,BTCUSDT,sell,10000,0.008,35973340,42799949
2026-08-10T23:00:00.000Z,BTCUSDT,sell,100000,0.008,35973340,42799949
2026-08-10T23:00:00.000Z,BTCUSDT,sell,1000000,0.041,35973340,42799949
2026-08-10T23:00:00.000Z,BTCUSDT,sell,5000000,1.518,35973340,42799949
2026-08-10T23:00:00.000Z,DOGEUSDT,buy,10000,0.717,48573888,30587759
2026-08-10T23:00:00.000Z,DOGEUSDT,buy,100000,1.802,48573888,30587759
2026-08-10T23:00:00.000Z,DOGEUSDT,buy,1000000,14.066,48573888,30587759
2026-08-10T23:00:00.000Z,DOGEUSDT,buy,5000000,57.934,48573888,30587759
2026-08-10T23:00:00.000Z,DOGEUSDT,sell,10000,0.717,48573888,30587759
2026-08-10T23:00:00.000Z,DOGEUSDT,sell,100000,1.46,48573888,30587759
2026-08-10T23:00:00.000Z,DOGEUSDT,sell,1000000,11.547,48573888,30587759
2026-08-10T23:00:00.000Z,DOGEUSDT,sell,5000000,50.775,48573888,30587759
2026-08-10T23:00:00.000Z,ETHUSDT,buy,10000,0.027,85440335,55916037
2026-08-10T23:00:00.000Z,ETHUSDT,buy,100000,0.027,85440335,55916037
2026-08-10T23:00:00.000Z,ETHUSDT,buy,1000000,0.951,85440335,55916037
2026-08-10T23:00:00.000Z,ETHUSDT,buy,5000000,3.152,85440335,55916037
2026-08-10T23:00:00.000Z,ETHUSDT,sell,10000,0.027,85440335,55916037
2026-08-10T23:00:00.000Z,ETHUSDT,sell,100000,0.027,85440335,55916037
2026-08-10T23:00:00.000Z,ETHUSDT,sell,1000000,0.779,85440335,55916037
2026-08-10T23:00:00.000Z,ETHUSDT,sell,5000000,3.877,85440335,55916037
2026-08-10T23:00:00.000Z,LINKUSDT,buy,10000,0.603,9932199,6360128
2026-08-10T23:00:00.000Z,LINKUSDT,buy,100000,4.117,9932199,6360128
2026-08-10T23:00:00.000Z,LINKUSDT,buy,1000000,30.976,9932199,6360128
2026-08-10T23:00:00.000Z,LINKUSDT,buy,5000000,142.336,9932199,6360128
2026-08-10T23:00:00.000Z,LINKUSDT,sell,10000,1.538,9932199,6360128
2026-08-10T23:00:00.000Z,LINKUSDT,sell,100000,4.157,9932199,6360128
2026-08-10T23:00:00.000Z,LINKUSDT,sell,1000000,30.499,9932199,6360128
2026-08-10T23:00:00.000Z,LINKUSDT,sell,5000000,119.843,9932199,6360128
2026-08-10T23:00:00.000Z,SOLUSDT,buy,10000,0.658,96227109,74260529
2026-08-10T23:00:00.000Z,SOLUSDT,buy,100000,0.658,96227109,74260529
2026-08-10T23:00:00.000Z,SOLUSDT,buy,1000000,1.344,96227109,74260529
2026-08-10T23:00:00.000Z,SOLUSDT,buy,5000000,9.875,96227109,74260529
2026-08-10T23:00:00.000Z,SOLUSDT,sell,10000,0.658,96227109,74260529
2026-08-10T23:00:00.000Z,SOLUSDT,sell,100000,0.658,96227109,74260529
2026-08-10T23:00:00.000Z,SOLUSDT,sell,1000000,2.817,96227109,74260529
2026-08-10T23:00:00.000Z,SOLUSDT,sell,5000000,10.03,96227109,74260529
2026-08-10T23:00:00.000Z,XRPUSDT,buy,10000,0.494,37067527,32102699
2026-08-10T23:00:00.000Z,XRPUSDT,buy,100000,0.765,37067527,32102699
2026-08-10T23:00:00.000Z,XRPUSDT,buy,1000000,4.308,37067527,32102699
2026-08-10T23:00:00.000Z,XRPUSDT,buy,5000000,7.915,37067527,32102699
2026-08-10T23:00:00.000Z,XRPUSDT,sell,10000,0.494,37067527,32102699
2026-08-10T23:00:00.000Z,XRPUSDT,sell,100000,1.344,37067527,32102699
2026-08-10T23:00:00.000Z,XRPUSDT,sell,1000000,5.048,37067527,32102699
2026-08-10T23:00:00.000Z,XRPUSDT,sell,5000000,27.626,37067527,32102699
2026-08-11T00:00:00.000Z,ADAUSDT,buy,10000,4.276,16013405,11571921
2026-08-11T00:00:00.000Z,ADAUSDT,buy,100000,7.538,16013405,11571921
2026-08-11T00:00:00.000Z,ADAUSDT,buy,1000000,28.88,16013405,11571921
2026-08-11T00:00:00.000Z,ADAUSDT,buy,5000000,111.026,16013405,11571921
2026-08-11T00:00:00.000Z,ADAUSDT,sell,10000,2.634,16013405,11571921
2026-08-11T00:00:00.000Z,ADAUSDT,sell,100000,5.374,16013405,11571921
2026-08-11T00:00:00.000Z,ADAUSDT,sell,1000000,30.017,16013405,11571921
2026-08-11T00:00:00.000Z,ADAUSDT,sell,5000000,103.713,16013405,11571921
2026-08-11T00:00:00.000Z,BNBUSDT,buy,10000,0.095,14956229,7684770
2026-08-11T00:00:00.000Z,BNBUSDT,buy,100000,1.576,14956229,7684770
2026-08-11T00:00:00.000Z,BNBUSDT,buy,1000000,10.772,14956229,7684770
2026-08-11T00:00:00.000Z,BNBUSDT,buy,5000000,47.986,14956229,7684770
2026-08-11T00:00:00.000Z,BNBUSDT,sell,10000,0.107,14956229,7684770
2026-08-11T00:00:00.000Z,BNBUSDT,sell,100000,1.417,14956229,7684770
2026-08-11T00:00:00.000Z,BNBUSDT,sell,1000000,8.982,14956229,7684770
2026-08-11T00:00:00.000Z,BNBUSDT,sell,5000000,38.094,14956229,7684770
2026-08-11T00:00:00.000Z,BTCUSDT,buy,10000,0.008,40811390,43436417
2026-08-11T00:00:00.000Z,BTCUSDT,buy,100000,0.008,40811390,43436417
2026-08-11T00:00:00.000Z,BTCUSDT,buy,1000000,0.488,40811390,43436417
2026-08-11T00:00:00.000Z,BTCUSDT,buy,5000000,1.969,40811390,43436417
2026-08-11T00:00:00.000Z,BTCUSDT,sell,10000,0.008,40811390,43436417
2026-08-11T00:00:00.000Z,BTCUSDT,sell,100000,0.008,40811390,43436417
2026-08-11T00:00:00.000Z,BTCUSDT,sell,1000000,0.032,40811390,43436417
2026-08-11T00:00:00.000Z,BTCUSDT,sell,5000000,0.936,40811390,43436417
2026-08-11T00:00:00.000Z,DOGEUSDT,buy,10000,0.717,48521513,30106498
2026-08-11T00:00:00.000Z,DOGEUSDT,buy,100000,2.872,48521513,30106498
2026-08-11T00:00:00.000Z,DOGEUSDT,buy,1000000,13.131,48521513,30106498
2026-08-11T00:00:00.000Z,DOGEUSDT,buy,5000000,56.049,48521513,30106498
2026-08-11T00:00:00.000Z,DOGEUSDT,sell,10000,0.717,48521513,30106498
2026-08-11T00:00:00.000Z,DOGEUSDT,sell,100000,1.259,48521513,30106498
2026-08-11T00:00:00.000Z,DOGEUSDT,sell,1000000,11.021,48521513,30106498
2026-08-11T00:00:00.000Z,DOGEUSDT,sell,5000000,51.373,48521513,30106498
2026-08-11T00:00:00.000Z,ETHUSDT,buy,10000,0.027,83712172,58826630
2026-08-11T00:00:00.000Z,ETHUSDT,buy,100000,0.027,83712172,58826630
2026-08-11T00:00:00.000Z,ETHUSDT,buy,1000000,1.11,83712172,58826630
2026-08-11T00:00:00.000Z,ETHUSDT,buy,5000000,3.551,83712172,58826630
2026-08-11T00:00:00.000Z,ETHUSDT,sell,10000,0.027,83712172,58826630
2026-08-11T00:00:00.000Z,ETHUSDT,sell,100000,0.027,83712172,58826630
2026-08-11T00:00:00.000Z,ETHUSDT,sell,1000000,0.763,83712172,58826630
2026-08-11T00:00:00.000Z,ETHUSDT,sell,5000000,3.699,83712172,58826630
2026-08-11T00:00:00.000Z,LINKUSDT,buy,10000,0.601,10036886,6214814
2026-08-11T00:00:00.000Z,LINKUSDT,buy,100000,4.102,10036886,6214814
2026-08-11T00:00:00.000Z,LINKUSDT,buy,1000000,27.281,10036886,6214814
2026-08-11T00:00:00.000Z,LINKUSDT,buy,5000000,139.272,10036886,6214814
2026-08-11T00:00:00.000Z,LINKUSDT,sell,10000,0.712,10036886,6214814
2026-08-11T00:00:00.000Z,LINKUSDT,sell,100000,4.816,10036886,6214814
2026-08-11T00:00:00.000Z,LINKUSDT,sell,1000000,30.715,10036886,6214814
2026-08-11T00:00:00.000Z,LINKUSDT,sell,5000000,121.357,10036886,6214814
2026-08-11T00:00:00.000Z,SOLUSDT,buy,10000,0.659,96080317,75186496
2026-08-11T00:00:00.000Z,SOLUSDT,buy,100000,0.659,96080317,75186496
2026-08-11T00:00:00.000Z,SOLUSDT,buy,1000000,1.994,96080317,75186496
2026-08-11T00:00:00.000Z,SOLUSDT,buy,5000000,8.104,96080317,75186496
2026-08-11T00:00:00.000Z,SOLUSDT,sell,10000,0.659,96080317,75186496
2026-08-11T00:00:00.000Z,SOLUSDT,sell,100000,0.659,96080317,75186496
2026-08-11T00:00:00.000Z,SOLUSDT,sell,1000000,1.698,96080317,75186496
2026-08-11T00:00:00.000Z,SOLUSDT,sell,5000000,9.831,96080317,75186496
2026-08-11T00:00:00.000Z,XRPUSDT,buy,10000,0.495,36124100,30725182
2026-08-11T00:00:00.000Z,XRPUSDT,buy,100000,0.733,36124100,30725182
2026-08-11T00:00:00.000Z,XRPUSDT,buy,1000000,5.426,36124100,30725182
2026-08-11T00:00:00.000Z,XRPUSDT,buy,5000000,13.089,36124100,30725182
2026-08-11T00:00:00.000Z,XRPUSDT,sell,10000,0.495,36124100,30725182
2026-08-11T00:00:00.000Z,XRPUSDT,sell,100000,0.495,36124100,30725182
2026-08-11T00:00:00.000Z,XRPUSDT,sell,1000000,3.457,36124100,30725182
2026-08-11T00:00:00.000Z,XRPUSDT,sell,5000000,27.142,36124100,30725182
2026-08-11T01:00:00.000Z,ADAUSDT,buy,10000,2.62,16588656,11418725
2026-08-11T01:00:00.000Z,ADAUSDT,buy,100000,5.456,16588656,11418725
2026-08-11T01:00:00.000Z,ADAUSDT,buy,1000000,28.428,16588656,11418725
2026-08-11T01:00:00.000Z,ADAUSDT,buy,5000000,107.401,16588656,11418725
2026-08-11T01:00:00.000Z,ADAUSDT,sell,10000,2.62,16588656,11418725
2026-08-11T01:00:00.000Z,ADAUSDT,sell,100000,6.449,16588656,11418725
2026-08-11T01:00:00.000Z,ADAUSDT,sell,1000000,27.829,16588656,11418725
2026-08-11T01:00:00.000Z,ADAUSDT,sell,5000000,92.708,16588656,11418725
2026-08-11T01:00:00.000Z,BNBUSDT,buy,10000,0.085,12429041,9427015
2026-08-11T01:00:00.000Z,BNBUSDT,buy,100000,1.544,12429041,9427015
2026-08-11T01:00:00.000Z,BNBUSDT,buy,1000000,10.674,12429041,9427015
2026-08-11T01:00:00.000Z,BNBUSDT,buy,5000000,42.035,12429041,9427015
2026-08-11T01:00:00.000Z,BNBUSDT,sell,10000,0.083,12429041,9427015
2026-08-11T01:00:00.000Z,BNBUSDT,sell,100000,1.291,12429041,9427015
2026-08-11T01:00:00.000Z,BNBUSDT,sell,1000000,9.042,12429041,9427015
2026-08-11T01:00:00.000Z,BNBUSDT,sell,5000000,37.629,12429041,9427015
2026-08-11T01:00:00.000Z,BTCUSDT,buy,10000,0.008,44147692,46759119
2026-08-11T01:00:00.000Z,BTCUSDT,buy,100000,0.008,44147692,46759119
2026-08-11T01:00:00.000Z,BTCUSDT,buy,1000000,0.356,44147692,46759119
2026-08-11T01:00:00.000Z,BTCUSDT,buy,5000000,1.486,44147692,46759119
2026-08-11T01:00:00.000Z,BTCUSDT,sell,10000,0.008,44147692,46759119
2026-08-11T01:00:00.000Z,BTCUSDT,sell,100000,0.008,44147692,46759119
2026-08-11T01:00:00.000Z,BTCUSDT,sell,1000000,0.097,44147692,46759119
2026-08-11T01:00:00.000Z,BTCUSDT,sell,5000000,1.467,44147692,46759119
2026-08-11T01:00:00.000Z,DOGEUSDT,buy,10000,0.714,47105526,30330840
2026-08-11T01:00:00.000Z,DOGEUSDT,buy,100000,1.656,47105526,30330840
2026-08-11T01:00:00.000Z,DOGEUSDT,buy,1000000,7.355,47105526,30330840
2026-08-11T01:00:00.000Z,DOGEUSDT,buy,5000000,34.075,47105526,30330840
2026-08-11T01:00:00.000Z,DOGEUSDT,sell,10000,0.714,47105526,30330840
2026-08-11T01:00:00.000Z,DOGEUSDT,sell,100000,1.488,47105526,30330840
2026-08-11T01:00:00.000Z,DOGEUSDT,sell,1000000,9.069,47105526,30330840
2026-08-11T01:00:00.000Z,DOGEUSDT,sell,5000000,51.01,47105526,30330840
2026-08-11T01:00:00.000Z,ETHUSDT,buy,10000,0.027,66738541,61513261
2026-08-11T01:00:00.000Z,ETHUSDT,buy,100000,0.027,66738541,61513261
2026-08-11T01:00:00.000Z,ETHUSDT,buy,1000000,1.367,66738541,61513261
2026-08-11T01:00:00.000Z,ETHUSDT,buy,5000000,3.875,66738541,61513261
2026-08-11T01:00:00.000Z,ETHUSDT,sell,10000,0.027,66738541,61513261
2026-08-11T01:00:00.000Z,ETHUSDT,sell,100000,0.027,66738541,61513261
2026-08-11T01:00:00.000Z,ETHUSDT,sell,1000000,0.49,66738541,61513261
2026-08-11T01:00:00.000Z,ETHUSDT,sell,5000000,3.277,66738541,61513261
2026-08-11T01:00:00.000Z,LINKUSDT,buy,10000,0.668,10449192,6533127
2026-08-11T01:00:00.000Z,LINKUSDT,buy,100000,4.984,10449192,6533127
2026-08-11T01:00:00.000Z,LINKUSDT,buy,1000000,30.715,10449192,6533127
2026-08-11T01:00:00.000Z,LINKUSDT,buy,5000000,127.926,10449192,6533127
2026-08-11T01:00:00.000Z,LINKUSDT,sell,10000,1.117,10449192,6533127
2026-08-11T01:00:00.000Z,LINKUSDT,sell,100000,3.978,10449192,6533127
2026-08-11T01:00:00.000Z,LINKUSDT,sell,1000000,35.025,10449192,6533127
2026-08-11T01:00:00.000Z,LINKUSDT,sell,5000000,129.707,10449192,6533127
2026-08-11T01:00:00.000Z,SOLUSDT,buy,10000,0.658,94188323,69567066
2026-08-11T01:00:00.000Z,SOLUSDT,buy,100000,0.658,94188323,69567066
2026-08-11T01:00:00.000Z,SOLUSDT,buy,1000000,3.038,94188323,69567066
2026-08-11T01:00:00.000Z,SOLUSDT,buy,5000000,12.975,94188323,69567066
2026-08-11T01:00:00.000Z,SOLUSDT,sell,10000,0.658,94188323,69567066
2026-08-11T01:00:00.000Z,SOLUSDT,sell,100000,0.658,94188323,69567066
2026-08-11T01:00:00.000Z,SOLUSDT,sell,1000000,2.055,94188323,69567066
2026-08-11T01:00:00.000Z,SOLUSDT,sell,5000000,8.829,94188323,69567066
2026-08-11T01:00:00.000Z,XRPUSDT,buy,10000,0.492,34498588,27988778
2026-08-11T01:00:00.000Z,XRPUSDT,buy,100000,0.987,34498588,27988778
2026-08-11T01:00:00.000Z,XRPUSDT,buy,1000000,5.87,34498588,27988778
2026-08-11T01:00:00.000Z,XRPUSDT,buy,5000000,31.691,34498588,27988778
2026-08-11T01:00:00.000Z,XRPUSDT,sell,10000,0.492,34498588,27988778
2026-08-11T01:00:00.000Z,XRPUSDT,sell,100000,0.744,34498588,27988778
2026-08-11T01:00:00.000Z,XRPUSDT,sell,1000000,4.564,34498588,27988778
2026-08-11T01:00:00.000Z,XRPUSDT,sell,5000000,29.381,34498588,27988778
2026-08-11T02:00:00.000Z,ADAUSDT,buy,10000,2.624,16123614,11065885
2026-08-11T02:00:00.000Z,ADAUSDT,buy,100000,5.138,16123614,11065885
2026-08-11T02:00:00.000Z,ADAUSDT,buy,1000000,29.692,16123614,11065885
2026-08-11T02:00:00.000Z,ADAUSDT,buy,5000000,114.94,16123614,11065885
2026-08-11T02:00:00.000Z,ADAUSDT,sell,10000,2.624,16123614,11065885
2026-08-11T02:00:00.000Z,ADAUSDT,sell,100000,5.149,16123614,11065885
2026-08-11T02:00:00.000Z,ADAUSDT,sell,1000000,27.176,16123614,11065885
2026-08-11T02:00:00.000Z,ADAUSDT,sell,5000000,88.844,16123614,11065885
2026-08-11T02:00:00.000Z,BNBUSDT,buy,10000,0.532,12009488,9335586
2026-08-11T02:00:00.000Z,BNBUSDT,buy,100000,1.849,12009488,9335586
2026-08-11T02:00:00.000Z,BNBUSDT,buy,1000000,10.99,12009488,9335586
2026-08-11T02:00:00.000Z,BNBUSDT,buy,5000000,42.147,12009488,9335586
2026-08-11T02:00:00.000Z,BNBUSDT,sell,10000,0.083,12009488,9335586
2026-08-11T02:00:00.000Z,BNBUSDT,sell,100000,1.038,12009488,9335586
2026-08-11T02:00:00.000Z,BNBUSDT,sell,1000000,9.879,12009488,9335586
2026-08-11T02:00:00.000Z,BNBUSDT,sell,5000000,41.181,12009488,9335586
2026-08-11T02:00:00.000Z,BTCUSDT,buy,10000,0.008,47580352,49351618
2026-08-11T02:00:00.000Z,BTCUSDT,buy,100000,0.008,47580352,49351618
2026-08-11T02:00:00.000Z,BTCUSDT,buy,1000000,0.008,47580352,49351618
2026-08-11T02:00:00.000Z,BTCUSDT,buy,5000000,0.912,47580352,49351618
2026-08-11T02:00:00.000Z,BTCUSDT,sell,10000,0.008,47580352,49351618
2026-08-11T02:00:00.000Z,BTCUSDT,sell,100000,0.008,47580352,49351618
2026-08-11T02:00:00.000Z,BTCUSDT,sell,1000000,0.015,47580352,49351618
2026-08-11T02:00:00.000Z,BTCUSDT,sell,5000000,1.714,47580352,49351618
2026-08-11T02:00:00.000Z,DOGEUSDT,buy,10000,0.712,46503575,29548434
2026-08-11T02:00:00.000Z,DOGEUSDT,buy,100000,1.235,46503575,29548434
2026-08-11T02:00:00.000Z,DOGEUSDT,buy,1000000,6.909,46503575,29548434
2026-08-11T02:00:00.000Z,DOGEUSDT,buy,5000000,42.644,46503575,29548434
2026-08-11T02:00:00.000Z,DOGEUSDT,sell,10000,0.712,46503575,29548434
2026-08-11T02:00:00.000Z,DOGEUSDT,sell,100000,2.382,46503575,29548434
2026-08-11T02:00:00.000Z,DOGEUSDT,sell,1000000,11.235,46503575,29548434
2026-08-11T02:00:00.000Z,DOGEUSDT,sell,5000000,49.798,46503575,29548434
2026-08-11T02:00:00.000Z,ETHUSDT,buy,10000,0.027,69883304,67513913
2026-08-11T02:00:00.000Z,ETHUSDT,buy,100000,0.027,69883304,67513913
2026-08-11T02:00:00.000Z,ETHUSDT,buy,1000000,0.225,69883304,67513913
2026-08-11T02:00:00.000Z,ETHUSDT,buy,5000000,2.85,69883304,67513913
2026-08-11T02:00:00.000Z,ETHUSDT,sell,10000,0.027,69883304,67513913
2026-08-11T02:00:00.000Z,ETHUSDT,sell,100000,0.027,69883304,67513913
2026-08-11T02:00:00.000Z,ETHUSDT,sell,1000000,0.052,69883304,67513913
2026-08-11T02:00:00.000Z,ETHUSDT,sell,5000000,2.843,69883304,67513913
2026-08-11T02:00:00.000Z,LINKUSDT,buy,10000,1.745,9997256,6298916
2026-08-11T02:00:00.000Z,LINKUSDT,buy,100000,4.833,9997256,6298916
2026-08-11T02:00:00.000Z,LINKUSDT,buy,1000000,28.422,9997256,6298916
2026-08-11T02:00:00.000Z,LINKUSDT,buy,5000000,141.406,9997256,6298916
2026-08-11T02:00:00.000Z,LINKUSDT,sell,10000,0.595,9997256,6298916
2026-08-11T02:00:00.000Z,LINKUSDT,sell,100000,2.815,9997256,6298916
2026-08-11T02:00:00.000Z,LINKUSDT,sell,1000000,26.762,9997256,6298916
2026-08-11T02:00:00.000Z,LINKUSDT,sell,5000000,120.037,9997256,6298916
2026-08-11T02:00:00.000Z,SOLUSDT,buy,10000,0.658,95703208,72554853
2026-08-11T02:00:00.000Z,SOLUSDT,buy,100000,0.658,95703208,72554853
2026-08-11T02:00:00.000Z,SOLUSDT,buy,1000000,2.392,95703208,72554853
2026-08-11T02:00:00.000Z,SOLUSDT,buy,5000000,9.597,95703208,72554853
2026-08-11T02:00:00.000Z,SOLUSDT,sell,10000,0.658,95703208,72554853
2026-08-11T02:00:00.000Z,SOLUSDT,sell,100000,0.658,95703208,72554853
2026-08-11T02:00:00.000Z,SOLUSDT,sell,1000000,2.101,95703208,72554853
2026-08-11T02:00:00.000Z,SOLUSDT,sell,5000000,9.986,95703208,72554853
2026-08-11T02:00:00.000Z,XRPUSDT,buy,10000,0.493,34590368,28281567
2026-08-11T02:00:00.000Z,XRPUSDT,buy,100000,0.493,34590368,28281567
2026-08-11T02:00:00.000Z,XRPUSDT,buy,1000000,3.895,34590368,28281567
2026-08-11T02:00:00.000Z,XRPUSDT,buy,5000000,29.649,34590368,28281567
2026-08-11T02:00:00.000Z,XRPUSDT,sell,10000,0.493,34590368,28281567
2026-08-11T02:00:00.000Z,XRPUSDT,sell,100000,1.34,34590368,28281567
2026-08-11T02:00:00.000Z,XRPUSDT,sell,1000000,5.403,34590368,28281567
2026-08-11T02:00:00.000Z,XRPUSDT,sell,5000000,29.509,34590368,28281567
2026-08-11T03:00:00.000Z,ADAUSDT,buy,10000,2.632,15793922,11259778
2026-08-11T03:00:00.000Z,ADAUSDT,buy,100000,6.4,15793922,11259778
2026-08-11T03:00:00.000Z,ADAUSDT,buy,1000000,28.657,15793922,11259778
2026-08-11T03:00:00.000Z,ADAUSDT,buy,5000000,120.999,15793922,11259778
2026-08-11T03:00:00.000Z,ADAUSDT,sell,10000,2.632,15793922,11259778
2026-08-11T03:00:00.000Z,ADAUSDT,sell,100000,6.227,15793922,11259778
2026-08-11T03:00:00.000Z,ADAUSDT,sell,1000000,16.86,15793922,11259778
2026-08-11T03:00:00.000Z,ADAUSDT,sell,5000000,82.764,15793922,11259778
2026-08-11T03:00:00.000Z,BNBUSDT,buy,10000,0.307,12963513,9132087
2026-08-11T03:00:00.000Z,BNBUSDT,buy,100000,1.924,12963513,9132087
2026-08-11T03:00:00.000Z,BNBUSDT,buy,1000000,11.061,12963513,9132087
2026-08-11T03:00:00.000Z,BNBUSDT,buy,5000000,42.943,12963513,9132087
2026-08-11T03:00:00.000Z,BNBUSDT,sell,10000,0.083,12963513,9132087
2026-08-11T03:00:00.000Z,BNBUSDT,sell,100000,0.937,12963513,9132087
2026-08-11T03:00:00.000Z,BNBUSDT,sell,1000000,6.747,12963513,9132087
2026-08-11T03:00:00.000Z,BNBUSDT,sell,5000000,30.984,12963513,9132087
2026-08-11T03:00:00.000Z,BTCUSDT,buy,10000,0.008,47876984,50525112
2026-08-11T03:00:00.000Z,BTCUSDT,buy,100000,0.008,47876984,50525112
2026-08-11T03:00:00.000Z,BTCUSDT,buy,1000000,0.379,47876984,50525112
2026-08-11T03:00:00.000Z,BTCUSDT,buy,5000000,1.927,47876984,50525112
2026-08-11T03:00:00.000Z,BTCUSDT,sell,10000,0.008,47876984,50525112
2026-08-11T03:00:00.000Z,BTCUSDT,sell,100000,0.008,47876984,50525112
2026-08-11T03:00:00.000Z,BTCUSDT,sell,1000000,0.139,47876984,50525112
2026-08-11T03:00:00.000Z,BTCUSDT,sell,5000000,1.475,47876984,50525112
2026-08-11T03:00:00.000Z,DOGEUSDT,buy,10000,0.713,46934203,29178191
2026-08-11T03:00:00.000Z,DOGEUSDT,buy,100000,2.256,46934203,29178191
2026-08-11T03:00:00.000Z,DOGEUSDT,buy,1000000,10.408,46934203,29178191
2026-08-11T03:00:00.000Z,DOGEUSDT,buy,5000000,50.716,46934203,29178191
2026-08-11T03:00:00.000Z,DOGEUSDT,sell,10000,0.713,46934203,29178191
2026-08-11T03:00:00.000Z,DOGEUSDT,sell,100000,0.967,46934203,29178191
2026-08-11T03:00:00.000Z,DOGEUSDT,sell,1000000,7.303,46934203,29178191
2026-08-11T03:00:00.000Z,DOGEUSDT,sell,5000000,45.464,46934203,29178191
2026-08-11T03:00:00.000Z,ETHUSDT,buy,10000,0.027,66416316,71086135
2026-08-11T03:00:00.000Z,ETHUSDT,buy,100000,0.027,66416316,71086135
2026-08-11T03:00:00.000Z,ETHUSDT,buy,1000000,1.228,66416316,71086135
2026-08-11T03:00:00.000Z,ETHUSDT,buy,5000000,3.597,66416316,71086135
2026-08-11T03:00:00.000Z,ETHUSDT,sell,10000,0.027,66416316,71086135
2026-08-11T03:00:00.000Z,ETHUSDT,sell,100000,0.027,66416316,71086135
2026-08-11T03:00:00.000Z,ETHUSDT,sell,1000000,0.046,66416316,71086135
2026-08-11T03:00:00.000Z,ETHUSDT,sell,5000000,2.204,66416316,71086135
2026-08-11T03:00:00.000Z,LINKUSDT,buy,10000,0.595,10087778,6335501
2026-08-11T03:00:00.000Z,LINKUSDT,buy,100000,3.37,10087778,6335501
2026-08-11T03:00:00.000Z,LINKUSDT,buy,1000000,29.903,10087778,6335501
2026-08-11T03:00:00.000Z,LINKUSDT,buy,5000000,142.157,10087778,6335501
2026-08-11T03:00:00.000Z,LINKUSDT,sell,10000,0.656,10087778,6335501
2026-08-11T03:00:00.000Z,LINKUSDT,sell,100000,2.811,10087778,6335501
2026-08-11T03:00:00.000Z,LINKUSDT,sell,1000000,24.769,10087778,6335501
2026-08-11T03:00:00.000Z,LINKUSDT,sell,5000000,115.689,10087778,6335501
2026-08-11T03:00:00.000Z,SOLUSDT,buy,10000,0.657,95114828,74110751
2026-08-11T03:00:00.000Z,SOLUSDT,buy,100000,1.815,95114828,74110751
2026-08-11T03:00:00.000Z,SOLUSDT,buy,1000000,3.039,95114828,74110751
2026-08-11T03:00:00.000Z,SOLUSDT,buy,5000000,10.976,95114828,74110751
2026-08-11T03:00:00.000Z,SOLUSDT,sell,10000,0.657,95114828,74110751
2026-08-11T03:00:00.000Z,SOLUSDT,sell,100000,0.657,95114828,74110751
2026-08-11T03:00:00.000Z,SOLUSDT,sell,1000000,2.363,95114828,74110751
2026-08-11T03:00:00.000Z,SOLUSDT,sell,5000000,11.338,95114828,74110751
2026-08-11T03:00:00.000Z,XRPUSDT,buy,10000,0.493,35882632,28527641
2026-08-11T03:00:00.000Z,XRPUSDT,buy,100000,1.591,35882632,28527641
2026-08-11T03:00:00.000Z,XRPUSDT,buy,1000000,5.762,35882632,28527641
2026-08-11T03:00:00.000Z,XRPUSDT,buy,5000000,31.747,35882632,28527641
2026-08-11T03:00:00.000Z,XRPUSDT,sell,10000,0.493,35882632,28527641
2026-08-11T03:00:00.000Z,XRPUSDT,sell,100000,0.868,35882632,28527641
2026-08-11T03:00:00.000Z,XRPUSDT,sell,1000000,5.419,35882632,28527641
2026-08-11T03:00:00.000Z,XRPUSDT,sell,5000000,27.619,35882632,28527641
2026-08-11T04:00:00.000Z,ADAUSDT,buy,10000,2.63,16173724,11505290
2026-08-11T04:00:00.000Z,ADAUSDT,buy,100000,5.374,16173724,11505290
2026-08-11T04:00:00.000Z,ADAUSDT,buy,1000000,26.865,16173724,11505290
2026-08-11T04:00:00.000Z,ADAUSDT,buy,5000000,114.356,16173724,11505290
2026-08-11T04:00:00.000Z,ADAUSDT,sell,10000,2.63,16173724,11505290
2026-08-11T04:00:00.000Z,ADAUSDT,sell,100000,6.353,16173724,11505290
2026-08-11T04:00:00.000Z,ADAUSDT,sell,1000000,22.259,16173724,11505290
2026-08-11T04:00:00.000Z,ADAUSDT,sell,5000000,83.378,16173724,11505290
2026-08-11T04:00:00.000Z,BNBUSDT,buy,10000,0.083,12958125,9416266
2026-08-11T04:00:00.000Z,BNBUSDT,buy,100000,0.96,12958125,9416266
2026-08-11T04:00:00.000Z,BNBUSDT,buy,1000000,10.004,12958125,9416266
2026-08-11T04:00:00.000Z,BNBUSDT,buy,5000000,40.546,12958125,9416266
2026-08-11T04:00:00.000Z,BNBUSDT,sell,10000,0.083,12958125,9416266
2026-08-11T04:00:00.000Z,BNBUSDT,sell,100000,1.467,12958125,9416266
2026-08-11T04:00:00.000Z,BNBUSDT,sell,1000000,8.024,12958125,9416266
2026-08-11T04:00:00.000Z,BNBUSDT,sell,5000000,31.633,12958125,9416266
2026-08-11T04:00:00.000Z,BTCUSDT,buy,10000,0.008,43575917,46191656
2026-08-11T04:00:00.000Z,BTCUSDT,buy,100000,0.008,43575917,46191656
2026-08-11T04:00:00.000Z,BTCUSDT,buy,1000000,0.29,43575917,46191656
2026-08-11T04:00:00.000Z,BTCUSDT,buy,5000000,1.948,43575917,46191656
2026-08-11T04:00:00.000Z,BTCUSDT,sell,10000,0.008,43575917,46191656
2026-08-11T04:00:00.000Z,BTCUSDT,sell,100000,0.008,43575917,46191656
2026-08-11T04:00:00.000Z,BTCUSDT,sell,1000000,0.193,43575917,46191656
2026-08-11T04:00:00.000Z,BTCUSDT,sell,5000000,1.743,43575917,46191656
2026-08-11T04:00:00.000Z,DOGEUSDT,buy,10000,0.714,49117607,28986391
2026-08-11T04:00:00.000Z,DOGEUSDT,buy,100000,1.293,49117607,28986391
2026-08-11T04:00:00.000Z,DOGEUSDT,buy,1000000,10.545,49117607,28986391
2026-08-11T04:00:00.000Z,DOGEUSDT,buy,5000000,53.388,49117607,28986391
2026-08-11T04:00:00.000Z,DOGEUSDT,sell,10000,0.714,49117607,28986391
2026-08-11T04:00:00.000Z,DOGEUSDT,sell,100000,1.259,49117607,28986391
2026-08-11T04:00:00.000Z,DOGEUSDT,sell,1000000,7.192,49117607,28986391
2026-08-11T04:00:00.000Z,DOGEUSDT,sell,5000000,40.512,49117607,28986391
2026-08-11T04:00:00.000Z,ETHUSDT,buy,10000,0.027,73455969,67890057
2026-08-11T04:00:00.000Z,ETHUSDT,buy,100000,0.027,73455969,67890057
2026-08-11T04:00:00.000Z,ETHUSDT,buy,1000000,0.839,73455969,67890057
2026-08-11T04:00:00.000Z,ETHUSDT,buy,5000000,3.317,73455969,67890057
2026-08-11T04:00:00.000Z,ETHUSDT,sell,10000,0.027,73455969,67890057
2026-08-11T04:00:00.000Z,ETHUSDT,sell,100000,0.027,73455969,67890057
2026-08-11T04:00:00.000Z,ETHUSDT,sell,1000000,0.327,73455969,67890057
2026-08-11T04:00:00.000Z,ETHUSDT,sell,5000000,3.06,73455969,67890057
2026-08-11T04:00:00.000Z,LINKUSDT,buy,10000,0.864,9894684,6556144
2026-08-11T04:00:00.000Z,LINKUSDT,buy,100000,3.676,9894684,6556144
2026-08-11T04:00:00.000Z,LINKUSDT,buy,1000000,28.35,9894684,6556144
2026-08-11T04:00:00.000Z,LINKUSDT,buy,5000000,135.497,9894684,6556144
2026-08-11T04:00:00.000Z,LINKUSDT,sell,10000,0.647,9894684,6556144
2026-08-11T04:00:00.000Z,LINKUSDT,sell,100000,4.408,9894684,6556144
2026-08-11T04:00:00.000Z,LINKUSDT,sell,1000000,29.684,9894684,6556144
2026-08-11T04:00:00.000Z,LINKUSDT,sell,5000000,123.055,9894684,6556144
2026-08-11T04:00:00.000Z,SOLUSDT,buy,10000,0.656,95811219,73025485
2026-08-11T04:00:00.000Z,SOLUSDT,buy,100000,0.656,95811219,73025485
2026-08-11T04:00:00.000Z,SOLUSDT,buy,1000000,2.103,95811219,73025485
2026-08-11T04:00:00.000Z,SOLUSDT,buy,5000000,10.837,95811219,73025485
2026-08-11T04:00:00.000Z,SOLUSDT,sell,10000,0.656,95811219,73025485
2026-08-11T04:00:00.000Z,SOLUSDT,sell,100000,0.821,95811219,73025485
2026-08-11T04:00:00.000Z,SOLUSDT,sell,1000000,3.092,95811219,73025485
2026-08-11T04:00:00.000Z,SOLUSDT,sell,5000000,10.695,95811219,73025485
2026-08-11T04:00:00.000Z,XRPUSDT,buy,10000,0.493,36061564,28340367
2026-08-11T04:00:00.000Z,XRPUSDT,buy,100000,1.532,36061564,28340367
2026-08-11T04:00:00.000Z,XRPUSDT,buy,1000000,5.935,36061564,28340367
2026-08-11T04:00:00.000Z,XRPUSDT,buy,5000000,32.263,36061564,28340367
2026-08-11T04:00:00.000Z,XRPUSDT,sell,10000,0.493,36061564,28340367
2026-08-11T04:00:00.000Z,XRPUSDT,sell,100000,0.493,36061564,28340367
2026-08-11T04:00:00.000Z,XRPUSDT,sell,1000000,4.348,36061564,28340367
2026-08-11T04:00:00.000Z,XRPUSDT,sell,5000000,27.043,36061564,28340367
2026-08-11T05:00:00.000Z,ADAUSDT,buy,10000,2.66,15597218,11647436
2026-08-11T05:00:00.000Z,ADAUSDT,buy,100000,7.009,15597218,11647436
2026-08-11T05:00:00.000Z,ADAUSDT,buy,1000000,28.306,15597218,11647436
2026-08-11T05:00:00.000Z,ADAUSDT,buy,5000000,116.389,15597218,11647436
2026-08-11T05:00:00.000Z,ADAUSDT,sell,10000,2.66,15597218,11647436
2026-08-11T05:00:00.000Z,ADAUSDT,sell,100000,4.141,15597218,11647436
2026-08-11T05:00:00.000Z,ADAUSDT,sell,1000000,31.242,15597218,11647436
2026-08-11T05:00:00.000Z,ADAUSDT,sell,5000000,103.226,15597218,11647436
2026-08-11T05:00:00.000Z,BNBUSDT,buy,10000,0.431,12500476,9280433
2026-08-11T05:00:00.000Z,BNBUSDT,buy,100000,2.287,12500476,9280433
2026-08-11T05:00:00.000Z,BNBUSDT,buy,1000000,10.815,12500476,9280433
2026-08-11T05:00:00.000Z,BNBUSDT,buy,5000000,41.842,12500476,9280433
2026-08-11T05:00:00.000Z,BNBUSDT,sell,10000,0.091,12500476,9280433
2026-08-11T05:00:00.000Z,BNBUSDT,sell,100000,1.344,12500476,9280433
2026-08-11T05:00:00.000Z,BNBUSDT,sell,1000000,10.309,12500476,9280433
2026-08-11T05:00:00.000Z,BNBUSDT,sell,5000000,38.073,12500476,9280433
2026-08-11T05:00:00.000Z,BTCUSDT,buy,10000,0.008,43808276,40997691
2026-08-11T05:00:00.000Z,BTCUSDT,buy,100000,0.008,43808276,40997691
2026-08-11T05:00:00.000Z,BTCUSDT,buy,1000000,0.331,43808276,40997691
2026-08-11T05:00:00.000Z,BTCUSDT,buy,5000000,1.766,43808276,40997691
2026-08-11T05:00:00.000Z,BTCUSDT,sell,10000,0.008,43808276,40997691
2026-08-11T05:00:00.000Z,BTCUSDT,sell,100000,0.008,43808276,40997691
2026-08-11T05:00:00.000Z,BTCUSDT,sell,1000000,0.093,43808276,40997691
2026-08-11T05:00:00.000Z,BTCUSDT,sell,5000000,1.364,43808276,40997691
2026-08-11T05:00:00.000Z,DOGEUSDT,buy,10000,0.713,49070925,28868448
2026-08-11T05:00:00.000Z,DOGEUSDT,buy,100000,1.936,49070925,28868448
2026-08-11T05:00:00.000Z,DOGEUSDT,buy,1000000,11.314,49070925,28868448
2026-08-11T05:00:00.000Z,DOGEUSDT,buy,5000000,52.516,49070925,28868448
2026-08-11T05:00:00.000Z,DOGEUSDT,sell,10000,0.713,49070925,28868448
2026-08-11T05:00:00.000Z,DOGEUSDT,sell,100000,1.483,49070925,28868448
2026-08-11T05:00:00.000Z,DOGEUSDT,sell,1000000,8.161,49070925,28868448
2026-08-11T05:00:00.000Z,DOGEUSDT,sell,5000000,44.897,49070925,28868448
2026-08-11T05:00:00.000Z,ETHUSDT,buy,10000,0.027,96078524,75797307
2026-08-11T05:00:00.000Z,ETHUSDT,buy,100000,0.027,96078524,75797307
2026-08-11T05:00:00.000Z,ETHUSDT,buy,1000000,0.721,96078524,75797307
2026-08-11T05:00:00.000Z,ETHUSDT,buy,5000000,1.854,96078524,75797307
2026-08-11T05:00:00.000Z,ETHUSDT,sell,10000,0.027,96078524,75797307
2026-08-11T05:00:00.000Z,ETHUSDT,sell,100000,0.027,96078524,75797307
2026-08-11T05:00:00.000Z,ETHUSDT,sell,1000000,0.298,96078524,75797307
2026-08-11T05:00:00.000Z,ETHUSDT,sell,5000000,2.236,96078524,75797307
2026-08-11T05:00:00.000Z,LINKUSDT,buy,10000,1.648,10342995,6702820
2026-08-11T05:00:00.000Z,LINKUSDT,buy,100000,5.252,10342995,6702820
2026-08-11T05:00:00.000Z,LINKUSDT,buy,1000000,29.493,10342995,6702820
2026-08-11T05:00:00.000Z,LINKUSDT,buy,5000000,117.281,10342995,6702820
2026-08-11T05:00:00.000Z,LINKUSDT,sell,10000,0.594,10342995,6702820
2026-08-11T05:00:00.000Z,LINKUSDT,sell,100000,4.065,10342995,6702820
2026-08-11T05:00:00.000Z,LINKUSDT,sell,1000000,33.977,10342995,6702820
2026-08-11T05:00:00.000Z,LINKUSDT,sell,5000000,127.537,10342995,6702820
2026-08-11T05:00:00.000Z,SOLUSDT,buy,10000,0.659,93151157,73480862
2026-08-11T05:00:00.000Z,SOLUSDT,buy,100000,0.659,93151157,73480862
2026-08-11T05:00:00.000Z,SOLUSDT,buy,1000000,2.489,93151157,73480862
2026-08-11T05:00:00.000Z,SOLUSDT,buy,5000000,11.767,93151157,73480862
2026-08-11T05:00:00.000Z,SOLUSDT,sell,10000,0.659,93151157,73480862
2026-08-11T05:00:00.000Z,SOLUSDT,sell,100000,0.659,93151157,73480862
2026-08-11T05:00:00.000Z,SOLUSDT,sell,1000000,1.566,93151157,73480862
2026-08-11T05:00:00.000Z,SOLUSDT,sell,5000000,10.083,93151157,73480862
2026-08-11T05:00:00.000Z,XRPUSDT,buy,10000,0.494,35990728,29094591
2026-08-11T05:00:00.000Z,XRPUSDT,buy,100000,1.082,35990728,29094591
2026-08-11T05:00:00.000Z,XRPUSDT,buy,1000000,5.553,35990728,29094591
2026-08-11T05:00:00.000Z,XRPUSDT,buy,5000000,32.11,35990728,29094591
2026-08-11T05:00:00.000Z,XRPUSDT,sell,10000,0.494,35990728,29094591
2026-08-11T05:00:00.000Z,XRPUSDT,sell,100000,1.091,35990728,29094591
2026-08-11T05:00:00.000Z,XRPUSDT,sell,1000000,6.105,35990728,29094591
2026-08-11T05:00:00.000Z,XRPUSDT,sell,5000000,28.413,35990728,29094591
2026-08-11T06:00:00.000Z,ADAUSDT,buy,10000,2.665,13188985,11442842
2026-08-11T06:00:00.000Z,ADAUSDT,buy,100000,4.787,13188985,11442842
2026-08-11T06:00:00.000Z,ADAUSDT,buy,1000000,25.498,13188985,11442842
2026-08-11T06:00:00.000Z,ADAUSDT,buy,5000000,122.285,13188985,11442842
2026-08-11T06:00:00.000Z,ADAUSDT,sell,10000,2.665,13188985,11442842
2026-08-11T06:00:00.000Z,ADAUSDT,sell,100000,7.014,13188985,11442842
2026-08-11T06:00:00.000Z,ADAUSDT,sell,1000000,35.64,13188985,11442842
2026-08-11T06:00:00.000Z,ADAUSDT,sell,5000000,104.059,13188985,11442842
2026-08-11T06:00:00.000Z,BNBUSDT,buy,10000,0.668,16533462,8285743
2026-08-11T06:00:00.000Z,BNBUSDT,buy,100000,1.925,16533462,8285743
2026-08-11T06:00:00.000Z,BNBUSDT,buy,1000000,9.492,16533462,8285743
2026-08-11T06:00:00.000Z,BNBUSDT,buy,5000000,40.466,16533462,8285743
2026-08-11T06:00:00.000Z,BNBUSDT,sell,10000,0.083,16533462,8285743
2026-08-11T06:00:00.000Z,BNBUSDT,sell,100000,1.268,16533462,8285743
2026-08-11T06:00:00.000Z,BNBUSDT,sell,1000000,9.812,16533462,8285743
2026-08-11T06:00:00.000Z,BNBUSDT,sell,5000000,36.312,16533462,8285743
2026-08-11T06:00:00.000Z,BTCUSDT,buy,10000,0.008,45999769,48703693
2026-08-11T06:00:00.000Z,BTCUSDT,buy,100000,0.008,45999769,48703693
2026-08-11T06:00:00.000Z,BTCUSDT,buy,1000000,0.008,45999769,48703693
2026-08-11T06:00:00.000Z,BTCUSDT,buy,5000000,0.774,45999769,48703693
2026-08-11T06:00:00.000Z,BTCUSDT,sell,10000,0.008,45999769,48703693
2026-08-11T06:00:00.000Z,BTCUSDT,sell,100000,0.008,45999769,48703693
2026-08-11T06:00:00.000Z,BTCUSDT,sell,1000000,0.769,45999769,48703693
2026-08-11T06:00:00.000Z,BTCUSDT,sell,5000000,1.599,45999769,48703693
2026-08-11T06:00:00.000Z,DOGEUSDT,buy,10000,0.713,44590855,29172156
2026-08-11T06:00:00.000Z,DOGEUSDT,buy,100000,1.313,44590855,29172156
2026-08-11T06:00:00.000Z,DOGEUSDT,buy,1000000,9.83,44590855,29172156
2026-08-11T06:00:00.000Z,DOGEUSDT,buy,5000000,50.179,44590855,29172156
2026-08-11T06:00:00.000Z,DOGEUSDT,sell,10000,0.713,44590855,29172156
2026-08-11T06:00:00.000Z,DOGEUSDT,sell,100000,1.737,44590855,29172156
2026-08-11T06:00:00.000Z,DOGEUSDT,sell,1000000,10.14,44590855,29172156
2026-08-11T06:00:00.000Z,DOGEUSDT,sell,5000000,47.712,44590855,29172156
2026-08-11T06:00:00.000Z,ETHUSDT,buy,10000,0.027,142130756,68244061
2026-08-11T06:00:00.000Z,ETHUSDT,buy,100000,0.027,142130756,68244061
2026-08-11T06:00:00.000Z,ETHUSDT,buy,1000000,0.186,142130756,68244061
2026-08-11T06:00:00.000Z,ETHUSDT,buy,5000000,3.117,142130756,68244061
2026-08-11T06:00:00.000Z,ETHUSDT,sell,10000,0.027,142130756,68244061
2026-08-11T06:00:00.000Z,ETHUSDT,sell,100000,0.027,142130756,68244061
2026-08-11T06:00:00.000Z,ETHUSDT,sell,1000000,0.74,142130756,68244061
2026-08-11T06:00:00.000Z,ETHUSDT,sell,5000000,3.801,142130756,68244061
2026-08-11T06:00:00.000Z,LINKUSDT,buy,10000,0.594,8099575,6070105
2026-08-11T06:00:00.000Z,LINKUSDT,buy,100000,2.862,8099575,6070105
2026-08-11T06:00:00.000Z,LINKUSDT,buy,1000000,31.443,8099575,6070105
2026-08-11T06:00:00.000Z,LINKUSDT,buy,5000000,143.914,8099575,6070105
2026-08-11T06:00:00.000Z,LINKUSDT,sell,10000,1.535,8099575,6070105
2026-08-11T06:00:00.000Z,LINKUSDT,sell,100000,4.845,8099575,6070105
2026-08-11T06:00:00.000Z,LINKUSDT,sell,1000000,33.34,8099575,6070105
2026-08-11T06:00:00.000Z,LINKUSDT,sell,5000000,132.13,8099575,6070105
2026-08-11T06:00:00.000Z,SOLUSDT,buy,10000,0.66,84447780,73396108
2026-08-11T06:00:00.000Z,SOLUSDT,buy,100000,0.66,84447780,73396108
2026-08-11T06:00:00.000Z,SOLUSDT,buy,1000000,2.214,84447780,73396108
2026-08-11T06:00:00.000Z,SOLUSDT,buy,5000000,10.093,84447780,73396108
2026-08-11T06:00:00.000Z,SOLUSDT,sell,10000,0.66,84447780,73396108
2026-08-11T06:00:00.000Z,SOLUSDT,sell,100000,0.773,84447780,73396108
2026-08-11T06:00:00.000Z,SOLUSDT,sell,1000000,2.815,84447780,73396108
2026-08-11T06:00:00.000Z,SOLUSDT,sell,5000000,8.471,84447780,73396108
2026-08-11T06:00:00.000Z,XRPUSDT,buy,10000,0.498,36545244,28926250
2026-08-11T06:00:00.000Z,XRPUSDT,buy,100000,1.088,36545244,28926250
2026-08-11T06:00:00.000Z,XRPUSDT,buy,1000000,5.075,36545244,28926250
2026-08-11T06:00:00.000Z,XRPUSDT,buy,5000000,29.88,36545244,28926250
2026-08-11T06:00:00.000Z,XRPUSDT,sell,10000,0.498,36545244,28926250
2026-08-11T06:00:00.000Z,XRPUSDT,sell,100000,0.498,36545244,28926250
2026-08-11T06:00:00.000Z,XRPUSDT,sell,1000000,3.727,36545244,28926250
2026-08-11T06:00:00.000Z,XRPUSDT,sell,5000000,27.604,36545244,28926250
2026-08-11T07:00:00.000Z,ADAUSDT,buy,10000,2.65,15770076,10993441
2026-08-11T07:00:00.000Z,ADAUSDT,buy,100000,5.828,15770076,10993441
2026-08-11T07:00:00.000Z,ADAUSDT,buy,1000000,29.705,15770076,10993441
2026-08-11T07:00:00.000Z,ADAUSDT,buy,5000000,115.053,15770076,10993441
2026-08-11T07:00:00.000Z,ADAUSDT,sell,10000,2.65,15770076,10993441
2026-08-11T07:00:00.000Z,ADAUSDT,sell,100000,5.433,15770076,10993441
2026-08-11T07:00:00.000Z,ADAUSDT,sell,1000000,22.08,15770076,10993441
2026-08-11T07:00:00.000Z,ADAUSDT,sell,5000000,73.916,15770076,10993441
2026-08-11T07:00:00.000Z,BNBUSDT,buy,10000,0.309,10638966,10127150
2026-08-11T07:00:00.000Z,BNBUSDT,buy,100000,2.335,10638966,10127150
2026-08-11T07:00:00.000Z,BNBUSDT,buy,1000000,10.447,10638966,10127150
2026-08-11T07:00:00.000Z,BNBUSDT,buy,5000000,42.463,10638966,10127150
2026-08-11T07:00:00.000Z,BNBUSDT,sell,10000,0.083,10638966,10127150
2026-08-11T07:00:00.000Z,BNBUSDT,sell,100000,0.902,10638966,10127150
2026-08-11T07:00:00.000Z,BNBUSDT,sell,1000000,9.126,10638966,10127150
2026-08-11T07:00:00.000Z,BNBUSDT,sell,5000000,39.97,10638966,10127150
2026-08-11T07:00:00.000Z,BTCUSDT,buy,10000,0.008,45668101,45561525
2026-08-11T07:00:00.000Z,BTCUSDT,buy,100000,0.008,45668101,45561525
2026-08-11T07:00:00.000Z,BTCUSDT,buy,1000000,0.433,45668101,45561525
2026-08-11T07:00:00.000Z,BTCUSDT,buy,5000000,2.069,45668101,45561525
2026-08-11T07:00:00.000Z,BTCUSDT,sell,10000,0.008,45668101,45561525
2026-08-11T07:00:00.000Z,BTCUSDT,sell,100000,0.008,45668101,45561525
2026-08-11T07:00:00.000Z,BTCUSDT,sell,1000000,0.008,45668101,45561525
2026-08-11T07:00:00.000Z,BTCUSDT,sell,5000000,0.93,45668101,45561525
2026-08-11T07:00:00.000Z,DOGEUSDT,buy,10000,0.713,44642511,30778839
2026-08-11T07:00:00.000Z,DOGEUSDT,buy,100000,1.674,44642511,30778839
2026-08-11T07:00:00.000Z,DOGEUSDT,buy,1000000,3.26,44642511,30778839
2026-08-11T07:00:00.000Z,DOGEUSDT,buy,5000000,31.283,44642511,30778839
2026-08-11T07:00:00.000Z,DOGEUSDT,sell,10000,0.713,44642511,30778839
2026-08-11T07:00:00.000Z,DOGEUSDT,sell,100000,1.352,44642511,30778839
2026-08-11T07:00:00.000Z,DOGEUSDT,sell,1000000,11.314,44642511,30778839
2026-08-11T07:00:00.000Z,DOGEUSDT,sell,5000000,44.412,44642511,30778839
2026-08-11T07:00:00.000Z,ETHUSDT,buy,10000,0.027,71830404,69582039
2026-08-11T07:00:00.000Z,ETHUSDT,buy,100000,0.285,71830404,69582039
2026-08-11T07:00:00.000Z,ETHUSDT,buy,1000000,1.17,71830404,69582039
2026-08-11T07:00:00.000Z,ETHUSDT,buy,5000000,3.32,71830404,69582039
2026-08-11T07:00:00.000Z,ETHUSDT,sell,10000,0.027,71830404,69582039
2026-08-11T07:00:00.000Z,ETHUSDT,sell,100000,0.027,71830404,69582039
2026-08-11T07:00:00.000Z,ETHUSDT,sell,1000000,0.119,71830404,69582039
2026-08-11T07:00:00.000Z,ETHUSDT,sell,5000000,2.721,71830404,69582039
2026-08-11T07:00:00.000Z,LINKUSDT,buy,10000,0.749,8820402,6519907
2026-08-11T07:00:00.000Z,LINKUSDT,buy,100000,3.892,8820402,6519907
2026-08-11T07:00:00.000Z,LINKUSDT,buy,1000000,21.501,8820402,6519907
2026-08-11T07:00:00.000Z,LINKUSDT,buy,5000000,120.074,8820402,6519907
2026-08-11T07:00:00.000Z,LINKUSDT,sell,10000,0.677,8820402,6519907
2026-08-11T07:00:00.000Z,LINKUSDT,sell,100000,3.389,8820402,6519907
2026-08-11T07:00:00.000Z,LINKUSDT,sell,1000000,27.129,8820402,6519907
2026-08-11T07:00:00.000Z,LINKUSDT,sell,5000000,116.873,8820402,6519907
2026-08-11T07:00:00.000Z,SOLUSDT,buy,10000,0.661,84050818,73374940
2026-08-11T07:00:00.000Z,SOLUSDT,buy,100000,0.661,84050818,73374940
2026-08-11T07:00:00.000Z,SOLUSDT,buy,1000000,2.397,84050818,73374940
2026-08-11T07:00:00.000Z,SOLUSDT,buy,5000000,8.644,84050818,73374940
2026-08-11T07:00:00.000Z,SOLUSDT,sell,10000,0.661,84050818,73374940
2026-08-11T07:00:00.000Z,SOLUSDT,sell,100000,0.661,84050818,73374940
2026-08-11T07:00:00.000Z,SOLUSDT,sell,1000000,3.073,84050818,73374940
2026-08-11T07:00:00.000Z,SOLUSDT,sell,5000000,10.946,84050818,73374940
2026-08-11T07:00:00.000Z,XRPUSDT,buy,10000,0.498,36065359,28551867
2026-08-11T07:00:00.000Z,XRPUSDT,buy,100000,1.345,36065359,28551867
2026-08-11T07:00:00.000Z,XRPUSDT,buy,1000000,4.963,36065359,28551867
2026-08-11T07:00:00.000Z,XRPUSDT,buy,5000000,28.818,36065359,28551867
2026-08-11T07:00:00.000Z,XRPUSDT,sell,10000,0.498,36065359,28551867
2026-08-11T07:00:00.000Z,XRPUSDT,sell,100000,0.498,36065359,28551867
2026-08-11T07:00:00.000Z,XRPUSDT,sell,1000000,5.664,36065359,28551867
2026-08-11T07:00:00.000Z,XRPUSDT,sell,5000000,30.448,36065359,28551867
2026-08-11T08:00:00.000Z,ADAUSDT,buy,10000,2.653,15196927,10314339
2026-08-11T08:00:00.000Z,ADAUSDT,buy,100000,3.451,15196927,10314339
2026-08-11T08:00:00.000Z,ADAUSDT,buy,1000000,37.304,15196927,10314339
2026-08-11T08:00:00.000Z,ADAUSDT,buy,5000000,131.72,15196927,10314339
2026-08-11T08:00:00.000Z,ADAUSDT,sell,10000,2.665,15196927,10314339
2026-08-11T08:00:00.000Z,ADAUSDT,sell,100000,8.584,15196927,10314339
2026-08-11T08:00:00.000Z,ADAUSDT,sell,1000000,38.47,15196927,10314339
2026-08-11T08:00:00.000Z,ADAUSDT,sell,5000000,78.912,15196927,10314339
2026-08-11T08:00:00.000Z,BNBUSDT,buy,10000,0.09,10055012,9957514
2026-08-11T08:00:00.000Z,BNBUSDT,buy,100000,2.263,10055012,9957514
2026-08-11T08:00:00.000Z,BNBUSDT,buy,1000000,13.585,10055012,9957514
2026-08-11T08:00:00.000Z,BNBUSDT,buy,5000000,41.687,10055012,9957514
2026-08-11T08:00:00.000Z,BNBUSDT,sell,10000,0.083,10055012,9957514
2026-08-11T08:00:00.000Z,BNBUSDT,sell,100000,1.307,10055012,9957514
2026-08-11T08:00:00.000Z,BNBUSDT,sell,1000000,10.264,10055012,9957514
2026-08-11T08:00:00.000Z,BNBUSDT,sell,5000000,44.081,10055012,9957514
2026-08-11T08:00:00.000Z,BTCUSDT,buy,10000,0.008,102463257,49274377
2026-08-11T08:00:00.000Z,BTCUSDT,buy,100000,0.008,102463257,49274377
2026-08-11T08:00:00.000Z,BTCUSDT,buy,1000000,0.349,102463257,49274377
2026-08-11T08:00:00.000Z,BTCUSDT,buy,5000000,1.799,102463257,49274377
2026-08-11T08:00:00.000Z,BTCUSDT,sell,10000,0.008,102463257,49274377
2026-08-11T08:00:00.000Z,BTCUSDT,sell,100000,0.008,102463257,49274377
2026-08-11T08:00:00.000Z,BTCUSDT,sell,1000000,0.042,102463257,49274377
2026-08-11T08:00:00.000Z,BTCUSDT,sell,5000000,1.464,102463257,49274377
2026-08-11T08:00:00.000Z,DOGEUSDT,buy,10000,0.712,44428526,28779678
2026-08-11T08:00:00.000Z,DOGEUSDT,buy,100000,1.343,44428526,28779678
2026-08-11T08:00:00.000Z,DOGEUSDT,buy,1000000,8.914,44428526,28779678
2026-08-11T08:00:00.000Z,DOGEUSDT,buy,5000000,57.296,44428526,28779678
2026-08-11T08:00:00.000Z,DOGEUSDT,sell,10000,0.712,44428526,28779678
2026-08-11T08:00:00.000Z,DOGEUSDT,sell,100000,1.548,44428526,28779678
2026-08-11T08:00:00.000Z,DOGEUSDT,sell,1000000,10.152,44428526,28779678
2026-08-11T08:00:00.000Z,DOGEUSDT,sell,5000000,49.411,44428526,28779678
2026-08-11T08:00:00.000Z,ETHUSDT,buy,10000,0.027,70180627,69965055
2026-08-11T08:00:00.000Z,ETHUSDT,buy,100000,0.027,70180627,69965055
2026-08-11T08:00:00.000Z,ETHUSDT,buy,1000000,0.445,70180627,69965055
2026-08-11T08:00:00.000Z,ETHUSDT,buy,5000000,3.442,70180627,69965055
2026-08-11T08:00:00.000Z,ETHUSDT,sell,10000,0.027,70180627,69965055
2026-08-11T08:00:00.000Z,ETHUSDT,sell,100000,0.027,70180627,69965055
2026-08-11T08:00:00.000Z,ETHUSDT,sell,1000000,0.962,70180627,69965055
2026-08-11T08:00:00.000Z,ETHUSDT,sell,5000000,3.72,70180627,69965055
2026-08-11T08:00:00.000Z,LINKUSDT,buy,10000,0.588,8613419,5951585
2026-08-11T08:00:00.000Z,LINKUSDT,buy,100000,3.402,8613419,5951585
2026-08-11T08:00:00.000Z,LINKUSDT,buy,1000000,36.906,8613419,5951585
2026-08-11T08:00:00.000Z,LINKUSDT,buy,5000000,150.137,8613419,5951585
2026-08-11T08:00:00.000Z,LINKUSDT,sell,10000,1.15,8613419,5951585
2026-08-11T08:00:00.000Z,LINKUSDT,sell,100000,5.771,8613419,5951585
2026-08-11T08:00:00.000Z,LINKUSDT,sell,1000000,34.574,8613419,5951585
2026-08-11T08:00:00.000Z,LINKUSDT,sell,5000000,127.525,8613419,5951585
2026-08-11T08:00:00.000Z,SOLUSDT,buy,10000,0.659,84649563,67865594
2026-08-11T08:00:00.000Z,SOLUSDT,buy,100000,0.659,84649563,67865594
2026-08-11T08:00:00.000Z,SOLUSDT,buy,1000000,2.761,84649563,67865594
2026-08-11T08:00:00.000Z,SOLUSDT,buy,5000000,13.181,84649563,67865594
2026-08-11T08:00:00.000Z,SOLUSDT,sell,10000,0.659,84649563,67865594
2026-08-11T08:00:00.000Z,SOLUSDT,sell,100000,0.659,84649563,67865594
2026-08-11T08:00:00.000Z,SOLUSDT,sell,1000000,1.614,84649563,67865594
2026-08-11T08:00:00.000Z,SOLUSDT,sell,5000000,9.614,84649563,67865594
2026-08-11T08:00:00.000Z,XRPUSDT,buy,10000,0.498,36246920,27059605
2026-08-11T08:00:00.000Z,XRPUSDT,buy,100000,0.599,36246920,27059605
2026-08-11T08:00:00.000Z,XRPUSDT,buy,1000000,4.791,36246920,27059605
2026-08-11T08:00:00.000Z,XRPUSDT,buy,5000000,42.732,36246920,27059605
2026-08-11T08:00:00.000Z,XRPUSDT,sell,10000,0.498,36246920,27059605
2026-08-11T08:00:00.000Z,XRPUSDT,sell,100000,0.498,36246920,27059605
2026-08-11T08:00:00.000Z,XRPUSDT,sell,1000000,3.587,36246920,27059605
2026-08-11T08:00:00.000Z,XRPUSDT,sell,5000000,29.159,36246920,27059605
2026-08-11T09:00:00.000Z,ADAUSDT,buy,10000,2.648,13548490,10639376
2026-08-11T09:00:00.000Z,ADAUSDT,buy,100000,5.703,13548490,10639376
2026-08-11T09:00:00.000Z,ADAUSDT,buy,1000000,30.081,13548490,10639376
2026-08-11T09:00:00.000Z,ADAUSDT,buy,5000000,112.974,13548490,10639376
2026-08-11T09:00:00.000Z,ADAUSDT,sell,10000,2.648,13548490,10639376
2026-08-11T09:00:00.000Z,ADAUSDT,sell,100000,6.228,13548490,10639376
2026-08-11T09:00:00.000Z,ADAUSDT,sell,1000000,25.977,13548490,10639376
2026-08-11T09:00:00.000Z,ADAUSDT,sell,5000000,109.324,13548490,10639376
2026-08-11T09:00:00.000Z,BNBUSDT,buy,10000,0.082,10803550,10024826
2026-08-11T09:00:00.000Z,BNBUSDT,buy,100000,1.217,10803550,10024826
2026-08-11T09:00:00.000Z,BNBUSDT,buy,1000000,9.147,10803550,10024826
2026-08-11T09:00:00.000Z,BNBUSDT,buy,5000000,33.741,10803550,10024826
2026-08-11T09:00:00.000Z,BNBUSDT,sell,10000,0.958,10803550,10024826
2026-08-11T09:00:00.000Z,BNBUSDT,sell,100000,2.412,10803550,10024826
2026-08-11T09:00:00.000Z,BNBUSDT,sell,1000000,10.845,10803550,10024826
2026-08-11T09:00:00.000Z,BNBUSDT,sell,5000000,42.099,10803550,10024826
2026-08-11T09:00:00.000Z,BTCUSDT,buy,10000,0.008,59464205,62283617
2026-08-11T09:00:00.000Z,BTCUSDT,buy,100000,0.008,59464205,62283617
2026-08-11T09:00:00.000Z,BTCUSDT,buy,1000000,0.01,59464205,62283617
2026-08-11T09:00:00.000Z,BTCUSDT,buy,5000000,1.058,59464205,62283617
2026-08-11T09:00:00.000Z,BTCUSDT,sell,10000,0.008,59464205,62283617
2026-08-11T09:00:00.000Z,BTCUSDT,sell,100000,0.008,59464205,62283617
2026-08-11T09:00:00.000Z,BTCUSDT,sell,1000000,0.293,59464205,62283617
2026-08-11T09:00:00.000Z,BTCUSDT,sell,5000000,1.632,59464205,62283617
2026-08-11T09:00:00.000Z,DOGEUSDT,buy,10000,0.708,43876866,29302999
2026-08-11T09:00:00.000Z,DOGEUSDT,buy,100000,1.202,43876866,29302999
2026-08-11T09:00:00.000Z,DOGEUSDT,buy,1000000,8.6,43876866,29302999
2026-08-11T09:00:00.000Z,DOGEUSDT,buy,5000000,47.308,43876866,29302999
2026-08-11T09:00:00.000Z,DOGEUSDT,sell,10000,0.708,43876866,29302999
2026-08-11T09:00:00.000Z,DOGEUSDT,sell,100000,1.831,43876866,29302999
2026-08-11T09:00:00.000Z,DOGEUSDT,sell,1000000,6.73,43876866,29302999
2026-08-11T09:00:00.000Z,DOGEUSDT,sell,5000000,42.21,43876866,29302999
2026-08-11T09:00:00.000Z,ETHUSDT,buy,10000,0.038,69831903,75384696
2026-08-11T09:00:00.000Z,ETHUSDT,buy,100000,0.593,69831903,75384696
2026-08-11T09:00:00.000Z,ETHUSDT,buy,1000000,1.349,69831903,75384696
2026-08-11T09:00:00.000Z,ETHUSDT,buy,5000000,3.579,69831903,75384696
2026-08-11T09:00:00.000Z,ETHUSDT,sell,10000,0.027,69831903,75384696
2026-08-11T09:00:00.000Z,ETHUSDT,sell,100000,0.027,69831903,75384696
2026-08-11T09:00:00.000Z,ETHUSDT,sell,1000000,0.03,69831903,75384696
2026-08-11T09:00:00.000Z,ETHUSDT,sell,5000000,2.312,69831903,75384696
2026-08-11T09:00:00.000Z,LINKUSDT,buy,10000,1.764,8950153,6511073
2026-08-11T09:00:00.000Z,LINKUSDT,buy,100000,6.574,8950153,6511073
2026-08-11T09:00:00.000Z,LINKUSDT,buy,1000000,31.019,8950153,6511073
2026-08-11T09:00:00.000Z,LINKUSDT,buy,5000000,129.82,8950153,6511073
2026-08-11T09:00:00.000Z,LINKUSDT,sell,10000,0.576,8950153,6511073
2026-08-11T09:00:00.000Z,LINKUSDT,sell,100000,4.627,8950153,6511073
2026-08-11T09:00:00.000Z,LINKUSDT,sell,1000000,32.746,8950153,6511073
2026-08-11T09:00:00.000Z,LINKUSDT,sell,5000000,128.599,8950153,6511073
2026-08-11T09:00:00.000Z,SOLUSDT,buy,10000,0.66,95666415,74149329
2026-08-11T09:00:00.000Z,SOLUSDT,buy,100000,0.66,95666415,74149329
2026-08-11T09:00:00.000Z,SOLUSDT,buy,1000000,2.277,95666415,74149329
2026-08-11T09:00:00.000Z,SOLUSDT,buy,5000000,11.019,95666415,74149329
2026-08-11T09:00:00.000Z,SOLUSDT,sell,10000,0.66,95666415,74149329
2026-08-11T09:00:00.000Z,SOLUSDT,sell,100000,0.66,95666415,74149329
2026-08-11T09:00:00.000Z,SOLUSDT,sell,1000000,1.581,95666415,74149329
2026-08-11T09:00:00.000Z,SOLUSDT,sell,5000000,8.381,95666415,74149329
2026-08-11T09:00:00.000Z,XRPUSDT,buy,10000,0.497,36878792,28054533
2026-08-11T09:00:00.000Z,XRPUSDT,buy,100000,1.296,36878792,28054533
2026-08-11T09:00:00.000Z,XRPUSDT,buy,1000000,4.751,36878792,28054533
2026-08-11T09:00:00.000Z,XRPUSDT,buy,5000000,30.405,36878792,28054533
2026-08-11T09:00:00.000Z,XRPUSDT,sell,10000,0.497,36878792,28054533
2026-08-11T09:00:00.000Z,XRPUSDT,sell,100000,0.497,36878792,28054533
2026-08-11T09:00:00.000Z,XRPUSDT,sell,1000000,5.236,36878792,28054533
2026-08-11T09:00:00.000Z,XRPUSDT,sell,5000000,32.342,36878792,28054533
2026-08-11T10:00:00.000Z,ADAUSDT,buy,10000,4.631,13769017,11164224
2026-08-11T10:00:00.000Z,ADAUSDT,buy,100000,8.037,13769017,11164224
2026-08-11T10:00:00.000Z,ADAUSDT,buy,1000000,29.173,13769017,11164224
2026-08-11T10:00:00.000Z,ADAUSDT,buy,5000000,108.672,13769017,11164224
2026-08-11T10:00:00.000Z,ADAUSDT,sell,10000,2.659,13769017,11164224
2026-08-11T10:00:00.000Z,ADAUSDT,sell,100000,4.894,13769017,11164224
2026-08-11T10:00:00.000Z,ADAUSDT,sell,1000000,27.587,13769017,11164224
2026-08-11T10:00:00.000Z,ADAUSDT,sell,5000000,105.849,13769017,11164224
2026-08-11T10:00:00.000Z,BNBUSDT,buy,10000,0.211,9952543,10919466
2026-08-11T10:00:00.000Z,BNBUSDT,buy,100000,1.255,9952543,10919466
2026-08-11T10:00:00.000Z,BNBUSDT,buy,1000000,6.42,9952543,10919466
2026-08-11T10:00:00.000Z,BNBUSDT,buy,5000000,25.344,9952543,10919466
2026-08-11T10:00:00.000Z,BNBUSDT,sell,10000,0.082,9952543,10919466
2026-08-11T10:00:00.000Z,BNBUSDT,sell,100000,1.436,9952543,10919466
2026-08-11T10:00:00.000Z,BNBUSDT,sell,1000000,11.446,9952543,10919466
2026-08-11T10:00:00.000Z,BNBUSDT,sell,5000000,45.662,9952543,10919466
2026-08-11T10:00:00.000Z,BTCUSDT,buy,10000,0.008,44742518,53776995
2026-08-11T10:00:00.000Z,BTCUSDT,buy,100000,0.008,44742518,53776995
2026-08-11T10:00:00.000Z,BTCUSDT,buy,1000000,0.036,44742518,53776995
2026-08-11T10:00:00.000Z,BTCUSDT,buy,5000000,1.154,44742518,53776995
2026-08-11T10:00:00.000Z,BTCUSDT,sell,10000,0.008,44742518,53776995
2026-08-11T10:00:00.000Z,BTCUSDT,sell,100000,0.008,44742518,53776995
2026-08-11T10:00:00.000Z,BTCUSDT,sell,1000000,0.048,44742518,53776995
2026-08-11T10:00:00.000Z,BTCUSDT,sell,5000000,1.648,44742518,53776995
2026-08-11T10:00:00.000Z,DOGEUSDT,buy,10000,0.709,43603742,28746386
2026-08-11T10:00:00.000Z,DOGEUSDT,buy,100000,1.978,43603742,28746386
2026-08-11T10:00:00.000Z,DOGEUSDT,buy,1000000,12.413,43603742,28746386
2026-08-11T10:00:00.000Z,DOGEUSDT,buy,5000000,52.932,43603742,28746386
2026-08-11T10:00:00.000Z,DOGEUSDT,sell,10000,0.709,43603742,28746386
2026-08-11T10:00:00.000Z,DOGEUSDT,sell,100000,1.349,43603742,28746386
2026-08-11T10:00:00.000Z,DOGEUSDT,sell,1000000,7.109,43603742,28746386
2026-08-11T10:00:00.000Z,DOGEUSDT,sell,5000000,46.562,43603742,28746386
2026-08-11T10:00:00.000Z,ETHUSDT,buy,10000,0.027,63719543,83027017
2026-08-11T10:00:00.000Z,ETHUSDT,buy,100000,0.027,63719543,83027017
2026-08-11T10:00:00.000Z,ETHUSDT,buy,1000000,0.114,63719543,83027017
2026-08-11T10:00:00.000Z,ETHUSDT,buy,5000000,2.123,63719543,83027017
2026-08-11T10:00:00.000Z,ETHUSDT,sell,10000,0.027,63719543,83027017
2026-08-11T10:00:00.000Z,ETHUSDT,sell,100000,0.046,63719543,83027017
2026-08-11T10:00:00.000Z,ETHUSDT,sell,1000000,1.25,63719543,83027017
2026-08-11T10:00:00.000Z,ETHUSDT,sell,5000000,4.119,63719543,83027017
2026-08-11T10:00:00.000Z,LINKUSDT,buy,10000,1.259,8478425,6008942
2026-08-11T10:00:00.000Z,LINKUSDT,buy,100000,6.121,8478425,6008942
2026-08-11T10:00:00.000Z,LINKUSDT,buy,1000000,35.246,8478425,6008942
2026-08-11T10:00:00.000Z,LINKUSDT,buy,5000000,146.671,8478425,6008942
2026-08-11T10:00:00.000Z,LINKUSDT,sell,10000,0.939,8478425,6008942
2026-08-11T10:00:00.000Z,LINKUSDT,sell,100000,4.331,8478425,6008942
2026-08-11T10:00:00.000Z,LINKUSDT,sell,1000000,31.769,8478425,6008942
2026-08-11T10:00:00.000Z,LINKUSDT,sell,5000000,132.61,8478425,6008942
2026-08-11T10:00:00.000Z,SOLUSDT,buy,10000,0.658,93896502,72182654
2026-08-11T10:00:00.000Z,SOLUSDT,buy,100000,0.658,93896502,72182654
2026-08-11T10:00:00.000Z,SOLUSDT,buy,1000000,2.817,93896502,72182654
2026-08-11T10:00:00.000Z,SOLUSDT,buy,5000000,10.92,93896502,72182654
2026-08-11T10:00:00.000Z,SOLUSDT,sell,10000,0.658,93896502,72182654
2026-08-11T10:00:00.000Z,SOLUSDT,sell,100000,0.658,93896502,72182654
2026-08-11T10:00:00.000Z,SOLUSDT,sell,1000000,2.108,93896502,72182654
2026-08-11T10:00:00.000Z,SOLUSDT,sell,5000000,11.773,93896502,72182654
2026-08-11T10:00:00.000Z,XRPUSDT,buy,10000,0.497,39667377,29014086
2026-08-11T10:00:00.000Z,XRPUSDT,buy,100000,1.244,39667377,29014086
2026-08-11T10:00:00.000Z,XRPUSDT,buy,1000000,5.917,39667377,29014086
2026-08-11T10:00:00.000Z,XRPUSDT,buy,5000000,25.057,39667377,29014086
2026-08-11T10:00:00.000Z,XRPUSDT,sell,10000,0.497,39667377,29014086
2026-08-11T10:00:00.000Z,XRPUSDT,sell,100000,0.497,39667377,29014086
2026-08-11T10:00:00.000Z,XRPUSDT,sell,1000000,5.137,39667377,29014086
2026-08-11T10:00:00.000Z,XRPUSDT,sell,5000000,28.992,39667377,29014086
2026-08-11T11:00:00.000Z,ADAUSDT,buy,10000,2.652,13946871,11024882
2026-08-11T11:00:00.000Z,ADAUSDT,buy,100000,4.944,13946871,11024882
2026-08-11T11:00:00.000Z,ADAUSDT,buy,1000000,28.506,13946871,11024882
2026-08-11T11:00:00.000Z,ADAUSDT,buy,5000000,110.529,13946871,11024882
2026-08-11T11:00:00.000Z,ADAUSDT,sell,10000,2.652,13946871,11024882
2026-08-11T11:00:00.000Z,ADAUSDT,sell,100000,2.652,13946871,11024882
2026-08-11T11:00:00.000Z,ADAUSDT,sell,1000000,23.228,13946871,11024882
2026-08-11T11:00:00.000Z,ADAUSDT,sell,5000000,102.232,13946871,11024882
2026-08-11T11:00:00.000Z,BNBUSDT,buy,10000,0.135,10611409,11284688
2026-08-11T11:00:00.000Z,BNBUSDT,buy,100000,0.684,10611409,11284688
2026-08-11T11:00:00.000Z,BNBUSDT,buy,1000000,6.227,10611409,11284688
2026-08-11T11:00:00.000Z,BNBUSDT,buy,5000000,24.28,10611409,11284688
2026-08-11T11:00:00.000Z,BNBUSDT,sell,10000,0.222,10611409,11284688
2026-08-11T11:00:00.000Z,BNBUSDT,sell,100000,2.007,10611409,11284688
2026-08-11T11:00:00.000Z,BNBUSDT,sell,1000000,9.067,10611409,11284688
2026-08-11T11:00:00.000Z,BNBUSDT,sell,5000000,42.304,10611409,11284688
2026-08-11T11:00:00.000Z,BTCUSDT,buy,10000,0.008,94798630,53579883
2026-08-11T11:00:00.000Z,BTCUSDT,buy,100000,0.008,94798630,53579883
2026-08-11T11:00:00.000Z,BTCUSDT,buy,1000000,0.034,94798630,53579883
2026-08-11T11:00:00.000Z,BTCUSDT,buy,5000000,0.998,94798630,53579883
2026-08-11T11:00:00.000Z,BTCUSDT,sell,10000,0.008,94798630,53579883
2026-08-11T11:00:00.000Z,BTCUSDT,sell,100000,0.008,94798630,53579883
2026-08-11T11:00:00.000Z,BTCUSDT,sell,1000000,0.303,94798630,53579883
2026-08-11T11:00:00.000Z,BTCUSDT,sell,5000000,1.356,94798630,53579883
2026-08-11T11:00:00.000Z,DOGEUSDT,buy,10000,0.709,43321810,29219516
2026-08-11T11:00:00.000Z,DOGEUSDT,buy,100000,1.624,43321810,29219516
2026-08-11T11:00:00.000Z,DOGEUSDT,buy,1000000,8.229,43321810,29219516
2026-08-11T11:00:00.000Z,DOGEUSDT,buy,5000000,48.732,43321810,29219516
2026-08-11T11:00:00.000Z,DOGEUSDT,sell,10000,0.709,43321810,29219516
2026-08-11T11:00:00.000Z,DOGEUSDT,sell,100000,0.709,43321810,29219516
2026-08-11T11:00:00.000Z,DOGEUSDT,sell,1000000,7.001,43321810,29219516
2026-08-11T11:00:00.000Z,DOGEUSDT,sell,5000000,46.872,43321810,29219516
2026-08-11T11:00:00.000Z,ETHUSDT,buy,10000,0.026,69518217,83669219
2026-08-11T11:00:00.000Z,ETHUSDT,buy,100000,0.026,69518217,83669219
2026-08-11T11:00:00.000Z,ETHUSDT,buy,1000000,0.441,69518217,83669219
2026-08-11T11:00:00.000Z,ETHUSDT,buy,5000000,3.386,69518217,83669219
2026-08-11T11:00:00.000Z,ETHUSDT,sell,10000,0.026,69518217,83669219
2026-08-11T11:00:00.000Z,ETHUSDT,sell,100000,0.026,69518217,83669219
2026-08-11T11:00:00.000Z,ETHUSDT,sell,1000000,0.969,69518217,83669219
2026-08-11T11:00:00.000Z,ETHUSDT,sell,5000000,3.677,69518217,83669219
2026-08-11T11:00:00.000Z,LINKUSDT,buy,10000,2.073,8871229,7449754
2026-08-11T11:00:00.000Z,LINKUSDT,buy,100000,5.528,8871229,7449754
2026-08-11T11:00:00.000Z,LINKUSDT,buy,1000000,32.286,8871229,7449754
2026-08-11T11:00:00.000Z,LINKUSDT,buy,5000000,129.061,8871229,7449754
2026-08-11T11:00:00.000Z,LINKUSDT,sell,10000,0.576,8871229,7449754
2026-08-11T11:00:00.000Z,LINKUSDT,sell,100000,4.606,8871229,7449754
2026-08-11T11:00:00.000Z,LINKUSDT,sell,1000000,31.15,8871229,7449754
2026-08-11T11:00:00.000Z,LINKUSDT,sell,5000000,120.699,8871229,7449754
2026-08-11T11:00:00.000Z,SOLUSDT,buy,10000,0.657,85030214,76226704
2026-08-11T11:00:00.000Z,SOLUSDT,buy,100000,0.657,85030214,76226704
2026-08-11T11:00:00.000Z,SOLUSDT,buy,1000000,2.656,85030214,76226704
2026-08-11T11:00:00.000Z,SOLUSDT,buy,5000000,11.948,85030214,76226704
2026-08-11T11:00:00.000Z,SOLUSDT,sell,10000,0.657,85030214,76226704
2026-08-11T11:00:00.000Z,SOLUSDT,sell,100000,0.657,85030214,76226704
2026-08-11T11:00:00.000Z,SOLUSDT,sell,1000000,2.039,85030214,76226704
2026-08-11T11:00:00.000Z,SOLUSDT,sell,5000000,10.374,85030214,76226704
2026-08-11T11:00:00.000Z,XRPUSDT,buy,10000,0.496,39323267,28680598
2026-08-11T11:00:00.000Z,XRPUSDT,buy,100000,0.69,39323267,28680598
2026-08-11T11:00:00.000Z,XRPUSDT,buy,1000000,4.224,39323267,28680598
2026-08-11T11:00:00.000Z,XRPUSDT,buy,5000000,28.229,39323267,28680598
2026-08-11T11:00:00.000Z,XRPUSDT,sell,10000,0.496,39323267,28680598
2026-08-11T11:00:00.000Z,XRPUSDT,sell,100000,1.205,39323267,28680598
2026-08-11T11:00:00.000Z,XRPUSDT,sell,1000000,4.101,39323267,28680598
2026-08-11T11:00:00.000Z,XRPUSDT,sell,5000000,26.941,39323267,28680598
2026-08-11T12:00:00.000Z,ADAUSDT,buy,10000,2.679,13798410,11983646
2026-08-11T12:00:00.000Z,ADAUSDT,buy,100000,2.679,13798410,11983646
2026-08-11T12:00:00.000Z,ADAUSDT,buy,1000000,6.294,13798410,11983646
2026-08-11T12:00:00.000Z,ADAUSDT,buy,5000000,95.165,13798410,11983646
2026-08-11T12:00:00.000Z,ADAUSDT,sell,10000,2.679,13798410,11983646
2026-08-11T12:00:00.000Z,ADAUSDT,sell,100000,6.47,13798410,11983646
2026-08-11T12:00:00.000Z,ADAUSDT,sell,1000000,31.504,13798410,11983646
2026-08-11T12:00:00.000Z,ADAUSDT,sell,5000000,100.115,13798410,11983646
2026-08-11T12:00:00.000Z,BNBUSDT,buy,10000,0.14,10395693,9680510
2026-08-11T12:00:00.000Z,BNBUSDT,buy,100000,2.191,10395693,9680510
2026-08-11T12:00:00.000Z,BNBUSDT,buy,1000000,8.711,10395693,9680510
2026-08-11T12:00:00.000Z,BNBUSDT,buy,5000000,35.368,10395693,9680510
2026-08-11T12:00:00.000Z,BNBUSDT,sell,10000,0.314,10395693,9680510
2026-08-11T12:00:00.000Z,BNBUSDT,sell,100000,2.009,10395693,9680510
2026-08-11T12:00:00.000Z,BNBUSDT,sell,1000000,11.042,10395693,9680510
2026-08-11T12:00:00.000Z,BNBUSDT,sell,5000000,41.929,10395693,9680510
2026-08-11T12:00:00.000Z,BTCUSDT,buy,10000,0.008,74889933,56615113
2026-08-11T12:00:00.000Z,BTCUSDT,buy,100000,0.008,74889933,56615113
2026-08-11T12:00:00.000Z,BTCUSDT,buy,1000000,0.008,74889933,56615113
2026-08-11T12:00:00.000Z,BTCUSDT,buy,5000000,0.928,74889933,56615113
2026-08-11T12:00:00.000Z,BTCUSDT,sell,10000,0.008,74889933,56615113
2026-08-11T12:00:00.000Z,BTCUSDT,sell,100000,0.008,74889933,56615113
2026-08-11T12:00:00.000Z,BTCUSDT,sell,1000000,0.148,74889933,56615113
2026-08-11T12:00:00.000Z,BTCUSDT,sell,5000000,0.552,74889933,56615113
2026-08-11T12:00:00.000Z,DOGEUSDT,buy,10000,0.708,47193493,29589157
2026-08-11T12:00:00.000Z,DOGEUSDT,buy,100000,1.309,47193493,29589157
2026-08-11T12:00:00.000Z,DOGEUSDT,buy,1000000,7.936,47193493,29589157
2026-08-11T12:00:00.000Z,DOGEUSDT,buy,5000000,44.003,47193493,29589157
2026-08-11T12:00:00.000Z,DOGEUSDT,sell,10000,0.708,47193493,29589157
2026-08-11T12:00:00.000Z,DOGEUSDT,sell,100000,0.909,47193493,29589157
2026-08-11T12:00:00.000Z,DOGEUSDT,sell,1000000,11.601,47193493,29589157
2026-08-11T12:00:00.000Z,DOGEUSDT,sell,5000000,49.573,47193493,29589157
2026-08-11T12:00:00.000Z,ETHUSDT,buy,10000,0.026,74522237,62332102
2026-08-11T12:00:00.000Z,ETHUSDT,buy,100000,0.026,74522237,62332102
2026-08-11T12:00:00.000Z,ETHUSDT,buy,1000000,0.653,74522237,62332102
2026-08-11T12:00:00.000Z,ETHUSDT,buy,5000000,3.313,74522237,62332102
2026-08-11T12:00:00.000Z,ETHUSDT,sell,10000,0.026,74522237,62332102
2026-08-11T12:00:00.000Z,ETHUSDT,sell,100000,0.026,74522237,62332102
2026-08-11T12:00:00.000Z,ETHUSDT,sell,1000000,0.238,74522237,62332102
2026-08-11T12:00:00.000Z,ETHUSDT,sell,5000000,3.053,74522237,62332102
2026-08-11T12:00:00.000Z,LINKUSDT,buy,10000,0.578,9063067,7480408
2026-08-11T12:00:00.000Z,LINKUSDT,buy,100000,4.571,9063067,7480408
2026-08-11T12:00:00.000Z,LINKUSDT,buy,1000000,34.534,9063067,7480408
2026-08-11T12:00:00.000Z,LINKUSDT,buy,5000000,140.298,9063067,7480408
2026-08-11T12:00:00.000Z,LINKUSDT,sell,10000,1.772,9063067,7480408
2026-08-11T12:00:00.000Z,LINKUSDT,sell,100000,5.825,9063067,7480408
2026-08-11T12:00:00.000Z,LINKUSDT,sell,1000000,29.226,9063067,7480408
2026-08-11T12:00:00.000Z,LINKUSDT,sell,5000000,109.844,9063067,7480408
2026-08-11T12:00:00.000Z,SOLUSDT,buy,10000,0.66,91422963,75798700
2026-08-11T12:00:00.000Z,SOLUSDT,buy,100000,0.66,91422963,75798700
2026-08-11T12:00:00.000Z,SOLUSDT,buy,1000000,2.174,91422963,75798700
2026-08-11T12:00:00.000Z,SOLUSDT,buy,5000000,10.587,91422963,75798700
2026-08-11T12:00:00.000Z,SOLUSDT,sell,10000,0.66,91422963,75798700
2026-08-11T12:00:00.000Z,SOLUSDT,sell,100000,0.66,91422963,75798700
2026-08-11T12:00:00.000Z,SOLUSDT,sell,1000000,3.342,91422963,75798700
2026-08-11T12:00:00.000Z,SOLUSDT,sell,5000000,14.462,91422963,75798700
2026-08-11T12:00:00.000Z,XRPUSDT,buy,10000,0.498,37929354,29065038
2026-08-11T12:00:00.000Z,XRPUSDT,buy,100000,1.532,37929354,29065038
2026-08-11T12:00:00.000Z,XRPUSDT,buy,1000000,5.311,37929354,29065038
2026-08-11T12:00:00.000Z,XRPUSDT,buy,5000000,29.7,37929354,29065038
2026-08-11T12:00:00.000Z,XRPUSDT,sell,10000,0.498,37929354,29065038
2026-08-11T12:00:00.000Z,XRPUSDT,sell,100000,0.674,37929354,29065038
2026-08-11T12:00:00.000Z,XRPUSDT,sell,1000000,6.508,37929354,29065038
2026-08-11T12:00:00.000Z,XRPUSDT,sell,5000000,28.853,37929354,29065038
2026-08-11T13:00:00.000Z,ADAUSDT,buy,10000,2.67,13836759,11020649
2026-08-11T13:00:00.000Z,ADAUSDT,buy,100000,6.301,13836759,11020649
2026-08-11T13:00:00.000Z,ADAUSDT,buy,1000000,32.733,13836759,11020649
2026-08-11T13:00:00.000Z,ADAUSDT,buy,5000000,115.781,13836759,11020649
2026-08-11T13:00:00.000Z,ADAUSDT,sell,10000,2.67,13836759,11020649
2026-08-11T13:00:00.000Z,ADAUSDT,sell,100000,5.968,13836759,11020649
2026-08-11T13:00:00.000Z,ADAUSDT,sell,1000000,29.371,13836759,11020649
2026-08-11T13:00:00.000Z,ADAUSDT,sell,5000000,104.596,13836759,11020649
2026-08-11T13:00:00.000Z,BNBUSDT,buy,10000,0.205,11779255,9803614
2026-08-11T13:00:00.000Z,BNBUSDT,buy,100000,1.227,11779255,9803614
2026-08-11T13:00:00.000Z,BNBUSDT,buy,1000000,8.844,11779255,9803614
2026-08-11T13:00:00.000Z,BNBUSDT,buy,5000000,39.009,11779255,9803614
2026-08-11T13:00:00.000Z,BNBUSDT,sell,10000,0.996,11779255,9803614
2026-08-11T13:00:00.000Z,BNBUSDT,sell,100000,2.765,11779255,9803614
2026-08-11T13:00:00.000Z,BNBUSDT,sell,1000000,11.871,11779255,9803614
2026-08-11T13:00:00.000Z,BNBUSDT,sell,5000000,39.283,11779255,9803614
2026-08-11T13:00:00.000Z,BTCUSDT,buy,10000,0.008,39973182,38532536
2026-08-11T13:00:00.000Z,BTCUSDT,buy,100000,0.008,39973182,38532536
2026-08-11T13:00:00.000Z,BTCUSDT,buy,1000000,0.663,39973182,38532536
2026-08-11T13:00:00.000Z,BTCUSDT,buy,5000000,2.418,39973182,38532536
2026-08-11T13:00:00.000Z,BTCUSDT,sell,10000,0.008,39973182,38532536
2026-08-11T13:00:00.000Z,BTCUSDT,sell,100000,0.008,39973182,38532536
2026-08-11T13:00:00.000Z,BTCUSDT,sell,1000000,0.408,39973182,38532536
2026-08-11T13:00:00.000Z,BTCUSDT,sell,5000000,2.018,39973182,38532536
2026-08-11T13:00:00.000Z,DOGEUSDT,buy,10000,0.705,48148126,29768165
2026-08-11T13:00:00.000Z,DOGEUSDT,buy,100000,1.192,48148126,29768165
2026-08-11T13:00:00.000Z,DOGEUSDT,buy,1000000,7.473,48148126,29768165
2026-08-11T13:00:00.000Z,DOGEUSDT,buy,5000000,43.916,48148126,29768165
2026-08-11T13:00:00.000Z,DOGEUSDT,sell,10000,0.705,48148126,29768165
2026-08-11T13:00:00.000Z,DOGEUSDT,sell,100000,1.092,48148126,29768165
2026-08-11T13:00:00.000Z,DOGEUSDT,sell,1000000,9.925,48148126,29768165
2026-08-11T13:00:00.000Z,DOGEUSDT,sell,5000000,47.601,48148126,29768165
2026-08-11T13:00:00.000Z,ETHUSDT,buy,10000,0.026,64037462,72212938
2026-08-11T13:00:00.000Z,ETHUSDT,buy,100000,0.026,64037462,72212938
2026-08-11T13:00:00.000Z,ETHUSDT,buy,1000000,0.713,64037462,72212938
2026-08-11T13:00:00.000Z,ETHUSDT,buy,5000000,3.609,64037462,72212938
2026-08-11T13:00:00.000Z,ETHUSDT,sell,10000,0.026,64037462,72212938
2026-08-11T13:00:00.000Z,ETHUSDT,sell,100000,0.026,64037462,72212938
2026-08-11T13:00:00.000Z,ETHUSDT,sell,1000000,1.323,64037462,72212938
2026-08-11T13:00:00.000Z,ETHUSDT,sell,5000000,4.437,64037462,72212938
2026-08-11T13:00:00.000Z,LINKUSDT,buy,10000,2.671,8812241,7297275
2026-08-11T13:00:00.000Z,LINKUSDT,buy,100000,5.77,8812241,7297275
2026-08-11T13:00:00.000Z,LINKUSDT,buy,1000000,32.047,8812241,7297275
2026-08-11T13:00:00.000Z,LINKUSDT,buy,5000000,128.754,8812241,7297275
2026-08-11T13:00:00.000Z,LINKUSDT,sell,10000,0.973,8812241,7297275
2026-08-11T13:00:00.000Z,LINKUSDT,sell,100000,4.688,8812241,7297275
2026-08-11T13:00:00.000Z,LINKUSDT,sell,1000000,30.907,8812241,7297275
2026-08-11T13:00:00.000Z,LINKUSDT,sell,5000000,119.939,8812241,7297275
2026-08-11T13:00:00.000Z,SOLUSDT,buy,10000,0.658,94178685,77406028
2026-08-11T13:00:00.000Z,SOLUSDT,buy,100000,0.658,94178685,77406028
2026-08-11T13:00:00.000Z,SOLUSDT,buy,1000000,2.717,94178685,77406028
2026-08-11T13:00:00.000Z,SOLUSDT,buy,5000000,10.539,94178685,77406028
2026-08-11T13:00:00.000Z,SOLUSDT,sell,10000,0.658,94178685,77406028
2026-08-11T13:00:00.000Z,SOLUSDT,sell,100000,0.658,94178685,77406028
2026-08-11T13:00:00.000Z,SOLUSDT,sell,1000000,3.688,94178685,77406028
2026-08-11T13:00:00.000Z,SOLUSDT,sell,5000000,15.336,94178685,77406028
2026-08-11T13:00:00.000Z,XRPUSDT,buy,10000,0.729,40080000,29301459
2026-08-11T13:00:00.000Z,XRPUSDT,buy,100000,1.96,40080000,29301459
2026-08-11T13:00:00.000Z,XRPUSDT,buy,1000000,5.311,40080000,29301459
2026-08-11T13:00:00.000Z,XRPUSDT,buy,5000000,28.052,40080000,29301459
2026-08-11T13:00:00.000Z,XRPUSDT,sell,10000,0.496,40080000,29301459
2026-08-11T13:00:00.000Z,XRPUSDT,sell,100000,0.761,40080000,29301459
2026-08-11T13:00:00.000Z,XRPUSDT,sell,1000000,6.501,40080000,29301459
2026-08-11T13:00:00.000Z,XRPUSDT,sell,5000000,31.17,40080000,29301459
2026-08-11T14:00:00.000Z,ADAUSDT,buy,10000,2.708,13403676,11343164
2026-08-11T14:00:00.000Z,ADAUSDT,buy,100000,6.921,13403676,11343164
2026-08-11T14:00:00.000Z,ADAUSDT,buy,1000000,30.052,13403676,11343164
2026-08-11T14:00:00.000Z,ADAUSDT,buy,5000000,115.502,13403676,11343164
2026-08-11T14:00:00.000Z,ADAUSDT,sell,10000,2.708,13403676,11343164
2026-08-11T14:00:00.000Z,ADAUSDT,sell,100000,6.769,13403676,11343164
2026-08-11T14:00:00.000Z,ADAUSDT,sell,1000000,28.568,13403676,11343164
2026-08-11T14:00:00.000Z,ADAUSDT,sell,5000000,100.365,13403676,11343164
2026-08-11T14:00:00.000Z,BNBUSDT,buy,10000,0.233,12911738,8808519
2026-08-11T14:00:00.000Z,BNBUSDT,buy,100000,2.624,12911738,8808519
2026-08-11T14:00:00.000Z,BNBUSDT,buy,1000000,12.485,12911738,8808519
2026-08-11T14:00:00.000Z,BNBUSDT,buy,5000000,49.313,12911738,8808519
2026-08-11T14:00:00.000Z,BNBUSDT,sell,10000,0.091,12911738,8808519
2026-08-11T14:00:00.000Z,BNBUSDT,sell,100000,1.33,12911738,8808519
2026-08-11T14:00:00.000Z,BNBUSDT,sell,1000000,7.909,12911738,8808519
2026-08-11T14:00:00.000Z,BNBUSDT,sell,5000000,33.531,12911738,8808519
2026-08-11T14:00:00.000Z,BTCUSDT,buy,10000,0.008,44632638,46073456
2026-08-11T14:00:00.000Z,BTCUSDT,buy,100000,0.008,44632638,46073456
2026-08-11T14:00:00.000Z,BTCUSDT,buy,1000000,0.291,44632638,46073456
2026-08-11T14:00:00.000Z,BTCUSDT,buy,5000000,1.329,44632638,46073456
2026-08-11T14:00:00.000Z,BTCUSDT,sell,10000,0.008,44632638,46073456
2026-08-11T14:00:00.000Z,BTCUSDT,sell,100000,0.008,44632638,46073456
2026-08-11T14:00:00.000Z,BTCUSDT,sell,1000000,0.008,44632638,46073456
2026-08-11T14:00:00.000Z,BTCUSDT,sell,5000000,1.385,44632638,46073456
2026-08-11T14:00:00.000Z,DOGEUSDT,buy,10000,0.711,48036183,29438208
2026-08-11T14:00:00.000Z,DOGEUSDT,buy,100000,0.711,48036183,29438208
2026-08-11T14:00:00.000Z,DOGEUSDT,buy,1000000,7.134,48036183,29438208
2026-08-11T14:00:00.000Z,DOGEUSDT,buy,5000000,53.109,48036183,29438208
2026-08-11T14:00:00.000Z,DOGEUSDT,sell,10000,2.035,48036183,29438208
2026-08-11T14:00:00.000Z,DOGEUSDT,sell,100000,3.591,48036183,29438208
2026-08-11T14:00:00.000Z,DOGEUSDT,sell,1000000,13.086,48036183,29438208
2026-08-11T14:00:00.000Z,DOGEUSDT,sell,5000000,45.566,48036183,29438208
2026-08-11T14:00:00.000Z,ETHUSDT,buy,10000,0.027,97263532,55864744
2026-08-11T14:00:00.000Z,ETHUSDT,buy,100000,0.027,97263532,55864744
2026-08-11T14:00:00.000Z,ETHUSDT,buy,1000000,0.237,97263532,55864744
2026-08-11T14:00:00.000Z,ETHUSDT,buy,5000000,3.195,97263532,55864744
2026-08-11T14:00:00.000Z,ETHUSDT,sell,10000,0.027,97263532,55864744
2026-08-11T14:00:00.000Z,ETHUSDT,sell,100000,0.072,97263532,55864744
2026-08-11T14:00:00.000Z,ETHUSDT,sell,1000000,1.607,97263532,55864744
2026-08-11T14:00:00.000Z,ETHUSDT,sell,5000000,3.196,97263532,55864744
2026-08-11T14:00:00.000Z,LINKUSDT,buy,10000,0.917,8295327,7302973
2026-08-11T14:00:00.000Z,LINKUSDT,buy,100000,3.889,8295327,7302973
2026-08-11T14:00:00.000Z,LINKUSDT,buy,1000000,31.083,8295327,7302973
2026-08-11T14:00:00.000Z,LINKUSDT,buy,5000000,148.1,8295327,7302973
2026-08-11T14:00:00.000Z,LINKUSDT,sell,10000,2.355,8295327,7302973
2026-08-11T14:00:00.000Z,LINKUSDT,sell,100000,6.05,8295327,7302973
2026-08-11T14:00:00.000Z,LINKUSDT,sell,1000000,29.922,8295327,7302973
2026-08-11T14:00:00.000Z,LINKUSDT,sell,5000000,124.74,8295327,7302973
2026-08-11T14:00:00.000Z,SOLUSDT,buy,10000,0.665,92187053,75520030
2026-08-11T14:00:00.000Z,SOLUSDT,buy,100000,0.665,92187053,75520030
2026-08-11T14:00:00.000Z,SOLUSDT,buy,1000000,2.104,92187053,75520030
2026-08-11T14:00:00.000Z,SOLUSDT,buy,5000000,11.395,92187053,75520030
2026-08-11T14:00:00.000Z,SOLUSDT,sell,10000,0.665,92187053,75520030
2026-08-11T14:00:00.000Z,SOLUSDT,sell,100000,0.665,92187053,75520030
2026-08-11T14:00:00.000Z,SOLUSDT,sell,1000000,2.388,92187053,75520030
2026-08-11T14:00:00.000Z,SOLUSDT,sell,5000000,11.325,92187053,75520030
2026-08-11T14:00:00.000Z,XRPUSDT,buy,10000,1.5,36980264,29875148
2026-08-11T14:00:00.000Z,XRPUSDT,buy,100000,3.355,36980264,29875148
2026-08-11T14:00:00.000Z,XRPUSDT,buy,1000000,9.172,36980264,29875148
2026-08-11T14:00:00.000Z,XRPUSDT,buy,5000000,33.239,36980264,29875148
2026-08-11T14:00:00.000Z,XRPUSDT,sell,10000,0.502,36980264,29875148
2026-08-11T14:00:00.000Z,XRPUSDT,sell,100000,1.99,36980264,29875148
2026-08-11T14:00:00.000Z,XRPUSDT,sell,1000000,15.186,36980264,29875148
2026-08-11T14:00:00.000Z,XRPUSDT,sell,5000000,37.434,36980264,29875148
2026-08-11T15:00:00.000Z,ADAUSDT,buy,10000,2.717,15918333,11577004
2026-08-11T15:00:00.000Z,ADAUSDT,buy,100000,6.611,15918333,11577004
2026-08-11T15:00:00.000Z,ADAUSDT,buy,1000000,28.745,15918333,11577004
2026-08-11T15:00:00.000Z,ADAUSDT,buy,5000000,110.304,15918333,11577004
2026-08-11T15:00:00.000Z,ADAUSDT,sell,10000,2.717,15918333,11577004
2026-08-11T15:00:00.000Z,ADAUSDT,sell,100000,6.072,15918333,11577004
2026-08-11T15:00:00.000Z,ADAUSDT,sell,1000000,15.516,15918333,11577004
2026-08-11T15:00:00.000Z,ADAUSDT,sell,5000000,45.411,15918333,11577004
2026-08-11T15:00:00.000Z,BNBUSDT,buy,10000,0.082,13786839,8599717
2026-08-11T15:00:00.000Z,BNBUSDT,buy,100000,1.685,13786839,8599717
2026-08-11T15:00:00.000Z,BNBUSDT,buy,1000000,11.623,13786839,8599717
2026-08-11T15:00:00.000Z,BNBUSDT,buy,5000000,46.629,13786839,8599717
2026-08-11T15:00:00.000Z,BNBUSDT,sell,10000,0.082,13786839,8599717
2026-08-11T15:00:00.000Z,BNBUSDT,sell,100000,1.017,13786839,8599717
2026-08-11T15:00:00.000Z,BNBUSDT,sell,1000000,8.805,13786839,8599717
2026-08-11T15:00:00.000Z,BNBUSDT,sell,5000000,36.782,13786839,8599717
2026-08-11T15:00:00.000Z,BTCUSDT,buy,10000,0.008,89821677,40014480
2026-08-11T15:00:00.000Z,BTCUSDT,buy,100000,0.008,89821677,40014480
2026-08-11T15:00:00.000Z,BTCUSDT,buy,1000000,0.586,89821677,40014480
2026-08-11T15:00:00.000Z,BTCUSDT,buy,5000000,2.372,89821677,40014480
2026-08-11T15:00:00.000Z,BTCUSDT,sell,10000,0.008,89821677,40014480
2026-08-11T15:00:00.000Z,BTCUSDT,sell,100000,0.008,89821677,40014480
2026-08-11T15:00:00.000Z,BTCUSDT,sell,1000000,0.008,89821677,40014480
2026-08-11T15:00:00.000Z,BTCUSDT,sell,5000000,0.69,89821677,40014480
2026-08-11T15:00:00.000Z,DOGEUSDT,buy,10000,0.712,49337132,29681761
2026-08-11T15:00:00.000Z,DOGEUSDT,buy,100000,3.476,49337132,29681761
2026-08-11T15:00:00.000Z,DOGEUSDT,buy,1000000,14.495,49337132,29681761
2026-08-11T15:00:00.000Z,DOGEUSDT,buy,5000000,52.299,49337132,29681761
2026-08-11T15:00:00.000Z,DOGEUSDT,sell,10000,0.712,49337132,29681761
2026-08-11T15:00:00.000Z,DOGEUSDT,sell,100000,0.712,49337132,29681761
2026-08-11T15:00:00.000Z,DOGEUSDT,sell,1000000,6.788,49337132,29681761
2026-08-11T15:00:00.000Z,DOGEUSDT,sell,5000000,41.991,49337132,29681761
2026-08-11T15:00:00.000Z,ETHUSDT,buy,10000,0.027,72092552,59471419
2026-08-11T15:00:00.000Z,ETHUSDT,buy,100000,0.601,72092552,59471419
2026-08-11T15:00:00.000Z,ETHUSDT,buy,1000000,1.627,72092552,59471419
2026-08-11T15:00:00.000Z,ETHUSDT,buy,5000000,4.094,72092552,59471419
2026-08-11T15:00:00.000Z,ETHUSDT,sell,10000,0.027,72092552,59471419
2026-08-11T15:00:00.000Z,ETHUSDT,sell,100000,0.027,72092552,59471419
2026-08-11T15:00:00.000Z,ETHUSDT,sell,1000000,0.027,72092552,59471419
2026-08-11T15:00:00.000Z,ETHUSDT,sell,5000000,2.927,72092552,59471419
2026-08-11T15:00:00.000Z,LINKUSDT,buy,10000,1.335,8582377,7368227
2026-08-11T15:00:00.000Z,LINKUSDT,buy,100000,3.296,8582377,7368227
2026-08-11T15:00:00.000Z,LINKUSDT,buy,1000000,32.398,8582377,7368227
2026-08-11T15:00:00.000Z,LINKUSDT,buy,5000000,132.953,8582377,7368227
2026-08-11T15:00:00.000Z,LINKUSDT,sell,10000,0.683,8582377,7368227
2026-08-11T15:00:00.000Z,LINKUSDT,sell,100000,2.896,8582377,7368227
2026-08-11T15:00:00.000Z,LINKUSDT,sell,1000000,31.178,8582377,7368227
2026-08-11T15:00:00.000Z,LINKUSDT,sell,5000000,127.582,8582377,7368227
2026-08-11T15:00:00.000Z,SOLUSDT,buy,10000,0.669,93075285,66724821
2026-08-11T15:00:00.000Z,SOLUSDT,buy,100000,1.544,93075285,66724821
2026-08-11T15:00:00.000Z,SOLUSDT,buy,1000000,3.829,93075285,66724821
2026-08-11T15:00:00.000Z,SOLUSDT,buy,5000000,12.663,93075285,66724821
2026-08-11T15:00:00.000Z,SOLUSDT,sell,10000,0.669,93075285,66724821
2026-08-11T15:00:00.000Z,SOLUSDT,sell,100000,0.669,93075285,66724821
2026-08-11T15:00:00.000Z,SOLUSDT,sell,1000000,1.514,93075285,66724821
2026-08-11T15:00:00.000Z,SOLUSDT,sell,5000000,8.858,93075285,66724821
2026-08-11T15:00:00.000Z,XRPUSDT,buy,10000,0.5,37207701,29485077
2026-08-11T15:00:00.000Z,XRPUSDT,buy,100000,1.541,37207701,29485077
2026-08-11T15:00:00.000Z,XRPUSDT,buy,1000000,5.595,37207701,29485077
2026-08-11T15:00:00.000Z,XRPUSDT,buy,5000000,28.051,37207701,29485077
2026-08-11T15:00:00.000Z,XRPUSDT,sell,10000,0.5,37207701,29485077
2026-08-11T15:00:00.000Z,XRPUSDT,sell,100000,0.987,37207701,29485077
2026-08-11T15:00:00.000Z,XRPUSDT,sell,1000000,4.666,37207701,29485077
2026-08-11T15:00:00.000Z,XRPUSDT,sell,5000000,24.625,37207701,29485077
2026-08-11T16:00:00.000Z,ADAUSDT,buy,10000,2.693,13806392,11099063
2026-08-11T16:00:00.000Z,ADAUSDT,buy,100000,6.166,13806392,11099063
2026-08-11T16:00:00.000Z,ADAUSDT,buy,1000000,26.098,13806392,11099063
2026-08-11T16:00:00.000Z,ADAUSDT,buy,5000000,115.225,13806392,11099063
2026-08-11T16:00:00.000Z,ADAUSDT,sell,10000,2.693,13806392,11099063
2026-08-11T16:00:00.000Z,ADAUSDT,sell,100000,6.247,13806392,11099063
2026-08-11T16:00:00.000Z,ADAUSDT,sell,1000000,32.468,13806392,11099063
2026-08-11T16:00:00.000Z,ADAUSDT,sell,5000000,102.033,13806392,11099063
2026-08-11T16:00:00.000Z,BNBUSDT,buy,10000,0.444,11776008,10555903
2026-08-11T16:00:00.000Z,BNBUSDT,buy,100000,1.742,11776008,10555903
2026-08-11T16:00:00.000Z,BNBUSDT,buy,1000000,8.426,11776008,10555903
2026-08-11T16:00:00.000Z,BNBUSDT,buy,5000000,35.603,11776008,10555903
2026-08-11T16:00:00.000Z,BNBUSDT,sell,10000,0.19,11776008,10555903
2026-08-11T16:00:00.000Z,BNBUSDT,sell,100000,1.981,11776008,10555903
2026-08-11T16:00:00.000Z,BNBUSDT,sell,1000000,11.888,11776008,10555903
2026-08-11T16:00:00.000Z,BNBUSDT,sell,5000000,49.421,11776008,10555903
2026-08-11T16:00:00.000Z,BTCUSDT,buy,10000,0.008,55716239,49254057
2026-08-11T16:00:00.000Z,BTCUSDT,buy,100000,0.008,55716239,49254057
2026-08-11T16:00:00.000Z,BTCUSDT,buy,1000000,0.008,55716239,49254057
2026-08-11T16:00:00.000Z,BTCUSDT,buy,5000000,0.568,55716239,49254057
2026-08-11T16:00:00.000Z,BTCUSDT,sell,10000,0.008,55716239,49254057
2026-08-11T16:00:00.000Z,BTCUSDT,sell,100000,0.008,55716239,49254057
2026-08-11T16:00:00.000Z,BTCUSDT,sell,1000000,0.528,55716239,49254057
2026-08-11T16:00:00.000Z,BTCUSDT,sell,5000000,1.98,55716239,49254057
2026-08-11T16:00:00.000Z,DOGEUSDT,buy,10000,0.71,45662288,29250508
2026-08-11T16:00:00.000Z,DOGEUSDT,buy,100000,1.806,45662288,29250508
2026-08-11T16:00:00.000Z,DOGEUSDT,buy,1000000,12.377,45662288,29250508
2026-08-11T16:00:00.000Z,DOGEUSDT,buy,5000000,56.559,45662288,29250508
2026-08-11T16:00:00.000Z,DOGEUSDT,sell,10000,0.71,45662288,29250508
2026-08-11T16:00:00.000Z,DOGEUSDT,sell,100000,1.322,45662288,29250508
2026-08-11T16:00:00.000Z,DOGEUSDT,sell,1000000,8.149,45662288,29250508
2026-08-11T16:00:00.000Z,DOGEUSDT,sell,5000000,46.547,45662288,29250508
2026-08-11T16:00:00.000Z,ETHUSDT,buy,10000,0.027,53017533,55371482
2026-08-11T16:00:00.000Z,ETHUSDT,buy,100000,0.027,53017533,55371482
2026-08-11T16:00:00.000Z,ETHUSDT,buy,1000000,1.137,53017533,55371482
2026-08-11T16:00:00.000Z,ETHUSDT,buy,5000000,4.339,53017533,55371482
2026-08-11T16:00:00.000Z,ETHUSDT,sell,10000,0.027,53017533,55371482
2026-08-11T16:00:00.000Z,ETHUSDT,sell,100000,0.027,53017533,55371482
2026-08-11T16:00:00.000Z,ETHUSDT,sell,1000000,0.742,53017533,55371482
2026-08-11T16:00:00.000Z,ETHUSDT,sell,5000000,3.777,53017533,55371482
2026-08-11T16:00:00.000Z,LINKUSDT,buy,10000,0.584,8524021,6902076
2026-08-11T16:00:00.000Z,LINKUSDT,buy,100000,5.467,8524021,6902076
2026-08-11T16:00:00.000Z,LINKUSDT,buy,1000000,30.805,8524021,6902076
2026-08-11T16:00:00.000Z,LINKUSDT,buy,5000000,132.869,8524021,6902076
2026-08-11T16:00:00.000Z,LINKUSDT,sell,10000,2.242,8524021,6902076
2026-08-11T16:00:00.000Z,LINKUSDT,sell,100000,4.489,8524021,6902076
2026-08-11T16:00:00.000Z,LINKUSDT,sell,1000000,25.124,8524021,6902076
2026-08-11T16:00:00.000Z,LINKUSDT,sell,5000000,117.815,8524021,6902076
2026-08-11T16:00:00.000Z,SOLUSDT,buy,10000,0.667,87840179,68009107
2026-08-11T16:00:00.000Z,SOLUSDT,buy,100000,0.849,87840179,68009107
2026-08-11T16:00:00.000Z,SOLUSDT,buy,1000000,3.25,87840179,68009107
2026-08-11T16:00:00.000Z,SOLUSDT,buy,5000000,12.592,87840179,68009107
2026-08-11T16:00:00.000Z,SOLUSDT,sell,10000,0.667,87840179,68009107
2026-08-11T16:00:00.000Z,SOLUSDT,sell,100000,0.667,87840179,68009107
2026-08-11T16:00:00.000Z,SOLUSDT,sell,1000000,1.364,87840179,68009107
2026-08-11T16:00:00.000Z,SOLUSDT,sell,5000000,7.354,87840179,68009107
2026-08-11T16:00:00.000Z,XRPUSDT,buy,10000,0.496,36826875,29414872
2026-08-11T16:00:00.000Z,XRPUSDT,buy,100000,1.07,36826875,29414872
2026-08-11T16:00:00.000Z,XRPUSDT,buy,1000000,5.414,36826875,29414872
2026-08-11T16:00:00.000Z,XRPUSDT,buy,5000000,27.095,36826875,29414872
2026-08-11T16:00:00.000Z,XRPUSDT,sell,10000,0.496,36826875,29414872
2026-08-11T16:00:00.000Z,XRPUSDT,sell,100000,1.434,36826875,29414872
2026-08-11T16:00:00.000Z,XRPUSDT,sell,1000000,7.066,36826875,29414872
2026-08-11T16:00:00.000Z,XRPUSDT,sell,5000000,33.329,36826875,29414872
2026-08-11T17:00:00.000Z,ADAUSDT,buy,10000,2.701,14154163,11496309
2026-08-11T17:00:00.000Z,ADAUSDT,buy,100000,5.961,14154163,11496309
2026-08-11T17:00:00.000Z,ADAUSDT,buy,1000000,30.081,14154163,11496309
2026-08-11T17:00:00.000Z,ADAUSDT,buy,5000000,113.788,14154163,11496309
2026-08-11T17:00:00.000Z,ADAUSDT,sell,10000,2.701,14154163,11496309
2026-08-11T17:00:00.000Z,ADAUSDT,sell,100000,6.345,14154163,11496309
2026-08-11T17:00:00.000Z,ADAUSDT,sell,1000000,33.656,14154163,11496309
2026-08-11T17:00:00.000Z,ADAUSDT,sell,5000000,100.555,14154163,11496309
2026-08-11T17:00:00.000Z,BNBUSDT,buy,10000,0.115,13201160,10852258
2026-08-11T17:00:00.000Z,BNBUSDT,buy,100000,1.573,13201160,10852258
2026-08-11T17:00:00.000Z,BNBUSDT,buy,1000000,5.943,13201160,10852258
2026-08-11T17:00:00.000Z,BNBUSDT,buy,5000000,32.886,13201160,10852258
2026-08-11T17:00:00.000Z,BNBUSDT,sell,10000,0.082,13201160,10852258
2026-08-11T17:00:00.000Z,BNBUSDT,sell,100000,0.662,13201160,10852258
2026-08-11T17:00:00.000Z,BNBUSDT,sell,1000000,3.104,13201160,10852258
2026-08-11T17:00:00.000Z,BNBUSDT,sell,5000000,30.037,13201160,10852258
2026-08-11T17:00:00.000Z,BTCUSDT,buy,10000,0.008,43763489,45185647
2026-08-11T17:00:00.000Z,BTCUSDT,buy,100000,0.008,43763489,45185647
2026-08-11T17:00:00.000Z,BTCUSDT,buy,1000000,0.513,43763489,45185647
2026-08-11T17:00:00.000Z,BTCUSDT,buy,5000000,1.998,43763489,45185647
2026-08-11T17:00:00.000Z,BTCUSDT,sell,10000,0.008,43763489,45185647
2026-08-11T17:00:00.000Z,BTCUSDT,sell,100000,0.008,43763489,45185647
2026-08-11T17:00:00.000Z,BTCUSDT,sell,1000000,0.347,43763489,45185647
2026-08-11T17:00:00.000Z,BTCUSDT,sell,5000000,1.945,43763489,45185647
2026-08-11T17:00:00.000Z,DOGEUSDT,buy,10000,0.704,46421800,29042251
2026-08-11T17:00:00.000Z,DOGEUSDT,buy,100000,1.69,46421800,29042251
2026-08-11T17:00:00.000Z,DOGEUSDT,buy,1000000,9.116,46421800,29042251
2026-08-11T17:00:00.000Z,DOGEUSDT,buy,5000000,46.719,46421800,29042251
2026-08-11T17:00:00.000Z,DOGEUSDT,sell,10000,0.704,46421800,29042251
2026-08-11T17:00:00.000Z,DOGEUSDT,sell,100000,1.298,46421800,29042251
2026-08-11T17:00:00.000Z,DOGEUSDT,sell,1000000,7.286,46421800,29042251
2026-08-11T17:00:00.000Z,DOGEUSDT,sell,5000000,38.083,46421800,29042251
2026-08-11T17:00:00.000Z,ETHUSDT,buy,10000,0.027,63503212,53011446
2026-08-11T17:00:00.000Z,ETHUSDT,buy,100000,0.027,63503212,53011446
2026-08-11T17:00:00.000Z,ETHUSDT,buy,1000000,1.09,63503212,53011446
2026-08-11T17:00:00.000Z,ETHUSDT,buy,5000000,4.51,63503212,53011446
2026-08-11T17:00:00.000Z,ETHUSDT,sell,10000,0.027,63503212,53011446
2026-08-11T17:00:00.000Z,ETHUSDT,sell,100000,0.027,63503212,53011446
2026-08-11T17:00:00.000Z,ETHUSDT,sell,1000000,0.831,63503212,53011446
2026-08-11T17:00:00.000Z,ETHUSDT,sell,5000000,3.459,63503212,53011446
2026-08-11T17:00:00.000Z,LINKUSDT,buy,10000,1.057,8390467,6960878
2026-08-11T17:00:00.000Z,LINKUSDT,buy,100000,4.059,8390467,6960878
2026-08-11T17:00:00.000Z,LINKUSDT,buy,1000000,28.378,8390467,6960878
2026-08-11T17:00:00.000Z,LINKUSDT,buy,5000000,133.041,8390467,6960878
2026-08-11T17:00:00.000Z,LINKUSDT,sell,10000,0.583,8390467,6960878
2026-08-11T17:00:00.000Z,LINKUSDT,sell,100000,3.122,8390467,6960878
2026-08-11T17:00:00.000Z,LINKUSDT,sell,1000000,25.814,8390467,6960878
2026-08-11T17:00:00.000Z,LINKUSDT,sell,5000000,114.324,8390467,6960878
2026-08-11T17:00:00.000Z,SOLUSDT,buy,10000,0.667,84564421,70375172
2026-08-11T17:00:00.000Z,SOLUSDT,buy,100000,0.907,84564421,70375172
2026-08-11T17:00:00.000Z,SOLUSDT,buy,1000000,3.024,84564421,70375172
2026-08-11T17:00:00.000Z,SOLUSDT,buy,5000000,11.441,84564421,70375172
2026-08-11T17:00:00.000Z,SOLUSDT,sell,10000,0.667,84564421,70375172
2026-08-11T17:00:00.000Z,SOLUSDT,sell,100000,0.667,84564421,70375172
2026-08-11T17:00:00.000Z,SOLUSDT,sell,1000000,1.447,84564421,70375172
2026-08-11T17:00:00.000Z,SOLUSDT,sell,5000000,8.497,84564421,70375172
2026-08-11T17:00:00.000Z,XRPUSDT,buy,10000,0.493,35973716,29360599
2026-08-11T17:00:00.000Z,XRPUSDT,buy,100000,0.826,35973716,29360599
2026-08-11T17:00:00.000Z,XRPUSDT,buy,1000000,5.611,35973716,29360599
2026-08-11T17:00:00.000Z,XRPUSDT,buy,5000000,31.327,35973716,29360599
2026-08-11T17:00:00.000Z,XRPUSDT,sell,10000,0.493,35973716,29360599
2026-08-11T17:00:00.000Z,XRPUSDT,sell,100000,1.057,35973716,29360599
2026-08-11T17:00:00.000Z,XRPUSDT,sell,1000000,5.639,35973716,29360599
2026-08-11T17:00:00.000Z,XRPUSDT,sell,5000000,28.851,35973716,29360599
2026-08-11T18:00:00.000Z,ADAUSDT,buy,10000,2.696,13843971,10641484
2026-08-11T18:00:00.000Z,ADAUSDT,buy,100000,6.268,13843971,10641484
2026-08-11T18:00:00.000Z,ADAUSDT,buy,1000000,30.999,13843971,10641484
2026-08-11T18:00:00.000Z,ADAUSDT,buy,5000000,116.445,13843971,10641484
2026-08-11T18:00:00.000Z,ADAUSDT,sell,10000,2.696,13843971,10641484
2026-08-11T18:00:00.000Z,ADAUSDT,sell,100000,5.852,13843971,10641484
2026-08-11T18:00:00.000Z,ADAUSDT,sell,1000000,28.063,13843971,10641484
2026-08-11T18:00:00.000Z,ADAUSDT,sell,5000000,104.796,13843971,10641484
2026-08-11T18:00:00.000Z,BNBUSDT,buy,10000,0.082,13242936,10082856
2026-08-11T18:00:00.000Z,BNBUSDT,buy,100000,0.499,13242936,10082856
2026-08-11T18:00:00.000Z,BNBUSDT,buy,1000000,9.688,13242936,10082856
2026-08-11T18:00:00.000Z,BNBUSDT,buy,5000000,39.799,13242936,10082856
2026-08-11T18:00:00.000Z,BNBUSDT,sell,10000,0.679,13242936,10082856
2026-08-11T18:00:00.000Z,BNBUSDT,sell,100000,2.425,13242936,10082856
2026-08-11T18:00:00.000Z,BNBUSDT,sell,1000000,11.896,13242936,10082856
2026-08-11T18:00:00.000Z,BNBUSDT,sell,5000000,45.418,13242936,10082856
2026-08-11T18:00:00.000Z,BTCUSDT,buy,10000,0.008,44176159,42056233
2026-08-11T18:00:00.000Z,BTCUSDT,buy,100000,0.008,44176159,42056233
2026-08-11T18:00:00.000Z,BTCUSDT,buy,1000000,0.008,44176159,42056233
2026-08-11T18:00:00.000Z,BTCUSDT,buy,5000000,0.984,44176159,42056233
2026-08-11T18:00:00.000Z,BTCUSDT,sell,10000,0.008,44176159,42056233
2026-08-11T18:00:00.000Z,BTCUSDT,sell,100000,0.008,44176159,42056233
2026-08-11T18:00:00.000Z,BTCUSDT,sell,1000000,0.275,44176159,42056233
2026-08-11T18:00:00.000Z,BTCUSDT,sell,5000000,2.271,44176159,42056233
2026-08-11T18:00:00.000Z,DOGEUSDT,buy,10000,0.706,46091317,30569290
2026-08-11T18:00:00.000Z,DOGEUSDT,buy,100000,2.393,46091317,30569290
2026-08-11T18:00:00.000Z,DOGEUSDT,buy,1000000,9.054,46091317,30569290
2026-08-11T18:00:00.000Z,DOGEUSDT,buy,5000000,45.215,46091317,30569290
2026-08-11T18:00:00.000Z,DOGEUSDT,sell,10000,0.706,46091317,30569290
2026-08-11T18:00:00.000Z,DOGEUSDT,sell,100000,1.722,46091317,30569290
2026-08-11T18:00:00.000Z,DOGEUSDT,sell,1000000,8.145,46091317,30569290
2026-08-11T18:00:00.000Z,DOGEUSDT,sell,5000000,38.648,46091317,30569290
2026-08-11T18:00:00.000Z,ETHUSDT,buy,10000,0.027,61145934,57425639
2026-08-11T18:00:00.000Z,ETHUSDT,buy,100000,0.027,61145934,57425639
2026-08-11T18:00:00.000Z,ETHUSDT,buy,1000000,1.064,61145934,57425639
2026-08-11T18:00:00.000Z,ETHUSDT,buy,5000000,4.404,61145934,57425639
2026-08-11T18:00:00.000Z,ETHUSDT,sell,10000,0.027,61145934,57425639
2026-08-11T18:00:00.000Z,ETHUSDT,sell,100000,0.027,61145934,57425639
2026-08-11T18:00:00.000Z,ETHUSDT,sell,1000000,0.791,61145934,57425639
2026-08-11T18:00:00.000Z,ETHUSDT,sell,5000000,3.321,61145934,57425639
2026-08-11T18:00:00.000Z,LINKUSDT,buy,10000,0.584,7934161,7070219
2026-08-11T18:00:00.000Z,LINKUSDT,buy,100000,3.195,7934161,7070219
2026-08-11T18:00:00.000Z,LINKUSDT,buy,1000000,28.77,7934161,7070219
2026-08-11T18:00:00.000Z,LINKUSDT,buy,5000000,132.767,7934161,7070219
2026-08-11T18:00:00.000Z,LINKUSDT,sell,10000,2.058,7934161,7070219
2026-08-11T18:00:00.000Z,LINKUSDT,sell,100000,6.153,7934161,7070219
2026-08-11T18:00:00.000Z,LINKUSDT,sell,1000000,33.875,7934161,7070219
2026-08-11T18:00:00.000Z,LINKUSDT,sell,5000000,135.908,7934161,7070219
2026-08-11T18:00:00.000Z,SOLUSDT,buy,10000,0.665,79423268,71517787
2026-08-11T18:00:00.000Z,SOLUSDT,buy,100000,1.44,79423268,71517787
2026-08-11T18:00:00.000Z,SOLUSDT,buy,1000000,3.304,79423268,71517787
2026-08-11T18:00:00.000Z,SOLUSDT,buy,5000000,9.663,79423268,71517787
2026-08-11T18:00:00.000Z,SOLUSDT,sell,10000,0.665,79423268,71517787
2026-08-11T18:00:00.000Z,SOLUSDT,sell,100000,0.665,79423268,71517787
2026-08-11T18:00:00.000Z,SOLUSDT,sell,1000000,2.121,79423268,71517787
2026-08-11T18:00:00.000Z,SOLUSDT,sell,5000000,11.641,79423268,71517787
2026-08-11T18:00:00.000Z,XRPUSDT,buy,10000,0.495,35573263,29609704
2026-08-11T18:00:00.000Z,XRPUSDT,buy,100000,0.924,35573263,29609704
2026-08-11T18:00:00.000Z,XRPUSDT,buy,1000000,5.02,35573263,29609704
2026-08-11T18:00:00.000Z,XRPUSDT,buy,5000000,30.856,35573263,29609704
2026-08-11T18:00:00.000Z,XRPUSDT,sell,10000,0.495,35573263,29609704
2026-08-11T18:00:00.000Z,XRPUSDT,sell,100000,1.005,35573263,29609704
2026-08-11T18:00:00.000Z,XRPUSDT,sell,1000000,6.425,35573263,29609704
2026-08-11T18:00:00.000Z,XRPUSDT,sell,5000000,30.546,35573263,29609704
2026-08-11T19:00:00.000Z,ADAUSDT,buy,10000,2.709,15821114,11158104
2026-08-11T19:00:00.000Z,ADAUSDT,buy,100000,6.966,15821114,11158104
2026-08-11T19:00:00.000Z,ADAUSDT,buy,1000000,32.122,15821114,11158104
2026-08-11T19:00:00.000Z,ADAUSDT,buy,5000000,119.541,15821114,11158104
2026-08-11T19:00:00.000Z,ADAUSDT,sell,10000,2.709,15821114,11158104
2026-08-11T19:00:00.000Z,ADAUSDT,sell,100000,2.709,15821114,11158104
2026-08-11T19:00:00.000Z,ADAUSDT,sell,1000000,2.709,15821114,11158104
2026-08-11T19:00:00.000Z,ADAUSDT,sell,5000000,46.452,15821114,11158104
2026-08-11T19:00:00.000Z,BNBUSDT,buy,10000,0.256,11870482,10568747
2026-08-11T19:00:00.000Z,BNBUSDT,buy,100000,2.28,11870482,10568747
2026-08-11T19:00:00.000Z,BNBUSDT,buy,1000000,9.943,11870482,10568747
2026-08-11T19:00:00.000Z,BNBUSDT,buy,5000000,35.368,11870482,10568747
2026-08-11T19:00:00.000Z,BNBUSDT,sell,10000,0.082,11870482,10568747
2026-08-11T19:00:00.000Z,BNBUSDT,sell,100000,1.181,11870482,10568747
2026-08-11T19:00:00.000Z,BNBUSDT,sell,1000000,9.949,11870482,10568747
2026-08-11T19:00:00.000Z,BNBUSDT,sell,5000000,48.125,11870482,10568747
2026-08-11T19:00:00.000Z,BTCUSDT,buy,10000,0.008,42816030,38220351
2026-08-11T19:00:00.000Z,BTCUSDT,buy,100000,0.008,42816030,38220351
2026-08-11T19:00:00.000Z,BTCUSDT,buy,1000000,0.432,42816030,38220351
2026-08-11T19:00:00.000Z,BTCUSDT,buy,5000000,1.851,42816030,38220351
2026-08-11T19:00:00.000Z,BTCUSDT,sell,10000,0.008,42816030,38220351
2026-08-11T19:00:00.000Z,BTCUSDT,sell,100000,0.008,42816030,38220351
2026-08-11T19:00:00.000Z,BTCUSDT,sell,1000000,0.138,42816030,38220351
2026-08-11T19:00:00.000Z,BTCUSDT,sell,5000000,1.417,42816030,38220351
2026-08-11T19:00:00.000Z,DOGEUSDT,buy,10000,0.705,44725175,29746565
2026-08-11T19:00:00.000Z,DOGEUSDT,buy,100000,1.507,44725175,29746565
2026-08-11T19:00:00.000Z,DOGEUSDT,buy,1000000,9.241,44725175,29746565
2026-08-11T19:00:00.000Z,DOGEUSDT,buy,5000000,48.798,44725175,29746565
2026-08-11T19:00:00.000Z,DOGEUSDT,sell,10000,0.705,44725175,29746565
2026-08-11T19:00:00.000Z,DOGEUSDT,sell,100000,1.871,44725175,29746565
2026-08-11T19:00:00.000Z,DOGEUSDT,sell,1000000,12.823,44725175,29746565
2026-08-11T19:00:00.000Z,DOGEUSDT,sell,5000000,52.625,44725175,29746565
2026-08-11T19:00:00.000Z,ETHUSDT,buy,10000,0.027,62730558,67077894
2026-08-11T19:00:00.000Z,ETHUSDT,buy,100000,0.027,62730558,67077894
2026-08-11T19:00:00.000Z,ETHUSDT,buy,1000000,1.139,62730558,67077894
2026-08-11T19:00:00.000Z,ETHUSDT,buy,5000000,4.274,62730558,67077894
2026-08-11T19:00:00.000Z,ETHUSDT,sell,10000,0.027,62730558,67077894
2026-08-11T19:00:00.000Z,ETHUSDT,sell,100000,0.027,62730558,67077894
2026-08-11T19:00:00.000Z,ETHUSDT,sell,1000000,0.644,62730558,67077894
2026-08-11T19:00:00.000Z,ETHUSDT,sell,5000000,2.821,62730558,67077894
2026-08-11T19:00:00.000Z,LINKUSDT,buy,10000,0.583,8237737,7246160
2026-08-11T19:00:00.000Z,LINKUSDT,buy,100000,3.456,8237737,7246160
2026-08-11T19:00:00.000Z,LINKUSDT,buy,1000000,29.671,8237737,7246160
2026-08-11T19:00:00.000Z,LINKUSDT,buy,5000000,126.699,8237737,7246160
2026-08-11T19:00:00.000Z,LINKUSDT,sell,10000,1.392,8237737,7246160
2026-08-11T19:00:00.000Z,LINKUSDT,sell,100000,3.689,8237737,7246160
2026-08-11T19:00:00.000Z,LINKUSDT,sell,1000000,28.468,8237737,7246160
2026-08-11T19:00:00.000Z,LINKUSDT,sell,5000000,122.602,8237737,7246160
2026-08-11T19:00:00.000Z,SOLUSDT,buy,10000,0.662,88886848,70678737
2026-08-11T19:00:00.000Z,SOLUSDT,buy,100000,0.912,88886848,70678737
2026-08-11T19:00:00.000Z,SOLUSDT,buy,1000000,3.39,88886848,70678737
2026-08-11T19:00:00.000Z,SOLUSDT,buy,5000000,11.273,88886848,70678737
2026-08-11T19:00:00.000Z,SOLUSDT,sell,10000,0.662,88886848,70678737
2026-08-11T19:00:00.000Z,SOLUSDT,sell,100000,0.662,88886848,70678737
2026-08-11T19:00:00.000Z,SOLUSDT,sell,1000000,1.466,88886848,70678737
2026-08-11T19:00:00.000Z,SOLUSDT,sell,5000000,2.711,88886848,70678737
2026-08-11T19:00:00.000Z,XRPUSDT,buy,10000,0.494,35261249,29623973
2026-08-11T19:00:00.000Z,XRPUSDT,buy,100000,0.84,35261249,29623973
2026-08-11T19:00:00.000Z,XRPUSDT,buy,1000000,5.445,35261249,29623973
2026-08-11T19:00:00.000Z,XRPUSDT,buy,5000000,32.711,35261249,29623973
2026-08-11T19:00:00.000Z,XRPUSDT,sell,10000,0.494,35261249,29623973
2026-08-11T19:00:00.000Z,XRPUSDT,sell,100000,0.494,35261249,29623973
2026-08-11T19:00:00.000Z,XRPUSDT,sell,1000000,4.986,35261249,29623973
2026-08-11T19:00:00.000Z,XRPUSDT,sell,5000000,27.869,35261249,29623973
2026-08-11T20:00:00.000Z,ADAUSDT,buy,10000,2.689,14696234,11229177
2026-08-11T20:00:00.000Z,ADAUSDT,buy,100000,4.938,14696234,11229177
2026-08-11T20:00:00.000Z,ADAUSDT,buy,1000000,27.12,14696234,11229177
2026-08-11T20:00:00.000Z,ADAUSDT,buy,5000000,106.354,14696234,11229177
2026-08-11T20:00:00.000Z,ADAUSDT,sell,10000,2.689,14696234,11229177
2026-08-11T20:00:00.000Z,ADAUSDT,sell,100000,6.894,14696234,11229177
2026-08-11T20:00:00.000Z,ADAUSDT,sell,1000000,26.251,14696234,11229177
2026-08-11T20:00:00.000Z,ADAUSDT,sell,5000000,97.042,14696234,11229177
2026-08-11T20:00:00.000Z,BNBUSDT,buy,10000,0.422,11494902,10643665
2026-08-11T20:00:00.000Z,BNBUSDT,buy,100000,2.073,11494902,10643665
2026-08-11T20:00:00.000Z,BNBUSDT,buy,1000000,9.626,11494902,10643665
2026-08-11T20:00:00.000Z,BNBUSDT,buy,5000000,29.116,11494902,10643665
2026-08-11T20:00:00.000Z,BNBUSDT,sell,10000,0.082,11494902,10643665
2026-08-11T20:00:00.000Z,BNBUSDT,sell,100000,0.87,11494902,10643665
2026-08-11T20:00:00.000Z,BNBUSDT,sell,1000000,10.354,11494902,10643665
2026-08-11T20:00:00.000Z,BNBUSDT,sell,5000000,45.362,11494902,10643665
2026-08-11T20:00:00.000Z,BTCUSDT,buy,10000,0.008,46521571,41826767
2026-08-11T20:00:00.000Z,BTCUSDT,buy,100000,0.008,46521571,41826767
2026-08-11T20:00:00.000Z,BTCUSDT,buy,1000000,0.433,46521571,41826767
2026-08-11T20:00:00.000Z,BTCUSDT,buy,5000000,1.884,46521571,41826767
2026-08-11T20:00:00.000Z,BTCUSDT,sell,10000,0.008,46521571,41826767
2026-08-11T20:00:00.000Z,BTCUSDT,sell,100000,0.008,46521571,41826767
2026-08-11T20:00:00.000Z,BTCUSDT,sell,1000000,0.008,46521571,41826767
2026-08-11T20:00:00.000Z,BTCUSDT,sell,5000000,1.218,46521571,41826767
2026-08-11T20:00:00.000Z,DOGEUSDT,buy,10000,0.698,44801727,28188768
2026-08-11T20:00:00.000Z,DOGEUSDT,buy,100000,1.259,44801727,28188768
2026-08-11T20:00:00.000Z,DOGEUSDT,buy,1000000,9.792,44801727,28188768
2026-08-11T20:00:00.000Z,DOGEUSDT,buy,5000000,55.396,44801727,28188768
2026-08-11T20:00:00.000Z,DOGEUSDT,sell,10000,0.698,44801727,28188768
2026-08-11T20:00:00.000Z,DOGEUSDT,sell,100000,1.927,44801727,28188768
2026-08-11T20:00:00.000Z,DOGEUSDT,sell,1000000,10.053,44801727,28188768
2026-08-11T20:00:00.000Z,DOGEUSDT,sell,5000000,51.327,44801727,28188768
2026-08-11T20:00:00.000Z,ETHUSDT,buy,10000,0.027,65833613,62760814
2026-08-11T20:00:00.000Z,ETHUSDT,buy,100000,0.027,65833613,62760814
2026-08-11T20:00:00.000Z,ETHUSDT,buy,1000000,0.382,65833613,62760814
2026-08-11T20:00:00.000Z,ETHUSDT,buy,5000000,3.68,65833613,62760814
2026-08-11T20:00:00.000Z,ETHUSDT,sell,10000,0.027,65833613,62760814
2026-08-11T20:00:00.000Z,ETHUSDT,sell,100000,0.027,65833613,62760814
2026-08-11T20:00:00.000Z,ETHUSDT,sell,1000000,1.041,65833613,62760814
2026-08-11T20:00:00.000Z,ETHUSDT,sell,5000000,3.431,65833613,62760814
2026-08-11T20:00:00.000Z,LINKUSDT,buy,10000,0.576,8988510,7122225
2026-08-11T20:00:00.000Z,LINKUSDT,buy,100000,4.213,8988510,7122225
2026-08-11T20:00:00.000Z,LINKUSDT,buy,1000000,33.022,8988510,7122225
2026-08-11T20:00:00.000Z,LINKUSDT,buy,5000000,132.542,8988510,7122225
2026-08-11T20:00:00.000Z,LINKUSDT,sell,10000,0.576,8988510,7122225
2026-08-11T20:00:00.000Z,LINKUSDT,sell,100000,3.825,8988510,7122225
2026-08-11T20:00:00.000Z,LINKUSDT,sell,1000000,26.18,8988510,7122225
2026-08-11T20:00:00.000Z,LINKUSDT,sell,5000000,108.472,8988510,7122225
2026-08-11T20:00:00.000Z,SOLUSDT,buy,10000,0.659,77673225,68227534
2026-08-11T20:00:00.000Z,SOLUSDT,buy,100000,0.659,77673225,68227534
2026-08-11T20:00:00.000Z,SOLUSDT,buy,1000000,2.366,77673225,68227534
2026-08-11T20:00:00.000Z,SOLUSDT,buy,5000000,10.802,77673225,68227534
2026-08-11T20:00:00.000Z,SOLUSDT,sell,10000,0.659,77673225,68227534
2026-08-11T20:00:00.000Z,SOLUSDT,sell,100000,1.116,77673225,68227534
2026-08-11T20:00:00.000Z,SOLUSDT,sell,1000000,3.451,77673225,68227534
2026-08-11T20:00:00.000Z,SOLUSDT,sell,5000000,12.737,77673225,68227534
2026-08-11T20:00:00.000Z,XRPUSDT,buy,10000,0.492,33812930,28216531
2026-08-11T20:00:00.000Z,XRPUSDT,buy,100000,1.322,33812930,28216531
2026-08-11T20:00:00.000Z,XRPUSDT,buy,1000000,6.586,33812930,28216531
2026-08-11T20:00:00.000Z,XRPUSDT,buy,5000000,39.951,33812930,28216531
2026-08-11T20:00:00.000Z,XRPUSDT,sell,10000,0.492,33812930,28216531
2026-08-11T20:00:00.000Z,XRPUSDT,sell,100000,0.782,33812930,28216531
2026-08-11T20:00:00.000Z,XRPUSDT,sell,1000000,4.979,33812930,28216531
2026-08-11T20:00:00.000Z,XRPUSDT,sell,5000000,34.009,33812930,28216531
2026-08-11T21:00:00.000Z,ADAUSDT,buy,10000,2.68,14078141,10107269
2026-08-11T21:00:00.000Z,ADAUSDT,buy,100000,9.22,14078141,10107269
2026-08-11T21:00:00.000Z,ADAUSDT,buy,1000000,47.267,14078141,10107269
2026-08-11T21:00:00.000Z,ADAUSDT,buy,5000000,136.37,14078141,10107269
2026-08-11T21:00:00.000Z,ADAUSDT,sell,10000,2.68,14078141,10107269
2026-08-11T21:00:00.000Z,ADAUSDT,sell,100000,7.139,14078141,10107269
2026-08-11T21:00:00.000Z,ADAUSDT,sell,1000000,36.422,14078141,10107269
2026-08-11T21:00:00.000Z,ADAUSDT,sell,5000000,106.467,14078141,10107269
2026-08-11T21:00:00.000Z,BNBUSDT,buy,10000,0.316,10654596,10395230
2026-08-11T21:00:00.000Z,BNBUSDT,buy,100000,1.507,10654596,10395230
2026-08-11T21:00:00.000Z,BNBUSDT,buy,1000000,9.825,10654596,10395230
2026-08-11T21:00:00.000Z,BNBUSDT,buy,5000000,29.366,10654596,10395230
2026-08-11T21:00:00.000Z,BNBUSDT,sell,10000,0.101,10654596,10395230
2026-08-11T21:00:00.000Z,BNBUSDT,sell,100000,2.075,10654596,10395230
2026-08-11T21:00:00.000Z,BNBUSDT,sell,1000000,11.566,10654596,10395230
2026-08-11T21:00:00.000Z,BNBUSDT,sell,5000000,49.443,10654596,10395230
2026-08-11T21:00:00.000Z,BTCUSDT,buy,10000,0.008,47148051,38378636
2026-08-11T21:00:00.000Z,BTCUSDT,buy,100000,0.008,47148051,38378636
2026-08-11T21:00:00.000Z,BTCUSDT,buy,1000000,0.37,47148051,38378636
2026-08-11T21:00:00.000Z,BTCUSDT,buy,5000000,2.301,47148051,38378636
2026-08-11T21:00:00.000Z,BTCUSDT,sell,10000,0.008,47148051,38378636
2026-08-11T21:00:00.000Z,BTCUSDT,sell,100000,0.008,47148051,38378636
2026-08-11T21:00:00.000Z,BTCUSDT,sell,1000000,0.031,47148051,38378636
2026-08-11T21:00:00.000Z,BTCUSDT,sell,5000000,1.484,47148051,38378636
2026-08-11T21:00:00.000Z,DOGEUSDT,buy,10000,0.694,47335053,27091880
2026-08-11T21:00:00.000Z,DOGEUSDT,buy,100000,2.312,47335053,27091880
2026-08-11T21:00:00.000Z,DOGEUSDT,buy,1000000,19,47335053,27091880
2026-08-11T21:00:00.000Z,DOGEUSDT,buy,5000000,70.402,47335053,27091880
2026-08-11T21:00:00.000Z,DOGEUSDT,sell,10000,0.694,47335053,27091880
2026-08-11T21:00:00.000Z,DOGEUSDT,sell,100000,2.576,47335053,27091880
2026-08-11T21:00:00.000Z,DOGEUSDT,sell,1000000,15.541,47335053,27091880
2026-08-11T21:00:00.000Z,DOGEUSDT,sell,5000000,58.863,47335053,27091880
2026-08-11T21:00:00.000Z,ETHUSDT,buy,10000,0.027,62427248,65638050
2026-08-11T21:00:00.000Z,ETHUSDT,buy,100000,0.542,62427248,65638050
2026-08-11T21:00:00.000Z,ETHUSDT,buy,1000000,1.922,62427248,65638050
2026-08-11T21:00:00.000Z,ETHUSDT,buy,5000000,5.51,62427248,65638050
2026-08-11T21:00:00.000Z,ETHUSDT,sell,10000,0.027,62427248,65638050
2026-08-11T21:00:00.000Z,ETHUSDT,sell,100000,0.027,62427248,65638050
2026-08-11T21:00:00.000Z,ETHUSDT,sell,1000000,0.322,62427248,65638050
2026-08-11T21:00:00.000Z,ETHUSDT,sell,5000000,3.368,62427248,65638050
2026-08-11T21:00:00.000Z,LINKUSDT,buy,10000,0.57,8208887,6258047
2026-08-11T21:00:00.000Z,LINKUSDT,buy,100000,5.614,8208887,6258047
2026-08-11T21:00:00.000Z,LINKUSDT,buy,1000000,41.502,8208887,6258047
2026-08-11T21:00:00.000Z,LINKUSDT,buy,5000000,143.821,8208887,6258047
2026-08-11T21:00:00.000Z,LINKUSDT,sell,10000,1.591,8208887,6258047
2026-08-11T21:00:00.000Z,LINKUSDT,sell,100000,4.093,8208887,6258047
2026-08-11T21:00:00.000Z,LINKUSDT,sell,1000000,31.431,8208887,6258047
2026-08-11T21:00:00.000Z,LINKUSDT,sell,5000000,126.934,8208887,6258047
2026-08-11T21:00:00.000Z,SOLUSDT,buy,10000,0.657,78044139,66447322
2026-08-11T21:00:00.000Z,SOLUSDT,buy,100000,0.657,78044139,66447322
2026-08-11T21:00:00.000Z,SOLUSDT,buy,1000000,4.33,78044139,66447322
2026-08-11T21:00:00.000Z,SOLUSDT,buy,5000000,16.799,78044139,66447322
2026-08-11T21:00:00.000Z,SOLUSDT,sell,10000,0.657,78044139,66447322
2026-08-11T21:00:00.000Z,SOLUSDT,sell,100000,0.85,78044139,66447322
2026-08-11T21:00:00.000Z,SOLUSDT,sell,1000000,4.315,78044139,66447322
2026-08-11T21:00:00.000Z,SOLUSDT,sell,5000000,15.84,78044139,66447322
2026-08-11T21:00:00.000Z,XRPUSDT,buy,10000,0.489,33875422,28798283
2026-08-11T21:00:00.000Z,XRPUSDT,buy,100000,1.25,33875422,28798283
2026-08-11T21:00:00.000Z,XRPUSDT,buy,1000000,7.75,33875422,28798283
2026-08-11T21:00:00.000Z,XRPUSDT,buy,5000000,36.045,33875422,28798283
2026-08-11T21:00:00.000Z,XRPUSDT,sell,10000,1.383,33875422,28798283
2026-08-11T21:00:00.000Z,XRPUSDT,sell,100000,3.236,33875422,28798283
2026-08-11T21:00:00.000Z,XRPUSDT,sell,1000000,11.317,33875422,28798283
2026-08-11T21:00:00.000Z,XRPUSDT,sell,5000000,43.026,33875422,28798283
2026-08-11T22:00:00.000Z,ADAUSDT,buy,10000,2.68,14047741,10428158
2026-08-11T22:00:00.000Z,ADAUSDT,buy,100000,4.491,14047741,10428158
2026-08-11T22:00:00.000Z,ADAUSDT,buy,1000000,30.988,14047741,10428158
2026-08-11T22:00:00.000Z,ADAUSDT,buy,5000000,122.729,14047741,10428158
2026-08-11T22:00:00.000Z,ADAUSDT,sell,10000,2.68,14047741,10428158
2026-08-11T22:00:00.000Z,ADAUSDT,sell,100000,6.124,14047741,10428158
2026-08-11T22:00:00.000Z,ADAUSDT,sell,1000000,29.142,14047741,10428158
2026-08-11T22:00:00.000Z,ADAUSDT,sell,5000000,101.935,14047741,10428158
2026-08-11T22:00:00.000Z,BNBUSDT,buy,10000,0.081,9074211,11061443
2026-08-11T22:00:00.000Z,BNBUSDT,buy,100000,1.121,9074211,11061443
2026-08-11T22:00:00.000Z,BNBUSDT,buy,1000000,5.206,9074211,11061443
2026-08-11T22:00:00.000Z,BNBUSDT,buy,5000000,19.563,9074211,11061443
2026-08-11T22:00:00.000Z,BNBUSDT,sell,10000,0.081,9074211,11061443
2026-08-11T22:00:00.000Z,BNBUSDT,sell,100000,1.471,9074211,11061443
2026-08-11T22:00:00.000Z,BNBUSDT,sell,1000000,9.218,9074211,11061443
2026-08-11T22:00:00.000Z,BNBUSDT,sell,5000000,46.701,9074211,11061443
2026-08-11T22:00:00.000Z,BTCUSDT,buy,10000,0.008,51031128,42180290
2026-08-11T22:00:00.000Z,BTCUSDT,buy,100000,0.008,51031128,42180290
2026-08-11T22:00:00.000Z,BTCUSDT,buy,1000000,0.088,51031128,42180290
2026-08-11T22:00:00.000Z,BTCUSDT,buy,5000000,1.347,51031128,42180290
2026-08-11T22:00:00.000Z,BTCUSDT,sell,10000,0.008,51031128,42180290
2026-08-11T22:00:00.000Z,BTCUSDT,sell,100000,0.008,51031128,42180290
2026-08-11T22:00:00.000Z,BTCUSDT,sell,1000000,0.147,51031128,42180290
2026-08-11T22:00:00.000Z,BTCUSDT,sell,5000000,1.403,51031128,42180290
2026-08-11T22:00:00.000Z,DOGEUSDT,buy,10000,0.691,49865700,28413883
2026-08-11T22:00:00.000Z,DOGEUSDT,buy,100000,1.383,49865700,28413883
2026-08-11T22:00:00.000Z,DOGEUSDT,buy,1000000,11.879,49865700,28413883
2026-08-11T22:00:00.000Z,DOGEUSDT,buy,5000000,53.185,49865700,28413883
2026-08-11T22:00:00.000Z,DOGEUSDT,sell,10000,0.691,49865700,28413883
2026-08-11T22:00:00.000Z,DOGEUSDT,sell,100000,1.211,49865700,28413883
2026-08-11T22:00:00.000Z,DOGEUSDT,sell,1000000,10.502,49865700,28413883
2026-08-11T22:00:00.000Z,DOGEUSDT,sell,5000000,47.657,49865700,28413883
2026-08-11T22:00:00.000Z,ETHUSDT,buy,10000,0.027,69571995,54873515
2026-08-11T22:00:00.000Z,ETHUSDT,buy,100000,0.034,69571995,54873515
2026-08-11T22:00:00.000Z,ETHUSDT,buy,1000000,1.147,69571995,54873515
2026-08-11T22:00:00.000Z,ETHUSDT,buy,5000000,4.352,69571995,54873515
2026-08-11T22:00:00.000Z,ETHUSDT,sell,10000,0.027,69571995,54873515
2026-08-11T22:00:00.000Z,ETHUSDT,sell,100000,0.027,69571995,54873515
2026-08-11T22:00:00.000Z,ETHUSDT,sell,1000000,0.057,69571995,54873515
2026-08-11T22:00:00.000Z,ETHUSDT,sell,5000000,2.331,69571995,54873515
2026-08-11T22:00:00.000Z,LINKUSDT,buy,10000,0.57,8648666,7026791
2026-08-11T22:00:00.000Z,LINKUSDT,buy,100000,5.063,8648666,7026791
2026-08-11T22:00:00.000Z,LINKUSDT,buy,1000000,30.48,8648666,7026791
2026-08-11T22:00:00.000Z,LINKUSDT,buy,5000000,119.921,8648666,7026791
2026-08-11T22:00:00.000Z,LINKUSDT,sell,10000,0.57,8648666,7026791
2026-08-11T22:00:00.000Z,LINKUSDT,sell,100000,3.583,8648666,7026791
2026-08-11T22:00:00.000Z,LINKUSDT,sell,1000000,26.31,8648666,7026791
2026-08-11T22:00:00.000Z,LINKUSDT,sell,5000000,116.671,8648666,7026791
2026-08-11T22:00:00.000Z,SOLUSDT,buy,10000,0.656,88964509,68503280
2026-08-11T22:00:00.000Z,SOLUSDT,buy,100000,0.656,88964509,68503280
2026-08-11T22:00:00.000Z,SOLUSDT,buy,1000000,2.848,88964509,68503280
2026-08-11T22:00:00.000Z,SOLUSDT,buy,5000000,11.996,88964509,68503280
2026-08-11T22:00:00.000Z,SOLUSDT,sell,10000,0.656,88964509,68503280
2026-08-11T22:00:00.000Z,SOLUSDT,sell,100000,0.656,88964509,68503280
2026-08-11T22:00:00.000Z,SOLUSDT,sell,1000000,1.696,88964509,68503280
2026-08-11T22:00:00.000Z,SOLUSDT,sell,5000000,9.064,88964509,68503280
2026-08-11T22:00:00.000Z,XRPUSDT,buy,10000,0.49,33721492,28349140
2026-08-11T22:00:00.000Z,XRPUSDT,buy,100000,0.49,33721492,28349140
2026-08-11T22:00:00.000Z,XRPUSDT,buy,1000000,4.126,33721492,28349140
2026-08-11T22:00:00.000Z,XRPUSDT,buy,5000000,34.929,33721492,28349140
2026-08-11T22:00:00.000Z,XRPUSDT,sell,10000,0.49,33721492,28349140
2026-08-11T22:00:00.000Z,XRPUSDT,sell,100000,1.132,33721492,28349140
2026-08-11T22:00:00.000Z,XRPUSDT,sell,1000000,6.49,33721492,28349140
2026-08-11T22:00:00.000Z,XRPUSDT,sell,5000000,31.05,33721492,28349140
2026-08-11T23:00:00.000Z,ADAUSDT,buy,10000,2.672,14560998,10654287
2026-08-11T23:00:00.000Z,ADAUSDT,buy,100000,6.137,14560998,10654287
2026-08-11T23:00:00.000Z,ADAUSDT,buy,1000000,33.524,14560998,10654287
2026-08-11T23:00:00.000Z,ADAUSDT,buy,5000000,118.094,14560998,10654287
2026-08-11T23:00:00.000Z,ADAUSDT,sell,10000,2.672,14560998,10654287
2026-08-11T23:00:00.000Z,ADAUSDT,sell,100000,5.264,14560998,10654287
2026-08-11T23:00:00.000Z,ADAUSDT,sell,1000000,26.907,14560998,10654287
2026-08-11T23:00:00.000Z,ADAUSDT,sell,5000000,103.985,14560998,10654287
2026-08-11T23:00:00.000Z,BNBUSDT,buy,10000,0.176,8564982,10097512
2026-08-11T23:00:00.000Z,BNBUSDT,buy,100000,1.554,8564982,10097512
2026-08-11T23:00:00.000Z,BNBUSDT,buy,1000000,8.164,8564982,10097512
2026-08-11T23:00:00.000Z,BNBUSDT,buy,5000000,29.778,8564982,10097512
2026-08-11T23:00:00.000Z,BNBUSDT,sell,10000,0.081,8564982,10097512
2026-08-11T23:00:00.000Z,BNBUSDT,sell,100000,0.962,8564982,10097512
2026-08-11T23:00:00.000Z,BNBUSDT,sell,1000000,9.317,8564982,10097512
2026-08-11T23:00:00.000Z,BNBUSDT,sell,5000000,42.853,8564982,10097512
2026-08-11T23:00:00.000Z,BTCUSDT,buy,10000,0.008,47979739,38710117
2026-08-11T23:00:00.000Z,BTCUSDT,buy,100000,0.008,47979739,38710117
2026-08-11T23:00:00.000Z,BTCUSDT,buy,1000000,0.017,47979739,38710117
2026-08-11T23:00:00.000Z,BTCUSDT,buy,5000000,1.908,47979739,38710117
2026-08-11T23:00:00.000Z,BTCUSDT,sell,10000,0.008,47979739,38710117
2026-08-11T23:00:00.000Z,BTCUSDT,sell,100000,0.008,47979739,38710117
2026-08-11T23:00:00.000Z,BTCUSDT,sell,1000000,0.326,47979739,38710117
2026-08-11T23:00:00.000Z,BTCUSDT,sell,5000000,1.809,47979739,38710117
2026-08-11T23:00:00.000Z,DOGEUSDT,buy,10000,0.695,48641896,27731824
2026-08-11T23:00:00.000Z,DOGEUSDT,buy,100000,2.368,48641896,27731824
2026-08-11T23:00:00.000Z,DOGEUSDT,buy,1000000,13.073,48641896,27731824
2026-08-11T23:00:00.000Z,DOGEUSDT,buy,5000000,62.1,48641896,27731824
2026-08-11T23:00:00.000Z,DOGEUSDT,sell,10000,0.695,48641896,27731824
2026-08-11T23:00:00.000Z,DOGEUSDT,sell,100000,1.321,48641896,27731824
2026-08-11T23:00:00.000Z,DOGEUSDT,sell,1000000,9.532,48641896,27731824
2026-08-11T23:00:00.000Z,DOGEUSDT,sell,5000000,40.185,48641896,27731824
2026-08-11T23:00:00.000Z,ETHUSDT,buy,10000,0.027,59492900,64532532
2026-08-11T23:00:00.000Z,ETHUSDT,buy,100000,0.027,59492900,64532532
2026-08-11T23:00:00.000Z,ETHUSDT,buy,1000000,1.151,59492900,64532532
2026-08-11T23:00:00.000Z,ETHUSDT,buy,5000000,4.917,59492900,64532532
2026-08-11T23:00:00.000Z,ETHUSDT,sell,10000,0.027,59492900,64532532
2026-08-11T23:00:00.000Z,ETHUSDT,sell,100000,0.027,59492900,64532532
2026-08-11T23:00:00.000Z,ETHUSDT,sell,1000000,0.84,59492900,64532532
2026-08-11T23:00:00.000Z,ETHUSDT,sell,5000000,3.356,59492900,64532532
2026-08-11T23:00:00.000Z,LINKUSDT,buy,10000,1.04,8249577,6790316
2026-08-11T23:00:00.000Z,LINKUSDT,buy,100000,4.415,8249577,6790316
2026-08-11T23:00:00.000Z,LINKUSDT,buy,1000000,27.104,8249577,6790316
2026-08-11T23:00:00.000Z,LINKUSDT,buy,5000000,112.798,8249577,6790316
2026-08-11T23:00:00.000Z,LINKUSDT,sell,10000,1.417,8249577,6790316
2026-08-11T23:00:00.000Z,LINKUSDT,sell,100000,4.305,8249577,6790316
2026-08-11T23:00:00.000Z,LINKUSDT,sell,1000000,26.07,8249577,6790316
2026-08-11T23:00:00.000Z,LINKUSDT,sell,5000000,119.819,8249577,6790316
2026-08-11T23:00:00.000Z,SOLUSDT,buy,10000,0.656,88779287,69184003
2026-08-11T23:00:00.000Z,SOLUSDT,buy,100000,0.656,88779287,69184003
2026-08-11T23:00:00.000Z,SOLUSDT,buy,1000000,2.961,88779287,69184003
2026-08-11T23:00:00.000Z,SOLUSDT,buy,5000000,13.558,88779287,69184003
2026-08-11T23:00:00.000Z,SOLUSDT,sell,10000,0.656,88779287,69184003
2026-08-11T23:00:00.000Z,SOLUSDT,sell,100000,0.656,88779287,69184003
2026-08-11T23:00:00.000Z,SOLUSDT,sell,1000000,1.967,88779287,69184003
2026-08-11T23:00:00.000Z,SOLUSDT,sell,5000000,9.511,88779287,69184003
2026-08-11T23:00:00.000Z,XRPUSDT,buy,10000,0.489,36814420,28170111
2026-08-11T23:00:00.000Z,XRPUSDT,buy,100000,1.947,36814420,28170111
2026-08-11T23:00:00.000Z,XRPUSDT,buy,1000000,8.443,36814420,28170111
2026-08-11T23:00:00.000Z,XRPUSDT,buy,5000000,35.457,36814420,28170111
2026-08-11T23:00:00.000Z,XRPUSDT,sell,10000,0.489,36814420,28170111
2026-08-11T23:00:00.000Z,XRPUSDT,sell,100000,0.489,36814420,28170111
2026-08-11T23:00:00.000Z,XRPUSDT,sell,1000000,3.808,36814420,28170111
2026-08-11T23:00:00.000Z,XRPUSDT,sell,5000000,18.309,36814420,28170111
2026-08-12T00:00:00.000Z,ADAUSDT,buy,10000,2.69,13629029,10448312
2026-08-12T00:00:00.000Z,ADAUSDT,buy,100000,6.59,13629029,10448312
2026-08-12T00:00:00.000Z,ADAUSDT,buy,1000000,31.404,13629029,10448312
2026-08-12T00:00:00.000Z,ADAUSDT,buy,5000000,121.556,13629029,10448312
2026-08-12T00:00:00.000Z,ADAUSDT,sell,10000,2.69,13629029,10448312
2026-08-12T00:00:00.000Z,ADAUSDT,sell,100000,6.877,13629029,10448312
2026-08-12T00:00:00.000Z,ADAUSDT,sell,1000000,30.623,13629029,10448312
2026-08-12T00:00:00.000Z,ADAUSDT,sell,5000000,101.811,13629029,10448312
2026-08-12T00:00:00.000Z,BNBUSDT,buy,10000,0.081,8708443,10027905
2026-08-12T00:00:00.000Z,BNBUSDT,buy,100000,1.617,8708443,10027905
2026-08-12T00:00:00.000Z,BNBUSDT,buy,1000000,8.545,8708443,10027905
2026-08-12T00:00:00.000Z,BNBUSDT,buy,5000000,30.473,8708443,10027905
2026-08-12T00:00:00.000Z,BNBUSDT,sell,10000,0.117,8708443,10027905
2026-08-12T00:00:00.000Z,BNBUSDT,sell,100000,1.207,8708443,10027905
2026-08-12T00:00:00.000Z,BNBUSDT,sell,1000000,7.125,8708443,10027905
2026-08-12T00:00:00.000Z,BNBUSDT,sell,5000000,40.756,8708443,10027905
2026-08-12T00:00:00.000Z,BTCUSDT,buy,10000,0.008,40308678,48288295
2026-08-12T00:00:00.000Z,BTCUSDT,buy,100000,0.008,40308678,48288295
2026-08-12T00:00:00.000Z,BTCUSDT,buy,1000000,0.46,40308678,48288295
2026-08-12T00:00:00.000Z,BTCUSDT,buy,5000000,1.94,40308678,48288295
2026-08-12T00:00:00.000Z,BTCUSDT,sell,10000,0.008,40308678,48288295
2026-08-12T00:00:00.000Z,BTCUSDT,sell,100000,0.008,40308678,48288295
2026-08-12T00:00:00.000Z,BTCUSDT,sell,1000000,0.023,40308678,48288295
2026-08-12T00:00:00.000Z,BTCUSDT,sell,5000000,1.288,40308678,48288295
2026-08-12T00:00:00.000Z,DOGEUSDT,buy,10000,0.692,49458656,27722421
2026-08-12T00:00:00.000Z,DOGEUSDT,buy,100000,2.464,49458656,27722421
2026-08-12T00:00:00.000Z,DOGEUSDT,buy,1000000,13.439,49458656,27722421
2026-08-12T00:00:00.000Z,DOGEUSDT,buy,5000000,64.664,49458656,27722421
2026-08-12T00:00:00.000Z,DOGEUSDT,sell,10000,0.692,49458656,27722421
2026-08-12T00:00:00.000Z,DOGEUSDT,sell,100000,1.87,49458656,27722421
2026-08-12T00:00:00.000Z,DOGEUSDT,sell,1000000,11.665,49458656,27722421
2026-08-12T00:00:00.000Z,DOGEUSDT,sell,5000000,49.488,49458656,27722421
2026-08-12T00:00:00.000Z,ETHUSDT,buy,10000,0.027,67564728,69904900
2026-08-12T00:00:00.000Z,ETHUSDT,buy,100000,0.027,67564728,69904900
2026-08-12T00:00:00.000Z,ETHUSDT,buy,1000000,0.027,67564728,69904900
2026-08-12T00:00:00.000Z,ETHUSDT,buy,5000000,1.048,67564728,69904900
2026-08-12T00:00:00.000Z,ETHUSDT,sell,10000,0.027,67564728,69904900
2026-08-12T00:00:00.000Z,ETHUSDT,sell,100000,0.027,67564728,69904900
2026-08-12T00:00:00.000Z,ETHUSDT,sell,1000000,1.124,67564728,69904900
2026-08-12T00:00:00.000Z,ETHUSDT,sell,5000000,3.697,67564728,69904900
2026-08-12T00:00:00.000Z,LINKUSDT,buy,10000,0.57,8259544,6833504
2026-08-12T00:00:00.000Z,LINKUSDT,buy,100000,3.714,8259544,6833504
2026-08-12T00:00:00.000Z,LINKUSDT,buy,1000000,26.039,8259544,6833504
2026-08-12T00:00:00.000Z,LINKUSDT,buy,5000000,119.021,8259544,6833504
2026-08-12T00:00:00.000Z,LINKUSDT,sell,10000,1.267,8259544,6833504
2026-08-12T00:00:00.000Z,LINKUSDT,sell,100000,3.987,8259544,6833504
2026-08-12T00:00:00.000Z,LINKUSDT,sell,1000000,25.24,8259544,6833504
2026-08-12T00:00:00.000Z,LINKUSDT,sell,5000000,118.745,8259544,6833504
2026-08-12T00:00:00.000Z,SOLUSDT,buy,10000,0.656,90723017,73055498
2026-08-12T00:00:00.000Z,SOLUSDT,buy,100000,0.656,90723017,73055498
2026-08-12T00:00:00.000Z,SOLUSDT,buy,1000000,3.091,90723017,73055498
2026-08-12T00:00:00.000Z,SOLUSDT,buy,5000000,13.269,90723017,73055498
2026-08-12T00:00:00.000Z,SOLUSDT,sell,10000,0.656,90723017,73055498
2026-08-12T00:00:00.000Z,SOLUSDT,sell,100000,0.656,90723017,73055498
2026-08-12T00:00:00.000Z,SOLUSDT,sell,1000000,2.372,90723017,73055498
2026-08-12T00:00:00.000Z,SOLUSDT,sell,5000000,10.414,90723017,73055498
2026-08-12T00:00:00.000Z,XRPUSDT,buy,10000,0.489,37149537,28774437
2026-08-12T00:00:00.000Z,XRPUSDT,buy,100000,1.256,37149537,28774437
2026-08-12T00:00:00.000Z,XRPUSDT,buy,1000000,5.896,37149537,28774437
2026-08-12T00:00:00.000Z,XRPUSDT,buy,5000000,31.924,37149537,28774437
2026-08-12T00:00:00.000Z,XRPUSDT,sell,10000,0.489,37149537,28774437
2026-08-12T00:00:00.000Z,XRPUSDT,sell,100000,0.779,37149537,28774437
2026-08-12T00:00:00.000Z,XRPUSDT,sell,1000000,4.501,37149537,28774437
2026-08-12T00:00:00.000Z,XRPUSDT,sell,5000000,15.485,37149537,28774437
2026-08-12T01:00:00.000Z,ADAUSDT,buy,10000,2.677,13976427,10387179
2026-08-12T01:00:00.000Z,ADAUSDT,buy,100000,2.677,13976427,10387179
2026-08-12T01:00:00.000Z,ADAUSDT,buy,1000000,22.429,13976427,10387179
2026-08-12T01:00:00.000Z,ADAUSDT,buy,5000000,114.654,13976427,10387179
2026-08-12T01:00:00.000Z,ADAUSDT,sell,10000,2.677,13976427,10387179
2026-08-12T01:00:00.000Z,ADAUSDT,sell,100000,5.56,13976427,10387179
2026-08-12T01:00:00.000Z,ADAUSDT,sell,1000000,29.769,13976427,10387179
2026-08-12T01:00:00.000Z,ADAUSDT,sell,5000000,102.516,13976427,10387179
2026-08-12T01:00:00.000Z,BNBUSDT,buy,10000,0.388,10136693,9617790
2026-08-12T01:00:00.000Z,BNBUSDT,buy,100000,1.088,10136693,9617790
2026-08-12T01:00:00.000Z,BNBUSDT,buy,1000000,7.547,10136693,9617790
2026-08-12T01:00:00.000Z,BNBUSDT,buy,5000000,31.88,10136693,9617790
2026-08-12T01:00:00.000Z,BNBUSDT,sell,10000,0.081,10136693,9617790
2026-08-12T01:00:00.000Z,BNBUSDT,sell,100000,1.091,10136693,9617790
2026-08-12T01:00:00.000Z,BNBUSDT,sell,1000000,4.543,10136693,9617790
2026-08-12T01:00:00.000Z,BNBUSDT,sell,5000000,31.164,10136693,9617790
2026-08-12T01:00:00.000Z,BTCUSDT,buy,10000,0.008,40479318,46826170
2026-08-12T01:00:00.000Z,BTCUSDT,buy,100000,0.008,40479318,46826170
2026-08-12T01:00:00.000Z,BTCUSDT,buy,1000000,0.133,40479318,46826170
2026-08-12T01:00:00.000Z,BTCUSDT,buy,5000000,1.337,40479318,46826170
2026-08-12T01:00:00.000Z,BTCUSDT,sell,10000,0.008,40479318,46826170
2026-08-12T01:00:00.000Z,BTCUSDT,sell,100000,0.008,40479318,46826170
2026-08-12T01:00:00.000Z,BTCUSDT,sell,1000000,0.028,40479318,46826170
2026-08-12T01:00:00.000Z,BTCUSDT,sell,5000000,1.331,40479318,46826170
2026-08-12T01:00:00.000Z,DOGEUSDT,buy,10000,0.69,48995319,27652839
2026-08-12T01:00:00.000Z,DOGEUSDT,buy,100000,1.454,48995319,27652839
2026-08-12T01:00:00.000Z,DOGEUSDT,buy,1000000,9.677,48995319,27652839
2026-08-12T01:00:00.000Z,DOGEUSDT,buy,5000000,56.493,48995319,27652839
2026-08-12T01:00:00.000Z,DOGEUSDT,sell,10000,0.69,48995319,27652839
2026-08-12T01:00:00.000Z,DOGEUSDT,sell,100000,0.69,48995319,27652839
2026-08-12T01:00:00.000Z,DOGEUSDT,sell,1000000,7.249,48995319,27652839
2026-08-12T01:00:00.000Z,DOGEUSDT,sell,5000000,50.164,48995319,27652839
2026-08-12T01:00:00.000Z,ETHUSDT,buy,10000,0.027,57650497,74672469
2026-08-12T01:00:00.000Z,ETHUSDT,buy,100000,0.027,57650497,74672469
2026-08-12T01:00:00.000Z,ETHUSDT,buy,1000000,0.862,57650497,74672469
2026-08-12T01:00:00.000Z,ETHUSDT,buy,5000000,3.765,57650497,74672469
2026-08-12T01:00:00.000Z,ETHUSDT,sell,10000,0.027,57650497,74672469
2026-08-12T01:00:00.000Z,ETHUSDT,sell,100000,0.027,57650497,74672469
2026-08-12T01:00:00.000Z,ETHUSDT,sell,1000000,1.128,57650497,74672469
2026-08-12T01:00:00.000Z,ETHUSDT,sell,5000000,3.884,57650497,74672469
2026-08-12T01:00:00.000Z,LINKUSDT,buy,10000,0.567,8612530,7410292
2026-08-12T01:00:00.000Z,LINKUSDT,buy,100000,2.449,8612530,7410292
2026-08-12T01:00:00.000Z,LINKUSDT,buy,1000000,29.086,8612530,7410292
2026-08-12T01:00:00.000Z,LINKUSDT,buy,5000000,106.293,8612530,7410292
2026-08-12T01:00:00.000Z,LINKUSDT,sell,10000,0.567,8612530,7410292
2026-08-12T01:00:00.000Z,LINKUSDT,sell,100000,0.567,8612530,7410292
2026-08-12T01:00:00.000Z,LINKUSDT,sell,1000000,19.465,8612530,7410292
2026-08-12T01:00:00.000Z,LINKUSDT,sell,5000000,117.332,8612530,7410292
2026-08-12T01:00:00.000Z,SOLUSDT,buy,10000,0.653,91175736,72743637
2026-08-12T01:00:00.000Z,SOLUSDT,buy,100000,0.653,91175736,72743637
2026-08-12T01:00:00.000Z,SOLUSDT,buy,1000000,2.562,91175736,72743637
2026-08-12T01:00:00.000Z,SOLUSDT,buy,5000000,12.266,91175736,72743637
2026-08-12T01:00:00.000Z,SOLUSDT,sell,10000,0.653,91175736,72743637
2026-08-12T01:00:00.000Z,SOLUSDT,sell,100000,0.653,91175736,72743637
2026-08-12T01:00:00.000Z,SOLUSDT,sell,1000000,2.779,91175736,72743637
2026-08-12T01:00:00.000Z,SOLUSDT,sell,5000000,10.321,91175736,72743637
2026-08-12T01:00:00.000Z,XRPUSDT,buy,10000,0.488,38010231,28398163
2026-08-12T01:00:00.000Z,XRPUSDT,buy,100000,0.811,38010231,28398163
2026-08-12T01:00:00.000Z,XRPUSDT,buy,1000000,7.528,38010231,28398163
2026-08-12T01:00:00.000Z,XRPUSDT,buy,5000000,30.001,38010231,28398163
2026-08-12T01:00:00.000Z,XRPUSDT,sell,10000,0.488,38010231,28398163
2026-08-12T01:00:00.000Z,XRPUSDT,sell,100000,0.488,38010231,28398163
2026-08-12T01:00:00.000Z,XRPUSDT,sell,1000000,3.533,38010231,28398163
2026-08-12T01:00:00.000Z,XRPUSDT,sell,5000000,24.204,38010231,28398163
2026-08-12T02:00:00.000Z,ADAUSDT,buy,10000,2.66,14492522,10389147
2026-08-12T02:00:00.000Z,ADAUSDT,buy,100000,6.498,14492522,10389147
2026-08-12T02:00:00.000Z,ADAUSDT,buy,1000000,33.209,14492522,10389147
2026-08-12T02:00:00.000Z,ADAUSDT,buy,5000000,118.738,14492522,10389147
2026-08-12T02:00:00.000Z,ADAUSDT,sell,10000,2.66,14492522,10389147
2026-08-12T02:00:00.000Z,ADAUSDT,sell,100000,6.251,14492522,10389147
2026-08-12T02:00:00.000Z,ADAUSDT,sell,1000000,29.797,14492522,10389147
2026-08-12T02:00:00.000Z,ADAUSDT,sell,5000000,105.563,14492522,10389147
2026-08-12T02:00:00.000Z,BNBUSDT,buy,10000,0.387,10096802,9535714
2026-08-12T02:00:00.000Z,BNBUSDT,buy,100000,1.294,10096802,9535714
2026-08-12T02:00:00.000Z,BNBUSDT,buy,1000000,7.629,10096802,9535714
2026-08-12T02:00:00.000Z,BNBUSDT,buy,5000000,35.997,10096802,9535714
2026-08-12T02:00:00.000Z,BNBUSDT,sell,10000,0.081,10096802,9535714
2026-08-12T02:00:00.000Z,BNBUSDT,sell,100000,0.832,10096802,9535714
2026-08-12T02:00:00.000Z,BNBUSDT,sell,1000000,8.005,10096802,9535714
2026-08-12T02:00:00.000Z,BNBUSDT,sell,5000000,36.038,10096802,9535714
2026-08-12T02:00:00.000Z,BTCUSDT,buy,10000,0.008,46216965,37407534
2026-08-12T02:00:00.000Z,BTCUSDT,buy,100000,0.229,46216965,37407534
2026-08-12T02:00:00.000Z,BTCUSDT,buy,1000000,0.867,46216965,37407534
2026-08-12T02:00:00.000Z,BTCUSDT,buy,5000000,2.681,46216965,37407534
2026-08-12T02:00:00.000Z,BTCUSDT,sell,10000,0.008,46216965,37407534
2026-08-12T02:00:00.000Z,BTCUSDT,sell,100000,0.008,46216965,37407534
2026-08-12T02:00:00.000Z,BTCUSDT,sell,1000000,0.038,46216965,37407534
2026-08-12T02:00:00.000Z,BTCUSDT,sell,5000000,1.191,46216965,37407534
2026-08-12T02:00:00.000Z,DOGEUSDT,buy,10000,0.694,50817893,28876074
2026-08-12T02:00:00.000Z,DOGEUSDT,buy,100000,2.115,50817893,28876074
2026-08-12T02:00:00.000Z,DOGEUSDT,buy,1000000,8.847,50817893,28876074
2026-08-12T02:00:00.000Z,DOGEUSDT,buy,5000000,53.081,50817893,28876074
2026-08-12T02:00:00.000Z,DOGEUSDT,sell,10000,0.694,50817893,28876074
2026-08-12T02:00:00.000Z,DOGEUSDT,sell,100000,1.308,50817893,28876074
2026-08-12T02:00:00.000Z,DOGEUSDT,sell,1000000,9.46,50817893,28876074
2026-08-12T02:00:00.000Z,DOGEUSDT,sell,5000000,44.397,50817893,28876074
2026-08-12T02:00:00.000Z,ETHUSDT,buy,10000,0.027,64319503,69851948
2026-08-12T02:00:00.000Z,ETHUSDT,buy,100000,0.183,64319503,69851948
2026-08-12T02:00:00.000Z,ETHUSDT,buy,1000000,1.566,64319503,69851948
2026-08-12T02:00:00.000Z,ETHUSDT,buy,5000000,4.817,64319503,69851948
2026-08-12T02:00:00.000Z,ETHUSDT,sell,10000,0.027,64319503,69851948
2026-08-12T02:00:00.000Z,ETHUSDT,sell,100000,0.027,64319503,69851948
2026-08-12T02:00:00.000Z,ETHUSDT,sell,1000000,0.666,64319503,69851948
2026-08-12T02:00:00.000Z,ETHUSDT,sell,5000000,3.209,64319503,69851948
2026-08-12T02:00:00.000Z,LINKUSDT,buy,10000,1.225,8562878,6136281
2026-08-12T02:00:00.000Z,LINKUSDT,buy,100000,4.829,8562878,6136281
2026-08-12T02:00:00.000Z,LINKUSDT,buy,1000000,33.812,8562878,6136281
2026-08-12T02:00:00.000Z,LINKUSDT,buy,5000000,145.153,8562878,6136281
2026-08-12T02:00:00.000Z,LINKUSDT,sell,10000,0.57,8562878,6136281
2026-08-12T02:00:00.000Z,LINKUSDT,sell,100000,3.274,8562878,6136281
2026-08-12T02:00:00.000Z,LINKUSDT,sell,1000000,26.869,8562878,6136281
2026-08-12T02:00:00.000Z,LINKUSDT,sell,5000000,119.061,8562878,6136281
2026-08-12T02:00:00.000Z,SOLUSDT,buy,10000,0.653,91645926,75197057
2026-08-12T02:00:00.000Z,SOLUSDT,buy,100000,0.653,91645926,75197057
2026-08-12T02:00:00.000Z,SOLUSDT,buy,1000000,2.841,91645926,75197057
2026-08-12T02:00:00.000Z,SOLUSDT,buy,5000000,12.491,91645926,75197057
2026-08-12T02:00:00.000Z,SOLUSDT,sell,10000,0.653,91645926,75197057
2026-08-12T02:00:00.000Z,SOLUSDT,sell,100000,0.653,91645926,75197057
2026-08-12T02:00:00.000Z,SOLUSDT,sell,1000000,1.187,91645926,75197057
2026-08-12T02:00:00.000Z,SOLUSDT,sell,5000000,8.042,91645926,75197057
2026-08-12T02:00:00.000Z,XRPUSDT,buy,10000,0.49,35115961,30133142
2026-08-12T02:00:00.000Z,XRPUSDT,buy,100000,1.402,35115961,30133142
2026-08-12T02:00:00.000Z,XRPUSDT,buy,1000000,5.395,35115961,30133142
2026-08-12T02:00:00.000Z,XRPUSDT,buy,5000000,30.372,35115961,30133142
2026-08-12T02:00:00.000Z,XRPUSDT,sell,10000,0.49,35115961,30133142
2026-08-12T02:00:00.000Z,XRPUSDT,sell,100000,0.49,35115961,30133142
2026-08-12T02:00:00.000Z,XRPUSDT,sell,1000000,4.888,35115961,30133142
2026-08-12T02:00:00.000Z,XRPUSDT,sell,5000000,24.864,35115961,30133142
2026-08-12T03:00:00.000Z,ADAUSDT,buy,10000,2.667,13748986,10275699
2026-08-12T03:00:00.000Z,ADAUSDT,buy,100000,6.447,13748986,10275699
2026-08-12T03:00:00.000Z,ADAUSDT,buy,1000000,29.685,13748986,10275699
2026-08-12T03:00:00.000Z,ADAUSDT,buy,5000000,122.682,13748986,10275699
2026-08-12T03:00:00.000Z,ADAUSDT,sell,10000,2.667,13748986,10275699
2026-08-12T03:00:00.000Z,ADAUSDT,sell,100000,4.128,13748986,10275699
2026-08-12T03:00:00.000Z,ADAUSDT,sell,1000000,28.565,13748986,10275699
2026-08-12T03:00:00.000Z,ADAUSDT,sell,5000000,99.471,13748986,10275699
2026-08-12T03:00:00.000Z,BNBUSDT,buy,10000,0.486,10476824,9097563
2026-08-12T03:00:00.000Z,BNBUSDT,buy,100000,1.924,10476824,9097563
2026-08-12T03:00:00.000Z,BNBUSDT,buy,1000000,9.779,10476824,9097563
2026-08-12T03:00:00.000Z,BNBUSDT,buy,5000000,41.032,10476824,9097563
2026-08-12T03:00:00.000Z,BNBUSDT,sell,10000,0.081,10476824,9097563
2026-08-12T03:00:00.000Z,BNBUSDT,sell,100000,1.02,10476824,9097563
2026-08-12T03:00:00.000Z,BNBUSDT,sell,1000000,9.481,10476824,9097563
2026-08-12T03:00:00.000Z,BNBUSDT,sell,5000000,37.28,10476824,9097563
2026-08-12T03:00:00.000Z,BTCUSDT,buy,10000,0.008,43330460,44820891
2026-08-12T03:00:00.000Z,BTCUSDT,buy,100000,0.008,43330460,44820891
2026-08-12T03:00:00.000Z,BTCUSDT,buy,1000000,0.086,43330460,44820891
2026-08-12T03:00:00.000Z,BTCUSDT,buy,5000000,1.685,43330460,44820891
2026-08-12T03:00:00.000Z,BTCUSDT,sell,10000,0.008,43330460,44820891
2026-08-12T03:00:00.000Z,BTCUSDT,sell,100000,0.008,43330460,44820891
2026-08-12T03:00:00.000Z,BTCUSDT,sell,1000000,0.214,43330460,44820891
2026-08-12T03:00:00.000Z,BTCUSDT,sell,5000000,1.644,43330460,44820891
2026-08-12T03:00:00.000Z,DOGEUSDT,buy,10000,0.692,49452551,28365470
2026-08-12T03:00:00.000Z,DOGEUSDT,buy,100000,1.874,49452551,28365470
2026-08-12T03:00:00.000Z,DOGEUSDT,buy,1000000,13.086,49452551,28365470
2026-08-12T03:00:00.000Z,DOGEUSDT,buy,5000000,53.882,49452551,28365470
2026-08-12T03:00:00.000Z,DOGEUSDT,sell,10000,0.692,49452551,28365470
2026-08-12T03:00:00.000Z,DOGEUSDT,sell,100000,1.562,49452551,28365470
2026-08-12T03:00:00.000Z,DOGEUSDT,sell,1000000,8.206,49452551,28365470
2026-08-12T03:00:00.000Z,DOGEUSDT,sell,5000000,46.366,49452551,28365470
2026-08-12T03:00:00.000Z,ETHUSDT,buy,10000,0.027,59323362,77114091
2026-08-12T03:00:00.000Z,ETHUSDT,buy,100000,0.027,59323362,77114091
2026-08-12T03:00:00.000Z,ETHUSDT,buy,1000000,1.158,59323362,77114091
2026-08-12T03:00:00.000Z,ETHUSDT,buy,5000000,4.422,59323362,77114091
2026-08-12T03:00:00.000Z,ETHUSDT,sell,10000,0.027,59323362,77114091
2026-08-12T03:00:00.000Z,ETHUSDT,sell,100000,0.027,59323362,77114091
2026-08-12T03:00:00.000Z,ETHUSDT,sell,1000000,0.803,59323362,77114091
2026-08-12T03:00:00.000Z,ETHUSDT,sell,5000000,3.234,59323362,77114091
2026-08-12T03:00:00.000Z,LINKUSDT,buy,10000,0.573,8601286,6536754
2026-08-12T03:00:00.000Z,LINKUSDT,buy,100000,2.732,8601286,6536754
2026-08-12T03:00:00.000Z,LINKUSDT,buy,1000000,25.031,8601286,6536754
2026-08-12T03:00:00.000Z,LINKUSDT,buy,5000000,134.811,8601286,6536754
2026-08-12T03:00:00.000Z,LINKUSDT,sell,10000,0.573,8601286,6536754
2026-08-12T03:00:00.000Z,LINKUSDT,sell,100000,1.569,8601286,6536754
2026-08-12T03:00:00.000Z,LINKUSDT,sell,1000000,20.053,8601286,6536754
2026-08-12T03:00:00.000Z,LINKUSDT,sell,5000000,105.301,8601286,6536754
2026-08-12T03:00:00.000Z,SOLUSDT,buy,10000,0.655,89688729,77996453
2026-08-12T03:00:00.000Z,SOLUSDT,buy,100000,0.655,89688729,77996453
2026-08-12T03:00:00.000Z,SOLUSDT,buy,1000000,2.885,89688729,77996453
2026-08-12T03:00:00.000Z,SOLUSDT,buy,5000000,10.365,89688729,77996453
2026-08-12T03:00:00.000Z,SOLUSDT,sell,10000,0.655,89688729,77996453
2026-08-12T03:00:00.000Z,SOLUSDT,sell,100000,0.655,89688729,77996453
2026-08-12T03:00:00.000Z,SOLUSDT,sell,1000000,2.209,89688729,77996453
2026-08-12T03:00:00.000Z,SOLUSDT,sell,5000000,11.55,89688729,77996453
2026-08-12T03:00:00.000Z,XRPUSDT,buy,10000,0.49,34212917,30242092
2026-08-12T03:00:00.000Z,XRPUSDT,buy,100000,1.488,34212917,30242092
2026-08-12T03:00:00.000Z,XRPUSDT,buy,1000000,5.465,34212917,30242092
2026-08-12T03:00:00.000Z,XRPUSDT,buy,5000000,29.545,34212917,30242092
2026-08-12T03:00:00.000Z,XRPUSDT,sell,10000,0.49,34212917,30242092
2026-08-12T03:00:00.000Z,XRPUSDT,sell,100000,0.908,34212917,30242092
2026-08-12T03:00:00.000Z,XRPUSDT,sell,1000000,5.144,34212917,30242092
2026-08-12T03:00:00.000Z,XRPUSDT,sell,5000000,26.04,34212917,30242092
2026-08-12T04:00:00.000Z,ADAUSDT,buy,10000,2.667,14236291,10387700
2026-08-12T04:00:00.000Z,ADAUSDT,buy,100000,5.318,14236291,10387700
2026-08-12T04:00:00.000Z,ADAUSDT,buy,1000000,32.706,14236291,10387700
2026-08-12T04:00:00.000Z,ADAUSDT,buy,5000000,118.521,14236291,10387700
2026-08-12T04:00:00.000Z,ADAUSDT,sell,10000,2.667,14236291,10387700
2026-08-12T04:00:00.000Z,ADAUSDT,sell,100000,6.756,14236291,10387700
2026-08-12T04:00:00.000Z,ADAUSDT,sell,1000000,31.24,14236291,10387700
2026-08-12T04:00:00.000Z,ADAUSDT,sell,5000000,103.646,14236291,10387700
2026-08-12T04:00:00.000Z,BNBUSDT,buy,10000,0.081,9889183,10195770
2026-08-12T04:00:00.000Z,BNBUSDT,buy,100000,0.668,9889183,10195770
2026-08-12T04:00:00.000Z,BNBUSDT,buy,1000000,9.102,9889183,10195770
2026-08-12T04:00:00.000Z,BNBUSDT,buy,5000000,35.233,9889183,10195770
2026-08-12T04:00:00.000Z,BNBUSDT,sell,10000,0.452,9889183,10195770
2026-08-12T04:00:00.000Z,BNBUSDT,sell,100000,1.912,9889183,10195770
2026-08-12T04:00:00.000Z,BNBUSDT,sell,1000000,8.731,9889183,10195770
2026-08-12T04:00:00.000Z,BNBUSDT,sell,5000000,36.4,9889183,10195770
2026-08-12T04:00:00.000Z,BTCUSDT,buy,10000,0.008,37407046,53193399
2026-08-12T04:00:00.000Z,BTCUSDT,buy,100000,0.008,37407046,53193399
2026-08-12T04:00:00.000Z,BTCUSDT,buy,1000000,0.118,37407046,53193399
2026-08-12T04:00:00.000Z,BTCUSDT,buy,5000000,1.035,37407046,53193399
2026-08-12T04:00:00.000Z,BTCUSDT,sell,10000,0.008,37407046,53193399
2026-08-12T04:00:00.000Z,BTCUSDT,sell,100000,0.008,37407046,53193399
2026-08-12T04:00:00.000Z,BTCUSDT,sell,1000000,0.223,37407046,53193399
2026-08-12T04:00:00.000Z,BTCUSDT,sell,5000000,2.424,37407046,53193399
2026-08-12T04:00:00.000Z,DOGEUSDT,buy,10000,0.694,50781700,28338739
2026-08-12T04:00:00.000Z,DOGEUSDT,buy,100000,1.421,50781700,28338739
2026-08-12T04:00:00.000Z,DOGEUSDT,buy,1000000,9.923,50781700,28338739
2026-08-12T04:00:00.000Z,DOGEUSDT,buy,5000000,53.494,50781700,28338739
2026-08-12T04:00:00.000Z,DOGEUSDT,sell,10000,0.694,50781700,28338739
2026-08-12T04:00:00.000Z,DOGEUSDT,sell,100000,1.679,50781700,28338739
2026-08-12T04:00:00.000Z,DOGEUSDT,sell,1000000,12.272,50781700,28338739
2026-08-12T04:00:00.000Z,DOGEUSDT,sell,5000000,47.184,50781700,28338739
2026-08-12T04:00:00.000Z,ETHUSDT,buy,10000,0.026,65885507,91644070
2026-08-12T04:00:00.000Z,ETHUSDT,buy,100000,0.066,65885507,91644070
2026-08-12T04:00:00.000Z,ETHUSDT,buy,1000000,1.344,65885507,91644070
2026-08-12T04:00:00.000Z,ETHUSDT,buy,5000000,4.084,65885507,91644070
2026-08-12T04:00:00.000Z,ETHUSDT,sell,10000,0.026,65885507,91644070
2026-08-12T04:00:00.000Z,ETHUSDT,sell,100000,0.026,65885507,91644070
2026-08-12T04:00:00.000Z,ETHUSDT,sell,1000000,0.649,65885507,91644070
2026-08-12T04:00:00.000Z,ETHUSDT,sell,5000000,2.947,65885507,91644070
2026-08-12T04:00:00.000Z,LINKUSDT,buy,10000,0.573,8382118,6325478
2026-08-12T04:00:00.000Z,LINKUSDT,buy,100000,2.066,8382118,6325478
2026-08-12T04:00:00.000Z,LINKUSDT,buy,1000000,25.072,8382118,6325478
2026-08-12T04:00:00.000Z,LINKUSDT,buy,5000000,134.412,8382118,6325478
2026-08-12T04:00:00.000Z,LINKUSDT,sell,10000,1.506,8382118,6325478
2026-08-12T04:00:00.000Z,LINKUSDT,sell,100000,3.845,8382118,6325478
2026-08-12T04:00:00.000Z,LINKUSDT,sell,1000000,27.135,8382118,6325478
2026-08-12T04:00:00.000Z,LINKUSDT,sell,5000000,119.729,8382118,6325478
2026-08-12T04:00:00.000Z,SOLUSDT,buy,10000,0.655,91331759,80115585
2026-08-12T04:00:00.000Z,SOLUSDT,buy,100000,0.655,91331759,80115585
2026-08-12T04:00:00.000Z,SOLUSDT,buy,1000000,2.39,91331759,80115585
2026-08-12T04:00:00.000Z,SOLUSDT,buy,5000000,6.294,91331759,80115585
2026-08-12T04:00:00.000Z,SOLUSDT,sell,10000,0.655,91331759,80115585
2026-08-12T04:00:00.000Z,SOLUSDT,sell,100000,0.655,91331759,80115585
2026-08-12T04:00:00.000Z,SOLUSDT,sell,1000000,2.029,91331759,80115585
2026-08-12T04:00:00.000Z,SOLUSDT,sell,5000000,10.22,91331759,80115585
2026-08-12T04:00:00.000Z,XRPUSDT,buy,10000,0.49,34725017,30392836
2026-08-12T04:00:00.000Z,XRPUSDT,buy,100000,0.49,34725017,30392836
2026-08-12T04:00:00.000Z,XRPUSDT,buy,1000000,5.554,34725017,30392836
2026-08-12T04:00:00.000Z,XRPUSDT,buy,5000000,27.089,34725017,30392836
2026-08-12T04:00:00.000Z,XRPUSDT,sell,10000,0.49,34725017,30392836
2026-08-12T04:00:00.000Z,XRPUSDT,sell,100000,0.971,34725017,30392836
2026-08-12T04:00:00.000Z,XRPUSDT,sell,1000000,4.423,34725017,30392836
2026-08-12T04:00:00.000Z,XRPUSDT,sell,5000000,25.106,34725017,30392836
2026-08-12T05:00:00.000Z,ADAUSDT,buy,10000,2.679,13776696,10583022
2026-08-12T05:00:00.000Z,ADAUSDT,buy,100000,5.035,13776696,10583022
2026-08-12T05:00:00.000Z,ADAUSDT,buy,1000000,35.917,13776696,10583022
2026-08-12T05:00:00.000Z,ADAUSDT,buy,5000000,127.933,13776696,10583022
2026-08-12T05:00:00.000Z,ADAUSDT,sell,10000,2.679,13776696,10583022
2026-08-12T05:00:00.000Z,ADAUSDT,sell,100000,8.184,13776696,10583022
2026-08-12T05:00:00.000Z,ADAUSDT,sell,1000000,34.333,13776696,10583022
2026-08-12T05:00:00.000Z,ADAUSDT,sell,5000000,97.44,13776696,10583022
2026-08-12T05:00:00.000Z,BNBUSDT,buy,10000,0.095,12499425,10281776
2026-08-12T05:00:00.000Z,BNBUSDT,buy,100000,1.402,12499425,10281776
2026-08-12T05:00:00.000Z,BNBUSDT,buy,1000000,8.905,12499425,10281776
2026-08-12T05:00:00.000Z,BNBUSDT,buy,5000000,40.629,12499425,10281776
2026-08-12T05:00:00.000Z,BNBUSDT,sell,10000,0.082,12499425,10281776
2026-08-12T05:00:00.000Z,BNBUSDT,sell,100000,1.362,12499425,10281776
2026-08-12T05:00:00.000Z,BNBUSDT,sell,1000000,2.547,12499425,10281776
2026-08-12T05:00:00.000Z,BNBUSDT,sell,5000000,28.063,12499425,10281776
2026-08-12T05:00:00.000Z,BTCUSDT,buy,10000,0.008,41345053,51162518
2026-08-12T05:00:00.000Z,BTCUSDT,buy,100000,0.008,41345053,51162518
2026-08-12T05:00:00.000Z,BTCUSDT,buy,1000000,0.008,41345053,51162518
2026-08-12T05:00:00.000Z,BTCUSDT,buy,5000000,1.877,41345053,51162518
2026-08-12T05:00:00.000Z,BTCUSDT,sell,10000,0.008,41345053,51162518
2026-08-12T05:00:00.000Z,BTCUSDT,sell,100000,0.008,41345053,51162518
2026-08-12T05:00:00.000Z,BTCUSDT,sell,1000000,0.053,41345053,51162518
2026-08-12T05:00:00.000Z,BTCUSDT,sell,5000000,1.629,41345053,51162518
2026-08-12T05:00:00.000Z,DOGEUSDT,buy,10000,0.693,50011969,28717999
2026-08-12T05:00:00.000Z,DOGEUSDT,buy,100000,0.88,50011969,28717999
2026-08-12T05:00:00.000Z,DOGEUSDT,buy,1000000,8.181,50011969,28717999
2026-08-12T05:00:00.000Z,DOGEUSDT,buy,5000000,50.15,50011969,28717999
2026-08-12T05:00:00.000Z,DOGEUSDT,sell,10000,1.257,50011969,28717999
2026-08-12T05:00:00.000Z,DOGEUSDT,sell,100000,3.221,50011969,28717999
2026-08-12T05:00:00.000Z,DOGEUSDT,sell,1000000,15.4,50011969,28717999
2026-08-12T05:00:00.000Z,DOGEUSDT,sell,5000000,50.447,50011969,28717999
2026-08-12T05:00:00.000Z,ETHUSDT,buy,10000,0.026,66264979,92001510
2026-08-12T05:00:00.000Z,ETHUSDT,buy,100000,0.026,66264979,92001510
2026-08-12T05:00:00.000Z,ETHUSDT,buy,1000000,0.794,66264979,92001510
2026-08-12T05:00:00.000Z,ETHUSDT,buy,5000000,3.773,66264979,92001510
2026-08-12T05:00:00.000Z,ETHUSDT,sell,10000,0.026,66264979,92001510
2026-08-12T05:00:00.000Z,ETHUSDT,sell,100000,0.104,66264979,92001510
2026-08-12T05:00:00.000Z,ETHUSDT,sell,1000000,1.294,66264979,92001510
2026-08-12T05:00:00.000Z,ETHUSDT,sell,5000000,3.922,66264979,92001510
2026-08-12T05:00:00.000Z,LINKUSDT,buy,10000,0.574,8412825,6586579
2026-08-12T05:00:00.000Z,LINKUSDT,buy,100000,2.635,8412825,6586579
2026-08-12T05:00:00.000Z,LINKUSDT,buy,1000000,25.532,8412825,6586579
2026-08-12T05:00:00.000Z,LINKUSDT,buy,5000000,135.376,8412825,6586579
2026-08-12T05:00:00.000Z,LINKUSDT,sell,10000,1.517,8412825,6586579
2026-08-12T05:00:00.000Z,LINKUSDT,sell,100000,2.261,8412825,6586579
2026-08-12T05:00:00.000Z,LINKUSDT,sell,1000000,24.385,8412825,6586579
2026-08-12T05:00:00.000Z,LINKUSDT,sell,5000000,111.562,8412825,6586579
2026-08-12T05:00:00.000Z,SOLUSDT,buy,10000,0.656,89975137,80312968
2026-08-12T05:00:00.000Z,SOLUSDT,buy,100000,0.656,89975137,80312968
2026-08-12T05:00:00.000Z,SOLUSDT,buy,1000000,1.508,89975137,80312968
2026-08-12T05:00:00.000Z,SOLUSDT,buy,5000000,8.355,89975137,80312968
2026-08-12T05:00:00.000Z,SOLUSDT,sell,10000,0.656,89975137,80312968
2026-08-12T05:00:00.000Z,SOLUSDT,sell,100000,1.492,89975137,80312968
2026-08-12T05:00:00.000Z,SOLUSDT,sell,1000000,3.59,89975137,80312968
2026-08-12T05:00:00.000Z,SOLUSDT,sell,5000000,11.956,89975137,80312968
2026-08-12T05:00:00.000Z,XRPUSDT,buy,10000,0.489,33988932,30058090
2026-08-12T05:00:00.000Z,XRPUSDT,buy,100000,0.525,33988932,30058090
2026-08-12T05:00:00.000Z,XRPUSDT,buy,1000000,4.89,33988932,30058090
2026-08-12T05:00:00.000Z,XRPUSDT,buy,5000000,29.775,33988932,30058090
2026-08-12T05:00:00.000Z,XRPUSDT,sell,10000,0.489,33988932,30058090
2026-08-12T05:00:00.000Z,XRPUSDT,sell,100000,1.546,33988932,30058090
2026-08-12T05:00:00.000Z,XRPUSDT,sell,1000000,5.538,33988932,30058090
2026-08-12T05:00:00.000Z,XRPUSDT,sell,5000000,27.438,33988932,30058090
2026-08-12T06:00:00.000Z,ADAUSDT,buy,10000,2.693,13876987,11063164
2026-08-12T06:00:00.000Z,ADAUSDT,buy,100000,4.206,13876987,11063164
2026-08-12T06:00:00.000Z,ADAUSDT,buy,1000000,27.332,13876987,11063164
2026-08-12T06:00:00.000Z,ADAUSDT,buy,5000000,116.195,13876987,11063164
2026-08-12T06:00:00.000Z,ADAUSDT,sell,10000,2.693,13876987,11063164
2026-08-12T06:00:00.000Z,ADAUSDT,sell,100000,5.567,13876987,11063164
2026-08-12T06:00:00.000Z,ADAUSDT,sell,1000000,29.157,13876987,11063164
2026-08-12T06:00:00.000Z,ADAUSDT,sell,5000000,97.316,13876987,11063164
2026-08-12T06:00:00.000Z,BNBUSDT,buy,10000,0.462,15442241,9171876
2026-08-12T06:00:00.000Z,BNBUSDT,buy,100000,1.564,15442241,9171876
2026-08-12T06:00:00.000Z,BNBUSDT,buy,1000000,9.177,15442241,9171876
2026-08-12T06:00:00.000Z,BNBUSDT,buy,5000000,54.685,15442241,9171876
2026-08-12T06:00:00.000Z,BNBUSDT,sell,10000,0.082,15442241,9171876
2026-08-12T06:00:00.000Z,BNBUSDT,sell,100000,1.326,15442241,9171876
2026-08-12T06:00:00.000Z,BNBUSDT,sell,1000000,7.153,15442241,9171876
2026-08-12T06:00:00.000Z,BNBUSDT,sell,5000000,10.92,15442241,9171876
2026-08-12T06:00:00.000Z,BTCUSDT,buy,10000,0.008,64396126,42720943
2026-08-12T06:00:00.000Z,BTCUSDT,buy,100000,0.008,64396126,42720943
2026-08-12T06:00:00.000Z,BTCUSDT,buy,1000000,0.679,64396126,42720943
2026-08-12T06:00:00.000Z,BTCUSDT,buy,5000000,2.682,64396126,42720943
2026-08-12T06:00:00.000Z,BTCUSDT,sell,10000,0.008,64396126,42720943
2026-08-12T06:00:00.000Z,BTCUSDT,sell,100000,0.008,64396126,42720943
2026-08-12T06:00:00.000Z,BTCUSDT,sell,1000000,0.008,64396126,42720943
2026-08-12T06:00:00.000Z,BTCUSDT,sell,5000000,0.008,64396126,42720943
2026-08-12T06:00:00.000Z,DOGEUSDT,buy,10000,0.698,46758992,28699029
2026-08-12T06:00:00.000Z,DOGEUSDT,buy,100000,2.737,46758992,28699029
2026-08-12T06:00:00.000Z,DOGEUSDT,buy,1000000,11.663,46758992,28699029
2026-08-12T06:00:00.000Z,DOGEUSDT,buy,5000000,54.276,46758992,28699029
2026-08-12T06:00:00.000Z,DOGEUSDT,sell,10000,0.698,46758992,28699029
2026-08-12T06:00:00.000Z,DOGEUSDT,sell,100000,0.698,46758992,28699029
2026-08-12T06:00:00.000Z,DOGEUSDT,sell,1000000,6.724,46758992,28699029
2026-08-12T06:00:00.000Z,DOGEUSDT,sell,5000000,43.89,46758992,28699029
2026-08-12T06:00:00.000Z,ETHUSDT,buy,10000,0.027,71595909,70403200
2026-08-12T06:00:00.000Z,ETHUSDT,buy,100000,0.027,71595909,70403200
2026-08-12T06:00:00.000Z,ETHUSDT,buy,1000000,0.027,71595909,70403200
2026-08-12T06:00:00.000Z,ETHUSDT,buy,5000000,2.72,71595909,70403200
2026-08-12T06:00:00.000Z,ETHUSDT,sell,10000,0.027,71595909,70403200
2026-08-12T06:00:00.000Z,ETHUSDT,sell,100000,0.027,71595909,70403200
2026-08-12T06:00:00.000Z,ETHUSDT,sell,1000000,0.667,71595909,70403200
2026-08-12T06:00:00.000Z,ETHUSDT,sell,5000000,3.452,71595909,70403200
2026-08-12T06:00:00.000Z,LINKUSDT,buy,10000,1.333,8805779,6786133
2026-08-12T06:00:00.000Z,LINKUSDT,buy,100000,4.616,8805779,6786133
2026-08-12T06:00:00.000Z,LINKUSDT,buy,1000000,27.663,8805779,6786133
2026-08-12T06:00:00.000Z,LINKUSDT,buy,5000000,122.46,8805779,6786133
2026-08-12T06:00:00.000Z,LINKUSDT,sell,10000,0.573,8805779,6786133
2026-08-12T06:00:00.000Z,LINKUSDT,sell,100000,2.431,8805779,6786133
2026-08-12T06:00:00.000Z,LINKUSDT,sell,1000000,24.998,8805779,6786133
2026-08-12T06:00:00.000Z,LINKUSDT,sell,5000000,113.996,8805779,6786133
2026-08-12T06:00:00.000Z,SOLUSDT,buy,10000,0.658,91095728,76599115
2026-08-12T06:00:00.000Z,SOLUSDT,buy,100000,1.119,91095728,76599115
2026-08-12T06:00:00.000Z,SOLUSDT,buy,1000000,3.101,91095728,76599115
2026-08-12T06:00:00.000Z,SOLUSDT,buy,5000000,11.216,91095728,76599115
2026-08-12T06:00:00.000Z,SOLUSDT,sell,10000,0.658,91095728,76599115
2026-08-12T06:00:00.000Z,SOLUSDT,sell,100000,0.658,91095728,76599115
2026-08-12T06:00:00.000Z,SOLUSDT,sell,1000000,0.975,91095728,76599115
2026-08-12T06:00:00.000Z,SOLUSDT,sell,5000000,3.933,91095728,76599115
2026-08-12T06:00:00.000Z,XRPUSDT,buy,10000,0.49,34543891,30367291
2026-08-12T06:00:00.000Z,XRPUSDT,buy,100000,1.242,34543891,30367291
2026-08-12T06:00:00.000Z,XRPUSDT,buy,1000000,7.076,34543891,30367291
2026-08-12T06:00:00.000Z,XRPUSDT,buy,5000000,27.615,34543891,30367291
2026-08-12T06:00:00.000Z,XRPUSDT,sell,10000,0.49,34543891,30367291
2026-08-12T06:00:00.000Z,XRPUSDT,sell,100000,0.49,34543891,30367291
2026-08-12T06:00:00.000Z,XRPUSDT,sell,1000000,3.851,34543891,30367291
2026-08-12T06:00:00.000Z,XRPUSDT,sell,5000000,27.276,34543891,30367291
2026-08-12T07:00:00.000Z,ADAUSDT,buy,10000,2.701,13836203,11112048
2026-08-12T07:00:00.000Z,ADAUSDT,buy,100000,5.476,13836203,11112048
2026-08-12T07:00:00.000Z,ADAUSDT,buy,1000000,27.328,13836203,11112048
2026-08-12T07:00:00.000Z,ADAUSDT,buy,5000000,111.024,13836203,11112048
2026-08-12T07:00:00.000Z,ADAUSDT,sell,10000,2.701,13836203,11112048
2026-08-12T07:00:00.000Z,ADAUSDT,sell,100000,7.38,13836203,11112048
2026-08-12T07:00:00.000Z,ADAUSDT,sell,1000000,28.524,13836203,11112048
2026-08-12T07:00:00.000Z,ADAUSDT,sell,5000000,98.655,13836203,11112048
2026-08-12T07:00:00.000Z,BNBUSDT,buy,10000,0.082,16812495,10390705
2026-08-12T07:00:00.000Z,BNBUSDT,buy,100000,1.312,16812495,10390705
2026-08-12T07:00:00.000Z,BNBUSDT,buy,1000000,10.085,16812495,10390705
2026-08-12T07:00:00.000Z,BNBUSDT,buy,5000000,41.232,16812495,10390705
2026-08-12T07:00:00.000Z,BNBUSDT,sell,10000,0.131,16812495,10390705
2026-08-12T07:00:00.000Z,BNBUSDT,sell,100000,1.274,16812495,10390705
2026-08-12T07:00:00.000Z,BNBUSDT,sell,1000000,7.947,16812495,10390705
2026-08-12T07:00:00.000Z,BNBUSDT,sell,5000000,13.335,16812495,10390705
2026-08-12T07:00:00.000Z,BTCUSDT,buy,10000,0.008,52177581,44266304
2026-08-12T07:00:00.000Z,BTCUSDT,buy,100000,0.008,52177581,44266304
2026-08-12T07:00:00.000Z,BTCUSDT,buy,1000000,0.215,52177581,44266304
2026-08-12T07:00:00.000Z,BTCUSDT,buy,5000000,1.586,52177581,44266304
2026-08-12T07:00:00.000Z,BTCUSDT,sell,10000,0.008,52177581,44266304
2026-08-12T07:00:00.000Z,BTCUSDT,sell,100000,0.008,52177581,44266304
2026-08-12T07:00:00.000Z,BTCUSDT,sell,1000000,0.196,52177581,44266304
2026-08-12T07:00:00.000Z,BTCUSDT,sell,5000000,1.29,52177581,44266304
2026-08-12T07:00:00.000Z,DOGEUSDT,buy,10000,0.699,46260149,32721155
2026-08-12T07:00:00.000Z,DOGEUSDT,buy,100000,1.515,46260149,32721155
2026-08-12T07:00:00.000Z,DOGEUSDT,buy,1000000,12.029,46260149,32721155
2026-08-12T07:00:00.000Z,DOGEUSDT,buy,5000000,60.538,46260149,32721155
2026-08-12T07:00:00.000Z,DOGEUSDT,sell,10000,0.699,46260149,32721155
2026-08-12T07:00:00.000Z,DOGEUSDT,sell,100000,1.175,46260149,32721155
2026-08-12T07:00:00.000Z,DOGEUSDT,sell,1000000,7.846,46260149,32721155
2026-08-12T07:00:00.000Z,DOGEUSDT,sell,5000000,45.108,46260149,32721155
2026-08-12T07:00:00.000Z,ETHUSDT,buy,10000,0.026,82783963,83356726
2026-08-12T07:00:00.000Z,ETHUSDT,buy,100000,0.026,82783963,83356726
2026-08-12T07:00:00.000Z,ETHUSDT,buy,1000000,0.499,82783963,83356726
2026-08-12T07:00:00.000Z,ETHUSDT,buy,5000000,2.572,82783963,83356726
2026-08-12T07:00:00.000Z,ETHUSDT,sell,10000,0.026,82783963,83356726
2026-08-12T07:00:00.000Z,ETHUSDT,sell,100000,0.026,82783963,83356726
2026-08-12T07:00:00.000Z,ETHUSDT,sell,1000000,0.732,82783963,83356726
2026-08-12T07:00:00.000Z,ETHUSDT,sell,5000000,3.243,82783963,83356726
2026-08-12T07:00:00.000Z,LINKUSDT,buy,10000,1.65,8406886,6754704
2026-08-12T07:00:00.000Z,LINKUSDT,buy,100000,5.009,8406886,6754704
2026-08-12T07:00:00.000Z,LINKUSDT,buy,1000000,21.908,8406886,6754704
2026-08-12T07:00:00.000Z,LINKUSDT,buy,5000000,121.014,8406886,6754704
2026-08-12T07:00:00.000Z,LINKUSDT,sell,10000,0.572,8406886,6754704
2026-08-12T07:00:00.000Z,LINKUSDT,sell,100000,2.396,8406886,6754704
2026-08-12T07:00:00.000Z,LINKUSDT,sell,1000000,26.665,8406886,6754704
2026-08-12T07:00:00.000Z,LINKUSDT,sell,5000000,121.067,8406886,6754704
2026-08-12T07:00:00.000Z,SOLUSDT,buy,10000,0.658,89926043,76122573
2026-08-12T07:00:00.000Z,SOLUSDT,buy,100000,0.658,89926043,76122573
2026-08-12T07:00:00.000Z,SOLUSDT,buy,1000000,2.348,89926043,76122573
2026-08-12T07:00:00.000Z,SOLUSDT,buy,5000000,12.786,89926043,76122573
2026-08-12T07:00:00.000Z,SOLUSDT,sell,10000,0.658,89926043,76122573
2026-08-12T07:00:00.000Z,SOLUSDT,sell,100000,0.658,89926043,76122573
2026-08-12T07:00:00.000Z,SOLUSDT,sell,1000000,2.293,89926043,76122573
2026-08-12T07:00:00.000Z,SOLUSDT,sell,5000000,7.163,89926043,76122573
2026-08-12T07:00:00.000Z,XRPUSDT,buy,10000,0.491,33959049,30637900
2026-08-12T07:00:00.000Z,XRPUSDT,buy,100000,1.782,33959049,30637900
2026-08-12T07:00:00.000Z,XRPUSDT,buy,1000000,6.733,33959049,30637900
2026-08-12T07:00:00.000Z,XRPUSDT,buy,5000000,26.834,33959049,30637900
2026-08-12T07:00:00.000Z,XRPUSDT,sell,10000,0.491,33959049,30637900
2026-08-12T07:00:00.000Z,XRPUSDT,sell,100000,0.738,33959049,30637900
2026-08-12T07:00:00.000Z,XRPUSDT,sell,1000000,4.432,33959049,30637900
2026-08-12T07:00:00.000Z,XRPUSDT,sell,5000000,28.75,33959049,30637900
2026-08-12T08:00:00.000Z,ADAUSDT,buy,10000,2.696,13759136,11089636
2026-08-12T08:00:00.000Z,ADAUSDT,buy,100000,5.947,13759136,11089636
2026-08-12T08:00:00.000Z,ADAUSDT,buy,1000000,31.145,13759136,11089636
2026-08-12T08:00:00.000Z,ADAUSDT,buy,5000000,110.403,13759136,11089636
2026-08-12T08:00:00.000Z,ADAUSDT,sell,10000,2.696,13759136,11089636
2026-08-12T08:00:00.000Z,ADAUSDT,sell,100000,7.664,13759136,11089636
2026-08-12T08:00:00.000Z,ADAUSDT,sell,1000000,34.031,13759136,11089636
2026-08-12T08:00:00.000Z,ADAUSDT,sell,5000000,104.523,13759136,11089636
2026-08-12T08:00:00.000Z,BNBUSDT,buy,10000,0.082,15252585,9708093
2026-08-12T08:00:00.000Z,BNBUSDT,buy,100000,1.577,15252585,9708093
2026-08-12T08:00:00.000Z,BNBUSDT,buy,1000000,9.558,15252585,9708093
2026-08-12T08:00:00.000Z,BNBUSDT,buy,5000000,43.907,15252585,9708093
2026-08-12T08:00:00.000Z,BNBUSDT,sell,10000,0.142,15252585,9708093
2026-08-12T08:00:00.000Z,BNBUSDT,sell,100000,1.669,15252585,9708093
2026-08-12T08:00:00.000Z,BNBUSDT,sell,1000000,8.046,15252585,9708093
2026-08-12T08:00:00.000Z,BNBUSDT,sell,5000000,29.461,15252585,9708093
2026-08-12T08:00:00.000Z,BTCUSDT,buy,10000,0.008,41733417,58637131
2026-08-12T08:00:00.000Z,BTCUSDT,buy,100000,0.008,41733417,58637131
2026-08-12T08:00:00.000Z,BTCUSDT,buy,1000000,0.11,41733417,58637131
2026-08-12T08:00:00.000Z,BTCUSDT,buy,5000000,1.542,41733417,58637131
2026-08-12T08:00:00.000Z,BTCUSDT,sell,10000,0.008,41733417,58637131
2026-08-12T08:00:00.000Z,BTCUSDT,sell,100000,0.008,41733417,58637131
2026-08-12T08:00:00.000Z,BTCUSDT,sell,1000000,0.554,41733417,58637131
2026-08-12T08:00:00.000Z,BTCUSDT,sell,5000000,2.039,41733417,58637131
2026-08-12T08:00:00.000Z,DOGEUSDT,buy,10000,0.698,49059290,33212162
2026-08-12T08:00:00.000Z,DOGEUSDT,buy,100000,1.13,49059290,33212162
2026-08-12T08:00:00.000Z,DOGEUSDT,buy,1000000,9.11,49059290,33212162
2026-08-12T08:00:00.000Z,DOGEUSDT,buy,5000000,53.329,49059290,33212162
2026-08-12T08:00:00.000Z,DOGEUSDT,sell,10000,0.698,49059290,33212162
2026-08-12T08:00:00.000Z,DOGEUSDT,sell,100000,2.349,49059290,33212162
2026-08-12T08:00:00.000Z,DOGEUSDT,sell,1000000,5.288,49059290,33212162
2026-08-12T08:00:00.000Z,DOGEUSDT,sell,5000000,19.007,49059290,33212162
2026-08-12T08:00:00.000Z,ETHUSDT,buy,10000,0.026,81589030,73904617
2026-08-12T08:00:00.000Z,ETHUSDT,buy,100000,0.026,81589030,73904617
2026-08-12T08:00:00.000Z,ETHUSDT,buy,1000000,0.53,81589030,73904617
2026-08-12T08:00:00.000Z,ETHUSDT,buy,5000000,3.259,81589030,73904617
2026-08-12T08:00:00.000Z,ETHUSDT,sell,10000,0.026,81589030,73904617
2026-08-12T08:00:00.000Z,ETHUSDT,sell,100000,0.026,81589030,73904617
2026-08-12T08:00:00.000Z,ETHUSDT,sell,1000000,0.772,81589030,73904617
2026-08-12T08:00:00.000Z,ETHUSDT,sell,5000000,2.822,81589030,73904617
2026-08-12T08:00:00.000Z,LINKUSDT,buy,10000,0.571,8406764,7195919
2026-08-12T08:00:00.000Z,LINKUSDT,buy,100000,2.717,8406764,7195919
2026-08-12T08:00:00.000Z,LINKUSDT,buy,1000000,26.679,8406764,7195919
2026-08-12T08:00:00.000Z,LINKUSDT,buy,5000000,121.223,8406764,7195919
2026-08-12T08:00:00.000Z,LINKUSDT,sell,10000,1.432,8406764,7195919
2026-08-12T08:00:00.000Z,LINKUSDT,sell,100000,3.598,8406764,7195919
2026-08-12T08:00:00.000Z,LINKUSDT,sell,1000000,24.236,8406764,7195919
2026-08-12T08:00:00.000Z,LINKUSDT,sell,5000000,117.223,8406764,7195919
2026-08-12T08:00:00.000Z,SOLUSDT,buy,10000,0.656,88891660,77541871
2026-08-12T08:00:00.000Z,SOLUSDT,buy,100000,0.656,88891660,77541871
2026-08-12T08:00:00.000Z,SOLUSDT,buy,1000000,1.22,88891660,77541871
2026-08-12T08:00:00.000Z,SOLUSDT,buy,5000000,6.478,88891660,77541871
2026-08-12T08:00:00.000Z,SOLUSDT,sell,10000,0.656,88891660,77541871
2026-08-12T08:00:00.000Z,SOLUSDT,sell,100000,0.968,88891660,77541871
2026-08-12T08:00:00.000Z,SOLUSDT,sell,1000000,3.681,88891660,77541871
2026-08-12T08:00:00.000Z,SOLUSDT,sell,5000000,11.4,88891660,77541871
2026-08-12T08:00:00.000Z,XRPUSDT,buy,10000,0.491,33744672,31444576
2026-08-12T08:00:00.000Z,XRPUSDT,buy,100000,0.864,33744672,31444576
2026-08-12T08:00:00.000Z,XRPUSDT,buy,1000000,4.063,33744672,31444576
2026-08-12T08:00:00.000Z,XRPUSDT,buy,5000000,24.526,33744672,31444576
2026-08-12T08:00:00.000Z,XRPUSDT,sell,10000,0.491,33744672,31444576
2026-08-12T08:00:00.000Z,XRPUSDT,sell,100000,1.071,33744672,31444576
2026-08-12T08:00:00.000Z,XRPUSDT,sell,1000000,5.231,33744672,31444576
2026-08-12T08:00:00.000Z,XRPUSDT,sell,5000000,26.427,33744672,31444576
2026-08-12T09:00:00.000Z,ADAUSDT,buy,10000,2.673,14470076,10700448
2026-08-12T09:00:00.000Z,ADAUSDT,buy,100000,4.152,14470076,10700448
2026-08-12T09:00:00.000Z,ADAUSDT,buy,1000000,30.131,14470076,10700448
2026-08-12T09:00:00.000Z,ADAUSDT,buy,5000000,108.021,14470076,10700448
2026-08-12T09:00:00.000Z,ADAUSDT,sell,10000,2.87,14470076,10700448
2026-08-12T09:00:00.000Z,ADAUSDT,sell,100000,7.505,14470076,10700448
2026-08-12T09:00:00.000Z,ADAUSDT,sell,1000000,27.788,14470076,10700448
2026-08-12T09:00:00.000Z,ADAUSDT,sell,5000000,104.251,14470076,10700448
2026-08-12T09:00:00.000Z,BNBUSDT,buy,10000,0.245,11053235,10698882
2026-08-12T09:00:00.000Z,BNBUSDT,buy,100000,1.814,11053235,10698882
2026-08-12T09:00:00.000Z,BNBUSDT,buy,1000000,8.396,11053235,10698882
2026-08-12T09:00:00.000Z,BNBUSDT,buy,5000000,36.328,11053235,10698882
2026-08-12T09:00:00.000Z,BNBUSDT,sell,10000,0.518,11053235,10698882
2026-08-12T09:00:00.000Z,BNBUSDT,sell,100000,1.547,11053235,10698882
2026-08-12T09:00:00.000Z,BNBUSDT,sell,1000000,8.191,11053235,10698882
2026-08-12T09:00:00.000Z,BNBUSDT,sell,5000000,40.262,11053235,10698882
2026-08-12T09:00:00.000Z,BTCUSDT,buy,10000,0.008,39613304,51020952
2026-08-12T09:00:00.000Z,BTCUSDT,buy,100000,0.008,39613304,51020952
2026-08-12T09:00:00.000Z,BTCUSDT,buy,1000000,0.474,39613304,51020952
2026-08-12T09:00:00.000Z,BTCUSDT,buy,5000000,1.665,39613304,51020952
2026-08-12T09:00:00.000Z,BTCUSDT,sell,10000,0.008,39613304,51020952
2026-08-12T09:00:00.000Z,BTCUSDT,sell,100000,0.008,39613304,51020952
2026-08-12T09:00:00.000Z,BTCUSDT,sell,1000000,0.011,39613304,51020952
2026-08-12T09:00:00.000Z,BTCUSDT,sell,5000000,1.22,39613304,51020952
2026-08-12T09:00:00.000Z,DOGEUSDT,buy,10000,0.695,45120147,32457443
2026-08-12T09:00:00.000Z,DOGEUSDT,buy,100000,1.919,45120147,32457443
2026-08-12T09:00:00.000Z,DOGEUSDT,buy,1000000,13.511,45120147,32457443
2026-08-12T09:00:00.000Z,DOGEUSDT,buy,5000000,58.145,45120147,32457443
2026-08-12T09:00:00.000Z,DOGEUSDT,sell,10000,0.695,45120147,32457443
2026-08-12T09:00:00.000Z,DOGEUSDT,sell,100000,2.004,45120147,32457443
2026-08-12T09:00:00.000Z,DOGEUSDT,sell,1000000,8.421,45120147,32457443
2026-08-12T09:00:00.000Z,DOGEUSDT,sell,5000000,46.704,45120147,32457443
2026-08-12T09:00:00.000Z,ETHUSDT,buy,10000,0.026,66060414,68150799
2026-08-12T09:00:00.000Z,ETHUSDT,buy,100000,0.026,66060414,68150799
2026-08-12T09:00:00.000Z,ETHUSDT,buy,1000000,0.404,66060414,68150799
2026-08-12T09:00:00.000Z,ETHUSDT,buy,5000000,3.258,66060414,68150799
2026-08-12T09:00:00.000Z,ETHUSDT,sell,10000,0.026,66060414,68150799
2026-08-12T09:00:00.000Z,ETHUSDT,sell,100000,0.026,66060414,68150799
2026-08-12T09:00:00.000Z,ETHUSDT,sell,1000000,1.349,66060414,68150799
2026-08-12T09:00:00.000Z,ETHUSDT,sell,5000000,3.836,66060414,68150799
2026-08-12T09:00:00.000Z,LINKUSDT,buy,10000,0.569,8574792,7283389
2026-08-12T09:00:00.000Z,LINKUSDT,buy,100000,2.795,8574792,7283389
2026-08-12T09:00:00.000Z,LINKUSDT,buy,1000000,22.537,8574792,7283389
2026-08-12T09:00:00.000Z,LINKUSDT,buy,5000000,106.656,8574792,7283389
2026-08-12T09:00:00.000Z,LINKUSDT,sell,10000,0.569,8574792,7283389
2026-08-12T09:00:00.000Z,LINKUSDT,sell,100000,1.79,8574792,7283389
2026-08-12T09:00:00.000Z,LINKUSDT,sell,1000000,21.794,8574792,7283389
2026-08-12T09:00:00.000Z,LINKUSDT,sell,5000000,114.956,8574792,7283389
2026-08-12T09:00:00.000Z,SOLUSDT,buy,10000,0.652,86983286,73214132
2026-08-12T09:00:00.000Z,SOLUSDT,buy,100000,0.652,86983286,73214132
2026-08-12T09:00:00.000Z,SOLUSDT,buy,1000000,1.442,86983286,73214132
2026-08-12T09:00:00.000Z,SOLUSDT,buy,5000000,8.658,86983286,73214132
2026-08-12T09:00:00.000Z,SOLUSDT,sell,10000,0.652,86983286,73214132
2026-08-12T09:00:00.000Z,SOLUSDT,sell,100000,1.061,86983286,73214132
2026-08-12T09:00:00.000Z,SOLUSDT,sell,1000000,2.609,86983286,73214132
2026-08-12T09:00:00.000Z,SOLUSDT,sell,5000000,8.926,86983286,73214132
2026-08-12T09:00:00.000Z,XRPUSDT,buy,10000,0.488,35139618,29281373
2026-08-12T09:00:00.000Z,XRPUSDT,buy,100000,0.884,35139618,29281373
2026-08-12T09:00:00.000Z,XRPUSDT,buy,1000000,6.093,35139618,29281373
2026-08-12T09:00:00.000Z,XRPUSDT,buy,5000000,26.766,35139618,29281373
2026-08-12T09:00:00.000Z,XRPUSDT,sell,10000,0.68,35139618,29281373
2026-08-12T09:00:00.000Z,XRPUSDT,sell,100000,1.386,35139618,29281373
2026-08-12T09:00:00.000Z,XRPUSDT,sell,1000000,3.944,35139618,29281373
2026-08-12T09:00:00.000Z,XRPUSDT,sell,5000000,25.898,35139618,29281373
2026-08-12T10:00:00.000Z,ADAUSDT,buy,10000,2.676,13715774,12319196
2026-08-12T10:00:00.000Z,ADAUSDT,buy,100000,2.676,13715774,12319196
2026-08-12T10:00:00.000Z,ADAUSDT,buy,1000000,28.421,13715774,12319196
2026-08-12T10:00:00.000Z,ADAUSDT,buy,5000000,118.838,13715774,12319196
2026-08-12T10:00:00.000Z,ADAUSDT,sell,10000,2.676,13715774,12319196
2026-08-12T10:00:00.000Z,ADAUSDT,sell,100000,7.313,13715774,12319196
2026-08-12T10:00:00.000Z,ADAUSDT,sell,1000000,28.822,13715774,12319196
2026-08-12T10:00:00.000Z,ADAUSDT,sell,5000000,103.785,13715774,12319196
2026-08-12T10:00:00.000Z,BNBUSDT,buy,10000,0.362,11223857,11449685
2026-08-12T10:00:00.000Z,BNBUSDT,buy,100000,2.212,11223857,11449685
2026-08-12T10:00:00.000Z,BNBUSDT,buy,1000000,9.546,11223857,11449685
2026-08-12T10:00:00.000Z,BNBUSDT,buy,5000000,35.526,11223857,11449685
2026-08-12T10:00:00.000Z,BNBUSDT,sell,10000,0.081,11223857,11449685
2026-08-12T10:00:00.000Z,BNBUSDT,sell,100000,0.694,11223857,11449685
2026-08-12T10:00:00.000Z,BNBUSDT,sell,1000000,6.821,11223857,11449685
2026-08-12T10:00:00.000Z,BNBUSDT,sell,5000000,38.65,11223857,11449685
2026-08-12T10:00:00.000Z,BTCUSDT,buy,10000,0.008,41903969,42930351
2026-08-12T10:00:00.000Z,BTCUSDT,buy,100000,0.044,41903969,42930351
2026-08-12T10:00:00.000Z,BTCUSDT,buy,1000000,0.852,41903969,42930351
2026-08-12T10:00:00.000Z,BTCUSDT,buy,5000000,2.345,41903969,42930351
2026-08-12T10:00:00.000Z,BTCUSDT,sell,10000,0.008,41903969,42930351
2026-08-12T10:00:00.000Z,BTCUSDT,sell,100000,0.008,41903969,42930351
2026-08-12T10:00:00.000Z,BTCUSDT,sell,1000000,0.009,41903969,42930351
2026-08-12T10:00:00.000Z,BTCUSDT,sell,5000000,1.239,41903969,42930351
2026-08-12T10:00:00.000Z,DOGEUSDT,buy,10000,0.703,44394766,36885261
2026-08-12T10:00:00.000Z,DOGEUSDT,buy,100000,2.671,44394766,36885261
2026-08-12T10:00:00.000Z,DOGEUSDT,buy,1000000,12.345,44394766,36885261
2026-08-12T10:00:00.000Z,DOGEUSDT,buy,5000000,63.236,44394766,36885261
2026-08-12T10:00:00.000Z,DOGEUSDT,sell,10000,0.696,44394766,36885261
2026-08-12T10:00:00.000Z,DOGEUSDT,sell,100000,1.298,44394766,36885261
2026-08-12T10:00:00.000Z,DOGEUSDT,sell,1000000,9.096,44394766,36885261
2026-08-12T10:00:00.000Z,DOGEUSDT,sell,5000000,50.366,44394766,36885261
2026-08-12T10:00:00.000Z,ETHUSDT,buy,10000,0.026,80701537,70890004
2026-08-12T10:00:00.000Z,ETHUSDT,buy,100000,0.026,80701537,70890004
2026-08-12T10:00:00.000Z,ETHUSDT,buy,1000000,1.156,80701537,70890004
2026-08-12T10:00:00.000Z,ETHUSDT,buy,5000000,3.246,80701537,70890004
2026-08-12T10:00:00.000Z,ETHUSDT,sell,10000,0.026,80701537,70890004
2026-08-12T10:00:00.000Z,ETHUSDT,sell,100000,0.026,80701537,70890004
2026-08-12T10:00:00.000Z,ETHUSDT,sell,1000000,0.562,80701537,70890004
2026-08-12T10:00:00.000Z,ETHUSDT,sell,5000000,3.045,80701537,70890004
2026-08-12T10:00:00.000Z,LINKUSDT,buy,10000,1.472,8867686,8588006
2026-08-12T10:00:00.000Z,LINKUSDT,buy,100000,3.944,8867686,8588006
2026-08-12T10:00:00.000Z,LINKUSDT,buy,1000000,28.726,8867686,8588006
2026-08-12T10:00:00.000Z,LINKUSDT,buy,5000000,118.522,8867686,8588006
2026-08-12T10:00:00.000Z,LINKUSDT,sell,10000,0.565,8867686,8588006
2026-08-12T10:00:00.000Z,LINKUSDT,sell,100000,2.711,8867686,8588006
2026-08-12T10:00:00.000Z,LINKUSDT,sell,1000000,26.03,8867686,8588006
2026-08-12T10:00:00.000Z,LINKUSDT,sell,5000000,117.061,8867686,8588006
2026-08-12T10:00:00.000Z,SOLUSDT,buy,10000,0.652,90122862,77518288
2026-08-12T10:00:00.000Z,SOLUSDT,buy,100000,0.652,90122862,77518288
2026-08-12T10:00:00.000Z,SOLUSDT,buy,1000000,3.062,90122862,77518288
2026-08-12T10:00:00.000Z,SOLUSDT,buy,5000000,11.58,90122862,77518288
2026-08-12T10:00:00.000Z,SOLUSDT,sell,10000,0.652,90122862,77518288
2026-08-12T10:00:00.000Z,SOLUSDT,sell,100000,0.652,90122862,77518288
2026-08-12T10:00:00.000Z,SOLUSDT,sell,1000000,1.89,90122862,77518288
2026-08-12T10:00:00.000Z,SOLUSDT,sell,5000000,10.339,90122862,77518288
2026-08-12T10:00:00.000Z,XRPUSDT,buy,10000,0.49,34738602,31782452
2026-08-12T10:00:00.000Z,XRPUSDT,buy,100000,1.047,34738602,31782452
2026-08-12T10:00:00.000Z,XRPUSDT,buy,1000000,6.397,34738602,31782452
2026-08-12T10:00:00.000Z,XRPUSDT,buy,5000000,29.123,34738602,31782452
2026-08-12T10:00:00.000Z,XRPUSDT,sell,10000,0.49,34738602,31782452
2026-08-12T10:00:00.000Z,XRPUSDT,sell,100000,0.973,34738602,31782452
2026-08-12T10:00:00.000Z,XRPUSDT,sell,1000000,5.618,34738602,31782452
2026-08-12T10:00:00.000Z,XRPUSDT,sell,5000000,27.652,34738602,31782452
2026-08-12T11:00:00.000Z,ADAUSDT,buy,10000,2.692,13636693,10888977
2026-08-12T11:00:00.000Z,ADAUSDT,buy,100000,6.139,13636693,10888977
2026-08-12T11:00:00.000Z,ADAUSDT,buy,1000000,32.667,13636693,10888977
2026-08-12T11:00:00.000Z,ADAUSDT,buy,5000000,120.819,13636693,10888977
2026-08-12T11:00:00.000Z,ADAUSDT,sell,10000,2.692,13636693,10888977
2026-08-12T11:00:00.000Z,ADAUSDT,sell,100000,7.077,13636693,10888977
2026-08-12T11:00:00.000Z,ADAUSDT,sell,1000000,30.4,13636693,10888977
2026-08-12T11:00:00.000Z,ADAUSDT,sell,5000000,98.548,13636693,10888977
2026-08-12T11:00:00.000Z,BNBUSDT,buy,10000,0.081,11103126,11441554
2026-08-12T11:00:00.000Z,BNBUSDT,buy,100000,0.588,11103126,11441554
2026-08-12T11:00:00.000Z,BNBUSDT,buy,1000000,7.502,11103126,11441554
2026-08-12T11:00:00.000Z,BNBUSDT,buy,5000000,33.975,11103126,11441554
2026-08-12T11:00:00.000Z,BNBUSDT,sell,10000,0.081,11103126,11441554
2026-08-12T11:00:00.000Z,BNBUSDT,sell,100000,0.867,11103126,11441554
2026-08-12T11:00:00.000Z,BNBUSDT,sell,1000000,7.409,11103126,11441554
2026-08-12T11:00:00.000Z,BNBUSDT,sell,5000000,39.519,11103126,11441554
2026-08-12T11:00:00.000Z,BTCUSDT,buy,10000,0.008,45110224,50234696
2026-08-12T11:00:00.000Z,BTCUSDT,buy,100000,0.027,45110224,50234696
2026-08-12T11:00:00.000Z,BTCUSDT,buy,1000000,0.786,45110224,50234696
2026-08-12T11:00:00.000Z,BTCUSDT,buy,5000000,2.159,45110224,50234696
2026-08-12T11:00:00.000Z,BTCUSDT,sell,10000,0.008,45110224,50234696
2026-08-12T11:00:00.000Z,BTCUSDT,sell,100000,0.008,45110224,50234696
2026-08-12T11:00:00.000Z,BTCUSDT,sell,1000000,0.105,45110224,50234696
2026-08-12T11:00:00.000Z,BTCUSDT,sell,5000000,1.104,45110224,50234696
2026-08-12T11:00:00.000Z,DOGEUSDT,buy,10000,0.695,44156972,32540731
2026-08-12T11:00:00.000Z,DOGEUSDT,buy,100000,2.217,44156972,32540731
2026-08-12T11:00:00.000Z,DOGEUSDT,buy,1000000,12.774,44156972,32540731
2026-08-12T11:00:00.000Z,DOGEUSDT,buy,5000000,53.778,44156972,32540731
2026-08-12T11:00:00.000Z,DOGEUSDT,sell,10000,0.695,44156972,32540731
2026-08-12T11:00:00.000Z,DOGEUSDT,sell,100000,0.695,44156972,32540731
2026-08-12T11:00:00.000Z,DOGEUSDT,sell,1000000,9.461,44156972,32540731
2026-08-12T11:00:00.000Z,DOGEUSDT,sell,5000000,52.026,44156972,32540731
2026-08-12T11:00:00.000Z,ETHUSDT,buy,10000,0.026,73364341,88774340
2026-08-12T11:00:00.000Z,ETHUSDT,buy,100000,0.026,73364341,88774340
2026-08-12T11:00:00.000Z,ETHUSDT,buy,1000000,0.559,73364341,88774340
2026-08-12T11:00:00.000Z,ETHUSDT,buy,5000000,2.651,73364341,88774340
2026-08-12T11:00:00.000Z,ETHUSDT,sell,10000,0.026,73364341,88774340
2026-08-12T11:00:00.000Z,ETHUSDT,sell,100000,0.026,73364341,88774340
2026-08-12T11:00:00.000Z,ETHUSDT,sell,1000000,0.815,73364341,88774340
2026-08-12T11:00:00.000Z,ETHUSDT,sell,5000000,2.639,73364341,88774340
2026-08-12T11:00:00.000Z,LINKUSDT,buy,10000,0.564,9242390,6729361
2026-08-12T11:00:00.000Z,LINKUSDT,buy,100000,3.181,9242390,6729361
2026-08-12T11:00:00.000Z,LINKUSDT,buy,1000000,19.793,9242390,6729361
2026-08-12T11:00:00.000Z,LINKUSDT,buy,5000000,121.385,9242390,6729361
2026-08-12T11:00:00.000Z,LINKUSDT,sell,10000,1.618,9242390,6729361
2026-08-12T11:00:00.000Z,LINKUSDT,sell,100000,4.049,9242390,6729361
2026-08-12T11:00:00.000Z,LINKUSDT,sell,1000000,24.845,9242390,6729361
2026-08-12T11:00:00.000Z,LINKUSDT,sell,5000000,120.556,9242390,6729361
2026-08-12T11:00:00.000Z,SOLUSDT,buy,10000,0.652,91307353,68277829
2026-08-12T11:00:00.000Z,SOLUSDT,buy,100000,0.652,91307353,68277829
2026-08-12T11:00:00.000Z,SOLUSDT,buy,1000000,2.341,91307353,68277829
2026-08-12T11:00:00.000Z,SOLUSDT,buy,5000000,11.415,91307353,68277829
2026-08-12T11:00:00.000Z,SOLUSDT,sell,10000,0.652,91307353,68277829
2026-08-12T11:00:00.000Z,SOLUSDT,sell,100000,0.652,91307353,68277829
2026-08-12T11:00:00.000Z,SOLUSDT,sell,1000000,2.363,91307353,68277829
2026-08-12T11:00:00.000Z,SOLUSDT,sell,5000000,10.451,91307353,68277829
2026-08-12T11:00:00.000Z,XRPUSDT,buy,10000,0.49,34267114,28990776
2026-08-12T11:00:00.000Z,XRPUSDT,buy,100000,1.983,34267114,28990776
2026-08-12T11:00:00.000Z,XRPUSDT,buy,1000000,5.837,34267114,28990776
2026-08-12T11:00:00.000Z,XRPUSDT,buy,5000000,27.123,34267114,28990776
2026-08-12T11:00:00.000Z,XRPUSDT,sell,10000,0.49,34267114,28990776
2026-08-12T11:00:00.000Z,XRPUSDT,sell,100000,0.49,34267114,28990776
2026-08-12T11:00:00.000Z,XRPUSDT,sell,1000000,3.644,34267114,28990776
2026-08-12T11:00:00.000Z,XRPUSDT,sell,5000000,25.7,34267114,28990776
2026-08-12T12:00:00.000Z,ADAUSDT,buy,10000,2.723,13530438,11330120
2026-08-12T12:00:00.000Z,ADAUSDT,buy,100000,7.286,13530438,11330120
2026-08-12T12:00:00.000Z,ADAUSDT,buy,1000000,31.746,13530438,11330120
2026-08-12T12:00:00.000Z,ADAUSDT,buy,5000000,113.18,13530438,11330120
2026-08-12T12:00:00.000Z,ADAUSDT,sell,10000,2.723,13530438,11330120
2026-08-12T12:00:00.000Z,ADAUSDT,sell,100000,6.307,13530438,11330120
2026-08-12T12:00:00.000Z,ADAUSDT,sell,1000000,28.823,13530438,11330120
2026-08-12T12:00:00.000Z,ADAUSDT,sell,5000000,109.252,13530438,11330120
2026-08-12T12:00:00.000Z,BNBUSDT,buy,10000,0.346,14532915,10560558
2026-08-12T12:00:00.000Z,BNBUSDT,buy,100000,1.296,14532915,10560558
2026-08-12T12:00:00.000Z,BNBUSDT,buy,1000000,8.186,14532915,10560558
2026-08-12T12:00:00.000Z,BNBUSDT,buy,5000000,38.123,14532915,10560558
2026-08-12T12:00:00.000Z,BNBUSDT,sell,10000,0.104,14532915,10560558
2026-08-12T12:00:00.000Z,BNBUSDT,sell,100000,1.586,14532915,10560558
2026-08-12T12:00:00.000Z,BNBUSDT,sell,1000000,11.352,14532915,10560558
2026-08-12T12:00:00.000Z,BNBUSDT,sell,5000000,38.968,14532915,10560558
2026-08-12T12:00:00.000Z,BTCUSDT,buy,10000,0.008,40177247,72577254
2026-08-12T12:00:00.000Z,BTCUSDT,buy,100000,0.008,40177247,72577254
2026-08-12T12:00:00.000Z,BTCUSDT,buy,1000000,0.243,40177247,72577254
2026-08-12T12:00:00.000Z,BTCUSDT,buy,5000000,1.869,40177247,72577254
2026-08-12T12:00:00.000Z,BTCUSDT,sell,10000,0.008,40177247,72577254
2026-08-12T12:00:00.000Z,BTCUSDT,sell,100000,0.008,40177247,72577254
2026-08-12T12:00:00.000Z,BTCUSDT,sell,1000000,0.008,40177247,72577254
2026-08-12T12:00:00.000Z,BTCUSDT,sell,5000000,1.121,40177247,72577254
2026-08-12T12:00:00.000Z,DOGEUSDT,buy,10000,0.699,47898162,35736275
2026-08-12T12:00:00.000Z,DOGEUSDT,buy,100000,1.11,47898162,35736275
2026-08-12T12:00:00.000Z,DOGEUSDT,buy,1000000,6.909,47898162,35736275
2026-08-12T12:00:00.000Z,DOGEUSDT,buy,5000000,25.4,47898162,35736275
2026-08-12T12:00:00.000Z,DOGEUSDT,sell,10000,0.699,47898162,35736275
2026-08-12T12:00:00.000Z,DOGEUSDT,sell,100000,1.581,47898162,35736275
2026-08-12T12:00:00.000Z,DOGEUSDT,sell,1000000,8.403,47898162,35736275
2026-08-12T12:00:00.000Z,DOGEUSDT,sell,5000000,39.162,47898162,35736275
2026-08-12T12:00:00.000Z,ETHUSDT,buy,10000,0.026,69991680,78847849
2026-08-12T12:00:00.000Z,ETHUSDT,buy,100000,0.026,69991680,78847849
2026-08-12T12:00:00.000Z,ETHUSDT,buy,1000000,0.026,69991680,78847849
2026-08-12T12:00:00.000Z,ETHUSDT,buy,5000000,2.583,69991680,78847849
2026-08-12T12:00:00.000Z,ETHUSDT,sell,10000,0.026,69991680,78847849
2026-08-12T12:00:00.000Z,ETHUSDT,sell,100000,0.026,69991680,78847849
2026-08-12T12:00:00.000Z,ETHUSDT,sell,1000000,0.68,69991680,78847849
2026-08-12T12:00:00.000Z,ETHUSDT,sell,5000000,3.485,69991680,78847849
2026-08-12T12:00:00.000Z,LINKUSDT,buy,10000,0.567,9410528,6917171
2026-08-12T12:00:00.000Z,LINKUSDT,buy,100000,2.871,9410528,6917171
2026-08-12T12:00:00.000Z,LINKUSDT,buy,1000000,24.165,9410528,6917171
2026-08-12T12:00:00.000Z,LINKUSDT,buy,5000000,128.972,9410528,6917171
2026-08-12T12:00:00.000Z,LINKUSDT,sell,10000,0.952,9410528,6917171
2026-08-12T12:00:00.000Z,LINKUSDT,sell,100000,3.964,9410528,6917171
2026-08-12T12:00:00.000Z,LINKUSDT,sell,1000000,27.827,9410528,6917171
2026-08-12T12:00:00.000Z,LINKUSDT,sell,5000000,116.787,9410528,6917171
2026-08-12T12:00:00.000Z,SOLUSDT,buy,10000,0.654,86844831,67941763
2026-08-12T12:00:00.000Z,SOLUSDT,buy,100000,0.654,86844831,67941763
2026-08-12T12:00:00.000Z,SOLUSDT,buy,1000000,2.3,86844831,67941763
2026-08-12T12:00:00.000Z,SOLUSDT,buy,5000000,9.743,86844831,67941763
2026-08-12T12:00:00.000Z,SOLUSDT,sell,10000,0.654,86844831,67941763
2026-08-12T12:00:00.000Z,SOLUSDT,sell,100000,0.654,86844831,67941763
2026-08-12T12:00:00.000Z,SOLUSDT,sell,1000000,1.762,86844831,67941763
2026-08-12T12:00:00.000Z,SOLUSDT,sell,5000000,10.519,86844831,67941763
2026-08-12T12:00:00.000Z,XRPUSDT,buy,10000,0.492,33823509,29395045
2026-08-12T12:00:00.000Z,XRPUSDT,buy,100000,1.612,33823509,29395045
2026-08-12T12:00:00.000Z,XRPUSDT,buy,1000000,5.407,33823509,29395045
2026-08-12T12:00:00.000Z,XRPUSDT,buy,5000000,28.174,33823509,29395045
2026-08-12T12:00:00.000Z,XRPUSDT,sell,10000,0.492,33823509,29395045
2026-08-12T12:00:00.000Z,XRPUSDT,sell,100000,0.561,33823509,29395045
2026-08-12T12:00:00.000Z,XRPUSDT,sell,1000000,5.471,33823509,29395045
2026-08-12T12:00:00.000Z,XRPUSDT,sell,5000000,23.207,33823509,29395045
2026-08-12T13:00:00.000Z,ADAUSDT,buy,10000,2.726,13302673,11150016
2026-08-12T13:00:00.000Z,ADAUSDT,buy,100000,7.428,13302673,11150016
2026-08-12T13:00:00.000Z,ADAUSDT,buy,1000000,31.408,13302673,11150016
2026-08-12T13:00:00.000Z,ADAUSDT,buy,5000000,112.871,13302673,11150016
2026-08-12T13:00:00.000Z,ADAUSDT,sell,10000,2.726,13302673,11150016
2026-08-12T13:00:00.000Z,ADAUSDT,sell,100000,5.541,13302673,11150016
2026-08-12T13:00:00.000Z,ADAUSDT,sell,1000000,26.841,13302673,11150016
2026-08-12T13:00:00.000Z,ADAUSDT,sell,5000000,99.039,13302673,11150016
2026-08-12T13:00:00.000Z,BNBUSDT,buy,10000,0.767,11823815,8989629
2026-08-12T13:00:00.000Z,BNBUSDT,buy,100000,2.776,11823815,8989629
2026-08-12T13:00:00.000Z,BNBUSDT,buy,1000000,11.001,11823815,8989629
2026-08-12T13:00:00.000Z,BNBUSDT,buy,5000000,39.388,11823815,8989629
2026-08-12T13:00:00.000Z,BNBUSDT,sell,10000,0.082,11823815,8989629
2026-08-12T13:00:00.000Z,BNBUSDT,sell,100000,1.081,11823815,8989629
2026-08-12T13:00:00.000Z,BNBUSDT,sell,1000000,9.126,11823815,8989629
2026-08-12T13:00:00.000Z,BNBUSDT,sell,5000000,39.02,11823815,8989629
2026-08-12T13:00:00.000Z,BTCUSDT,buy,10000,0.008,42092332,37329172
2026-08-12T13:00:00.000Z,BTCUSDT,buy,100000,0.008,42092332,37329172
2026-08-12T13:00:00.000Z,BTCUSDT,buy,1000000,0.911,42092332,37329172
2026-08-12T13:00:00.000Z,BTCUSDT,buy,5000000,2.683,42092332,37329172
2026-08-12T13:00:00.000Z,BTCUSDT,sell,10000,0.008,42092332,37329172
2026-08-12T13:00:00.000Z,BTCUSDT,sell,100000,0.008,42092332,37329172
2026-08-12T13:00:00.000Z,BTCUSDT,sell,1000000,0.008,42092332,37329172
2026-08-12T13:00:00.000Z,BTCUSDT,sell,5000000,1.347,42092332,37329172
2026-08-12T13:00:00.000Z,DOGEUSDT,buy,10000,0.708,37336556,37224171
2026-08-12T13:00:00.000Z,DOGEUSDT,buy,100000,1.625,37336556,37224171
2026-08-12T13:00:00.000Z,DOGEUSDT,buy,1000000,8.194,37336556,37224171
2026-08-12T13:00:00.000Z,DOGEUSDT,buy,5000000,43.622,37336556,37224171
2026-08-12T13:00:00.000Z,DOGEUSDT,sell,10000,0.708,37336556,37224171
2026-08-12T13:00:00.000Z,DOGEUSDT,sell,100000,1.801,37336556,37224171
2026-08-12T13:00:00.000Z,DOGEUSDT,sell,1000000,11.714,37336556,37224171
2026-08-12T13:00:00.000Z,DOGEUSDT,sell,5000000,41.61,37336556,37224171
2026-08-12T13:00:00.000Z,ETHUSDT,buy,10000,0.026,62494725,62148697
2026-08-12T13:00:00.000Z,ETHUSDT,buy,100000,0.026,62494725,62148697
2026-08-12T13:00:00.000Z,ETHUSDT,buy,1000000,0.744,62494725,62148697
2026-08-12T13:00:00.000Z,ETHUSDT,buy,5000000,4.004,62494725,62148697
2026-08-12T13:00:00.000Z,ETHUSDT,sell,10000,0.026,62494725,62148697
2026-08-12T13:00:00.000Z,ETHUSDT,sell,100000,0.026,62494725,62148697
2026-08-12T13:00:00.000Z,ETHUSDT,sell,1000000,0.807,62494725,62148697
2026-08-12T13:00:00.000Z,ETHUSDT,sell,5000000,3.715,62494725,62148697
2026-08-12T13:00:00.000Z,LINKUSDT,buy,10000,1.679,9646109,6820378
2026-08-12T13:00:00.000Z,LINKUSDT,buy,100000,4.774,9646109,6820378
2026-08-12T13:00:00.000Z,LINKUSDT,buy,1000000,33.169,9646109,6820378
2026-08-12T13:00:00.000Z,LINKUSDT,buy,5000000,140.143,9646109,6820378
2026-08-12T13:00:00.000Z,LINKUSDT,sell,10000,0.568,9646109,6820378
2026-08-12T13:00:00.000Z,LINKUSDT,sell,100000,4.018,9646109,6820378
2026-08-12T13:00:00.000Z,LINKUSDT,sell,1000000,28.012,9646109,6820378
2026-08-12T13:00:00.000Z,LINKUSDT,sell,5000000,109.33,9646109,6820378
2026-08-12T13:00:00.000Z,SOLUSDT,buy,10000,0.656,82458941,70547211
2026-08-12T13:00:00.000Z,SOLUSDT,buy,100000,0.656,82458941,70547211
2026-08-12T13:00:00.000Z,SOLUSDT,buy,1000000,1.854,82458941,70547211
2026-08-12T13:00:00.000Z,SOLUSDT,buy,5000000,8.438,82458941,70547211
2026-08-12T13:00:00.000Z,SOLUSDT,sell,10000,0.656,82458941,70547211
2026-08-12T13:00:00.000Z,SOLUSDT,sell,100000,0.656,82458941,70547211
2026-08-12T13:00:00.000Z,SOLUSDT,sell,1000000,2.332,82458941,70547211
2026-08-12T13:00:00.000Z,SOLUSDT,sell,5000000,13.713,82458941,70547211
2026-08-12T13:00:00.000Z,XRPUSDT,buy,10000,0.493,33205296,28712590
2026-08-12T13:00:00.000Z,XRPUSDT,buy,100000,1.475,33205296,28712590
2026-08-12T13:00:00.000Z,XRPUSDT,buy,1000000,5.566,33205296,28712590
2026-08-12T13:00:00.000Z,XRPUSDT,buy,5000000,28.243,33205296,28712590
2026-08-12T13:00:00.000Z,XRPUSDT,sell,10000,0.493,33205296,28712590
2026-08-12T13:00:00.000Z,XRPUSDT,sell,100000,0.994,33205296,28712590
2026-08-12T13:00:00.000Z,XRPUSDT,sell,1000000,6.794,33205296,28712590
2026-08-12T13:00:00.000Z,XRPUSDT,sell,5000000,27.477,33205296,28712590
2026-08-12T14:00:00.000Z,ADAUSDT,buy,10000,2.739,13373255,11001522
2026-08-12T14:00:00.000Z,ADAUSDT,buy,100000,5.977,13373255,11001522
2026-08-12T14:00:00.000Z,ADAUSDT,buy,1000000,28.135,13373255,11001522
2026-08-12T14:00:00.000Z,ADAUSDT,buy,5000000,113.979,13373255,11001522
2026-08-12T14:00:00.000Z,ADAUSDT,sell,10000,2.739,13373255,11001522
2026-08-12T14:00:00.000Z,ADAUSDT,sell,100000,5.442,13373255,11001522
2026-08-12T14:00:00.000Z,ADAUSDT,sell,1000000,26.993,13373255,11001522
2026-08-12T14:00:00.000Z,ADAUSDT,sell,5000000,96.729,13373255,11001522
2026-08-12T14:00:00.000Z,BNBUSDT,buy,10000,0.082,12412086,8567324
2026-08-12T14:00:00.000Z,BNBUSDT,buy,100000,1.086,12412086,8567324
2026-08-12T14:00:00.000Z,BNBUSDT,buy,1000000,8.8,12412086,8567324
2026-08-12T14:00:00.000Z,BNBUSDT,buy,5000000,39.895,12412086,8567324
2026-08-12T14:00:00.000Z,BNBUSDT,sell,10000,0.134,12412086,8567324
2026-08-12T14:00:00.000Z,BNBUSDT,sell,100000,2.228,12412086,8567324
2026-08-12T14:00:00.000Z,BNBUSDT,sell,1000000,12.049,12412086,8567324
2026-08-12T14:00:00.000Z,BNBUSDT,sell,5000000,42.638,12412086,8567324
2026-08-12T14:00:00.000Z,BTCUSDT,buy,10000,0.008,37849419,49381848
2026-08-12T14:00:00.000Z,BTCUSDT,buy,100000,0.008,37849419,49381848
2026-08-12T14:00:00.000Z,BTCUSDT,buy,1000000,0.265,37849419,49381848
2026-08-12T14:00:00.000Z,BTCUSDT,buy,5000000,1.759,37849419,49381848
2026-08-12T14:00:00.000Z,BTCUSDT,sell,10000,0.008,37849419,49381848
2026-08-12T14:00:00.000Z,BTCUSDT,sell,100000,0.008,37849419,49381848
2026-08-12T14:00:00.000Z,BTCUSDT,sell,1000000,0.366,37849419,49381848
2026-08-12T14:00:00.000Z,BTCUSDT,sell,5000000,2.159,37849419,49381848
2026-08-12T14:00:00.000Z,DOGEUSDT,buy,10000,0.708,35719319,34041911
2026-08-12T14:00:00.000Z,DOGEUSDT,buy,100000,0.857,35719319,34041911
2026-08-12T14:00:00.000Z,DOGEUSDT,buy,1000000,8.022,35719319,34041911
2026-08-12T14:00:00.000Z,DOGEUSDT,buy,5000000,47.573,35719319,34041911
2026-08-12T14:00:00.000Z,DOGEUSDT,sell,10000,0.708,35719319,34041911
2026-08-12T14:00:00.000Z,DOGEUSDT,sell,100000,2.031,35719319,34041911
2026-08-12T14:00:00.000Z,DOGEUSDT,sell,1000000,11.48,35719319,34041911
2026-08-12T14:00:00.000Z,DOGEUSDT,sell,5000000,48.282,35719319,34041911
2026-08-12T14:00:00.000Z,ETHUSDT,buy,10000,0.026,64276668,66121886
2026-08-12T14:00:00.000Z,ETHUSDT,buy,100000,0.026,64276668,66121886
2026-08-12T14:00:00.000Z,ETHUSDT,buy,1000000,0.065,64276668,66121886
2026-08-12T14:00:00.000Z,ETHUSDT,buy,5000000,1.759,64276668,66121886
2026-08-12T14:00:00.000Z,ETHUSDT,sell,10000,0.026,64276668,66121886
2026-08-12T14:00:00.000Z,ETHUSDT,sell,100000,0.026,64276668,66121886
2026-08-12T14:00:00.000Z,ETHUSDT,sell,1000000,1.557,64276668,66121886
2026-08-12T14:00:00.000Z,ETHUSDT,sell,5000000,4.079,64276668,66121886
2026-08-12T14:00:00.000Z,LINKUSDT,buy,10000,2.081,9086454,6816412
2026-08-12T14:00:00.000Z,LINKUSDT,buy,100000,4.175,9086454,6816412
2026-08-12T14:00:00.000Z,LINKUSDT,buy,1000000,29.189,9086454,6816412
2026-08-12T14:00:00.000Z,LINKUSDT,buy,5000000,134.234,9086454,6816412
2026-08-12T14:00:00.000Z,LINKUSDT,sell,10000,0.572,9086454,6816412
2026-08-12T14:00:00.000Z,LINKUSDT,sell,100000,2.873,9086454,6816412
2026-08-12T14:00:00.000Z,LINKUSDT,sell,1000000,30.472,9086454,6816412
2026-08-12T14:00:00.000Z,LINKUSDT,sell,5000000,129.161,9086454,6816412
2026-08-12T14:00:00.000Z,SOLUSDT,buy,10000,0.661,80244038,67397956
2026-08-12T14:00:00.000Z,SOLUSDT,buy,100000,0.661,80244038,67397956
2026-08-12T14:00:00.000Z,SOLUSDT,buy,1000000,2.107,80244038,67397956
2026-08-12T14:00:00.000Z,SOLUSDT,buy,5000000,10.566,80244038,67397956
2026-08-12T14:00:00.000Z,SOLUSDT,sell,10000,0.661,80244038,67397956
2026-08-12T14:00:00.000Z,SOLUSDT,sell,100000,0.661,80244038,67397956
2026-08-12T14:00:00.000Z,SOLUSDT,sell,1000000,2.249,80244038,67397956
2026-08-12T14:00:00.000Z,SOLUSDT,sell,5000000,9.671,80244038,67397956
2026-08-12T14:00:00.000Z,XRPUSDT,buy,10000,0.494,34120061,29921540
2026-08-12T14:00:00.000Z,XRPUSDT,buy,100000,0.841,34120061,29921540
2026-08-12T14:00:00.000Z,XRPUSDT,buy,1000000,4.866,34120061,29921540
2026-08-12T14:00:00.000Z,XRPUSDT,buy,5000000,26.838,34120061,29921540
2026-08-12T14:00:00.000Z,XRPUSDT,sell,10000,0.494,34120061,29921540
2026-08-12T14:00:00.000Z,XRPUSDT,sell,100000,1.227,34120061,29921540
2026-08-12T14:00:00.000Z,XRPUSDT,sell,1000000,4.883,34120061,29921540
2026-08-12T14:00:00.000Z,XRPUSDT,sell,5000000,26.487,34120061,29921540
2026-08-12T15:00:00.000Z,ADAUSDT,buy,10000,2.746,13372100,13606596
2026-08-12T15:00:00.000Z,ADAUSDT,buy,100000,5.78,13372100,13606596
2026-08-12T15:00:00.000Z,ADAUSDT,buy,1000000,23.175,13372100,13606596
2026-08-12T15:00:00.000Z,ADAUSDT,buy,5000000,57.484,13372100,13606596
2026-08-12T15:00:00.000Z,ADAUSDT,sell,10000,2.746,13372100,13606596
2026-08-12T15:00:00.000Z,ADAUSDT,sell,100000,7.022,13372100,13606596
2026-08-12T15:00:00.000Z,ADAUSDT,sell,1000000,30.696,13372100,13606596
2026-08-12T15:00:00.000Z,ADAUSDT,sell,5000000,95.241,13372100,13606596
2026-08-12T15:00:00.000Z,BNBUSDT,buy,10000,0.082,12959322,9372852
2026-08-12T15:00:00.000Z,BNBUSDT,buy,100000,1.922,12959322,9372852
2026-08-12T15:00:00.000Z,BNBUSDT,buy,1000000,6.308,12959322,9372852
2026-08-12T15:00:00.000Z,BNBUSDT,buy,5000000,34.312,12959322,9372852
2026-08-12T15:00:00.000Z,BNBUSDT,sell,10000,0.252,12959322,9372852
2026-08-12T15:00:00.000Z,BNBUSDT,sell,100000,2.117,12959322,9372852
2026-08-12T15:00:00.000Z,BNBUSDT,sell,1000000,10.604,12959322,9372852
2026-08-12T15:00:00.000Z,BNBUSDT,sell,5000000,41.126,12959322,9372852
2026-08-12T15:00:00.000Z,BTCUSDT,buy,10000,0.008,41287551,42411876
2026-08-12T15:00:00.000Z,BTCUSDT,buy,100000,0.008,41287551,42411876
2026-08-12T15:00:00.000Z,BTCUSDT,buy,1000000,0.298,41287551,42411876
2026-08-12T15:00:00.000Z,BTCUSDT,buy,5000000,2.077,41287551,42411876
2026-08-12T15:00:00.000Z,BTCUSDT,sell,10000,0.008,41287551,42411876
2026-08-12T15:00:00.000Z,BTCUSDT,sell,100000,0.008,41287551,42411876
2026-08-12T15:00:00.000Z,BTCUSDT,sell,1000000,0.741,41287551,42411876
2026-08-12T15:00:00.000Z,BTCUSDT,sell,5000000,2.129,41287551,42411876
2026-08-12T15:00:00.000Z,DOGEUSDT,buy,10000,0.706,34045648,34382810
2026-08-12T15:00:00.000Z,DOGEUSDT,buy,100000,2.042,34045648,34382810
2026-08-12T15:00:00.000Z,DOGEUSDT,buy,1000000,6.847,34045648,34382810
2026-08-12T15:00:00.000Z,DOGEUSDT,buy,5000000,41.86,34045648,34382810
2026-08-12T15:00:00.000Z,DOGEUSDT,sell,10000,0.706,34045648,34382810
2026-08-12T15:00:00.000Z,DOGEUSDT,sell,100000,1.232,34045648,34382810
2026-08-12T15:00:00.000Z,DOGEUSDT,sell,1000000,9.874,34045648,34382810
2026-08-12T15:00:00.000Z,DOGEUSDT,sell,5000000,51.059,34045648,34382810
2026-08-12T15:00:00.000Z,ETHUSDT,buy,10000,0.026,65219076,73903170
2026-08-12T15:00:00.000Z,ETHUSDT,buy,100000,0.026,65219076,73903170
2026-08-12T15:00:00.000Z,ETHUSDT,buy,1000000,0.049,65219076,73903170
2026-08-12T15:00:00.000Z,ETHUSDT,buy,5000000,0.898,65219076,73903170
2026-08-12T15:00:00.000Z,ETHUSDT,sell,10000,0.139,65219076,73903170
2026-08-12T15:00:00.000Z,ETHUSDT,sell,100000,0.389,65219076,73903170
2026-08-12T15:00:00.000Z,ETHUSDT,sell,1000000,1.594,65219076,73903170
2026-08-12T15:00:00.000Z,ETHUSDT,sell,5000000,3.897,65219076,73903170
2026-08-12T15:00:00.000Z,LINKUSDT,buy,10000,0.571,9142124,7059604
2026-08-12T15:00:00.000Z,LINKUSDT,buy,100000,3.044,9142124,7059604
2026-08-12T15:00:00.000Z,LINKUSDT,buy,1000000,29.372,9142124,7059604
2026-08-12T15:00:00.000Z,LINKUSDT,buy,5000000,136.369,9142124,7059604
2026-08-12T15:00:00.000Z,LINKUSDT,sell,10000,1.047,9142124,7059604
2026-08-12T15:00:00.000Z,LINKUSDT,sell,100000,3.212,9142124,7059604
2026-08-12T15:00:00.000Z,LINKUSDT,sell,1000000,24.867,9142124,7059604
2026-08-12T15:00:00.000Z,LINKUSDT,sell,5000000,119.046,9142124,7059604
2026-08-12T15:00:00.000Z,SOLUSDT,buy,10000,0.661,83351786,77149572
2026-08-12T15:00:00.000Z,SOLUSDT,buy,100000,0.661,83351786,77149572
2026-08-12T15:00:00.000Z,SOLUSDT,buy,1000000,2.701,83351786,77149572
2026-08-12T15:00:00.000Z,SOLUSDT,buy,5000000,10.371,83351786,77149572
2026-08-12T15:00:00.000Z,SOLUSDT,sell,10000,0.661,83351786,77149572
2026-08-12T15:00:00.000Z,SOLUSDT,sell,100000,0.661,83351786,77149572
2026-08-12T15:00:00.000Z,SOLUSDT,sell,1000000,1.919,83351786,77149572
2026-08-12T15:00:00.000Z,SOLUSDT,sell,5000000,10.092,83351786,77149572
2026-08-12T15:00:00.000Z,XRPUSDT,buy,10000,0.494,33560942,28633989
2026-08-12T15:00:00.000Z,XRPUSDT,buy,100000,0.886,33560942,28633989
2026-08-12T15:00:00.000Z,XRPUSDT,buy,1000000,5.381,33560942,28633989
2026-08-12T15:00:00.000Z,XRPUSDT,buy,5000000,30.017,33560942,28633989
2026-08-12T15:00:00.000Z,XRPUSDT,sell,10000,0.494,33560942,28633989
2026-08-12T15:00:00.000Z,XRPUSDT,sell,100000,1.252,33560942,28633989
2026-08-12T15:00:00.000Z,XRPUSDT,sell,1000000,5.569,33560942,28633989
2026-08-12T15:00:00.000Z,XRPUSDT,sell,5000000,26.902,33560942,28633989
2026-08-12T16:00:00.000Z,ADAUSDT,buy,10000,2.751,13276289,13635965
2026-08-12T16:00:00.000Z,ADAUSDT,buy,100000,7.043,13276289,13635965
2026-08-12T16:00:00.000Z,ADAUSDT,buy,1000000,27.156,13276289,13635965
2026-08-12T16:00:00.000Z,ADAUSDT,buy,5000000,64.768,13276289,13635965
2026-08-12T16:00:00.000Z,ADAUSDT,sell,10000,2.751,13276289,13635965
2026-08-12T16:00:00.000Z,ADAUSDT,sell,100000,5.813,13276289,13635965
2026-08-12T16:00:00.000Z,ADAUSDT,sell,1000000,24.973,13276289,13635965
2026-08-12T16:00:00.000Z,ADAUSDT,sell,5000000,89.304,13276289,13635965
2026-08-12T16:00:00.000Z,BNBUSDT,buy,10000,0.109,13926040,8833662
2026-08-12T16:00:00.000Z,BNBUSDT,buy,100000,1.492,13926040,8833662
2026-08-12T16:00:00.000Z,BNBUSDT,buy,1000000,8.18,13926040,8833662
2026-08-12T16:00:00.000Z,BNBUSDT,buy,5000000,35.028,13926040,8833662
2026-08-12T16:00:00.000Z,BNBUSDT,sell,10000,0.123,13926040,8833662
2026-08-12T16:00:00.000Z,BNBUSDT,sell,100000,1.226,13926040,8833662
2026-08-12T16:00:00.000Z,BNBUSDT,sell,1000000,8.96,13926040,8833662
2026-08-12T16:00:00.000Z,BNBUSDT,sell,5000000,36.328,13926040,8833662
2026-08-12T16:00:00.000Z,BTCUSDT,buy,10000,0.008,40110900,43451630
2026-08-12T16:00:00.000Z,BTCUSDT,buy,100000,0.008,40110900,43451630
2026-08-12T16:00:00.000Z,BTCUSDT,buy,1000000,0.674,40110900,43451630
2026-08-12T16:00:00.000Z,BTCUSDT,buy,5000000,1.553,40110900,43451630
2026-08-12T16:00:00.000Z,BTCUSDT,sell,10000,0.008,40110900,43451630
2026-08-12T16:00:00.000Z,BTCUSDT,sell,100000,0.008,40110900,43451630
2026-08-12T16:00:00.000Z,BTCUSDT,sell,1000000,0.008,40110900,43451630
2026-08-12T16:00:00.000Z,BTCUSDT,sell,5000000,1.166,40110900,43451630
2026-08-12T16:00:00.000Z,DOGEUSDT,buy,10000,0.707,34750988,34283813
2026-08-12T16:00:00.000Z,DOGEUSDT,buy,100000,1.187,34750988,34283813
2026-08-12T16:00:00.000Z,DOGEUSDT,buy,1000000,7.847,34750988,34283813
2026-08-12T16:00:00.000Z,DOGEUSDT,buy,5000000,42.428,34750988,34283813
2026-08-12T16:00:00.000Z,DOGEUSDT,sell,10000,1.523,34750988,34283813
2026-08-12T16:00:00.000Z,DOGEUSDT,sell,100000,2.577,34750988,34283813
2026-08-12T16:00:00.000Z,DOGEUSDT,sell,1000000,10.105,34750988,34283813
2026-08-12T16:00:00.000Z,DOGEUSDT,sell,5000000,46.348,34750988,34283813
2026-08-12T16:00:00.000Z,ETHUSDT,buy,10000,0.026,75965838,67826853
2026-08-12T16:00:00.000Z,ETHUSDT,buy,100000,0.423,75965838,67826853
2026-08-12T16:00:00.000Z,ETHUSDT,buy,1000000,1.634,75965838,67826853
2026-08-12T16:00:00.000Z,ETHUSDT,buy,5000000,3.721,75965838,67826853
2026-08-12T16:00:00.000Z,ETHUSDT,sell,10000,0.026,75965838,67826853
2026-08-12T16:00:00.000Z,ETHUSDT,sell,100000,0.026,75965838,67826853
2026-08-12T16:00:00.000Z,ETHUSDT,sell,1000000,0.026,75965838,67826853
2026-08-12T16:00:00.000Z,ETHUSDT,sell,5000000,1.929,75965838,67826853
2026-08-12T16:00:00.000Z,LINKUSDT,buy,10000,0.904,9342956,7177738
2026-08-12T16:00:00.000Z,LINKUSDT,buy,100000,3.919,9342956,7177738
2026-08-12T16:00:00.000Z,LINKUSDT,buy,1000000,29.641,9342956,7177738
2026-08-12T16:00:00.000Z,LINKUSDT,buy,5000000,138.009,9342956,7177738
2026-08-12T16:00:00.000Z,LINKUSDT,sell,10000,1.371,9342956,7177738
2026-08-12T16:00:00.000Z,LINKUSDT,sell,100000,3.748,9342956,7177738
2026-08-12T16:00:00.000Z,LINKUSDT,sell,1000000,26.705,9342956,7177738
2026-08-12T16:00:00.000Z,LINKUSDT,sell,5000000,114.06,9342956,7177738
2026-08-12T16:00:00.000Z,SOLUSDT,buy,10000,0.662,85802255,77252390
2026-08-12T16:00:00.000Z,SOLUSDT,buy,100000,0.662,85802255,77252390
2026-08-12T16:00:00.000Z,SOLUSDT,buy,1000000,2.71,85802255,77252390
2026-08-12T16:00:00.000Z,SOLUSDT,buy,5000000,11.019,85802255,77252390
2026-08-12T16:00:00.000Z,SOLUSDT,sell,10000,0.662,85802255,77252390
2026-08-12T16:00:00.000Z,SOLUSDT,sell,100000,0.662,85802255,77252390
2026-08-12T16:00:00.000Z,SOLUSDT,sell,1000000,1.789,85802255,77252390
2026-08-12T16:00:00.000Z,SOLUSDT,sell,5000000,10.222,85802255,77252390
2026-08-12T16:00:00.000Z,XRPUSDT,buy,10000,0.496,34324306,29890454
2026-08-12T16:00:00.000Z,XRPUSDT,buy,100000,1.054,34324306,29890454
2026-08-12T16:00:00.000Z,XRPUSDT,buy,1000000,5.276,34324306,29890454
2026-08-12T16:00:00.000Z,XRPUSDT,buy,5000000,27.686,34324306,29890454
2026-08-12T16:00:00.000Z,XRPUSDT,sell,10000,0.496,34324306,29890454
2026-08-12T16:00:00.000Z,XRPUSDT,sell,100000,0.784,34324306,29890454
2026-08-12T16:00:00.000Z,XRPUSDT,sell,1000000,5.309,34324306,29890454
2026-08-12T16:00:00.000Z,XRPUSDT,sell,5000000,27.159,34324306,29890454
2026-08-12T17:00:00.000Z,ADAUSDT,buy,10000,2.733,13856457,11467969
2026-08-12T17:00:00.000Z,ADAUSDT,buy,100000,5.434,13856457,11467969
2026-08-12T17:00:00.000Z,ADAUSDT,buy,1000000,28.757,13856457,11467969
2026-08-12T17:00:00.000Z,ADAUSDT,buy,5000000,100.431,13856457,11467969
2026-08-12T17:00:00.000Z,ADAUSDT,sell,10000,2.733,13856457,11467969
2026-08-12T17:00:00.000Z,ADAUSDT,sell,100000,6.239,13856457,11467969
2026-08-12T17:00:00.000Z,ADAUSDT,sell,1000000,20.442,13856457,11467969
2026-08-12T17:00:00.000Z,ADAUSDT,sell,5000000,103.996,13856457,11467969
2026-08-12T17:00:00.000Z,BNBUSDT,buy,10000,0.082,13531823,9164992
2026-08-12T17:00:00.000Z,BNBUSDT,buy,100000,1.813,13531823,9164992
2026-08-12T17:00:00.000Z,BNBUSDT,buy,1000000,9.541,13531823,9164992
2026-08-12T17:00:00.000Z,BNBUSDT,buy,5000000,37.318,13531823,9164992
2026-08-12T17:00:00.000Z,BNBUSDT,sell,10000,0.082,13531823,9164992
2026-08-12T17:00:00.000Z,BNBUSDT,sell,100000,0.864,13531823,9164992
2026-08-12T17:00:00.000Z,BNBUSDT,sell,1000000,7.089,13531823,9164992
2026-08-12T17:00:00.000Z,BNBUSDT,sell,5000000,35.339,13531823,9164992
2026-08-12T17:00:00.000Z,BTCUSDT,buy,10000,0.008,35619626,47750459
2026-08-12T17:00:00.000Z,BTCUSDT,buy,100000,0.008,35619626,47750459
2026-08-12T17:00:00.000Z,BTCUSDT,buy,1000000,0.356,35619626,47750459
2026-08-12T17:00:00.000Z,BTCUSDT,buy,5000000,1.342,35619626,47750459
2026-08-12T17:00:00.000Z,BTCUSDT,sell,10000,0.008,35619626,47750459
2026-08-12T17:00:00.000Z,BTCUSDT,sell,100000,0.008,35619626,47750459
2026-08-12T17:00:00.000Z,BTCUSDT,sell,1000000,0.11,35619626,47750459
2026-08-12T17:00:00.000Z,BTCUSDT,sell,5000000,1.603,35619626,47750459
2026-08-12T17:00:00.000Z,DOGEUSDT,buy,10000,0.706,34927817,33389527
2026-08-12T17:00:00.000Z,DOGEUSDT,buy,100000,1.183,34927817,33389527
2026-08-12T17:00:00.000Z,DOGEUSDT,buy,1000000,10.665,34927817,33389527
2026-08-12T17:00:00.000Z,DOGEUSDT,buy,5000000,49.596,34927817,33389527
2026-08-12T17:00:00.000Z,DOGEUSDT,sell,10000,0.706,34927817,33389527
2026-08-12T17:00:00.000Z,DOGEUSDT,sell,100000,1.501,34927817,33389527
2026-08-12T17:00:00.000Z,DOGEUSDT,sell,1000000,7.128,34927817,33389527
2026-08-12T17:00:00.000Z,DOGEUSDT,sell,5000000,40.86,34927817,33389527
2026-08-12T17:00:00.000Z,ETHUSDT,buy,10000,0.026,71822074,64946214
2026-08-12T17:00:00.000Z,ETHUSDT,buy,100000,0.026,71822074,64946214
2026-08-12T17:00:00.000Z,ETHUSDT,buy,1000000,0.662,71822074,64946214
2026-08-12T17:00:00.000Z,ETHUSDT,buy,5000000,2.407,71822074,64946214
2026-08-12T17:00:00.000Z,ETHUSDT,sell,10000,0.026,71822074,64946214
2026-08-12T17:00:00.000Z,ETHUSDT,sell,100000,0.026,71822074,64946214
2026-08-12T17:00:00.000Z,ETHUSDT,sell,1000000,1.249,71822074,64946214
2026-08-12T17:00:00.000Z,ETHUSDT,sell,5000000,3.81,71822074,64946214
2026-08-12T17:00:00.000Z,LINKUSDT,buy,10000,0.57,9342329,7152684
2026-08-12T17:00:00.000Z,LINKUSDT,buy,100000,3.219,9342329,7152684
2026-08-12T17:00:00.000Z,LINKUSDT,buy,1000000,26.936,9342329,7152684
2026-08-12T17:00:00.000Z,LINKUSDT,buy,5000000,128.41,9342329,7152684
2026-08-12T17:00:00.000Z,LINKUSDT,sell,10000,1.351,9342329,7152684
2026-08-12T17:00:00.000Z,LINKUSDT,sell,100000,3.824,9342329,7152684
2026-08-12T17:00:00.000Z,LINKUSDT,sell,1000000,28.547,9342329,7152684
2026-08-12T17:00:00.000Z,LINKUSDT,sell,5000000,120.854,9342329,7152684
2026-08-12T17:00:00.000Z,SOLUSDT,buy,10000,0.658,86464251,76627241
2026-08-12T17:00:00.000Z,SOLUSDT,buy,100000,0.658,86464251,76627241
2026-08-12T17:00:00.000Z,SOLUSDT,buy,1000000,3.24,86464251,76627241
2026-08-12T17:00:00.000Z,SOLUSDT,buy,5000000,11.445,86464251,76627241
2026-08-12T17:00:00.000Z,SOLUSDT,sell,10000,0.658,86464251,76627241
2026-08-12T17:00:00.000Z,SOLUSDT,sell,100000,0.658,86464251,76627241
2026-08-12T17:00:00.000Z,SOLUSDT,sell,1000000,1.501,86464251,76627241
2026-08-12T17:00:00.000Z,SOLUSDT,sell,5000000,8.414,86464251,76627241
2026-08-12T17:00:00.000Z,XRPUSDT,buy,10000,0.495,35527199,28775745
2026-08-12T17:00:00.000Z,XRPUSDT,buy,100000,1.45,35527199,28775745
2026-08-12T17:00:00.000Z,XRPUSDT,buy,1000000,6.213,35527199,28775745
2026-08-12T17:00:00.000Z,XRPUSDT,buy,5000000,27.144,35527199,28775745
2026-08-12T17:00:00.000Z,XRPUSDT,sell,10000,0.495,35527199,28775745
2026-08-12T17:00:00.000Z,XRPUSDT,sell,100000,0.9,35527199,28775745
2026-08-12T17:00:00.000Z,XRPUSDT,sell,1000000,5.228,35527199,28775745
2026-08-12T17:00:00.000Z,XRPUSDT,sell,5000000,26.14,35527199,28775745
2026-08-12T18:00:00.000Z,ADAUSDT,buy,10000,2.729,13600500,11244267
2026-08-12T18:00:00.000Z,ADAUSDT,buy,100000,4.298,13600500,11244267
2026-08-12T18:00:00.000Z,ADAUSDT,buy,1000000,28.323,13600500,11244267
2026-08-12T18:00:00.000Z,ADAUSDT,buy,5000000,108.344,13600500,11244267
2026-08-12T18:00:00.000Z,ADAUSDT,sell,10000,2.729,13600500,11244267
2026-08-12T18:00:00.000Z,ADAUSDT,sell,100000,2.729,13600500,11244267
2026-08-12T18:00:00.000Z,ADAUSDT,sell,1000000,13.48,13600500,11244267
2026-08-12T18:00:00.000Z,ADAUSDT,sell,5000000,89.149,13600500,11244267
2026-08-12T18:00:00.000Z,BNBUSDT,buy,10000,0.082,13772434,9130198
2026-08-12T18:00:00.000Z,BNBUSDT,buy,100000,1.049,13772434,9130198
2026-08-12T18:00:00.000Z,BNBUSDT,buy,1000000,8.613,13772434,9130198
2026-08-12T18:00:00.000Z,BNBUSDT,buy,5000000,36.358,13772434,9130198
2026-08-12T18:00:00.000Z,BNBUSDT,sell,10000,0.082,13772434,9130198
2026-08-12T18:00:00.000Z,BNBUSDT,sell,100000,1.965,13772434,9130198
2026-08-12T18:00:00.000Z,BNBUSDT,sell,1000000,8.861,13772434,9130198
2026-08-12T18:00:00.000Z,BNBUSDT,sell,5000000,37.828,13772434,9130198
2026-08-12T18:00:00.000Z,BTCUSDT,buy,10000,0.008,62592940,36887844
2026-08-12T18:00:00.000Z,BTCUSDT,buy,100000,0.008,62592940,36887844
2026-08-12T18:00:00.000Z,BTCUSDT,buy,1000000,0.008,62592940,36887844
2026-08-12T18:00:00.000Z,BTCUSDT,buy,5000000,1.869,62592940,36887844
2026-08-12T18:00:00.000Z,BTCUSDT,sell,10000,0.008,62592940,36887844
2026-08-12T18:00:00.000Z,BTCUSDT,sell,100000,0.008,62592940,36887844
2026-08-12T18:00:00.000Z,BTCUSDT,sell,1000000,0.438,62592940,36887844
2026-08-12T18:00:00.000Z,BTCUSDT,sell,5000000,1.929,62592940,36887844
2026-08-12T18:00:00.000Z,DOGEUSDT,buy,10000,0.707,35814113,35162920
2026-08-12T18:00:00.000Z,DOGEUSDT,buy,100000,0.707,35814113,35162920
2026-08-12T18:00:00.000Z,DOGEUSDT,buy,1000000,6.21,35814113,35162920
2026-08-12T18:00:00.000Z,DOGEUSDT,buy,5000000,33.028,35814113,35162920
2026-08-12T18:00:00.000Z,DOGEUSDT,sell,10000,0.707,35814113,35162920
2026-08-12T18:00:00.000Z,DOGEUSDT,sell,100000,1.992,35814113,35162920
2026-08-12T18:00:00.000Z,DOGEUSDT,sell,1000000,10.567,35814113,35162920
2026-08-12T18:00:00.000Z,DOGEUSDT,sell,5000000,43.595,35814113,35162920
2026-08-12T18:00:00.000Z,ETHUSDT,buy,10000,0.027,74870122,61911949
2026-08-12T18:00:00.000Z,ETHUSDT,buy,100000,0.027,74870122,61911949
2026-08-12T18:00:00.000Z,ETHUSDT,buy,1000000,0.232,74870122,61911949
2026-08-12T18:00:00.000Z,ETHUSDT,buy,5000000,2.764,74870122,61911949
2026-08-12T18:00:00.000Z,ETHUSDT,sell,10000,0.027,74870122,61911949
2026-08-12T18:00:00.000Z,ETHUSDT,sell,100000,0.027,74870122,61911949
2026-08-12T18:00:00.000Z,ETHUSDT,sell,1000000,1.248,74870122,61911949
2026-08-12T18:00:00.000Z,ETHUSDT,sell,5000000,3.465,74870122,61911949
2026-08-12T18:00:00.000Z,LINKUSDT,buy,10000,0.608,9061945,7097645
2026-08-12T18:00:00.000Z,LINKUSDT,buy,100000,3.34,9061945,7097645
2026-08-12T18:00:00.000Z,LINKUSDT,buy,1000000,27.691,9061945,7097645
2026-08-12T18:00:00.000Z,LINKUSDT,buy,5000000,133.745,9061945,7097645
2026-08-12T18:00:00.000Z,LINKUSDT,sell,10000,1.538,9061945,7097645
2026-08-12T18:00:00.000Z,LINKUSDT,sell,100000,3.056,9061945,7097645
2026-08-12T18:00:00.000Z,LINKUSDT,sell,1000000,26.271,9061945,7097645
2026-08-12T18:00:00.000Z,LINKUSDT,sell,5000000,122.193,9061945,7097645
2026-08-12T18:00:00.000Z,SOLUSDT,buy,10000,0.659,84780878,78195878
2026-08-12T18:00:00.000Z,SOLUSDT,buy,100000,0.659,84780878,78195878
2026-08-12T18:00:00.000Z,SOLUSDT,buy,1000000,1.967,84780878,78195878
2026-08-12T18:00:00.000Z,SOLUSDT,buy,5000000,8.702,84780878,78195878
2026-08-12T18:00:00.000Z,SOLUSDT,sell,10000,0.659,84780878,78195878
2026-08-12T18:00:00.000Z,SOLUSDT,sell,100000,1.362,84780878,78195878
2026-08-12T18:00:00.000Z,SOLUSDT,sell,1000000,3.6,84780878,78195878
2026-08-12T18:00:00.000Z,SOLUSDT,sell,5000000,13.039,84780878,78195878
2026-08-12T18:00:00.000Z,XRPUSDT,buy,10000,0.495,35004551,30511304
2026-08-12T18:00:00.000Z,XRPUSDT,buy,100000,0.498,35004551,30511304
2026-08-12T18:00:00.000Z,XRPUSDT,buy,1000000,3.964,35004551,30511304
2026-08-12T18:00:00.000Z,XRPUSDT,buy,5000000,23.844,35004551,30511304
2026-08-12T18:00:00.000Z,XRPUSDT,sell,10000,0.495,35004551,30511304
2026-08-12T18:00:00.000Z,XRPUSDT,sell,100000,1.387,35004551,30511304
2026-08-12T18:00:00.000Z,XRPUSDT,sell,1000000,5.249,35004551,30511304
2026-08-12T18:00:00.000Z,XRPUSDT,sell,5000000,24.392,35004551,30511304
2026-08-12T19:00:00.000Z,ADAUSDT,buy,10000,2.733,13648101,11826419
2026-08-12T19:00:00.000Z,ADAUSDT,buy,100000,5.388,13648101,11826419
2026-08-12T19:00:00.000Z,ADAUSDT,buy,1000000,25.74,13648101,11826419
2026-08-12T19:00:00.000Z,ADAUSDT,buy,5000000,104.86,13648101,11826419
2026-08-12T19:00:00.000Z,ADAUSDT,sell,10000,2.733,13648101,11826419
2026-08-12T19:00:00.000Z,ADAUSDT,sell,100000,6.849,13648101,11826419
2026-08-12T19:00:00.000Z,ADAUSDT,sell,1000000,31.878,13648101,11826419
2026-08-12T19:00:00.000Z,ADAUSDT,sell,5000000,98.306,13648101,11826419
2026-08-12T19:00:00.000Z,BNBUSDT,buy,10000,0.082,16286652,7544338
2026-08-12T19:00:00.000Z,BNBUSDT,buy,100000,2.077,16286652,7544338
2026-08-12T19:00:00.000Z,BNBUSDT,buy,1000000,11.358,16286652,7544338
2026-08-12T19:00:00.000Z,BNBUSDT,buy,5000000,42.422,16286652,7544338
2026-08-12T19:00:00.000Z,BNBUSDT,sell,10000,0.082,16286652,7544338
2026-08-12T19:00:00.000Z,BNBUSDT,sell,100000,1.014,16286652,7544338
2026-08-12T19:00:00.000Z,BNBUSDT,sell,1000000,7.7,16286652,7544338
2026-08-12T19:00:00.000Z,BNBUSDT,sell,5000000,30.481,16286652,7544338
2026-08-12T19:00:00.000Z,BTCUSDT,buy,10000,0.008,60699886,41779340
2026-08-12T19:00:00.000Z,BTCUSDT,buy,100000,0.008,60699886,41779340
2026-08-12T19:00:00.000Z,BTCUSDT,buy,1000000,0.271,60699886,41779340
2026-08-12T19:00:00.000Z,BTCUSDT,buy,5000000,1.744,60699886,41779340
2026-08-12T19:00:00.000Z,BTCUSDT,sell,10000,0.008,60699886,41779340
2026-08-12T19:00:00.000Z,BTCUSDT,sell,100000,0.008,60699886,41779340
2026-08-12T19:00:00.000Z,BTCUSDT,sell,1000000,0.402,60699886,41779340
2026-08-12T19:00:00.000Z,BTCUSDT,sell,5000000,1.813,60699886,41779340
2026-08-12T19:00:00.000Z,DOGEUSDT,buy,10000,0.709,37007117,34915366
2026-08-12T19:00:00.000Z,DOGEUSDT,buy,100000,2.081,37007117,34915366
2026-08-12T19:00:00.000Z,DOGEUSDT,buy,1000000,8.497,37007117,34915366
2026-08-12T19:00:00.000Z,DOGEUSDT,buy,5000000,41.599,37007117,34915366
2026-08-12T19:00:00.000Z,DOGEUSDT,sell,10000,0.709,37007117,34915366
2026-08-12T19:00:00.000Z,DOGEUSDT,sell,100000,0.726,37007117,34915366
2026-08-12T19:00:00.000Z,DOGEUSDT,sell,1000000,9.142,37007117,34915366
2026-08-12T19:00:00.000Z,DOGEUSDT,sell,5000000,42.818,37007117,34915366
2026-08-12T19:00:00.000Z,ETHUSDT,buy,10000,0.027,87997404,66196610
2026-08-12T19:00:00.000Z,ETHUSDT,buy,100000,0.027,87997404,66196610
2026-08-12T19:00:00.000Z,ETHUSDT,buy,1000000,0.339,87997404,66196610
2026-08-12T19:00:00.000Z,ETHUSDT,buy,5000000,2.937,87997404,66196610
2026-08-12T19:00:00.000Z,ETHUSDT,sell,10000,0.027,87997404,66196610
2026-08-12T19:00:00.000Z,ETHUSDT,sell,100000,0.027,87997404,66196610
2026-08-12T19:00:00.000Z,ETHUSDT,sell,1000000,1.162,87997404,66196610
2026-08-12T19:00:00.000Z,ETHUSDT,sell,5000000,4.094,87997404,66196610
2026-08-12T19:00:00.000Z,LINKUSDT,buy,10000,0.573,9297282,7016847
2026-08-12T19:00:00.000Z,LINKUSDT,buy,100000,3.964,9297282,7016847
2026-08-12T19:00:00.000Z,LINKUSDT,buy,1000000,32.792,9297282,7016847
2026-08-12T19:00:00.000Z,LINKUSDT,buy,5000000,145.982,9297282,7016847
2026-08-12T19:00:00.000Z,LINKUSDT,sell,10000,1.701,9297282,7016847
2026-08-12T19:00:00.000Z,LINKUSDT,sell,100000,4.095,9297282,7016847
2026-08-12T19:00:00.000Z,LINKUSDT,sell,1000000,27.742,9297282,7016847
2026-08-12T19:00:00.000Z,LINKUSDT,sell,5000000,112.081,9297282,7016847
2026-08-12T19:00:00.000Z,SOLUSDT,buy,10000,0.661,85371094,78205238
2026-08-12T19:00:00.000Z,SOLUSDT,buy,100000,0.688,85371094,78205238
2026-08-12T19:00:00.000Z,SOLUSDT,buy,1000000,2.887,85371094,78205238
2026-08-12T19:00:00.000Z,SOLUSDT,buy,5000000,10.382,85371094,78205238
2026-08-12T19:00:00.000Z,SOLUSDT,sell,10000,0.661,85371094,78205238
2026-08-12T19:00:00.000Z,SOLUSDT,sell,100000,0.661,85371094,78205238
2026-08-12T19:00:00.000Z,SOLUSDT,sell,1000000,2.727,85371094,78205238
2026-08-12T19:00:00.000Z,SOLUSDT,sell,5000000,11.272,85371094,78205238
2026-08-12T19:00:00.000Z,XRPUSDT,buy,10000,0.496,34616055,29958078
2026-08-12T19:00:00.000Z,XRPUSDT,buy,100000,1.59,34616055,29958078
2026-08-12T19:00:00.000Z,XRPUSDT,buy,1000000,5.662,34616055,29958078
2026-08-12T19:00:00.000Z,XRPUSDT,buy,5000000,28.5,34616055,29958078
2026-08-12T19:00:00.000Z,XRPUSDT,sell,10000,0.496,34616055,29958078
2026-08-12T19:00:00.000Z,XRPUSDT,sell,100000,0.861,34616055,29958078
2026-08-12T19:00:00.000Z,XRPUSDT,sell,1000000,6.143,34616055,29958078
2026-08-12T19:00:00.000Z,XRPUSDT,sell,5000000,27.578,34616055,29958078
2026-08-12T20:00:00.000Z,ADAUSDT,buy,10000,2.73,13305746,11735124
2026-08-12T20:00:00.000Z,ADAUSDT,buy,100000,5.741,13305746,11735124
2026-08-12T20:00:00.000Z,ADAUSDT,buy,1000000,26.642,13305746,11735124
2026-08-12T20:00:00.000Z,ADAUSDT,buy,5000000,96.802,13305746,11735124
2026-08-12T20:00:00.000Z,ADAUSDT,sell,10000,2.73,13305746,11735124
2026-08-12T20:00:00.000Z,ADAUSDT,sell,100000,4.835,13305746,11735124
2026-08-12T20:00:00.000Z,ADAUSDT,sell,1000000,27.381,13305746,11735124
2026-08-12T20:00:00.000Z,ADAUSDT,sell,5000000,103.569,13305746,11735124
2026-08-12T20:00:00.000Z,BNBUSDT,buy,10000,0.555,13052972,8713149
2026-08-12T20:00:00.000Z,BNBUSDT,buy,100000,2.725,13052972,8713149
2026-08-12T20:00:00.000Z,BNBUSDT,buy,1000000,10.424,13052972,8713149
2026-08-12T20:00:00.000Z,BNBUSDT,buy,5000000,39.015,13052972,8713149
2026-08-12T20:00:00.000Z,BNBUSDT,sell,10000,0.082,13052972,8713149
2026-08-12T20:00:00.000Z,BNBUSDT,sell,100000,0.684,13052972,8713149
2026-08-12T20:00:00.000Z,BNBUSDT,sell,1000000,7.873,13052972,8713149
2026-08-12T20:00:00.000Z,BNBUSDT,sell,5000000,35.854,13052972,8713149
2026-08-12T20:00:00.000Z,BTCUSDT,buy,10000,0.008,43387381,41140236
2026-08-12T20:00:00.000Z,BTCUSDT,buy,100000,0.008,43387381,41140236
2026-08-12T20:00:00.000Z,BTCUSDT,buy,1000000,0.722,43387381,41140236
2026-08-12T20:00:00.000Z,BTCUSDT,buy,5000000,2.565,43387381,41140236
2026-08-12T20:00:00.000Z,BTCUSDT,sell,10000,0.008,43387381,41140236
2026-08-12T20:00:00.000Z,BTCUSDT,sell,100000,0.008,43387381,41140236
2026-08-12T20:00:00.000Z,BTCUSDT,sell,1000000,0.008,43387381,41140236
2026-08-12T20:00:00.000Z,BTCUSDT,sell,5000000,1.01,43387381,41140236
2026-08-12T20:00:00.000Z,DOGEUSDT,buy,10000,0.708,37450535,34951691
2026-08-12T20:00:00.000Z,DOGEUSDT,buy,100000,1.961,37450535,34951691
2026-08-12T20:00:00.000Z,DOGEUSDT,buy,1000000,7.671,37450535,34951691
2026-08-12T20:00:00.000Z,DOGEUSDT,buy,5000000,36.539,37450535,34951691
2026-08-12T20:00:00.000Z,DOGEUSDT,sell,10000,0.708,37450535,34951691
2026-08-12T20:00:00.000Z,DOGEUSDT,sell,100000,0.731,37450535,34951691
2026-08-12T20:00:00.000Z,DOGEUSDT,sell,1000000,7.55,37450535,34951691
2026-08-12T20:00:00.000Z,DOGEUSDT,sell,5000000,40.353,37450535,34951691
2026-08-12T20:00:00.000Z,ETHUSDT,buy,10000,0.027,64429673,64928492
2026-08-12T20:00:00.000Z,ETHUSDT,buy,100000,0.461,64429673,64928492
2026-08-12T20:00:00.000Z,ETHUSDT,buy,1000000,1.3,64429673,64928492
2026-08-12T20:00:00.000Z,ETHUSDT,buy,5000000,3.358,64429673,64928492
2026-08-12T20:00:00.000Z,ETHUSDT,sell,10000,0.027,64429673,64928492
2026-08-12T20:00:00.000Z,ETHUSDT,sell,100000,0.027,64429673,64928492
2026-08-12T20:00:00.000Z,ETHUSDT,sell,1000000,0.134,64429673,64928492
2026-08-12T20:00:00.000Z,ETHUSDT,sell,5000000,2.109,64429673,64928492
2026-08-12T20:00:00.000Z,LINKUSDT,buy,10000,1.121,9806768,7149810
2026-08-12T20:00:00.000Z,LINKUSDT,buy,100000,5.48,9806768,7149810
2026-08-12T20:00:00.000Z,LINKUSDT,buy,1000000,27.652,9806768,7149810
2026-08-12T20:00:00.000Z,LINKUSDT,buy,5000000,125.538,9806768,7149810
2026-08-12T20:00:00.000Z,LINKUSDT,sell,10000,0.57,9806768,7149810
2026-08-12T20:00:00.000Z,LINKUSDT,sell,100000,2.667,9806768,7149810
2026-08-12T20:00:00.000Z,LINKUSDT,sell,1000000,27.21,9806768,7149810
2026-08-12T20:00:00.000Z,LINKUSDT,sell,5000000,118.072,9806768,7149810
2026-08-12T20:00:00.000Z,SOLUSDT,buy,10000,0.659,86143921,74205347
2026-08-12T20:00:00.000Z,SOLUSDT,buy,100000,1.592,86143921,74205347
2026-08-12T20:00:00.000Z,SOLUSDT,buy,1000000,3.635,86143921,74205347
2026-08-12T20:00:00.000Z,SOLUSDT,buy,5000000,12.634,86143921,74205347
2026-08-12T20:00:00.000Z,SOLUSDT,sell,10000,0.659,86143921,74205347
2026-08-12T20:00:00.000Z,SOLUSDT,sell,100000,0.659,86143921,74205347
2026-08-12T20:00:00.000Z,SOLUSDT,sell,1000000,1.471,86143921,74205347
2026-08-12T20:00:00.000Z,SOLUSDT,sell,5000000,9.661,86143921,74205347
2026-08-12T20:00:00.000Z,XRPUSDT,buy,10000,0.927,34478715,29117236
2026-08-12T20:00:00.000Z,XRPUSDT,buy,100000,1.654,34478715,29117236
2026-08-12T20:00:00.000Z,XRPUSDT,buy,1000000,6.11,34478715,29117236
2026-08-12T20:00:00.000Z,XRPUSDT,buy,5000000,28.734,34478715,29117236
2026-08-12T20:00:00.000Z,XRPUSDT,sell,10000,0.495,34478715,29117236
2026-08-12T20:00:00.000Z,XRPUSDT,sell,100000,0.495,34478715,29117236
2026-08-12T20:00:00.000Z,XRPUSDT,sell,1000000,3.688,34478715,29117236
2026-08-12T20:00:00.000Z,XRPUSDT,sell,5000000,26.334,34478715,29117236
2026-08-12T21:00:00.000Z,ADAUSDT,buy,10000,2.759,12589413,10813958
2026-08-12T21:00:00.000Z,ADAUSDT,buy,100000,7.894,12589413,10813958
2026-08-12T21:00:00.000Z,ADAUSDT,buy,1000000,49.393,12589413,10813958
2026-08-12T21:00:00.000Z,ADAUSDT,buy,5000000,138.43,12589413,10813958
2026-08-12T21:00:00.000Z,ADAUSDT,sell,10000,2.759,12589413,10813958
2026-08-12T21:00:00.000Z,ADAUSDT,sell,100000,11.361,12589413,10813958
2026-08-12T21:00:00.000Z,ADAUSDT,sell,1000000,48.334,12589413,10813958
2026-08-12T21:00:00.000Z,ADAUSDT,sell,5000000,113.622,12589413,10813958
2026-08-12T21:00:00.000Z,BNBUSDT,buy,10000,0.082,13648295,8046709
2026-08-12T21:00:00.000Z,BNBUSDT,buy,100000,0.928,13648295,8046709
2026-08-12T21:00:00.000Z,BNBUSDT,buy,1000000,10.807,13648295,8046709
2026-08-12T21:00:00.000Z,BNBUSDT,buy,5000000,48.218,13648295,8046709
2026-08-12T21:00:00.000Z,BNBUSDT,sell,10000,0.4,13648295,8046709
2026-08-12T21:00:00.000Z,BNBUSDT,sell,100000,2.087,13648295,8046709
2026-08-12T21:00:00.000Z,BNBUSDT,sell,1000000,11.148,13648295,8046709
2026-08-12T21:00:00.000Z,BNBUSDT,sell,5000000,40.959,13648295,8046709
2026-08-12T21:00:00.000Z,BTCUSDT,buy,10000,0.008,33922962,36781894
2026-08-12T21:00:00.000Z,BTCUSDT,buy,100000,0.008,33922962,36781894
2026-08-12T21:00:00.000Z,BTCUSDT,buy,1000000,0.008,33922962,36781894
2026-08-12T21:00:00.000Z,BTCUSDT,buy,5000000,1.088,33922962,36781894
2026-08-12T21:00:00.000Z,BTCUSDT,sell,10000,0.008,33922962,36781894
2026-08-12T21:00:00.000Z,BTCUSDT,sell,100000,0.008,33922962,36781894
2026-08-12T21:00:00.000Z,BTCUSDT,sell,1000000,0.635,33922962,36781894
2026-08-12T21:00:00.000Z,BTCUSDT,sell,5000000,2.544,33922962,36781894
2026-08-12T21:00:00.000Z,DOGEUSDT,buy,10000,1.701,34467625,34235002
2026-08-12T21:00:00.000Z,DOGEUSDT,buy,100000,4.247,34467625,34235002
2026-08-12T21:00:00.000Z,DOGEUSDT,buy,1000000,22.959,34467625,34235002
2026-08-12T21:00:00.000Z,DOGEUSDT,buy,5000000,73.024,34467625,34235002
2026-08-12T21:00:00.000Z,DOGEUSDT,sell,10000,0.718,34467625,34235002
2026-08-12T21:00:00.000Z,DOGEUSDT,sell,100000,1.699,34467625,34235002
2026-08-12T21:00:00.000Z,DOGEUSDT,sell,1000000,14.166,34467625,34235002
2026-08-12T21:00:00.000Z,DOGEUSDT,sell,5000000,57.553,34467625,34235002
2026-08-12T21:00:00.000Z,ETHUSDT,buy,10000,0.027,52517679,54134104
2026-08-12T21:00:00.000Z,ETHUSDT,buy,100000,0.648,52517679,54134104
2026-08-12T21:00:00.000Z,ETHUSDT,buy,1000000,1.536,52517679,54134104
2026-08-12T21:00:00.000Z,ETHUSDT,buy,5000000,3.993,52517679,54134104
2026-08-12T21:00:00.000Z,ETHUSDT,sell,10000,0.027,52517679,54134104
2026-08-12T21:00:00.000Z,ETHUSDT,sell,100000,0.027,52517679,54134104
2026-08-12T21:00:00.000Z,ETHUSDT,sell,1000000,0.871,52517679,54134104
2026-08-12T21:00:00.000Z,ETHUSDT,sell,5000000,3.679,52517679,54134104
2026-08-12T21:00:00.000Z,LINKUSDT,buy,10000,0.577,9114688,7379927
2026-08-12T21:00:00.000Z,LINKUSDT,buy,100000,2.852,9114688,7379927
2026-08-12T21:00:00.000Z,LINKUSDT,buy,1000000,33.237,9114688,7379927
2026-08-12T21:00:00.000Z,LINKUSDT,buy,5000000,134.539,9114688,7379927
2026-08-12T21:00:00.000Z,LINKUSDT,sell,10000,1.725,9114688,7379927
2026-08-12T21:00:00.000Z,LINKUSDT,sell,100000,7.529,9114688,7379927
2026-08-12T21:00:00.000Z,LINKUSDT,sell,1000000,38.687,9114688,7379927
2026-08-12T21:00:00.000Z,LINKUSDT,sell,5000000,125.547,9114688,7379927
2026-08-12T21:00:00.000Z,SOLUSDT,buy,10000,0.807,79495538,70901516
2026-08-12T21:00:00.000Z,SOLUSDT,buy,100000,1.866,79495538,70901516
2026-08-12T21:00:00.000Z,SOLUSDT,buy,1000000,5.438,79495538,70901516
2026-08-12T21:00:00.000Z,SOLUSDT,buy,5000000,18.96,79495538,70901516
2026-08-12T21:00:00.000Z,SOLUSDT,sell,10000,0.661,79495538,70901516
2026-08-12T21:00:00.000Z,SOLUSDT,sell,100000,0.894,79495538,70901516
2026-08-12T21:00:00.000Z,SOLUSDT,sell,1000000,4.576,79495538,70901516
2026-08-12T21:00:00.000Z,SOLUSDT,sell,5000000,17.604,79495538,70901516
2026-08-12T21:00:00.000Z,XRPUSDT,buy,10000,0.497,32881763,26503937
2026-08-12T21:00:00.000Z,XRPUSDT,buy,100000,1.564,32881763,26503937
2026-08-12T21:00:00.000Z,XRPUSDT,buy,1000000,10.998,32881763,26503937
2026-08-12T21:00:00.000Z,XRPUSDT,buy,5000000,56.594,32881763,26503937
2026-08-12T21:00:00.000Z,XRPUSDT,sell,10000,0.592,32881763,26503937
2026-08-12T21:00:00.000Z,XRPUSDT,sell,100000,1.618,32881763,26503937
2026-08-12T21:00:00.000Z,XRPUSDT,sell,1000000,8.243,32881763,26503937
2026-08-12T21:00:00.000Z,XRPUSDT,sell,5000000,37.133,32881763,26503937
2026-08-12T22:00:00.000Z,ADAUSDT,buy,10000,2.75,13088975,10988869
2026-08-12T22:00:00.000Z,ADAUSDT,buy,100000,6.397,13088975,10988869
2026-08-12T22:00:00.000Z,ADAUSDT,buy,1000000,28.208,13088975,10988869
2026-08-12T22:00:00.000Z,ADAUSDT,buy,5000000,110.136,13088975,10988869
2026-08-12T22:00:00.000Z,ADAUSDT,sell,10000,2.75,13088975,10988869
2026-08-12T22:00:00.000Z,ADAUSDT,sell,100000,7.356,13088975,10988869
2026-08-12T22:00:00.000Z,ADAUSDT,sell,1000000,31.163,13088975,10988869
2026-08-12T22:00:00.000Z,ADAUSDT,sell,5000000,108.959,13088975,10988869
2026-08-12T22:00:00.000Z,BNBUSDT,buy,10000,0.082,16789863,8711382
2026-08-12T22:00:00.000Z,BNBUSDT,buy,100000,1.076,16789863,8711382
2026-08-12T22:00:00.000Z,BNBUSDT,buy,1000000,7.863,16789863,8711382
2026-08-12T22:00:00.000Z,BNBUSDT,buy,5000000,38.365,16789863,8711382
2026-08-12T22:00:00.000Z,BNBUSDT,sell,10000,0.152,16789863,8711382
2026-08-12T22:00:00.000Z,BNBUSDT,sell,100000,1.66,16789863,8711382
2026-08-12T22:00:00.000Z,BNBUSDT,sell,1000000,9.378,16789863,8711382
2026-08-12T22:00:00.000Z,BNBUSDT,sell,5000000,32.849,16789863,8711382
2026-08-12T22:00:00.000Z,BTCUSDT,buy,10000,0.008,40044237,44542112
2026-08-12T22:00:00.000Z,BTCUSDT,buy,100000,0.008,40044237,44542112
2026-08-12T22:00:00.000Z,BTCUSDT,buy,1000000,0.527,40044237,44542112
2026-08-12T22:00:00.000Z,BTCUSDT,buy,5000000,1.763,40044237,44542112
2026-08-12T22:00:00.000Z,BTCUSDT,sell,10000,0.008,40044237,44542112
2026-08-12T22:00:00.000Z,BTCUSDT,sell,100000,0.008,40044237,44542112
2026-08-12T22:00:00.000Z,BTCUSDT,sell,1000000,0.207,40044237,44542112
2026-08-12T22:00:00.000Z,BTCUSDT,sell,5000000,1.646,40044237,44542112
2026-08-12T22:00:00.000Z,DOGEUSDT,buy,10000,0.721,35772801,36586002
2026-08-12T22:00:00.000Z,DOGEUSDT,buy,100000,1.417,35772801,36586002
2026-08-12T22:00:00.000Z,DOGEUSDT,buy,1000000,9.008,35772801,36586002
2026-08-12T22:00:00.000Z,DOGEUSDT,buy,5000000,43.001,35772801,36586002
2026-08-12T22:00:00.000Z,DOGEUSDT,sell,10000,0.721,35772801,36586002
2026-08-12T22:00:00.000Z,DOGEUSDT,sell,100000,2.616,35772801,36586002
2026-08-12T22:00:00.000Z,DOGEUSDT,sell,1000000,9.48,35772801,36586002
2026-08-12T22:00:00.000Z,DOGEUSDT,sell,5000000,40.879,35772801,36586002
2026-08-12T22:00:00.000Z,ETHUSDT,buy,10000,0.027,74621163,60639469
2026-08-12T22:00:00.000Z,ETHUSDT,buy,100000,0.027,74621163,60639469
2026-08-12T22:00:00.000Z,ETHUSDT,buy,1000000,1.389,74621163,60639469
2026-08-12T22:00:00.000Z,ETHUSDT,buy,5000000,3.604,74621163,60639469
2026-08-12T22:00:00.000Z,ETHUSDT,sell,10000,0.027,74621163,60639469
2026-08-12T22:00:00.000Z,ETHUSDT,sell,100000,0.027,74621163,60639469
2026-08-12T22:00:00.000Z,ETHUSDT,sell,1000000,0.234,74621163,60639469
2026-08-12T22:00:00.000Z,ETHUSDT,sell,5000000,2.353,74621163,60639469
2026-08-12T22:00:00.000Z,LINKUSDT,buy,10000,0.577,9417242,7870499
2026-08-12T22:00:00.000Z,LINKUSDT,buy,100000,2.815,9417242,7870499
2026-08-12T22:00:00.000Z,LINKUSDT,buy,1000000,25.247,9417242,7870499
2026-08-12T22:00:00.000Z,LINKUSDT,buy,5000000,113.539,9417242,7870499
2026-08-12T22:00:00.000Z,LINKUSDT,sell,10000,1.578,9417242,7870499
2026-08-12T22:00:00.000Z,LINKUSDT,sell,100000,5.557,9417242,7870499
2026-08-12T22:00:00.000Z,LINKUSDT,sell,1000000,30.659,9417242,7870499
2026-08-12T22:00:00.000Z,LINKUSDT,sell,5000000,111.277,9417242,7870499
2026-08-12T22:00:00.000Z,SOLUSDT,buy,10000,0.663,83334981,76623073
2026-08-12T22:00:00.000Z,SOLUSDT,buy,100000,0.663,83334981,76623073
2026-08-12T22:00:00.000Z,SOLUSDT,buy,1000000,2.143,83334981,76623073
2026-08-12T22:00:00.000Z,SOLUSDT,buy,5000000,9.096,83334981,76623073
2026-08-12T22:00:00.000Z,SOLUSDT,sell,10000,0.663,83334981,76623073
2026-08-12T22:00:00.000Z,SOLUSDT,sell,100000,0.663,83334981,76623073
2026-08-12T22:00:00.000Z,SOLUSDT,sell,1000000,2.269,83334981,76623073
2026-08-12T22:00:00.000Z,SOLUSDT,sell,5000000,10.858,83334981,76623073
2026-08-12T22:00:00.000Z,XRPUSDT,buy,10000,0.498,35331144,29478475
2026-08-12T22:00:00.000Z,XRPUSDT,buy,100000,0.919,35331144,29478475
2026-08-12T22:00:00.000Z,XRPUSDT,buy,1000000,4.327,35331144,29478475
2026-08-12T22:00:00.000Z,XRPUSDT,buy,5000000,26.264,35331144,29478475
2026-08-12T22:00:00.000Z,XRPUSDT,sell,10000,0.763,35331144,29478475
2026-08-12T22:00:00.000Z,XRPUSDT,sell,100000,2.044,35331144,29478475
2026-08-12T22:00:00.000Z,XRPUSDT,sell,1000000,6.303,35331144,29478475
2026-08-12T22:00:00.000Z,XRPUSDT,sell,5000000,26.164,35331144,29478475
2026-08-12T23:00:00.000Z,ADAUSDT,buy,10000,2.74,13268244,10801917
2026-08-12T23:00:00.000Z,ADAUSDT,buy,100000,6.568,13268244,10801917
2026-08-12T23:00:00.000Z,ADAUSDT,buy,1000000,27.935,13268244,10801917
2026-08-12T23:00:00.000Z,ADAUSDT,buy,5000000,104.643,13268244,10801917
2026-08-12T23:00:00.000Z,ADAUSDT,sell,10000,2.74,13268244,10801917
2026-08-12T23:00:00.000Z,ADAUSDT,sell,100000,5.664,13268244,10801917
2026-08-12T23:00:00.000Z,ADAUSDT,sell,1000000,24.665,13268244,10801917
2026-08-12T23:00:00.000Z,ADAUSDT,sell,5000000,105.048,13268244,10801917
2026-08-12T23:00:00.000Z,BNBUSDT,buy,10000,0.168,14460000,8541869
2026-08-12T23:00:00.000Z,BNBUSDT,buy,100000,1.207,14460000,8541869
2026-08-12T23:00:00.000Z,BNBUSDT,buy,1000000,9.148,14460000,8541869
2026-08-12T23:00:00.000Z,BNBUSDT,buy,5000000,39.574,14460000,8541869
2026-08-12T23:00:00.000Z,BNBUSDT,sell,10000,0.085,14460000,8541869
2026-08-12T23:00:00.000Z,BNBUSDT,sell,100000,1.59,14460000,8541869
2026-08-12T23:00:00.000Z,BNBUSDT,sell,1000000,7.965,14460000,8541869
2026-08-12T23:00:00.000Z,BNBUSDT,sell,5000000,33.697,14460000,8541869
2026-08-12T23:00:00.000Z,BTCUSDT,buy,10000,0.008,45311989,43135533
2026-08-12T23:00:00.000Z,BTCUSDT,buy,100000,0.008,45311989,43135533
2026-08-12T23:00:00.000Z,BTCUSDT,buy,1000000,0.173,45311989,43135533
2026-08-12T23:00:00.000Z,BTCUSDT,buy,5000000,1.606,45311989,43135533
2026-08-12T23:00:00.000Z,BTCUSDT,sell,10000,0.008,45311989,43135533
2026-08-12T23:00:00.000Z,BTCUSDT,sell,100000,0.008,45311989,43135533
2026-08-12T23:00:00.000Z,BTCUSDT,sell,1000000,0.484,45311989,43135533
2026-08-12T23:00:00.000Z,BTCUSDT,sell,5000000,2.029,45311989,43135533
2026-08-12T23:00:00.000Z,DOGEUSDT,buy,10000,0.719,34721466,36145108
2026-08-12T23:00:00.000Z,DOGEUSDT,buy,100000,2.31,34721466,36145108
2026-08-12T23:00:00.000Z,DOGEUSDT,buy,1000000,11.607,34721466,36145108
2026-08-12T23:00:00.000Z,DOGEUSDT,buy,5000000,39.806,34721466,36145108
2026-08-12T23:00:00.000Z,DOGEUSDT,sell,10000,0.719,34721466,36145108
2026-08-12T23:00:00.000Z,DOGEUSDT,sell,100000,1.237,34721466,36145108
2026-08-12T23:00:00.000Z,DOGEUSDT,sell,1000000,7.239,34721466,36145108
2026-08-12T23:00:00.000Z,DOGEUSDT,sell,5000000,39.188,34721466,36145108
2026-08-12T23:00:00.000Z,ETHUSDT,buy,10000,0.027,75140866,58887535
2026-08-12T23:00:00.000Z,ETHUSDT,buy,100000,0.027,75140866,58887535
2026-08-12T23:00:00.000Z,ETHUSDT,buy,1000000,1.106,75140866,58887535
2026-08-12T23:00:00.000Z,ETHUSDT,buy,5000000,3.424,75140866,58887535
2026-08-12T23:00:00.000Z,ETHUSDT,sell,10000,0.027,75140866,58887535
2026-08-12T23:00:00.000Z,ETHUSDT,sell,100000,0.027,75140866,58887535
2026-08-12T23:00:00.000Z,ETHUSDT,sell,1000000,0.145,75140866,58887535
2026-08-12T23:00:00.000Z,ETHUSDT,sell,5000000,1.764,75140866,58887535
2026-08-12T23:00:00.000Z,LINKUSDT,buy,10000,1.159,9158870,7596914
2026-08-12T23:00:00.000Z,LINKUSDT,buy,100000,3.574,9158870,7596914
2026-08-12T23:00:00.000Z,LINKUSDT,buy,1000000,26.607,9158870,7596914
2026-08-12T23:00:00.000Z,LINKUSDT,buy,5000000,120.629,9158870,7596914
2026-08-12T23:00:00.000Z,LINKUSDT,sell,10000,0.576,9158870,7596914
2026-08-12T23:00:00.000Z,LINKUSDT,sell,100000,4.162,9158870,7596914
2026-08-12T23:00:00.000Z,LINKUSDT,sell,1000000,27.685,9158870,7596914
2026-08-12T23:00:00.000Z,LINKUSDT,sell,5000000,116.485,9158870,7596914
2026-08-12T23:00:00.000Z,SOLUSDT,buy,10000,0.662,84020452,76061442
2026-08-12T23:00:00.000Z,SOLUSDT,buy,100000,0.662,84020452,76061442
2026-08-12T23:00:00.000Z,SOLUSDT,buy,1000000,3.066,84020452,76061442
2026-08-12T23:00:00.000Z,SOLUSDT,buy,5000000,11.745,84020452,76061442
2026-08-12T23:00:00.000Z,SOLUSDT,sell,10000,0.662,84020452,76061442
2026-08-12T23:00:00.000Z,SOLUSDT,sell,100000,0.662,84020452,76061442
2026-08-12T23:00:00.000Z,SOLUSDT,sell,1000000,2.677,84020452,76061442
2026-08-12T23:00:00.000Z,SOLUSDT,sell,5000000,10.423,84020452,76061442
2026-08-12T23:00:00.000Z,XRPUSDT,buy,10000,0.498,35686756,28486838
2026-08-12T23:00:00.000Z,XRPUSDT,buy,100000,1.459,35686756,28486838
2026-08-12T23:00:00.000Z,XRPUSDT,buy,1000000,6.383,35686756,28486838
2026-08-12T23:00:00.000Z,XRPUSDT,buy,5000000,30.752,35686756,28486838
2026-08-12T23:00:00.000Z,XRPUSDT,sell,10000,0.498,35686756,28486838
2026-08-12T23:00:00.000Z,XRPUSDT,sell,100000,0.82,35686756,28486838
2026-08-12T23:00:00.000Z,XRPUSDT,sell,1000000,3.87,35686756,28486838
2026-08-12T23:00:00.000Z,XRPUSDT,sell,5000000,26.739,35686756,28486838
2026-08-13T00:00:00.000Z,ADAUSDT,buy,10000,2.746,13019943,10868583
2026-08-13T00:00:00.000Z,ADAUSDT,buy,100000,4.856,13019943,10868583
2026-08-13T00:00:00.000Z,ADAUSDT,buy,1000000,26.033,13019943,10868583
2026-08-13T00:00:00.000Z,ADAUSDT,buy,5000000,112.984,13019943,10868583
2026-08-13T00:00:00.000Z,ADAUSDT,sell,10000,2.746,13019943,10868583
2026-08-13T00:00:00.000Z,ADAUSDT,sell,100000,5.55,13019943,10868583
2026-08-13T00:00:00.000Z,ADAUSDT,sell,1000000,31.334,13019943,10868583
2026-08-13T00:00:00.000Z,ADAUSDT,sell,5000000,99.812,13019943,10868583
2026-08-13T00:00:00.000Z,BNBUSDT,buy,10000,0.082,14381963,8948096
2026-08-13T00:00:00.000Z,BNBUSDT,buy,100000,0.886,14381963,8948096
2026-08-13T00:00:00.000Z,BNBUSDT,buy,1000000,8.702,14381963,8948096
2026-08-13T00:00:00.000Z,BNBUSDT,buy,5000000,38.591,14381963,8948096
2026-08-13T00:00:00.000Z,BNBUSDT,sell,10000,0.684,14381963,8948096
2026-08-13T00:00:00.000Z,BNBUSDT,sell,100000,2.218,14381963,8948096
2026-08-13T00:00:00.000Z,BNBUSDT,sell,1000000,9.502,14381963,8948096
2026-08-13T00:00:00.000Z,BNBUSDT,sell,5000000,35.643,14381963,8948096
2026-08-13T00:00:00.000Z,BTCUSDT,buy,10000,0.008,36487160,46917432
2026-08-13T00:00:00.000Z,BTCUSDT,buy,100000,0.008,36487160,46917432
2026-08-13T00:00:00.000Z,BTCUSDT,buy,1000000,0.008,36487160,46917432
2026-08-13T00:00:00.000Z,BTCUSDT,buy,5000000,1.418,36487160,46917432
2026-08-13T00:00:00.000Z,BTCUSDT,sell,10000,0.008,36487160,46917432
2026-08-13T00:00:00.000Z,BTCUSDT,sell,100000,0.008,36487160,46917432
2026-08-13T00:00:00.000Z,BTCUSDT,sell,1000000,0.728,36487160,46917432
2026-08-13T00:00:00.000Z,BTCUSDT,sell,5000000,2.499,36487160,46917432
2026-08-13T00:00:00.000Z,DOGEUSDT,buy,10000,0.715,35860197,35701504
2026-08-13T00:00:00.000Z,DOGEUSDT,buy,100000,1.13,35860197,35701504
2026-08-13T00:00:00.000Z,DOGEUSDT,buy,1000000,10.766,35860197,35701504
2026-08-13T00:00:00.000Z,DOGEUSDT,buy,5000000,41.422,35860197,35701504
2026-08-13T00:00:00.000Z,DOGEUSDT,sell,10000,0.715,35860197,35701504
2026-08-13T00:00:00.000Z,DOGEUSDT,sell,100000,2.367,35860197,35701504
2026-08-13T00:00:00.000Z,DOGEUSDT,sell,1000000,9.157,35860197,35701504
2026-08-13T00:00:00.000Z,DOGEUSDT,sell,5000000,41.362,35860197,35701504
2026-08-13T00:00:00.000Z,ETHUSDT,buy,10000,0.027,74828781,71940112
2026-08-13T00:00:00.000Z,ETHUSDT,buy,100000,0.027,74828781,71940112
2026-08-13T00:00:00.000Z,ETHUSDT,buy,1000000,1.277,74828781,71940112
2026-08-13T00:00:00.000Z,ETHUSDT,buy,5000000,4.43,74828781,71940112
2026-08-13T00:00:00.000Z,ETHUSDT,sell,10000,0.027,74828781,71940112
2026-08-13T00:00:00.000Z,ETHUSDT,sell,100000,0.027,74828781,71940112
2026-08-13T00:00:00.000Z,ETHUSDT,sell,1000000,0.573,74828781,71940112
2026-08-13T00:00:00.000Z,ETHUSDT,sell,5000000,2.676,74828781,71940112
2026-08-13T00:00:00.000Z,LINKUSDT,buy,10000,1.451,8957819,7667178
2026-08-13T00:00:00.000Z,LINKUSDT,buy,100000,3.665,8957819,7667178
2026-08-13T00:00:00.000Z,LINKUSDT,buy,1000000,28.477,8957819,7667178
2026-08-13T00:00:00.000Z,LINKUSDT,buy,5000000,121.753,8957819,7667178
2026-08-13T00:00:00.000Z,LINKUSDT,sell,10000,1.222,8957819,7667178
2026-08-13T00:00:00.000Z,LINKUSDT,sell,100000,4.353,8957819,7667178
2026-08-13T00:00:00.000Z,LINKUSDT,sell,1000000,31.011,8957819,7667178
2026-08-13T00:00:00.000Z,LINKUSDT,sell,5000000,120.29,8957819,7667178
2026-08-13T00:00:00.000Z,SOLUSDT,buy,10000,0.662,85160997,76074987
2026-08-13T00:00:00.000Z,SOLUSDT,buy,100000,0.662,85160997,76074987
2026-08-13T00:00:00.000Z,SOLUSDT,buy,1000000,2.785,85160997,76074987
2026-08-13T00:00:00.000Z,SOLUSDT,buy,5000000,11.779,85160997,76074987
2026-08-13T00:00:00.000Z,SOLUSDT,sell,10000,0.662,85160997,76074987
2026-08-13T00:00:00.000Z,SOLUSDT,sell,100000,1.497,85160997,76074987
2026-08-13T00:00:00.000Z,SOLUSDT,sell,1000000,3.726,85160997,76074987
2026-08-13T00:00:00.000Z,SOLUSDT,sell,5000000,12.37,85160997,76074987
2026-08-13T00:00:00.000Z,XRPUSDT,buy,10000,0.498,36463727,29697397
2026-08-13T00:00:00.000Z,XRPUSDT,buy,100000,0.498,36463727,29697397
2026-08-13T00:00:00.000Z,XRPUSDT,buy,1000000,3.486,36463727,29697397
2026-08-13T00:00:00.000Z,XRPUSDT,buy,5000000,25.408,36463727,29697397
2026-08-13T00:00:00.000Z,XRPUSDT,sell,10000,0.498,36463727,29697397
2026-08-13T00:00:00.000Z,XRPUSDT,sell,100000,1.47,36463727,29697397
2026-08-13T00:00:00.000Z,XRPUSDT,sell,1000000,5.268,36463727,29697397
2026-08-13T00:00:00.000Z,XRPUSDT,sell,5000000,24.886,36463727,29697397
2026-08-13T01:00:00.000Z,ADAUSDT,buy,10000,2.754,13372652,10901936
2026-08-13T01:00:00.000Z,ADAUSDT,buy,100000,6.324,13372652,10901936
2026-08-13T01:00:00.000Z,ADAUSDT,buy,1000000,27.07,13372652,10901936
2026-08-13T01:00:00.000Z,ADAUSDT,buy,5000000,115.389,13372652,10901936
2026-08-13T01:00:00.000Z,ADAUSDT,sell,10000,2.754,13372652,10901936
2026-08-13T01:00:00.000Z,ADAUSDT,sell,100000,7.017,13372652,10901936
2026-08-13T01:00:00.000Z,ADAUSDT,sell,1000000,28.45,13372652,10901936
2026-08-13T01:00:00.000Z,ADAUSDT,sell,5000000,98.462,13372652,10901936
2026-08-13T01:00:00.000Z,BNBUSDT,buy,10000,0.322,15014064,8621180
2026-08-13T01:00:00.000Z,BNBUSDT,buy,100000,1.749,15014064,8621180
2026-08-13T01:00:00.000Z,BNBUSDT,buy,1000000,10.105,15014064,8621180
2026-08-13T01:00:00.000Z,BNBUSDT,buy,5000000,40.373,15014064,8621180
2026-08-13T01:00:00.000Z,BNBUSDT,sell,10000,0.29,15014064,8621180
2026-08-13T01:00:00.000Z,BNBUSDT,sell,100000,0.901,15014064,8621180
2026-08-13T01:00:00.000Z,BNBUSDT,sell,1000000,7.991,15014064,8621180
2026-08-13T01:00:00.000Z,BNBUSDT,sell,5000000,32.707,15014064,8621180
2026-08-13T01:00:00.000Z,BTCUSDT,buy,10000,0.008,45444311,40042916
2026-08-13T01:00:00.000Z,BTCUSDT,buy,100000,0.008,45444311,40042916
2026-08-13T01:00:00.000Z,BTCUSDT,buy,1000000,0.008,45444311,40042916
2026-08-13T01:00:00.000Z,BTCUSDT,buy,5000000,0.567,45444311,40042916
2026-08-13T01:00:00.000Z,BTCUSDT,sell,10000,0.008,45444311,40042916
2026-08-13T01:00:00.000Z,BTCUSDT,sell,100000,0.149,45444311,40042916
2026-08-13T01:00:00.000Z,BTCUSDT,sell,1000000,1.003,45444311,40042916
2026-08-13T01:00:00.000Z,BTCUSDT,sell,5000000,2.613,45444311,40042916
2026-08-13T01:00:00.000Z,DOGEUSDT,buy,10000,0.716,36110961,36295479
2026-08-13T01:00:00.000Z,DOGEUSDT,buy,100000,1.211,36110961,36295479
2026-08-13T01:00:00.000Z,DOGEUSDT,buy,1000000,9.879,36110961,36295479
2026-08-13T01:00:00.000Z,DOGEUSDT,buy,5000000,38.665,36110961,36295479
2026-08-13T01:00:00.000Z,DOGEUSDT,sell,10000,1.347,36110961,36295479
2026-08-13T01:00:00.000Z,DOGEUSDT,sell,100000,2.806,36110961,36295479
2026-08-13T01:00:00.000Z,DOGEUSDT,sell,1000000,9.531,36110961,36295479
2026-08-13T01:00:00.000Z,DOGEUSDT,sell,5000000,38.26,36110961,36295479
2026-08-13T01:00:00.000Z,ETHUSDT,buy,10000,0.027,77011871,63800744
2026-08-13T01:00:00.000Z,ETHUSDT,buy,100000,0.027,77011871,63800744
2026-08-13T01:00:00.000Z,ETHUSDT,buy,1000000,0.985,77011871,63800744
2026-08-13T01:00:00.000Z,ETHUSDT,buy,5000000,4.011,77011871,63800744
2026-08-13T01:00:00.000Z,ETHUSDT,sell,10000,0.027,77011871,63800744
2026-08-13T01:00:00.000Z,ETHUSDT,sell,100000,0.027,77011871,63800744
2026-08-13T01:00:00.000Z,ETHUSDT,sell,1000000,0.257,77011871,63800744
2026-08-13T01:00:00.000Z,ETHUSDT,sell,5000000,1.123,77011871,63800744
2026-08-13T01:00:00.000Z,LINKUSDT,buy,10000,1.332,9270756,7729437
2026-08-13T01:00:00.000Z,LINKUSDT,buy,100000,3.327,9270756,7729437
2026-08-13T01:00:00.000Z,LINKUSDT,buy,1000000,28.761,9270756,7729437
2026-08-13T01:00:00.000Z,LINKUSDT,buy,5000000,122.174,9270756,7729437
2026-08-13T01:00:00.000Z,LINKUSDT,sell,10000,0.956,9270756,7729437
2026-08-13T01:00:00.000Z,LINKUSDT,sell,100000,3.982,9270756,7729437
2026-08-13T01:00:00.000Z,LINKUSDT,sell,1000000,27.491,9270756,7729437
2026-08-13T01:00:00.000Z,LINKUSDT,sell,5000000,113.347,9270756,7729437
2026-08-13T01:00:00.000Z,SOLUSDT,buy,10000,0.661,85036151,79164671
2026-08-13T01:00:00.000Z,SOLUSDT,buy,100000,0.661,85036151,79164671
2026-08-13T01:00:00.000Z,SOLUSDT,buy,1000000,2.336,85036151,79164671
2026-08-13T01:00:00.000Z,SOLUSDT,buy,5000000,10.071,85036151,79164671
2026-08-13T01:00:00.000Z,SOLUSDT,sell,10000,0.661,85036151,79164671
2026-08-13T01:00:00.000Z,SOLUSDT,sell,100000,1.466,85036151,79164671
2026-08-13T01:00:00.000Z,SOLUSDT,sell,1000000,3.321,85036151,79164671
2026-08-13T01:00:00.000Z,SOLUSDT,sell,5000000,11.81,85036151,79164671
2026-08-13T01:00:00.000Z,XRPUSDT,buy,10000,0.498,36247762,28853008
2026-08-13T01:00:00.000Z,XRPUSDT,buy,100000,0.498,36247762,28853008
2026-08-13T01:00:00.000Z,XRPUSDT,buy,1000000,5.194,36247762,28853008
2026-08-13T01:00:00.000Z,XRPUSDT,buy,5000000,28.422,36247762,28853008
2026-08-13T01:00:00.000Z,XRPUSDT,sell,10000,0.665,36247762,28853008
2026-08-13T01:00:00.000Z,XRPUSDT,sell,100000,1.749,36247762,28853008
2026-08-13T01:00:00.000Z,XRPUSDT,sell,1000000,5.217,36247762,28853008
2026-08-13T01:00:00.000Z,XRPUSDT,sell,5000000,26.94,36247762,28853008
2026-08-13T02:00:00.000Z,ADAUSDT,buy,10000,2.74,16426977,10856583
2026-08-13T02:00:00.000Z,ADAUSDT,buy,100000,7.185,16426977,10856583
2026-08-13T02:00:00.000Z,ADAUSDT,buy,1000000,33.64,16426977,10856583
2026-08-13T02:00:00.000Z,ADAUSDT,buy,5000000,106.879,16426977,10856583
2026-08-13T02:00:00.000Z,ADAUSDT,sell,10000,2.74,16426977,10856583
2026-08-13T02:00:00.000Z,ADAUSDT,sell,100000,2.74,16426977,10856583
2026-08-13T02:00:00.000Z,ADAUSDT,sell,1000000,18.514,16426977,10856583
2026-08-13T02:00:00.000Z,ADAUSDT,sell,5000000,50.231,16426977,10856583
2026-08-13T02:00:00.000Z,BNBUSDT,buy,10000,0.082,15055882,9092115
2026-08-13T02:00:00.000Z,BNBUSDT,buy,100000,1.555,15055882,9092115
2026-08-13T02:00:00.000Z,BNBUSDT,buy,1000000,8.995,15055882,9092115
2026-08-13T02:00:00.000Z,BNBUSDT,buy,5000000,37.297,15055882,9092115
2026-08-13T02:00:00.000Z,BNBUSDT,sell,10000,0.169,15055882,9092115
2026-08-13T02:00:00.000Z,BNBUSDT,sell,100000,1.618,15055882,9092115
2026-08-13T02:00:00.000Z,BNBUSDT,sell,1000000,7.649,15055882,9092115
2026-08-13T02:00:00.000Z,BNBUSDT,sell,5000000,32.682,15055882,9092115
2026-08-13T02:00:00.000Z,BTCUSDT,buy,10000,0.008,37331129,49808006
2026-08-13T02:00:00.000Z,BTCUSDT,buy,100000,0.008,37331129,49808006
2026-08-13T02:00:00.000Z,BTCUSDT,buy,1000000,0.853,37331129,49808006
2026-08-13T02:00:00.000Z,BTCUSDT,buy,5000000,2.179,37331129,49808006
2026-08-13T02:00:00.000Z,BTCUSDT,sell,10000,0.008,37331129,49808006
2026-08-13T02:00:00.000Z,BTCUSDT,sell,100000,0.008,37331129,49808006
2026-08-13T02:00:00.000Z,BTCUSDT,sell,1000000,0.008,37331129,49808006
2026-08-13T02:00:00.000Z,BTCUSDT,sell,5000000,0.581,37331129,49808006
2026-08-13T02:00:00.000Z,DOGEUSDT,buy,10000,0.713,40889709,36177631
2026-08-13T02:00:00.000Z,DOGEUSDT,buy,100000,1.328,40889709,36177631
2026-08-13T02:00:00.000Z,DOGEUSDT,buy,1000000,10.852,40889709,36177631
2026-08-13T02:00:00.000Z,DOGEUSDT,buy,5000000,39.068,40889709,36177631
2026-08-13T02:00:00.000Z,DOGEUSDT,sell,10000,0.713,40889709,36177631
2026-08-13T02:00:00.000Z,DOGEUSDT,sell,100000,1.448,40889709,36177631
2026-08-13T02:00:00.000Z,DOGEUSDT,sell,1000000,7.861,40889709,36177631
2026-08-13T02:00:00.000Z,DOGEUSDT,sell,5000000,15.671,40889709,36177631
2026-08-13T02:00:00.000Z,ETHUSDT,buy,10000,0.027,76259393,69285220
2026-08-13T02:00:00.000Z,ETHUSDT,buy,100000,0.149,76259393,69285220
2026-08-13T02:00:00.000Z,ETHUSDT,buy,1000000,1.495,76259393,69285220
2026-08-13T02:00:00.000Z,ETHUSDT,buy,5000000,3.794,76259393,69285220
2026-08-13T02:00:00.000Z,ETHUSDT,sell,10000,0.027,76259393,69285220
2026-08-13T02:00:00.000Z,ETHUSDT,sell,100000,0.027,76259393,69285220
2026-08-13T02:00:00.000Z,ETHUSDT,sell,1000000,0.091,76259393,69285220
2026-08-13T02:00:00.000Z,ETHUSDT,sell,5000000,2.512,76259393,69285220
2026-08-13T02:00:00.000Z,LINKUSDT,buy,10000,1.353,11341844,7500905
2026-08-13T02:00:00.000Z,LINKUSDT,buy,100000,4.782,11341844,7500905
2026-08-13T02:00:00.000Z,LINKUSDT,buy,1000000,28.96,11341844,7500905
2026-08-13T02:00:00.000Z,LINKUSDT,buy,5000000,117.367,11341844,7500905
2026-08-13T02:00:00.000Z,LINKUSDT,sell,10000,0.578,11341844,7500905
2026-08-13T02:00:00.000Z,LINKUSDT,sell,100000,2.586,11341844,7500905
2026-08-13T02:00:00.000Z,LINKUSDT,sell,1000000,17.357,11341844,7500905
2026-08-13T02:00:00.000Z,LINKUSDT,sell,5000000,57.109,11341844,7500905
2026-08-13T02:00:00.000Z,SOLUSDT,buy,10000,0.66,97075890,77210066
2026-08-13T02:00:00.000Z,SOLUSDT,buy,100000,0.66,97075890,77210066
2026-08-13T02:00:00.000Z,SOLUSDT,buy,1000000,2.418,97075890,77210066
2026-08-13T02:00:00.000Z,SOLUSDT,buy,5000000,7.437,97075890,77210066
2026-08-13T02:00:00.000Z,SOLUSDT,sell,10000,0.66,97075890,77210066
2026-08-13T02:00:00.000Z,SOLUSDT,sell,100000,0.91,97075890,77210066
2026-08-13T02:00:00.000Z,SOLUSDT,sell,1000000,3.203,97075890,77210066
2026-08-13T02:00:00.000Z,SOLUSDT,sell,5000000,9.091,97075890,77210066
2026-08-13T02:00:00.000Z,XRPUSDT,buy,10000,0.497,39152061,29290989
2026-08-13T02:00:00.000Z,XRPUSDT,buy,100000,0.61,39152061,29290989
2026-08-13T02:00:00.000Z,XRPUSDT,buy,1000000,4.814,39152061,29290989
2026-08-13T02:00:00.000Z,XRPUSDT,buy,5000000,25.849,39152061,29290989
2026-08-13T02:00:00.000Z,XRPUSDT,sell,10000,0.652,39152061,29290989
2026-08-13T02:00:00.000Z,XRPUSDT,sell,100000,1.999,39152061,29290989
2026-08-13T02:00:00.000Z,XRPUSDT,sell,1000000,5.319,39152061,29290989
2026-08-13T02:00:00.000Z,XRPUSDT,sell,5000000,15.334,39152061,29290989
2026-08-13T03:00:00.000Z,ADAUSDT,buy,10000,2.718,14103708,10950575
2026-08-13T03:00:00.000Z,ADAUSDT,buy,100000,6.245,14103708,10950575
2026-08-13T03:00:00.000Z,ADAUSDT,buy,1000000,25.11,14103708,10950575
2026-08-13T03:00:00.000Z,ADAUSDT,buy,5000000,87.011,14103708,10950575
2026-08-13T03:00:00.000Z,ADAUSDT,sell,10000,3.823,14103708,10950575
2026-08-13T03:00:00.000Z,ADAUSDT,sell,100000,7.721,14103708,10950575
2026-08-13T03:00:00.000Z,ADAUSDT,sell,1000000,27.986,14103708,10950575
2026-08-13T03:00:00.000Z,ADAUSDT,sell,5000000,105.796,14103708,10950575
2026-08-13T03:00:00.000Z,BNBUSDT,buy,10000,0.082,13467872,9665946
2026-08-13T03:00:00.000Z,BNBUSDT,buy,100000,1.233,13467872,9665946
2026-08-13T03:00:00.000Z,BNBUSDT,buy,1000000,7.395,13467872,9665946
2026-08-13T03:00:00.000Z,BNBUSDT,buy,5000000,33.055,13467872,9665946
2026-08-13T03:00:00.000Z,BNBUSDT,sell,10000,0.082,13467872,9665946
2026-08-13T03:00:00.000Z,BNBUSDT,sell,100000,0.414,13467872,9665946
2026-08-13T03:00:00.000Z,BNBUSDT,sell,1000000,7.72,13467872,9665946
2026-08-13T03:00:00.000Z,BNBUSDT,sell,5000000,33.945,13467872,9665946
2026-08-13T03:00:00.000Z,BTCUSDT,buy,10000,0.008,45304670,40929493
2026-08-13T03:00:00.000Z,BTCUSDT,buy,100000,0.008,45304670,40929493
2026-08-13T03:00:00.000Z,BTCUSDT,buy,1000000,0.761,45304670,40929493
2026-08-13T03:00:00.000Z,BTCUSDT,buy,5000000,1.927,45304670,40929493
2026-08-13T03:00:00.000Z,BTCUSDT,sell,10000,0.008,45304670,40929493
2026-08-13T03:00:00.000Z,BTCUSDT,sell,100000,0.008,45304670,40929493
2026-08-13T03:00:00.000Z,BTCUSDT,sell,1000000,0.204,45304670,40929493
2026-08-13T03:00:00.000Z,BTCUSDT,sell,5000000,1.185,45304670,40929493
2026-08-13T03:00:00.000Z,DOGEUSDT,buy,10000,0.713,35750579,35243081
2026-08-13T03:00:00.000Z,DOGEUSDT,buy,100000,1.968,35750579,35243081
2026-08-13T03:00:00.000Z,DOGEUSDT,buy,1000000,12.283,35750579,35243081
2026-08-13T03:00:00.000Z,DOGEUSDT,buy,5000000,43.021,35750579,35243081
2026-08-13T03:00:00.000Z,DOGEUSDT,sell,10000,0.713,35750579,35243081
2026-08-13T03:00:00.000Z,DOGEUSDT,sell,100000,1.132,35750579,35243081
2026-08-13T03:00:00.000Z,DOGEUSDT,sell,1000000,9.69,35750579,35243081
2026-08-13T03:00:00.000Z,DOGEUSDT,sell,5000000,42.718,35750579,35243081
2026-08-13T03:00:00.000Z,ETHUSDT,buy,10000,0.027,79609769,69260305
2026-08-13T03:00:00.000Z,ETHUSDT,buy,100000,0.027,79609769,69260305
2026-08-13T03:00:00.000Z,ETHUSDT,buy,1000000,0.462,79609769,69260305
2026-08-13T03:00:00.000Z,ETHUSDT,buy,5000000,3.277,79609769,69260305
2026-08-13T03:00:00.000Z,ETHUSDT,sell,10000,0.027,79609769,69260305
2026-08-13T03:00:00.000Z,ETHUSDT,sell,100000,0.027,79609769,69260305
2026-08-13T03:00:00.000Z,ETHUSDT,sell,1000000,0.027,79609769,69260305
2026-08-13T03:00:00.000Z,ETHUSDT,sell,5000000,0.027,79609769,69260305
2026-08-13T03:00:00.000Z,LINKUSDT,buy,10000,0.574,9473174,7486457
2026-08-13T03:00:00.000Z,LINKUSDT,buy,100000,3.75,9473174,7486457
2026-08-13T03:00:00.000Z,LINKUSDT,buy,1000000,26.715,9473174,7486457
2026-08-13T03:00:00.000Z,LINKUSDT,buy,5000000,115.843,9473174,7486457
2026-08-13T03:00:00.000Z,LINKUSDT,sell,10000,1.299,9473174,7486457
2026-08-13T03:00:00.000Z,LINKUSDT,sell,100000,4.232,9473174,7486457
2026-08-13T03:00:00.000Z,LINKUSDT,sell,1000000,26.973,9473174,7486457
2026-08-13T03:00:00.000Z,LINKUSDT,sell,5000000,113.349,9473174,7486457
2026-08-13T03:00:00.000Z,SOLUSDT,buy,10000,0.656,89465655,73592595
2026-08-13T03:00:00.000Z,SOLUSDT,buy,100000,0.656,89465655,73592595
2026-08-13T03:00:00.000Z,SOLUSDT,buy,1000000,3.093,89465655,73592595
2026-08-13T03:00:00.000Z,SOLUSDT,buy,5000000,13.206,89465655,73592595
2026-08-13T03:00:00.000Z,SOLUSDT,sell,10000,0.656,89465655,73592595
2026-08-13T03:00:00.000Z,SOLUSDT,sell,100000,0.656,89465655,73592595
2026-08-13T03:00:00.000Z,SOLUSDT,sell,1000000,1.195,89465655,73592595
2026-08-13T03:00:00.000Z,SOLUSDT,sell,5000000,6.223,89465655,73592595
2026-08-13T03:00:00.000Z,XRPUSDT,buy,10000,0.494,37060212,28710785
2026-08-13T03:00:00.000Z,XRPUSDT,buy,100000,0.815,37060212,28710785
2026-08-13T03:00:00.000Z,XRPUSDT,buy,1000000,5.735,37060212,28710785
2026-08-13T03:00:00.000Z,XRPUSDT,buy,5000000,28.221,37060212,28710785
2026-08-13T03:00:00.000Z,XRPUSDT,sell,10000,0.494,37060212,28710785
2026-08-13T03:00:00.000Z,XRPUSDT,sell,100000,0.494,37060212,28710785
2026-08-13T03:00:00.000Z,XRPUSDT,sell,1000000,2.797,37060212,28710785
2026-08-13T03:00:00.000Z,XRPUSDT,sell,5000000,22.528,37060212,28710785
2026-08-13T04:00:00.000Z,ADAUSDT,buy,10000,2.723,14056362,11221341
2026-08-13T04:00:00.000Z,ADAUSDT,buy,100000,5.145,14056362,11221341
2026-08-13T04:00:00.000Z,ADAUSDT,buy,1000000,27.661,14056362,11221341
2026-08-13T04:00:00.000Z,ADAUSDT,buy,5000000,91.912,14056362,11221341
2026-08-13T04:00:00.000Z,ADAUSDT,sell,10000,2.723,14056362,11221341
2026-08-13T04:00:00.000Z,ADAUSDT,sell,100000,5.56,14056362,11221341
2026-08-13T04:00:00.000Z,ADAUSDT,sell,1000000,26.095,14056362,11221341
2026-08-13T04:00:00.000Z,ADAUSDT,sell,5000000,96.947,14056362,11221341
2026-08-13T04:00:00.000Z,BNBUSDT,buy,10000,0.122,13126709,9909024
2026-08-13T04:00:00.000Z,BNBUSDT,buy,100000,1.643,13126709,9909024
2026-08-13T04:00:00.000Z,BNBUSDT,buy,1000000,7.988,13126709,9909024
2026-08-13T04:00:00.000Z,BNBUSDT,buy,5000000,32.412,13126709,9909024
2026-08-13T04:00:00.000Z,BNBUSDT,sell,10000,0.082,13126709,9909024
2026-08-13T04:00:00.000Z,BNBUSDT,sell,100000,1.033,13126709,9909024
2026-08-13T04:00:00.000Z,BNBUSDT,sell,1000000,8.606,13126709,9909024
2026-08-13T04:00:00.000Z,BNBUSDT,sell,5000000,34.434,13126709,9909024
2026-08-13T04:00:00.000Z,BTCUSDT,buy,10000,0.008,39704540,52797008
2026-08-13T04:00:00.000Z,BTCUSDT,buy,100000,0.008,39704540,52797008
2026-08-13T04:00:00.000Z,BTCUSDT,buy,1000000,0.555,39704540,52797008
2026-08-13T04:00:00.000Z,BTCUSDT,buy,5000000,2.244,39704540,52797008
2026-08-13T04:00:00.000Z,BTCUSDT,sell,10000,0.008,39704540,52797008
2026-08-13T04:00:00.000Z,BTCUSDT,sell,100000,0.008,39704540,52797008
2026-08-13T04:00:00.000Z,BTCUSDT,sell,1000000,0.292,39704540,52797008
2026-08-13T04:00:00.000Z,BTCUSDT,sell,5000000,1.581,39704540,52797008
2026-08-13T04:00:00.000Z,DOGEUSDT,buy,10000,0.711,36484751,39746563
2026-08-13T04:00:00.000Z,DOGEUSDT,buy,100000,1.793,36484751,39746563
2026-08-13T04:00:00.000Z,DOGEUSDT,buy,1000000,9.217,36484751,39746563
2026-08-13T04:00:00.000Z,DOGEUSDT,buy,5000000,39.89,36484751,39746563
2026-08-13T04:00:00.000Z,DOGEUSDT,sell,10000,0.711,36484751,39746563
2026-08-13T04:00:00.000Z,DOGEUSDT,sell,100000,2.052,36484751,39746563
2026-08-13T04:00:00.000Z,DOGEUSDT,sell,1000000,11.159,36484751,39746563
2026-08-13T04:00:00.000Z,DOGEUSDT,sell,5000000,42.449,36484751,39746563
2026-08-13T04:00:00.000Z,ETHUSDT,buy,10000,0.026,66513284,73007704
2026-08-13T04:00:00.000Z,ETHUSDT,buy,100000,0.08,66513284,73007704
2026-08-13T04:00:00.000Z,ETHUSDT,buy,1000000,1.556,66513284,73007704
2026-08-13T04:00:00.000Z,ETHUSDT,buy,5000000,4.415,66513284,73007704
2026-08-13T04:00:00.000Z,ETHUSDT,sell,10000,0.026,66513284,73007704
2026-08-13T04:00:00.000Z,ETHUSDT,sell,100000,0.026,66513284,73007704
2026-08-13T04:00:00.000Z,ETHUSDT,sell,1000000,0.071,66513284,73007704
2026-08-13T04:00:00.000Z,ETHUSDT,sell,5000000,1.461,66513284,73007704
2026-08-13T04:00:00.000Z,LINKUSDT,buy,10000,0.882,10024531,7478092
2026-08-13T04:00:00.000Z,LINKUSDT,buy,100000,4.394,10024531,7478092
2026-08-13T04:00:00.000Z,LINKUSDT,buy,1000000,29.522,10024531,7478092
2026-08-13T04:00:00.000Z,LINKUSDT,buy,5000000,126.239,10024531,7478092
2026-08-13T04:00:00.000Z,LINKUSDT,sell,10000,1.191,10024531,7478092
2026-08-13T04:00:00.000Z,LINKUSDT,sell,100000,3.782,10024531,7478092
2026-08-13T04:00:00.000Z,LINKUSDT,sell,1000000,27.351,10024531,7478092
2026-08-13T04:00:00.000Z,LINKUSDT,sell,5000000,102.3,10024531,7478092
2026-08-13T04:00:00.000Z,SOLUSDT,buy,10000,0.657,82717077,79683588
2026-08-13T04:00:00.000Z,SOLUSDT,buy,100000,0.657,82717077,79683588
2026-08-13T04:00:00.000Z,SOLUSDT,buy,1000000,2.183,82717077,79683588
2026-08-13T04:00:00.000Z,SOLUSDT,buy,5000000,10.69,82717077,79683588
2026-08-13T04:00:00.000Z,SOLUSDT,sell,10000,0.657,82717077,79683588
2026-08-13T04:00:00.000Z,SOLUSDT,sell,100000,0.657,82717077,79683588
2026-08-13T04:00:00.000Z,SOLUSDT,sell,1000000,2.563,82717077,79683588
2026-08-13T04:00:00.000Z,SOLUSDT,sell,5000000,11.132,82717077,79683588
2026-08-13T04:00:00.000Z,XRPUSDT,buy,10000,0.495,36225530,29233934
2026-08-13T04:00:00.000Z,XRPUSDT,buy,100000,1.092,36225530,29233934
2026-08-13T04:00:00.000Z,XRPUSDT,buy,1000000,4.819,36225530,29233934
2026-08-13T04:00:00.000Z,XRPUSDT,buy,5000000,28.534,36225530,29233934
2026-08-13T04:00:00.000Z,XRPUSDT,sell,10000,0.495,36225530,29233934
2026-08-13T04:00:00.000Z,XRPUSDT,sell,100000,1.062,36225530,29233934
2026-08-13T04:00:00.000Z,XRPUSDT,sell,1000000,4.886,36225530,29233934
2026-08-13T04:00:00.000Z,XRPUSDT,sell,5000000,26.739,36225530,29233934
2026-08-13T05:00:00.000Z,ADAUSDT,buy,10000,2.715,14241673,10759151
2026-08-13T05:00:00.000Z,ADAUSDT,buy,100000,6.009,14241673,10759151
2026-08-13T05:00:00.000Z,ADAUSDT,buy,1000000,22.698,14241673,10759151
2026-08-13T05:00:00.000Z,ADAUSDT,buy,5000000,84.405,14241673,10759151
2026-08-13T05:00:00.000Z,ADAUSDT,sell,10000,2.715,14241673,10759151
2026-08-13T05:00:00.000Z,ADAUSDT,sell,100000,6.729,14241673,10759151
2026-08-13T05:00:00.000Z,ADAUSDT,sell,1000000,23.807,14241673,10759151
2026-08-13T05:00:00.000Z,ADAUSDT,sell,5000000,103.183,14241673,10759151
2026-08-13T05:00:00.000Z,BNBUSDT,buy,10000,0.081,11392649,9995017
2026-08-13T05:00:00.000Z,BNBUSDT,buy,100000,1.135,11392649,9995017
2026-08-13T05:00:00.000Z,BNBUSDT,buy,1000000,8.522,11392649,9995017
2026-08-13T05:00:00.000Z,BNBUSDT,buy,5000000,33.061,11392649,9995017
2026-08-13T05:00:00.000Z,BNBUSDT,sell,10000,0.519,11392649,9995017
2026-08-13T05:00:00.000Z,BNBUSDT,sell,100000,1.531,11392649,9995017
2026-08-13T05:00:00.000Z,BNBUSDT,sell,1000000,9.302,11392649,9995017
2026-08-13T05:00:00.000Z,BNBUSDT,sell,5000000,38.362,11392649,9995017
2026-08-13T05:00:00.000Z,BTCUSDT,buy,10000,0.008,52328993,42015211
2026-08-13T05:00:00.000Z,BTCUSDT,buy,100000,0.008,52328993,42015211
2026-08-13T05:00:00.000Z,BTCUSDT,buy,1000000,0.152,52328993,42015211
2026-08-13T05:00:00.000Z,BTCUSDT,buy,5000000,1.789,52328993,42015211
2026-08-13T05:00:00.000Z,BTCUSDT,sell,10000,0.008,52328993,42015211
2026-08-13T05:00:00.000Z,BTCUSDT,sell,100000,0.008,52328993,42015211
2026-08-13T05:00:00.000Z,BTCUSDT,sell,1000000,0.217,52328993,42015211
2026-08-13T05:00:00.000Z,BTCUSDT,sell,5000000,1.546,52328993,42015211
2026-08-13T05:00:00.000Z,DOGEUSDT,buy,10000,0.709,37952870,34688451
2026-08-13T05:00:00.000Z,DOGEUSDT,buy,100000,2.144,37952870,34688451
2026-08-13T05:00:00.000Z,DOGEUSDT,buy,1000000,12.682,37952870,34688451
2026-08-13T05:00:00.000Z,DOGEUSDT,buy,5000000,40.927,37952870,34688451
2026-08-13T05:00:00.000Z,DOGEUSDT,sell,10000,0.709,37952870,34688451
2026-08-13T05:00:00.000Z,DOGEUSDT,sell,100000,0.709,37952870,34688451
2026-08-13T05:00:00.000Z,DOGEUSDT,sell,1000000,3.878,37952870,34688451
2026-08-13T05:00:00.000Z,DOGEUSDT,sell,5000000,35.413,37952870,34688451
2026-08-13T05:00:00.000Z,ETHUSDT,buy,10000,0.026,70079908,72810997
2026-08-13T05:00:00.000Z,ETHUSDT,buy,100000,0.026,70079908,72810997
2026-08-13T05:00:00.000Z,ETHUSDT,buy,1000000,0.41,70079908,72810997
2026-08-13T05:00:00.000Z,ETHUSDT,buy,5000000,2.782,70079908,72810997
2026-08-13T05:00:00.000Z,ETHUSDT,sell,10000,0.026,70079908,72810997
2026-08-13T05:00:00.000Z,ETHUSDT,sell,100000,0.026,70079908,72810997
2026-08-13T05:00:00.000Z,ETHUSDT,sell,1000000,0.047,70079908,72810997
2026-08-13T05:00:00.000Z,ETHUSDT,sell,5000000,2.146,70079908,72810997
2026-08-13T05:00:00.000Z,LINKUSDT,buy,10000,0.569,9657082,6994760
2026-08-13T05:00:00.000Z,LINKUSDT,buy,100000,2.899,9657082,6994760
2026-08-13T05:00:00.000Z,LINKUSDT,buy,1000000,27.713,9657082,6994760
2026-08-13T05:00:00.000Z,LINKUSDT,buy,5000000,121.448,9657082,6994760
2026-08-13T05:00:00.000Z,LINKUSDT,sell,10000,1.231,9657082,6994760
2026-08-13T05:00:00.000Z,LINKUSDT,sell,100000,3.366,9657082,6994760
2026-08-13T05:00:00.000Z,LINKUSDT,sell,1000000,20.154,9657082,6994760
2026-08-13T05:00:00.000Z,LINKUSDT,sell,5000000,103.832,9657082,6994760
2026-08-13T05:00:00.000Z,SOLUSDT,buy,10000,0.654,83669399,74493065
2026-08-13T05:00:00.000Z,SOLUSDT,buy,100000,0.654,83669399,74493065
2026-08-13T05:00:00.000Z,SOLUSDT,buy,1000000,2.111,83669399,74493065
2026-08-13T05:00:00.000Z,SOLUSDT,buy,5000000,7.902,83669399,74493065
2026-08-13T05:00:00.000Z,SOLUSDT,sell,10000,0.654,83669399,74493065
2026-08-13T05:00:00.000Z,SOLUSDT,sell,100000,1.071,83669399,74493065
2026-08-13T05:00:00.000Z,SOLUSDT,sell,1000000,2.915,83669399,74493065
2026-08-13T05:00:00.000Z,SOLUSDT,sell,5000000,10.814,83669399,74493065
2026-08-13T05:00:00.000Z,XRPUSDT,buy,10000,0.493,36702536,30260163
2026-08-13T05:00:00.000Z,XRPUSDT,buy,100000,0.865,36702536,30260163
2026-08-13T05:00:00.000Z,XRPUSDT,buy,1000000,3.354,36702536,30260163
2026-08-13T05:00:00.000Z,XRPUSDT,buy,5000000,21.015,36702536,30260163
2026-08-13T05:00:00.000Z,XRPUSDT,sell,10000,0.493,36702536,30260163
2026-08-13T05:00:00.000Z,XRPUSDT,sell,100000,1.097,36702536,30260163
2026-08-13T05:00:00.000Z,XRPUSDT,sell,1000000,4.15,36702536,30260163
2026-08-13T05:00:00.000Z,XRPUSDT,sell,5000000,23.697,36702536,30260163
2026-08-13T06:00:00.000Z,ADAUSDT,buy,10000,2.715,13214322,10392110
2026-08-13T06:00:00.000Z,ADAUSDT,buy,100000,7.393,13214322,10392110
2026-08-13T06:00:00.000Z,ADAUSDT,buy,1000000,29.617,13214322,10392110
2026-08-13T06:00:00.000Z,ADAUSDT,buy,5000000,114.477,13214322,10392110
2026-08-13T06:00:00.000Z,ADAUSDT,sell,10000,2.715,13214322,10392110
2026-08-13T06:00:00.000Z,ADAUSDT,sell,100000,5.847,13214322,10392110
2026-08-13T06:00:00.000Z,ADAUSDT,sell,1000000,28.711,13214322,10392110
2026-08-13T06:00:00.000Z,ADAUSDT,sell,5000000,95.549,13214322,10392110
2026-08-13T06:00:00.000Z,BNBUSDT,buy,10000,0.549,12642576,9451281
2026-08-13T06:00:00.000Z,BNBUSDT,buy,100000,1.682,12642576,9451281
2026-08-13T06:00:00.000Z,BNBUSDT,buy,1000000,9.048,12642576,9451281
2026-08-13T06:00:00.000Z,BNBUSDT,buy,5000000,37.801,12642576,9451281
2026-08-13T06:00:00.000Z,BNBUSDT,sell,10000,0.082,12642576,9451281
2026-08-13T06:00:00.000Z,BNBUSDT,sell,100000,0.448,12642576,9451281
2026-08-13T06:00:00.000Z,BNBUSDT,sell,1000000,8.917,12642576,9451281
2026-08-13T06:00:00.000Z,BNBUSDT,sell,5000000,35.977,12642576,9451281
2026-08-13T06:00:00.000Z,BTCUSDT,buy,10000,0.008,43276875,44677400
2026-08-13T06:00:00.000Z,BTCUSDT,buy,100000,0.008,43276875,44677400
2026-08-13T06:00:00.000Z,BTCUSDT,buy,1000000,0.489,43276875,44677400
2026-08-13T06:00:00.000Z,BTCUSDT,buy,5000000,1.893,43276875,44677400
2026-08-13T06:00:00.000Z,BTCUSDT,sell,10000,0.008,43276875,44677400
2026-08-13T06:00:00.000Z,BTCUSDT,sell,100000,0.008,43276875,44677400
2026-08-13T06:00:00.000Z,BTCUSDT,sell,1000000,0.008,43276875,44677400
2026-08-13T06:00:00.000Z,BTCUSDT,sell,5000000,0.675,43276875,44677400
2026-08-13T06:00:00.000Z,DOGEUSDT,buy,10000,0.709,35956731,34328014
2026-08-13T06:00:00.000Z,DOGEUSDT,buy,100000,1.4,35956731,34328014
2026-08-13T06:00:00.000Z,DOGEUSDT,buy,1000000,10.248,35956731,34328014
2026-08-13T06:00:00.000Z,DOGEUSDT,buy,5000000,41.731,35956731,34328014
2026-08-13T06:00:00.000Z,DOGEUSDT,sell,10000,0.709,35956731,34328014
2026-08-13T06:00:00.000Z,DOGEUSDT,sell,100000,1.382,35956731,34328014
2026-08-13T06:00:00.000Z,DOGEUSDT,sell,1000000,9.456,35956731,34328014
2026-08-13T06:00:00.000Z,DOGEUSDT,sell,5000000,42.618,35956731,34328014
2026-08-13T06:00:00.000Z,ETHUSDT,buy,10000,0.026,72443533,67781427
2026-08-13T06:00:00.000Z,ETHUSDT,buy,100000,0.029,72443533,67781427
2026-08-13T06:00:00.000Z,ETHUSDT,buy,1000000,1.156,72443533,67781427
2026-08-13T06:00:00.000Z,ETHUSDT,buy,5000000,3.8,72443533,67781427
2026-08-13T06:00:00.000Z,ETHUSDT,sell,10000,0.026,72443533,67781427
2026-08-13T06:00:00.000Z,ETHUSDT,sell,100000,0.026,72443533,67781427
2026-08-13T06:00:00.000Z,ETHUSDT,sell,1000000,0.026,72443533,67781427
2026-08-13T06:00:00.000Z,ETHUSDT,sell,5000000,2.126,72443533,67781427
2026-08-13T06:00:00.000Z,LINKUSDT,buy,10000,1.237,9992929,7932206
2026-08-13T06:00:00.000Z,LINKUSDT,buy,100000,3.352,9992929,7932206
2026-08-13T06:00:00.000Z,LINKUSDT,buy,1000000,24.735,9992929,7932206
2026-08-13T06:00:00.000Z,LINKUSDT,buy,5000000,103.798,9992929,7932206
2026-08-13T06:00:00.000Z,LINKUSDT,sell,10000,0.571,9992929,7932206
2026-08-13T06:00:00.000Z,LINKUSDT,sell,100000,3.366,9992929,7932206
2026-08-13T06:00:00.000Z,LINKUSDT,sell,1000000,27.901,9992929,7932206
2026-08-13T06:00:00.000Z,LINKUSDT,sell,5000000,106.687,9992929,7932206
2026-08-13T06:00:00.000Z,SOLUSDT,buy,10000,0.655,89558780,76997356
2026-08-13T06:00:00.000Z,SOLUSDT,buy,100000,0.761,89558780,76997356
2026-08-13T06:00:00.000Z,SOLUSDT,buy,1000000,3.228,89558780,76997356
2026-08-13T06:00:00.000Z,SOLUSDT,buy,5000000,12.761,89558780,76997356
2026-08-13T06:00:00.000Z,SOLUSDT,sell,10000,0.655,89558780,76997356
2026-08-13T06:00:00.000Z,SOLUSDT,sell,100000,0.655,89558780,76997356
2026-08-13T06:00:00.000Z,SOLUSDT,sell,1000000,1.352,89558780,76997356
2026-08-13T06:00:00.000Z,SOLUSDT,sell,5000000,9.598,89558780,76997356
2026-08-13T06:00:00.000Z,XRPUSDT,buy,10000,0.494,36669623,29637487
2026-08-13T06:00:00.000Z,XRPUSDT,buy,100000,1.367,36669623,29637487
2026-08-13T06:00:00.000Z,XRPUSDT,buy,1000000,5.92,36669623,29637487
2026-08-13T06:00:00.000Z,XRPUSDT,buy,5000000,25.843,36669623,29637487
2026-08-13T06:00:00.000Z,XRPUSDT,sell,10000,0.494,36669623,29637487
2026-08-13T06:00:00.000Z,XRPUSDT,sell,100000,0.623,36669623,29637487
2026-08-13T06:00:00.000Z,XRPUSDT,sell,1000000,3.765,36669623,29637487
2026-08-13T06:00:00.000Z,XRPUSDT,sell,5000000,25.596,36669623,29637487
2026-08-13T07:00:00.000Z,ADAUSDT,buy,10000,2.702,13623713,10483191
2026-08-13T07:00:00.000Z,ADAUSDT,buy,100000,3.993,13623713,10483191
2026-08-13T07:00:00.000Z,ADAUSDT,buy,1000000,30.011,13623713,10483191
2026-08-13T07:00:00.000Z,ADAUSDT,buy,5000000,105.955,13623713,10483191
2026-08-13T07:00:00.000Z,ADAUSDT,sell,10000,2.702,13623713,10483191
2026-08-13T07:00:00.000Z,ADAUSDT,sell,100000,7.109,13623713,10483191
2026-08-13T07:00:00.000Z,ADAUSDT,sell,1000000,30.259,13623713,10483191
2026-08-13T07:00:00.000Z,ADAUSDT,sell,5000000,105.154,13623713,10483191
2026-08-13T07:00:00.000Z,BNBUSDT,buy,10000,0.081,10588274,11081850
2026-08-13T07:00:00.000Z,BNBUSDT,buy,100000,0.94,10588274,11081850
2026-08-13T07:00:00.000Z,BNBUSDT,buy,1000000,4.847,10588274,11081850
2026-08-13T07:00:00.000Z,BNBUSDT,buy,5000000,26.357,10588274,11081850
2026-08-13T07:00:00.000Z,BNBUSDT,sell,10000,0.173,10588274,11081850
2026-08-13T07:00:00.000Z,BNBUSDT,sell,100000,1.319,10588274,11081850
2026-08-13T07:00:00.000Z,BNBUSDT,sell,1000000,9.546,10588274,11081850
2026-08-13T07:00:00.000Z,BNBUSDT,sell,5000000,41.328,10588274,11081850
2026-08-13T07:00:00.000Z,BTCUSDT,buy,10000,0.008,47501440,47737957
2026-08-13T07:00:00.000Z,BTCUSDT,buy,100000,0.008,47501440,47737957
2026-08-13T07:00:00.000Z,BTCUSDT,buy,1000000,0.008,47501440,47737957
2026-08-13T07:00:00.000Z,BTCUSDT,buy,5000000,0.854,47501440,47737957
2026-08-13T07:00:00.000Z,BTCUSDT,sell,10000,0.008,47501440,47737957
2026-08-13T07:00:00.000Z,BTCUSDT,sell,100000,0.008,47501440,47737957
2026-08-13T07:00:00.000Z,BTCUSDT,sell,1000000,0.275,47501440,47737957
2026-08-13T07:00:00.000Z,BTCUSDT,sell,5000000,1.475,47501440,47737957
2026-08-13T07:00:00.000Z,DOGEUSDT,buy,10000,0.709,35950698,39002321
2026-08-13T07:00:00.000Z,DOGEUSDT,buy,100000,1.723,35950698,39002321
2026-08-13T07:00:00.000Z,DOGEUSDT,buy,1000000,10.276,35950698,39002321
2026-08-13T07:00:00.000Z,DOGEUSDT,buy,5000000,44.591,35950698,39002321
2026-08-13T07:00:00.000Z,DOGEUSDT,sell,10000,0.709,35950698,39002321
2026-08-13T07:00:00.000Z,DOGEUSDT,sell,100000,1.353,35950698,39002321
2026-08-13T07:00:00.000Z,DOGEUSDT,sell,1000000,9.487,35950698,39002321
2026-08-13T07:00:00.000Z,DOGEUSDT,sell,5000000,39.388,35950698,39002321
2026-08-13T07:00:00.000Z,ETHUSDT,buy,10000,0.026,67992855,71559056
2026-08-13T07:00:00.000Z,ETHUSDT,buy,100000,0.026,67992855,71559056
2026-08-13T07:00:00.000Z,ETHUSDT,buy,1000000,0.039,67992855,71559056
2026-08-13T07:00:00.000Z,ETHUSDT,buy,5000000,2.038,67992855,71559056
2026-08-13T07:00:00.000Z,ETHUSDT,sell,10000,0.026,67992855,71559056
2026-08-13T07:00:00.000Z,ETHUSDT,sell,100000,0.026,67992855,71559056
2026-08-13T07:00:00.000Z,ETHUSDT,sell,1000000,0.907,67992855,71559056
2026-08-13T07:00:00.000Z,ETHUSDT,sell,5000000,3.21,67992855,71559056
2026-08-13T07:00:00.000Z,LINKUSDT,buy,10000,1.625,9365456,7310092
2026-08-13T07:00:00.000Z,LINKUSDT,buy,100000,3.513,9365456,7310092
2026-08-13T07:00:00.000Z,LINKUSDT,buy,1000000,25.67,9365456,7310092
2026-08-13T07:00:00.000Z,LINKUSDT,buy,5000000,116.297,9365456,7310092
2026-08-13T07:00:00.000Z,LINKUSDT,sell,10000,0.571,9365456,7310092
2026-08-13T07:00:00.000Z,LINKUSDT,sell,100000,2.537,9365456,7310092
2026-08-13T07:00:00.000Z,LINKUSDT,sell,1000000,25.325,9365456,7310092
2026-08-13T07:00:00.000Z,LINKUSDT,sell,5000000,112.234,9365456,7310092
2026-08-13T07:00:00.000Z,SOLUSDT,buy,10000,0.655,85036160,75674852
2026-08-13T07:00:00.000Z,SOLUSDT,buy,100000,0.655,85036160,75674852
2026-08-13T07:00:00.000Z,SOLUSDT,buy,1000000,2.296,85036160,75674852
2026-08-13T07:00:00.000Z,SOLUSDT,buy,5000000,10.294,85036160,75674852
2026-08-13T07:00:00.000Z,SOLUSDT,sell,10000,0.655,85036160,75674852
2026-08-13T07:00:00.000Z,SOLUSDT,sell,100000,0.655,85036160,75674852
2026-08-13T07:00:00.000Z,SOLUSDT,sell,1000000,3.041,85036160,75674852
2026-08-13T07:00:00.000Z,SOLUSDT,sell,5000000,11.662,85036160,75674852
2026-08-13T07:00:00.000Z,XRPUSDT,buy,10000,0.494,36278906,30230318
2026-08-13T07:00:00.000Z,XRPUSDT,buy,100000,0.766,36278906,30230318
2026-08-13T07:00:00.000Z,XRPUSDT,buy,1000000,3.951,36278906,30230318
2026-08-13T07:00:00.000Z,XRPUSDT,buy,5000000,24.014,36278906,30230318
2026-08-13T07:00:00.000Z,XRPUSDT,sell,10000,0.494,36278906,30230318
2026-08-13T07:00:00.000Z,XRPUSDT,sell,100000,0.644,36278906,30230318
2026-08-13T07:00:00.000Z,XRPUSDT,sell,1000000,4.538,36278906,30230318
2026-08-13T07:00:00.000Z,XRPUSDT,sell,5000000,25.898,36278906,30230318
2026-08-13T08:00:00.000Z,ADAUSDT,buy,10000,2.69,13221699,9991962
2026-08-13T08:00:00.000Z,ADAUSDT,buy,100000,6.045,13221699,9991962
2026-08-13T08:00:00.000Z,ADAUSDT,buy,1000000,25.869,13221699,9991962
2026-08-13T08:00:00.000Z,ADAUSDT,buy,5000000,104.514,13221699,9991962
2026-08-13T08:00:00.000Z,ADAUSDT,sell,10000,2.69,13221699,9991962
2026-08-13T08:00:00.000Z,ADAUSDT,sell,100000,7.308,13221699,9991962
2026-08-13T08:00:00.000Z,ADAUSDT,sell,1000000,31.726,13221699,9991962
2026-08-13T08:00:00.000Z,ADAUSDT,sell,5000000,112.49,13221699,9991962
2026-08-13T08:00:00.000Z,BNBUSDT,buy,10000,0.081,9932525,9971798
2026-08-13T08:00:00.000Z,BNBUSDT,buy,100000,0.977,9932525,9971798
2026-08-13T08:00:00.000Z,BNBUSDT,buy,1000000,9.037,9932525,9971798
2026-08-13T08:00:00.000Z,BNBUSDT,buy,5000000,36.779,9932525,9971798
2026-08-13T08:00:00.000Z,BNBUSDT,sell,10000,0.1,9932525,9971798
2026-08-13T08:00:00.000Z,BNBUSDT,sell,100000,2.219,9932525,9971798
2026-08-13T08:00:00.000Z,BNBUSDT,sell,1000000,15.873,9932525,9971798
2026-08-13T08:00:00.000Z,BNBUSDT,sell,5000000,52.997,9932525,9971798
2026-08-13T08:00:00.000Z,BTCUSDT,buy,10000,0.008,39114308,49759283
2026-08-13T08:00:00.000Z,BTCUSDT,buy,100000,0.008,39114308,49759283
2026-08-13T08:00:00.000Z,BTCUSDT,buy,1000000,0.008,39114308,49759283
2026-08-13T08:00:00.000Z,BTCUSDT,buy,5000000,1.673,39114308,49759283
2026-08-13T08:00:00.000Z,BTCUSDT,sell,10000,0.008,39114308,49759283
2026-08-13T08:00:00.000Z,BTCUSDT,sell,100000,0.008,39114308,49759283
2026-08-13T08:00:00.000Z,BTCUSDT,sell,1000000,0.458,39114308,49759283
2026-08-13T08:00:00.000Z,BTCUSDT,sell,5000000,2.709,39114308,49759283
2026-08-13T08:00:00.000Z,DOGEUSDT,buy,10000,0.71,37178384,38841752
2026-08-13T08:00:00.000Z,DOGEUSDT,buy,100000,1.063,37178384,38841752
2026-08-13T08:00:00.000Z,DOGEUSDT,buy,1000000,8.512,37178384,38841752
2026-08-13T08:00:00.000Z,DOGEUSDT,buy,5000000,44.946,37178384,38841752
2026-08-13T08:00:00.000Z,DOGEUSDT,sell,10000,0.71,37178384,38841752
2026-08-13T08:00:00.000Z,DOGEUSDT,sell,100000,2.093,37178384,38841752
2026-08-13T08:00:00.000Z,DOGEUSDT,sell,1000000,12.925,37178384,38841752
2026-08-13T08:00:00.000Z,DOGEUSDT,sell,5000000,43.682,37178384,38841752
2026-08-13T08:00:00.000Z,ETHUSDT,buy,10000,0.026,66379253,48422043
2026-08-13T08:00:00.000Z,ETHUSDT,buy,100000,0.026,66379253,48422043
2026-08-13T08:00:00.000Z,ETHUSDT,buy,1000000,0.658,66379253,48422043
2026-08-13T08:00:00.000Z,ETHUSDT,buy,5000000,3.651,66379253,48422043
2026-08-13T08:00:00.000Z,ETHUSDT,sell,10000,0.026,66379253,48422043
2026-08-13T08:00:00.000Z,ETHUSDT,sell,100000,0.116,66379253,48422043
2026-08-13T08:00:00.000Z,ETHUSDT,sell,1000000,0.699,66379253,48422043
2026-08-13T08:00:00.000Z,ETHUSDT,sell,5000000,2.076,66379253,48422043
2026-08-13T08:00:00.000Z,LINKUSDT,buy,10000,1.444,9492134,9054180
2026-08-13T08:00:00.000Z,LINKUSDT,buy,100000,5.354,9492134,9054180
2026-08-13T08:00:00.000Z,LINKUSDT,buy,1000000,31.702,9492134,9054180
2026-08-13T08:00:00.000Z,LINKUSDT,buy,5000000,70.588,9492134,9054180
2026-08-13T08:00:00.000Z,LINKUSDT,sell,10000,1.067,9492134,9054180
2026-08-13T08:00:00.000Z,LINKUSDT,sell,100000,4.31,9492134,9054180
2026-08-13T08:00:00.000Z,LINKUSDT,sell,1000000,29.601,9492134,9054180
2026-08-13T08:00:00.000Z,LINKUSDT,sell,5000000,115.511,9492134,9054180
2026-08-13T08:00:00.000Z,SOLUSDT,buy,10000,0.657,85754611,86348321
2026-08-13T08:00:00.000Z,SOLUSDT,buy,100000,0.657,85754611,86348321
2026-08-13T08:00:00.000Z,SOLUSDT,buy,1000000,2.114,85754611,86348321
2026-08-13T08:00:00.000Z,SOLUSDT,buy,5000000,11.821,85754611,86348321
2026-08-13T08:00:00.000Z,SOLUSDT,sell,10000,0.657,85754611,86348321
2026-08-13T08:00:00.000Z,SOLUSDT,sell,100000,0.657,85754611,86348321
2026-08-13T08:00:00.000Z,SOLUSDT,sell,1000000,2.13,85754611,86348321
2026-08-13T08:00:00.000Z,SOLUSDT,sell,5000000,9.228,85754611,86348321
2026-08-13T08:00:00.000Z,XRPUSDT,buy,10000,0.494,36740584,30168950
2026-08-13T08:00:00.000Z,XRPUSDT,buy,100000,0.63,36740584,30168950
2026-08-13T08:00:00.000Z,XRPUSDT,buy,1000000,3.595,36740584,30168950
2026-08-13T08:00:00.000Z,XRPUSDT,buy,5000000,25.478,36740584,30168950
2026-08-13T08:00:00.000Z,XRPUSDT,sell,10000,0.494,36740584,30168950
2026-08-13T08:00:00.000Z,XRPUSDT,sell,100000,1.167,36740584,30168950
2026-08-13T08:00:00.000Z,XRPUSDT,sell,1000000,4.377,36740584,30168950
2026-08-13T08:00:00.000Z,XRPUSDT,sell,5000000,25.037,36740584,30168950
2026-08-13T09:00:00.000Z,ADAUSDT,buy,10000,2.698,13448928,10877921
2026-08-13T09:00:00.000Z,ADAUSDT,buy,100000,3.995,13448928,10877921
2026-08-13T09:00:00.000Z,ADAUSDT,buy,1000000,23.767,13448928,10877921
2026-08-13T09:00:00.000Z,ADAUSDT,buy,5000000,99.008,13448928,10877921
2026-08-13T09:00:00.000Z,ADAUSDT,sell,10000,2.698,13448928,10877921
2026-08-13T09:00:00.000Z,ADAUSDT,sell,100000,7.422,13448928,10877921
2026-08-13T09:00:00.000Z,ADAUSDT,sell,1000000,30.723,13448928,10877921
2026-08-13T09:00:00.000Z,ADAUSDT,sell,5000000,98.807,13448928,10877921
2026-08-13T09:00:00.000Z,BNBUSDT,buy,10000,0.082,12888288,9850216
2026-08-13T09:00:00.000Z,BNBUSDT,buy,100000,1.347,12888288,9850216
2026-08-13T09:00:00.000Z,BNBUSDT,buy,1000000,7.969,12888288,9850216
2026-08-13T09:00:00.000Z,BNBUSDT,buy,5000000,35.97,12888288,9850216
2026-08-13T09:00:00.000Z,BNBUSDT,sell,10000,0.082,12888288,9850216
2026-08-13T09:00:00.000Z,BNBUSDT,sell,100000,1.2,12888288,9850216
2026-08-13T09:00:00.000Z,BNBUSDT,sell,1000000,8.896,12888288,9850216
2026-08-13T09:00:00.000Z,BNBUSDT,sell,5000000,34.598,12888288,9850216
2026-08-13T09:00:00.000Z,BTCUSDT,buy,10000,0.008,36390527,58916055
2026-08-13T09:00:00.000Z,BTCUSDT,buy,100000,0.008,36390527,58916055
2026-08-13T09:00:00.000Z,BTCUSDT,buy,1000000,0.416,36390527,58916055
2026-08-13T09:00:00.000Z,BTCUSDT,buy,5000000,1.717,36390527,58916055
2026-08-13T09:00:00.000Z,BTCUSDT,sell,10000,0.008,36390527,58916055
2026-08-13T09:00:00.000Z,BTCUSDT,sell,100000,0.008,36390527,58916055
2026-08-13T09:00:00.000Z,BTCUSDT,sell,1000000,0.011,36390527,58916055
2026-08-13T09:00:00.000Z,BTCUSDT,sell,5000000,1.457,36390527,58916055
2026-08-13T09:00:00.000Z,DOGEUSDT,buy,10000,0.71,37907194,34756923
2026-08-13T09:00:00.000Z,DOGEUSDT,buy,100000,0.954,37907194,34756923
2026-08-13T09:00:00.000Z,DOGEUSDT,buy,1000000,8.216,37907194,34756923
2026-08-13T09:00:00.000Z,DOGEUSDT,buy,5000000,40.289,37907194,34756923
2026-08-13T09:00:00.000Z,DOGEUSDT,sell,10000,0.71,37907194,34756923
2026-08-13T09:00:00.000Z,DOGEUSDT,sell,100000,1.678,37907194,34756923
2026-08-13T09:00:00.000Z,DOGEUSDT,sell,1000000,9.188,37907194,34756923
2026-08-13T09:00:00.000Z,DOGEUSDT,sell,5000000,38.625,37907194,34756923
2026-08-13T09:00:00.000Z,ETHUSDT,buy,10000,0.026,89687261,69859952
2026-08-13T09:00:00.000Z,ETHUSDT,buy,100000,0.026,89687261,69859952
2026-08-13T09:00:00.000Z,ETHUSDT,buy,1000000,0.748,89687261,69859952
2026-08-13T09:00:00.000Z,ETHUSDT,buy,5000000,2.755,89687261,69859952
2026-08-13T09:00:00.000Z,ETHUSDT,sell,10000,0.026,89687261,69859952
2026-08-13T09:00:00.000Z,ETHUSDT,sell,100000,0.026,89687261,69859952
2026-08-13T09:00:00.000Z,ETHUSDT,sell,1000000,0.835,89687261,69859952
2026-08-13T09:00:00.000Z,ETHUSDT,sell,5000000,3.422,89687261,69859952
2026-08-13T09:00:00.000Z,LINKUSDT,buy,10000,0.575,9565705,7454201
2026-08-13T09:00:00.000Z,LINKUSDT,buy,100000,3.102,9565705,7454201
2026-08-13T09:00:00.000Z,LINKUSDT,buy,1000000,28.672,9565705,7454201
2026-08-13T09:00:00.000Z,LINKUSDT,buy,5000000,125.222,9565705,7454201
2026-08-13T09:00:00.000Z,LINKUSDT,sell,10000,1.553,9565705,7454201
2026-08-13T09:00:00.000Z,LINKUSDT,sell,100000,4.328,9565705,7454201
2026-08-13T09:00:00.000Z,LINKUSDT,sell,1000000,26.589,9565705,7454201
2026-08-13T09:00:00.000Z,LINKUSDT,sell,5000000,104.744,9565705,7454201
2026-08-13T09:00:00.000Z,SOLUSDT,buy,10000,0.658,88571726,78940882
2026-08-13T09:00:00.000Z,SOLUSDT,buy,100000,0.87,88571726,78940882
2026-08-13T09:00:00.000Z,SOLUSDT,buy,1000000,2.685,88571726,78940882
2026-08-13T09:00:00.000Z,SOLUSDT,buy,5000000,11.144,88571726,78940882
2026-08-13T09:00:00.000Z,SOLUSDT,sell,10000,0.658,88571726,78940882
2026-08-13T09:00:00.000Z,SOLUSDT,sell,100000,0.658,88571726,78940882
2026-08-13T09:00:00.000Z,SOLUSDT,sell,1000000,2.192,88571726,78940882
2026-08-13T09:00:00.000Z,SOLUSDT,sell,5000000,9.556,88571726,78940882
2026-08-13T09:00:00.000Z,XRPUSDT,buy,10000,0.494,37076887,29884787
2026-08-13T09:00:00.000Z,XRPUSDT,buy,100000,1.071,37076887,29884787
2026-08-13T09:00:00.000Z,XRPUSDT,buy,1000000,4.88,37076887,29884787
2026-08-13T09:00:00.000Z,XRPUSDT,buy,5000000,25.838,37076887,29884787
2026-08-13T09:00:00.000Z,XRPUSDT,sell,10000,0.494,37076887,29884787
2026-08-13T09:00:00.000Z,XRPUSDT,sell,100000,0.681,37076887,29884787
2026-08-13T09:00:00.000Z,XRPUSDT,sell,1000000,3.723,37076887,29884787
2026-08-13T09:00:00.000Z,XRPUSDT,sell,5000000,24.186,37076887,29884787
2026-08-13T10:00:00.000Z,ADAUSDT,buy,10000,2.706,12852513,9941063
2026-08-13T10:00:00.000Z,ADAUSDT,buy,100000,5.303,12852513,9941063
2026-08-13T10:00:00.000Z,ADAUSDT,buy,1000000,26.77,12852513,9941063
2026-08-13T10:00:00.000Z,ADAUSDT,buy,5000000,118.699,12852513,9941063
2026-08-13T10:00:00.000Z,ADAUSDT,sell,10000,2.706,12852513,9941063
2026-08-13T10:00:00.000Z,ADAUSDT,sell,100000,5.497,12852513,9941063
2026-08-13T10:00:00.000Z,ADAUSDT,sell,1000000,28.88,12852513,9941063
2026-08-13T10:00:00.000Z,ADAUSDT,sell,5000000,96.445,12852513,9941063
2026-08-13T10:00:00.000Z,BNBUSDT,buy,10000,0.082,13390785,9633596
2026-08-13T10:00:00.000Z,BNBUSDT,buy,100000,0.863,13390785,9633596
2026-08-13T10:00:00.000Z,BNBUSDT,buy,1000000,9.617,13390785,9633596
2026-08-13T10:00:00.000Z,BNBUSDT,buy,5000000,42.073,13390785,9633596
2026-08-13T10:00:00.000Z,BNBUSDT,sell,10000,0.443,13390785,9633596
2026-08-13T10:00:00.000Z,BNBUSDT,sell,100000,1.639,13390785,9633596
2026-08-13T10:00:00.000Z,BNBUSDT,sell,1000000,7.749,13390785,9633596
2026-08-13T10:00:00.000Z,BNBUSDT,sell,5000000,30.096,13390785,9633596
2026-08-13T10:00:00.000Z,BTCUSDT,buy,10000,0.008,39321450,48482635
2026-08-13T10:00:00.000Z,BTCUSDT,buy,100000,0.008,39321450,48482635
2026-08-13T10:00:00.000Z,BTCUSDT,buy,1000000,0.343,39321450,48482635
2026-08-13T10:00:00.000Z,BTCUSDT,buy,5000000,1.539,39321450,48482635
2026-08-13T10:00:00.000Z,BTCUSDT,sell,10000,0.008,39321450,48482635
2026-08-13T10:00:00.000Z,BTCUSDT,sell,100000,0.008,39321450,48482635
2026-08-13T10:00:00.000Z,BTCUSDT,sell,1000000,0.008,39321450,48482635
2026-08-13T10:00:00.000Z,BTCUSDT,sell,5000000,1.217,39321450,48482635
2026-08-13T10:00:00.000Z,DOGEUSDT,buy,10000,0.713,38047848,34628954
2026-08-13T10:00:00.000Z,DOGEUSDT,buy,100000,1.363,38047848,34628954
2026-08-13T10:00:00.000Z,DOGEUSDT,buy,1000000,9.298,38047848,34628954
2026-08-13T10:00:00.000Z,DOGEUSDT,buy,5000000,43.189,38047848,34628954
2026-08-13T10:00:00.000Z,DOGEUSDT,sell,10000,0.713,38047848,34628954
2026-08-13T10:00:00.000Z,DOGEUSDT,sell,100000,1.439,38047848,34628954
2026-08-13T10:00:00.000Z,DOGEUSDT,sell,1000000,8.993,38047848,34628954
2026-08-13T10:00:00.000Z,DOGEUSDT,sell,5000000,42.625,38047848,34628954
2026-08-13T10:00:00.000Z,ETHUSDT,buy,10000,0.027,66195008,54254257
2026-08-13T10:00:00.000Z,ETHUSDT,buy,100000,0.027,66195008,54254257
2026-08-13T10:00:00.000Z,ETHUSDT,buy,1000000,0.772,66195008,54254257
2026-08-13T10:00:00.000Z,ETHUSDT,buy,5000000,3.923,66195008,54254257
2026-08-13T10:00:00.000Z,ETHUSDT,sell,10000,0.027,66195008,54254257
2026-08-13T10:00:00.000Z,ETHUSDT,sell,100000,0.027,66195008,54254257
2026-08-13T10:00:00.000Z,ETHUSDT,sell,1000000,0.951,66195008,54254257
2026-08-13T10:00:00.000Z,ETHUSDT,sell,5000000,5.571,66195008,54254257
2026-08-13T10:00:00.000Z,LINKUSDT,buy,10000,1.206,9340062,7545685
2026-08-13T10:00:00.000Z,LINKUSDT,buy,100000,5.152,9340062,7545685
2026-08-13T10:00:00.000Z,LINKUSDT,buy,1000000,29.884,9340062,7545685
2026-08-13T10:00:00.000Z,LINKUSDT,buy,5000000,121.712,9340062,7545685
2026-08-13T10:00:00.000Z,LINKUSDT,sell,10000,0.573,9340062,7545685
2026-08-13T10:00:00.000Z,LINKUSDT,sell,100000,3.09,9340062,7545685
2026-08-13T10:00:00.000Z,LINKUSDT,sell,1000000,23.611,9340062,7545685
2026-08-13T10:00:00.000Z,LINKUSDT,sell,5000000,112.271,9340062,7545685
2026-08-13T10:00:00.000Z,SOLUSDT,buy,10000,0.66,85780325,79721653
2026-08-13T10:00:00.000Z,SOLUSDT,buy,100000,0.66,85780325,79721653
2026-08-13T10:00:00.000Z,SOLUSDT,buy,1000000,2.101,85780325,79721653
2026-08-13T10:00:00.000Z,SOLUSDT,buy,5000000,11.342,85780325,79721653
2026-08-13T10:00:00.000Z,SOLUSDT,sell,10000,0.66,85780325,79721653
2026-08-13T10:00:00.000Z,SOLUSDT,sell,100000,0.66,85780325,79721653
2026-08-13T10:00:00.000Z,SOLUSDT,sell,1000000,2.021,85780325,79721653
2026-08-13T10:00:00.000Z,SOLUSDT,sell,5000000,8.786,85780325,79721653
2026-08-13T10:00:00.000Z,XRPUSDT,buy,10000,0.496,37461973,29972959
2026-08-13T10:00:00.000Z,XRPUSDT,buy,100000,0.565,37461973,29972959
2026-08-13T10:00:00.000Z,XRPUSDT,buy,1000000,4.628,37461973,29972959
2026-08-13T10:00:00.000Z,XRPUSDT,buy,5000000,26.342,37461973,29972959
2026-08-13T10:00:00.000Z,XRPUSDT,sell,10000,0.496,37461973,29972959
2026-08-13T10:00:00.000Z,XRPUSDT,sell,100000,0.496,37461973,29972959
2026-08-13T10:00:00.000Z,XRPUSDT,sell,1000000,4.112,37461973,29972959
2026-08-13T10:00:00.000Z,XRPUSDT,sell,5000000,25.296,37461973,29972959
2026-08-13T11:00:00.000Z,ADAUSDT,buy,10000,2.729,12579575,10570509
2026-08-13T11:00:00.000Z,ADAUSDT,buy,100000,6.761,12579575,10570509
2026-08-13T11:00:00.000Z,ADAUSDT,buy,1000000,24.375,12579575,10570509
2026-08-13T11:00:00.000Z,ADAUSDT,buy,5000000,115.523,12579575,10570509
2026-08-13T11:00:00.000Z,ADAUSDT,sell,10000,2.729,12579575,10570509
2026-08-13T11:00:00.000Z,ADAUSDT,sell,100000,4.238,12579575,10570509
2026-08-13T11:00:00.000Z,ADAUSDT,sell,1000000,21.633,12579575,10570509
2026-08-13T11:00:00.000Z,ADAUSDT,sell,5000000,90.467,12579575,10570509
2026-08-13T11:00:00.000Z,BNBUSDT,buy,10000,0.082,13226405,8370561
2026-08-13T11:00:00.000Z,BNBUSDT,buy,100000,1.416,13226405,8370561
2026-08-13T11:00:00.000Z,BNBUSDT,buy,1000000,9.031,13226405,8370561
2026-08-13T11:00:00.000Z,BNBUSDT,buy,5000000,49.588,13226405,8370561
2026-08-13T11:00:00.000Z,BNBUSDT,sell,10000,0.427,13226405,8370561
2026-08-13T11:00:00.000Z,BNBUSDT,sell,100000,2.101,13226405,8370561
2026-08-13T11:00:00.000Z,BNBUSDT,sell,1000000,8.505,13226405,8370561
2026-08-13T11:00:00.000Z,BNBUSDT,sell,5000000,31.283,13226405,8370561
2026-08-13T11:00:00.000Z,BTCUSDT,buy,10000,0.008,38158095,45431413
2026-08-13T11:00:00.000Z,BTCUSDT,buy,100000,0.008,38158095,45431413
2026-08-13T11:00:00.000Z,BTCUSDT,buy,1000000,0.128,38158095,45431413
2026-08-13T11:00:00.000Z,BTCUSDT,buy,5000000,1.605,38158095,45431413
2026-08-13T11:00:00.000Z,BTCUSDT,sell,10000,0.008,38158095,45431413
2026-08-13T11:00:00.000Z,BTCUSDT,sell,100000,0.008,38158095,45431413
2026-08-13T11:00:00.000Z,BTCUSDT,sell,1000000,0.408,38158095,45431413
2026-08-13T11:00:00.000Z,BTCUSDT,sell,5000000,2.352,38158095,45431413
2026-08-13T11:00:00.000Z,DOGEUSDT,buy,10000,0.714,38274940,34794792
2026-08-13T11:00:00.000Z,DOGEUSDT,buy,100000,1.208,38274940,34794792
2026-08-13T11:00:00.000Z,DOGEUSDT,buy,1000000,7.622,38274940,34794792
2026-08-13T11:00:00.000Z,DOGEUSDT,buy,5000000,41.147,38274940,34794792
2026-08-13T11:00:00.000Z,DOGEUSDT,sell,10000,0.714,38274940,34794792
2026-08-13T11:00:00.000Z,DOGEUSDT,sell,100000,2.782,38274940,34794792
2026-08-13T11:00:00.000Z,DOGEUSDT,sell,1000000,11.487,38274940,34794792
2026-08-13T11:00:00.000Z,DOGEUSDT,sell,5000000,40.864,38274940,34794792
2026-08-13T11:00:00.000Z,ETHUSDT,buy,10000,0.027,66962560,60457177
2026-08-13T11:00:00.000Z,ETHUSDT,buy,100000,0.027,66962560,60457177
2026-08-13T11:00:00.000Z,ETHUSDT,buy,1000000,0.027,66962560,60457177
2026-08-13T11:00:00.000Z,ETHUSDT,buy,5000000,2.215,66962560,60457177
2026-08-13T11:00:00.000Z,ETHUSDT,sell,10000,0.027,66962560,60457177
2026-08-13T11:00:00.000Z,ETHUSDT,sell,100000,0.027,66962560,60457177
2026-08-13T11:00:00.000Z,ETHUSDT,sell,1000000,0.846,66962560,60457177
2026-08-13T11:00:00.000Z,ETHUSDT,sell,5000000,3.616,66962560,60457177
2026-08-13T11:00:00.000Z,LINKUSDT,buy,10000,0.576,9727415,7806382
2026-08-13T11:00:00.000Z,LINKUSDT,buy,100000,3.58,9727415,7806382
2026-08-13T11:00:00.000Z,LINKUSDT,buy,1000000,26.869,9727415,7806382
2026-08-13T11:00:00.000Z,LINKUSDT,buy,5000000,118.946,9727415,7806382
2026-08-13T11:00:00.000Z,LINKUSDT,sell,10000,0.576,9727415,7806382
2026-08-13T11:00:00.000Z,LINKUSDT,sell,100000,1.752,9727415,7806382
2026-08-13T11:00:00.000Z,LINKUSDT,sell,1000000,26.424,9727415,7806382
2026-08-13T11:00:00.000Z,LINKUSDT,sell,5000000,103.679,9727415,7806382
2026-08-13T11:00:00.000Z,SOLUSDT,buy,10000,0.661,86343349,80340940
2026-08-13T11:00:00.000Z,SOLUSDT,buy,100000,0.661,86343349,80340940
2026-08-13T11:00:00.000Z,SOLUSDT,buy,1000000,2.324,86343349,80340940
2026-08-13T11:00:00.000Z,SOLUSDT,buy,5000000,9.917,86343349,80340940
2026-08-13T11:00:00.000Z,SOLUSDT,sell,10000,0.661,86343349,80340940
2026-08-13T11:00:00.000Z,SOLUSDT,sell,100000,0.661,86343349,80340940
2026-08-13T11:00:00.000Z,SOLUSDT,sell,1000000,2.369,86343349,80340940
2026-08-13T11:00:00.000Z,SOLUSDT,sell,5000000,9.891,86343349,80340940
2026-08-13T11:00:00.000Z,XRPUSDT,buy,10000,0.498,37668820,30352023
2026-08-13T11:00:00.000Z,XRPUSDT,buy,100000,0.498,37668820,30352023
2026-08-13T11:00:00.000Z,XRPUSDT,buy,1000000,3.183,37668820,30352023
2026-08-13T11:00:00.000Z,XRPUSDT,buy,5000000,23.712,37668820,30352023
2026-08-13T11:00:00.000Z,XRPUSDT,sell,10000,0.498,37668820,30352023
2026-08-13T11:00:00.000Z,XRPUSDT,sell,100000,0.97,37668820,30352023
2026-08-13T11:00:00.000Z,XRPUSDT,sell,1000000,3.878,37668820,30352023
2026-08-13T11:00:00.000Z,XRPUSDT,sell,5000000,23.031,37668820,30352023
2026-08-13T12:00:00.000Z,ADAUSDT,buy,10000,2.727,12524025,10088046
2026-08-13T12:00:00.000Z,ADAUSDT,buy,100000,5.736,12524025,10088046
2026-08-13T12:00:00.000Z,ADAUSDT,buy,1000000,29.42,12524025,10088046
2026-08-13T12:00:00.000Z,ADAUSDT,buy,5000000,117.848,12524025,10088046
2026-08-13T12:00:00.000Z,ADAUSDT,sell,10000,2.727,12524025,10088046
2026-08-13T12:00:00.000Z,ADAUSDT,sell,100000,4.614,12524025,10088046
2026-08-13T12:00:00.000Z,ADAUSDT,sell,1000000,25.856,12524025,10088046
2026-08-13T12:00:00.000Z,ADAUSDT,sell,5000000,101.706,12524025,10088046
2026-08-13T12:00:00.000Z,BNBUSDT,buy,10000,0.167,13566109,9412842
2026-08-13T12:00:00.000Z,BNBUSDT,buy,100000,1.792,13566109,9412842
2026-08-13T12:00:00.000Z,BNBUSDT,buy,1000000,8.383,13566109,9412842
2026-08-13T12:00:00.000Z,BNBUSDT,buy,5000000,36.802,13566109,9412842
2026-08-13T12:00:00.000Z,BNBUSDT,sell,10000,0.082,13566109,9412842
2026-08-13T12:00:00.000Z,BNBUSDT,sell,100000,1.403,13566109,9412842
2026-08-13T12:00:00.000Z,BNBUSDT,sell,1000000,9.687,13566109,9412842
2026-08-13T12:00:00.000Z,BNBUSDT,sell,5000000,35.633,13566109,9412842
2026-08-13T12:00:00.000Z,BTCUSDT,buy,10000,0.008,30912432,46713372
2026-08-13T12:00:00.000Z,BTCUSDT,buy,100000,0.008,30912432,46713372
2026-08-13T12:00:00.000Z,BTCUSDT,buy,1000000,0.008,30912432,46713372
2026-08-13T12:00:00.000Z,BTCUSDT,buy,5000000,0.389,30912432,46713372
2026-08-13T12:00:00.000Z,BTCUSDT,sell,10000,0.008,30912432,46713372
2026-08-13T12:00:00.000Z,BTCUSDT,sell,100000,0.008,30912432,46713372
2026-08-13T12:00:00.000Z,BTCUSDT,sell,1000000,0.739,30912432,46713372
2026-08-13T12:00:00.000Z,BTCUSDT,sell,5000000,2.396,30912432,46713372
2026-08-13T12:00:00.000Z,DOGEUSDT,buy,10000,0.713,39499461,34843511
2026-08-13T12:00:00.000Z,DOGEUSDT,buy,100000,1.428,39499461,34843511
2026-08-13T12:00:00.000Z,DOGEUSDT,buy,1000000,9.063,39499461,34843511
2026-08-13T12:00:00.000Z,DOGEUSDT,buy,5000000,41.81,39499461,34843511
2026-08-13T12:00:00.000Z,DOGEUSDT,sell,10000,0.713,39499461,34843511
2026-08-13T12:00:00.000Z,DOGEUSDT,sell,100000,1.865,39499461,34843511
2026-08-13T12:00:00.000Z,DOGEUSDT,sell,1000000,10.445,39499461,34843511
2026-08-13T12:00:00.000Z,DOGEUSDT,sell,5000000,41.435,39499461,34843511
2026-08-13T12:00:00.000Z,ETHUSDT,buy,10000,0.026,45579002,64457508
2026-08-13T12:00:00.000Z,ETHUSDT,buy,100000,0.026,45579002,64457508
2026-08-13T12:00:00.000Z,ETHUSDT,buy,1000000,1.173,45579002,64457508
2026-08-13T12:00:00.000Z,ETHUSDT,buy,5000000,3.508,45579002,64457508
2026-08-13T12:00:00.000Z,ETHUSDT,sell,10000,0.026,45579002,64457508
2026-08-13T12:00:00.000Z,ETHUSDT,sell,100000,0.026,45579002,64457508
2026-08-13T12:00:00.000Z,ETHUSDT,sell,1000000,1.292,45579002,64457508
2026-08-13T12:00:00.000Z,ETHUSDT,sell,5000000,5.461,45579002,64457508
2026-08-13T12:00:00.000Z,LINKUSDT,buy,10000,0.57,10137894,8389474
2026-08-13T12:00:00.000Z,LINKUSDT,buy,100000,2.767,10137894,8389474
2026-08-13T12:00:00.000Z,LINKUSDT,buy,1000000,20.695,10137894,8389474
2026-08-13T12:00:00.000Z,LINKUSDT,buy,5000000,92.122,10137894,8389474
2026-08-13T12:00:00.000Z,LINKUSDT,sell,10000,1.679,10137894,8389474
2026-08-13T12:00:00.000Z,LINKUSDT,sell,100000,5.085,10137894,8389474
2026-08-13T12:00:00.000Z,LINKUSDT,sell,1000000,32.769,10137894,8389474
2026-08-13T12:00:00.000Z,LINKUSDT,sell,5000000,116.129,10137894,8389474
2026-08-13T12:00:00.000Z,SOLUSDT,buy,10000,0.658,87074209,77659997
2026-08-13T12:00:00.000Z,SOLUSDT,buy,100000,0.838,87074209,77659997
2026-08-13T12:00:00.000Z,SOLUSDT,buy,1000000,3.006,87074209,77659997
2026-08-13T12:00:00.000Z,SOLUSDT,buy,5000000,12.102,87074209,77659997
2026-08-13T12:00:00.000Z,SOLUSDT,sell,10000,0.658,87074209,77659997
2026-08-13T12:00:00.000Z,SOLUSDT,sell,100000,0.658,87074209,77659997
2026-08-13T12:00:00.000Z,SOLUSDT,sell,1000000,2.018,87074209,77659997
2026-08-13T12:00:00.000Z,SOLUSDT,sell,5000000,9.27,87074209,77659997
2026-08-13T12:00:00.000Z,XRPUSDT,buy,10000,0.497,37684669,29642294
2026-08-13T12:00:00.000Z,XRPUSDT,buy,100000,0.497,37684669,29642294
2026-08-13T12:00:00.000Z,XRPUSDT,buy,1000000,3.777,37684669,29642294
2026-08-13T12:00:00.000Z,XRPUSDT,buy,5000000,24.756,37684669,29642294
2026-08-13T12:00:00.000Z,XRPUSDT,sell,10000,0.497,37684669,29642294
2026-08-13T12:00:00.000Z,XRPUSDT,sell,100000,1.159,37684669,29642294
2026-08-13T12:00:00.000Z,XRPUSDT,sell,1000000,5.215,37684669,29642294
2026-08-13T12:00:00.000Z,XRPUSDT,sell,5000000,26.448,37684669,29642294
2026-08-13T13:00:00.000Z,ADAUSDT,buy,10000,2.712,13050038,10100225
2026-08-13T13:00:00.000Z,ADAUSDT,buy,100000,6.398,13050038,10100225
2026-08-13T13:00:00.000Z,ADAUSDT,buy,1000000,30.405,13050038,10100225
2026-08-13T13:00:00.000Z,ADAUSDT,buy,5000000,114.563,13050038,10100225
2026-08-13T13:00:00.000Z,ADAUSDT,sell,10000,2.712,13050038,10100225
2026-08-13T13:00:00.000Z,ADAUSDT,sell,100000,6.252,13050038,10100225
2026-08-13T13:00:00.000Z,ADAUSDT,sell,1000000,27.769,13050038,10100225
2026-08-13T13:00:00.000Z,ADAUSDT,sell,5000000,104.788,13050038,10100225
2026-08-13T13:00:00.000Z,BNBUSDT,buy,10000,0.082,12726319,9247178
2026-08-13T13:00:00.000Z,BNBUSDT,buy,100000,1.161,12726319,9247178
2026-08-13T13:00:00.000Z,BNBUSDT,buy,1000000,9.174,12726319,9247178
2026-08-13T13:00:00.000Z,BNBUSDT,buy,5000000,39.133,12726319,9247178
2026-08-13T13:00:00.000Z,BNBUSDT,sell,10000,0.923,12726319,9247178
2026-08-13T13:00:00.000Z,BNBUSDT,sell,100000,2.367,12726319,9247178
2026-08-13T13:00:00.000Z,BNBUSDT,sell,1000000,9.233,12726319,9247178
2026-08-13T13:00:00.000Z,BNBUSDT,sell,5000000,30.081,12726319,9247178
2026-08-13T13:00:00.000Z,BTCUSDT,buy,10000,0.008,33457238,52540259
2026-08-13T13:00:00.000Z,BTCUSDT,buy,100000,0.008,33457238,52540259
2026-08-13T13:00:00.000Z,BTCUSDT,buy,1000000,0.359,33457238,52540259
2026-08-13T13:00:00.000Z,BTCUSDT,buy,5000000,1.768,33457238,52540259
2026-08-13T13:00:00.000Z,BTCUSDT,sell,10000,0.008,33457238,52540259
2026-08-13T13:00:00.000Z,BTCUSDT,sell,100000,0.008,33457238,52540259
2026-08-13T13:00:00.000Z,BTCUSDT,sell,1000000,0.542,33457238,52540259
2026-08-13T13:00:00.000Z,BTCUSDT,sell,5000000,1.764,33457238,52540259
2026-08-13T13:00:00.000Z,DOGEUSDT,buy,10000,0.712,38747217,34852337
2026-08-13T13:00:00.000Z,DOGEUSDT,buy,100000,0.728,38747217,34852337
2026-08-13T13:00:00.000Z,DOGEUSDT,buy,1000000,8.55,38747217,34852337
2026-08-13T13:00:00.000Z,DOGEUSDT,buy,5000000,40.795,38747217,34852337
2026-08-13T13:00:00.000Z,DOGEUSDT,sell,10000,0.712,38747217,34852337
2026-08-13T13:00:00.000Z,DOGEUSDT,sell,100000,2.464,38747217,34852337
2026-08-13T13:00:00.000Z,DOGEUSDT,sell,1000000,10.539,38747217,34852337
2026-08-13T13:00:00.000Z,DOGEUSDT,sell,5000000,45.677,38747217,34852337
2026-08-13T13:00:00.000Z,ETHUSDT,buy,10000,0.026,51108497,66882658
2026-08-13T13:00:00.000Z,ETHUSDT,buy,100000,0.026,51108497,66882658
2026-08-13T13:00:00.000Z,ETHUSDT,buy,1000000,0.221,51108497,66882658
2026-08-13T13:00:00.000Z,ETHUSDT,buy,5000000,3.544,51108497,66882658
2026-08-13T13:00:00.000Z,ETHUSDT,sell,10000,0.026,51108497,66882658
2026-08-13T13:00:00.000Z,ETHUSDT,sell,100000,0.026,51108497,66882658
2026-08-13T13:00:00.000Z,ETHUSDT,sell,1000000,1.813,51108497,66882658
2026-08-13T13:00:00.000Z,ETHUSDT,sell,5000000,5.479,51108497,66882658
2026-08-13T13:00:00.000Z,LINKUSDT,buy,10000,0.567,9460565,7557361
2026-08-13T13:00:00.000Z,LINKUSDT,buy,100000,3.47,9460565,7557361
2026-08-13T13:00:00.000Z,LINKUSDT,buy,1000000,27.801,9460565,7557361
2026-08-13T13:00:00.000Z,LINKUSDT,buy,5000000,107.919,9460565,7557361
2026-08-13T13:00:00.000Z,LINKUSDT,sell,10000,1.657,9460565,7557361
2026-08-13T13:00:00.000Z,LINKUSDT,sell,100000,3.757,9460565,7557361
2026-08-13T13:00:00.000Z,LINKUSDT,sell,1000000,29.855,9460565,7557361
2026-08-13T13:00:00.000Z,LINKUSDT,sell,5000000,117.65,9460565,7557361
2026-08-13T13:00:00.000Z,SOLUSDT,buy,10000,0.656,88183824,76451660
2026-08-13T13:00:00.000Z,SOLUSDT,buy,100000,0.656,88183824,76451660
2026-08-13T13:00:00.000Z,SOLUSDT,buy,1000000,0.656,88183824,76451660
2026-08-13T13:00:00.000Z,SOLUSDT,buy,5000000,7.909,88183824,76451660
2026-08-13T13:00:00.000Z,SOLUSDT,sell,10000,0.656,88183824,76451660
2026-08-13T13:00:00.000Z,SOLUSDT,sell,100000,0.656,88183824,76451660
2026-08-13T13:00:00.000Z,SOLUSDT,sell,1000000,2.893,88183824,76451660
2026-08-13T13:00:00.000Z,SOLUSDT,sell,5000000,10.784,88183824,76451660
2026-08-13T13:00:00.000Z,XRPUSDT,buy,10000,0.496,37260404,29257404
2026-08-13T13:00:00.000Z,XRPUSDT,buy,100000,0.503,37260404,29257404
2026-08-13T13:00:00.000Z,XRPUSDT,buy,1000000,5.363,37260404,29257404
2026-08-13T13:00:00.000Z,XRPUSDT,buy,5000000,28.956,37260404,29257404
2026-08-13T13:00:00.000Z,XRPUSDT,sell,10000,0.496,37260404,29257404
2026-08-13T13:00:00.000Z,XRPUSDT,sell,100000,1.808,37260404,29257404
2026-08-13T13:00:00.000Z,XRPUSDT,sell,1000000,5.934,37260404,29257404
2026-08-13T13:00:00.000Z,XRPUSDT,sell,5000000,31.143,37260404,29257404
2026-08-13T14:00:00.000Z,ADAUSDT,buy,10000,2.706,12818189,10407590
2026-08-13T14:00:00.000Z,ADAUSDT,buy,100000,5.839,12818189,10407590
2026-08-13T14:00:00.000Z,ADAUSDT,buy,1000000,26.112,12818189,10407590
2026-08-13T14:00:00.000Z,ADAUSDT,buy,5000000,111.471,12818189,10407590
2026-08-13T14:00:00.000Z,ADAUSDT,sell,10000,2.706,12818189,10407590
2026-08-13T14:00:00.000Z,ADAUSDT,sell,100000,5.531,12818189,10407590
2026-08-13T14:00:00.000Z,ADAUSDT,sell,1000000,28.34,12818189,10407590
2026-08-13T14:00:00.000Z,ADAUSDT,sell,5000000,98.447,12818189,10407590
2026-08-13T14:00:00.000Z,BNBUSDT,buy,10000,0.082,12622034,9523514
2026-08-13T14:00:00.000Z,BNBUSDT,buy,100000,1.885,12622034,9523514
2026-08-13T14:00:00.000Z,BNBUSDT,buy,1000000,9.779,12622034,9523514
2026-08-13T14:00:00.000Z,BNBUSDT,buy,5000000,39.437,12622034,9523514
2026-08-13T14:00:00.000Z,BNBUSDT,sell,10000,0.082,12622034,9523514
2026-08-13T14:00:00.000Z,BNBUSDT,sell,100000,1.65,12622034,9523514
2026-08-13T14:00:00.000Z,BNBUSDT,sell,1000000,7.058,12622034,9523514
2026-08-13T14:00:00.000Z,BNBUSDT,sell,5000000,32.364,12622034,9523514
2026-08-13T14:00:00.000Z,BTCUSDT,buy,10000,0.008,45141843,56912565
2026-08-13T14:00:00.000Z,BTCUSDT,buy,100000,0.008,45141843,56912565
2026-08-13T14:00:00.000Z,BTCUSDT,buy,1000000,0.439,45141843,56912565
2026-08-13T14:00:00.000Z,BTCUSDT,buy,5000000,1.454,45141843,56912565
2026-08-13T14:00:00.000Z,BTCUSDT,sell,10000,0.008,45141843,56912565
2026-08-13T14:00:00.000Z,BTCUSDT,sell,100000,0.008,45141843,56912565
2026-08-13T14:00:00.000Z,BTCUSDT,sell,1000000,0.008,45141843,56912565
2026-08-13T14:00:00.000Z,BTCUSDT,sell,5000000,0.622,45141843,56912565
2026-08-13T14:00:00.000Z,DOGEUSDT,buy,10000,0.713,37846176,35185109
2026-08-13T14:00:00.000Z,DOGEUSDT,buy,100000,1.308,37846176,35185109
2026-08-13T14:00:00.000Z,DOGEUSDT,buy,1000000,8.807,37846176,35185109
2026-08-13T14:00:00.000Z,DOGEUSDT,buy,5000000,43.922,37846176,35185109
2026-08-13T14:00:00.000Z,DOGEUSDT,sell,10000,0.713,37846176,35185109
2026-08-13T14:00:00.000Z,DOGEUSDT,sell,100000,1.31,37846176,35185109
2026-08-13T14:00:00.000Z,DOGEUSDT,sell,1000000,9.872,37846176,35185109
2026-08-13T14:00:00.000Z,DOGEUSDT,sell,5000000,35.666,37846176,35185109
2026-08-13T14:00:00.000Z,ETHUSDT,buy,10000,0.026,57580599,70087094
2026-08-13T14:00:00.000Z,ETHUSDT,buy,100000,0.026,57580599,70087094
2026-08-13T14:00:00.000Z,ETHUSDT,buy,1000000,1.16,57580599,70087094
2026-08-13T14:00:00.000Z,ETHUSDT,buy,5000000,3.936,57580599,70087094
2026-08-13T14:00:00.000Z,ETHUSDT,sell,10000,0.026,57580599,70087094
2026-08-13T14:00:00.000Z,ETHUSDT,sell,100000,0.026,57580599,70087094
2026-08-13T14:00:00.000Z,ETHUSDT,sell,1000000,0.026,57580599,70087094
2026-08-13T14:00:00.000Z,ETHUSDT,sell,5000000,2.865,57580599,70087094
2026-08-13T14:00:00.000Z,LINKUSDT,buy,10000,0.747,9555064,7751267
2026-08-13T14:00:00.000Z,LINKUSDT,buy,100000,3.763,9555064,7751267
2026-08-13T14:00:00.000Z,LINKUSDT,buy,1000000,23.999,9555064,7751267
2026-08-13T14:00:00.000Z,LINKUSDT,buy,5000000,98.185,9555064,7751267
2026-08-13T14:00:00.000Z,LINKUSDT,sell,10000,1.352,9555064,7751267
2026-08-13T14:00:00.000Z,LINKUSDT,sell,100000,4.204,9555064,7751267
2026-08-13T14:00:00.000Z,LINKUSDT,sell,1000000,30.079,9555064,7751267
2026-08-13T14:00:00.000Z,LINKUSDT,sell,5000000,117.069,9555064,7751267
2026-08-13T14:00:00.000Z,SOLUSDT,buy,10000,0.654,91502955,73631768
2026-08-13T14:00:00.000Z,SOLUSDT,buy,100000,0.654,91502955,73631768
2026-08-13T14:00:00.000Z,SOLUSDT,buy,1000000,2.543,91502955,73631768
2026-08-13T14:00:00.000Z,SOLUSDT,buy,5000000,10.499,91502955,73631768
2026-08-13T14:00:00.000Z,SOLUSDT,sell,10000,0.654,91502955,73631768
2026-08-13T14:00:00.000Z,SOLUSDT,sell,100000,0.654,91502955,73631768
2026-08-13T14:00:00.000Z,SOLUSDT,sell,1000000,2.671,91502955,73631768
2026-08-13T14:00:00.000Z,SOLUSDT,sell,5000000,11.638,91502955,73631768
2026-08-13T14:00:00.000Z,XRPUSDT,buy,10000,0.496,37583552,29802926
2026-08-13T14:00:00.000Z,XRPUSDT,buy,100000,0.869,37583552,29802926
2026-08-13T14:00:00.000Z,XRPUSDT,buy,1000000,5.899,37583552,29802926
2026-08-13T14:00:00.000Z,XRPUSDT,buy,5000000,29.39,37583552,29802926
2026-08-13T14:00:00.000Z,XRPUSDT,sell,10000,0.496,37583552,29802926
2026-08-13T14:00:00.000Z,XRPUSDT,sell,100000,1.035,37583552,29802926
2026-08-13T14:00:00.000Z,XRPUSDT,sell,1000000,5.579,37583552,29802926
2026-08-13T14:00:00.000Z,XRPUSDT,sell,5000000,26.346,37583552,29802926
2026-08-13T15:00:00.000Z,ADAUSDT,buy,10000,2.733,12201637,10670763
2026-08-13T15:00:00.000Z,ADAUSDT,buy,100000,5.461,12201637,10670763
2026-08-13T15:00:00.000Z,ADAUSDT,buy,1000000,27.323,12201637,10670763
2026-08-13T15:00:00.000Z,ADAUSDT,buy,5000000,111.54,12201637,10670763
2026-08-13T15:00:00.000Z,ADAUSDT,sell,10000,2.733,12201637,10670763
2026-08-13T15:00:00.000Z,ADAUSDT,sell,100000,6.592,12201637,10670763
2026-08-13T15:00:00.000Z,ADAUSDT,sell,1000000,31.37,12201637,10670763
2026-08-13T15:00:00.000Z,ADAUSDT,sell,5000000,101.463,12201637,10670763
2026-08-13T15:00:00.000Z,BNBUSDT,buy,10000,0.082,12519107,9188052
2026-08-13T15:00:00.000Z,BNBUSDT,buy,100000,0.966,12519107,9188052
2026-08-13T15:00:00.000Z,BNBUSDT,buy,1000000,7.468,12519107,9188052
2026-08-13T15:00:00.000Z,BNBUSDT,buy,5000000,37.251,12519107,9188052
2026-08-13T15:00:00.000Z,BNBUSDT,sell,10000,0.499,12519107,9188052
2026-08-13T15:00:00.000Z,BNBUSDT,sell,100000,1.828,12519107,9188052
2026-08-13T15:00:00.000Z,BNBUSDT,sell,1000000,10.136,12519107,9188052
2026-08-13T15:00:00.000Z,BNBUSDT,sell,5000000,33.733,12519107,9188052
2026-08-13T15:00:00.000Z,BTCUSDT,buy,10000,0.008,40356684,38534220
2026-08-13T15:00:00.000Z,BTCUSDT,buy,100000,0.044,40356684,38534220
2026-08-13T15:00:00.000Z,BTCUSDT,buy,1000000,1.337,40356684,38534220
2026-08-13T15:00:00.000Z,BTCUSDT,buy,5000000,2.839,40356684,38534220
2026-08-13T15:00:00.000Z,BTCUSDT,sell,10000,0.008,40356684,38534220
2026-08-13T15:00:00.000Z,BTCUSDT,sell,100000,0.008,40356684,38534220
2026-08-13T15:00:00.000Z,BTCUSDT,sell,1000000,0.008,40356684,38534220
2026-08-13T15:00:00.000Z,BTCUSDT,sell,5000000,1.493,40356684,38534220
2026-08-13T15:00:00.000Z,DOGEUSDT,buy,10000,0.715,37451873,35440161
2026-08-13T15:00:00.000Z,DOGEUSDT,buy,100000,0.854,37451873,35440161
2026-08-13T15:00:00.000Z,DOGEUSDT,buy,1000000,9.788,37451873,35440161
2026-08-13T15:00:00.000Z,DOGEUSDT,buy,5000000,41.02,37451873,35440161
2026-08-13T15:00:00.000Z,DOGEUSDT,sell,10000,1.165,37451873,35440161
2026-08-13T15:00:00.000Z,DOGEUSDT,sell,100000,2.783,37451873,35440161
2026-08-13T15:00:00.000Z,DOGEUSDT,sell,1000000,10.544,37451873,35440161
2026-08-13T15:00:00.000Z,DOGEUSDT,sell,5000000,41.504,37451873,35440161
2026-08-13T15:00:00.000Z,ETHUSDT,buy,10000,0.026,61530044,48978010
2026-08-13T15:00:00.000Z,ETHUSDT,buy,100000,0.026,61530044,48978010
2026-08-13T15:00:00.000Z,ETHUSDT,buy,1000000,1.058,61530044,48978010
2026-08-13T15:00:00.000Z,ETHUSDT,buy,5000000,4.226,61530044,48978010
2026-08-13T15:00:00.000Z,ETHUSDT,sell,10000,0.026,61530044,48978010
2026-08-13T15:00:00.000Z,ETHUSDT,sell,100000,0.026,61530044,48978010
2026-08-13T15:00:00.000Z,ETHUSDT,sell,1000000,1.158,61530044,48978010
2026-08-13T15:00:00.000Z,ETHUSDT,sell,5000000,4.541,61530044,48978010
2026-08-13T15:00:00.000Z,LINKUSDT,buy,10000,0.613,9666607,8191445
2026-08-13T15:00:00.000Z,LINKUSDT,buy,100000,3.938,9666607,8191445
2026-08-13T15:00:00.000Z,LINKUSDT,buy,1000000,28.211,9666607,8191445
2026-08-13T15:00:00.000Z,LINKUSDT,buy,5000000,109.753,9666607,8191445
2026-08-13T15:00:00.000Z,LINKUSDT,sell,10000,1.789,9666607,8191445
2026-08-13T15:00:00.000Z,LINKUSDT,sell,100000,4.348,9666607,8191445
2026-08-13T15:00:00.000Z,LINKUSDT,sell,1000000,30.165,9666607,8191445
2026-08-13T15:00:00.000Z,LINKUSDT,sell,5000000,112.423,9666607,8191445
2026-08-13T15:00:00.000Z,SOLUSDT,buy,10000,0.658,87659490,77110611
2026-08-13T15:00:00.000Z,SOLUSDT,buy,100000,0.658,87659490,77110611
2026-08-13T15:00:00.000Z,SOLUSDT,buy,1000000,2.188,87659490,77110611
2026-08-13T15:00:00.000Z,SOLUSDT,buy,5000000,9.881,87659490,77110611
2026-08-13T15:00:00.000Z,SOLUSDT,sell,10000,0.658,87659490,77110611
2026-08-13T15:00:00.000Z,SOLUSDT,sell,100000,0.658,87659490,77110611
2026-08-13T15:00:00.000Z,SOLUSDT,sell,1000000,2.443,87659490,77110611
2026-08-13T15:00:00.000Z,SOLUSDT,sell,5000000,8.627,87659490,77110611
2026-08-13T15:00:00.000Z,XRPUSDT,buy,10000,0.497,36795465,29633790
2026-08-13T15:00:00.000Z,XRPUSDT,buy,100000,0.884,36795465,29633790
2026-08-13T15:00:00.000Z,XRPUSDT,buy,1000000,5.254,36795465,29633790
2026-08-13T15:00:00.000Z,XRPUSDT,buy,5000000,28.362,36795465,29633790
2026-08-13T15:00:00.000Z,XRPUSDT,sell,10000,0.497,36795465,29633790
2026-08-13T15:00:00.000Z,XRPUSDT,sell,100000,0.97,36795465,29633790
2026-08-13T15:00:00.000Z,XRPUSDT,sell,1000000,5.093,36795465,29633790
2026-08-13T15:00:00.000Z,XRPUSDT,sell,5000000,26.531,36795465,29633790
2026-08-13T16:00:00.000Z,ADAUSDT,buy,10000,2.76,12840222,10965347
2026-08-13T16:00:00.000Z,ADAUSDT,buy,100000,6.296,12840222,10965347
2026-08-13T16:00:00.000Z,ADAUSDT,buy,1000000,31.865,12840222,10965347
2026-08-13T16:00:00.000Z,ADAUSDT,buy,5000000,112.113,12840222,10965347
2026-08-13T16:00:00.000Z,ADAUSDT,sell,10000,2.76,12840222,10965347
2026-08-13T16:00:00.000Z,ADAUSDT,sell,100000,3.717,12840222,10965347
2026-08-13T16:00:00.000Z,ADAUSDT,sell,1000000,25.317,12840222,10965347
2026-08-13T16:00:00.000Z,ADAUSDT,sell,5000000,99.609,12840222,10965347
2026-08-13T16:00:00.000Z,BNBUSDT,buy,10000,0.432,13069697,8977680
2026-08-13T16:00:00.000Z,BNBUSDT,buy,100000,2.155,13069697,8977680
2026-08-13T16:00:00.000Z,BNBUSDT,buy,1000000,10.268,13069697,8977680
2026-08-13T16:00:00.000Z,BNBUSDT,buy,5000000,41.516,13069697,8977680
2026-08-13T16:00:00.000Z,BNBUSDT,sell,10000,0.082,13069697,8977680
2026-08-13T16:00:00.000Z,BNBUSDT,sell,100000,1.045,13069697,8977680
2026-08-13T16:00:00.000Z,BNBUSDT,sell,1000000,8.255,13069697,8977680
2026-08-13T16:00:00.000Z,BNBUSDT,sell,5000000,38.141,13069697,8977680
2026-08-13T16:00:00.000Z,BTCUSDT,buy,10000,0.008,36907614,49847277
2026-08-13T16:00:00.000Z,BTCUSDT,buy,100000,0.008,36907614,49847277
2026-08-13T16:00:00.000Z,BTCUSDT,buy,1000000,0.542,36907614,49847277
2026-08-13T16:00:00.000Z,BTCUSDT,buy,5000000,1.81,36907614,49847277
2026-08-13T16:00:00.000Z,BTCUSDT,sell,10000,0.008,36907614,49847277
2026-08-13T16:00:00.000Z,BTCUSDT,sell,100000,0.008,36907614,49847277
2026-08-13T16:00:00.000Z,BTCUSDT,sell,1000000,0.008,36907614,49847277
2026-08-13T16:00:00.000Z,BTCUSDT,sell,5000000,1.082,36907614,49847277
2026-08-13T16:00:00.000Z,DOGEUSDT,buy,10000,1.665,36790092,34992901
2026-08-13T16:00:00.000Z,DOGEUSDT,buy,100000,2.792,36790092,34992901
2026-08-13T16:00:00.000Z,DOGEUSDT,buy,1000000,10.647,36790092,34992901
2026-08-13T16:00:00.000Z,DOGEUSDT,buy,5000000,44.493,36790092,34992901
2026-08-13T16:00:00.000Z,DOGEUSDT,sell,10000,0.715,36790092,34992901
2026-08-13T16:00:00.000Z,DOGEUSDT,sell,100000,1.119,36790092,34992901
2026-08-13T16:00:00.000Z,DOGEUSDT,sell,1000000,11.135,36790092,34992901
2026-08-13T16:00:00.000Z,DOGEUSDT,sell,5000000,48.827,36790092,34992901
2026-08-13T16:00:00.000Z,ETHUSDT,buy,10000,0.027,55224486,60651880
2026-08-13T16:00:00.000Z,ETHUSDT,buy,100000,0.027,55224486,60651880
2026-08-13T16:00:00.000Z,ETHUSDT,buy,1000000,0.69,55224486,60651880
2026-08-13T16:00:00.000Z,ETHUSDT,buy,5000000,2.696,55224486,60651880
2026-08-13T16:00:00.000Z,ETHUSDT,sell,10000,0.027,55224486,60651880
2026-08-13T16:00:00.000Z,ETHUSDT,sell,100000,0.027,55224486,60651880
2026-08-13T16:00:00.000Z,ETHUSDT,sell,1000000,0.306,55224486,60651880
2026-08-13T16:00:00.000Z,ETHUSDT,sell,5000000,3.098,55224486,60651880
2026-08-13T16:00:00.000Z,LINKUSDT,buy,10000,0.572,10080266,8242164
2026-08-13T16:00:00.000Z,LINKUSDT,buy,100000,3.355,10080266,8242164
2026-08-13T16:00:00.000Z,LINKUSDT,buy,1000000,26.736,10080266,8242164
2026-08-13T16:00:00.000Z,LINKUSDT,buy,5000000,112.024,10080266,8242164
2026-08-13T16:00:00.000Z,LINKUSDT,sell,10000,0.572,10080266,8242164
2026-08-13T16:00:00.000Z,LINKUSDT,sell,100000,3.202,10080266,8242164
2026-08-13T16:00:00.000Z,LINKUSDT,sell,1000000,28.672,10080266,8242164
2026-08-13T16:00:00.000Z,LINKUSDT,sell,5000000,104.825,10080266,8242164
2026-08-13T16:00:00.000Z,SOLUSDT,buy,10000,0.662,85920128,78383793
2026-08-13T16:00:00.000Z,SOLUSDT,buy,100000,0.662,85920128,78383793
2026-08-13T16:00:00.000Z,SOLUSDT,buy,1000000,2.464,85920128,78383793
2026-08-13T16:00:00.000Z,SOLUSDT,buy,5000000,10.114,85920128,78383793
2026-08-13T16:00:00.000Z,SOLUSDT,sell,10000,0.662,85920128,78383793
2026-08-13T16:00:00.000Z,SOLUSDT,sell,100000,0.662,85920128,78383793
2026-08-13T16:00:00.000Z,SOLUSDT,sell,1000000,2.006,85920128,78383793
2026-08-13T16:00:00.000Z,SOLUSDT,sell,5000000,10.932,85920128,78383793
2026-08-13T16:00:00.000Z,XRPUSDT,buy,10000,0.497,36000300,29415937
2026-08-13T16:00:00.000Z,XRPUSDT,buy,100000,0.678,36000300,29415937
2026-08-13T16:00:00.000Z,XRPUSDT,buy,1000000,5.351,36000300,29415937
2026-08-13T16:00:00.000Z,XRPUSDT,buy,5000000,27.81,36000300,29415937
2026-08-13T16:00:00.000Z,XRPUSDT,sell,10000,0.497,36000300,29415937
2026-08-13T16:00:00.000Z,XRPUSDT,sell,100000,1.262,36000300,29415937
2026-08-13T16:00:00.000Z,XRPUSDT,sell,1000000,5.126,36000300,29415937
2026-08-13T16:00:00.000Z,XRPUSDT,sell,5000000,30.789,36000300,29415937
2026-08-13T17:00:00.000Z,ADAUSDT,buy,10000,2.753,11944962,10632065
2026-08-13T17:00:00.000Z,ADAUSDT,buy,100000,5.785,11944962,10632065
2026-08-13T17:00:00.000Z,ADAUSDT,buy,1000000,23.731,11944962,10632065
2026-08-13T17:00:00.000Z,ADAUSDT,buy,5000000,109.063,11944962,10632065
2026-08-13T17:00:00.000Z,ADAUSDT,sell,10000,7.209,11944962,10632065
2026-08-13T17:00:00.000Z,ADAUSDT,sell,100000,8.96,11944962,10632065
2026-08-13T17:00:00.000Z,ADAUSDT,sell,1000000,35.364,11944962,10632065
2026-08-13T17:00:00.000Z,ADAUSDT,sell,5000000,109.916,11944962,10632065
2026-08-13T17:00:00.000Z,BNBUSDT,buy,10000,0.082,12116499,9328120
2026-08-13T17:00:00.000Z,BNBUSDT,buy,100000,1.424,12116499,9328120
2026-08-13T17:00:00.000Z,BNBUSDT,buy,1000000,8.394,12116499,9328120
2026-08-13T17:00:00.000Z,BNBUSDT,buy,5000000,37.733,12116499,9328120
2026-08-13T17:00:00.000Z,BNBUSDT,sell,10000,0.082,12116499,9328120
2026-08-13T17:00:00.000Z,BNBUSDT,sell,100000,1.584,12116499,9328120
2026-08-13T17:00:00.000Z,BNBUSDT,sell,1000000,9.162,12116499,9328120
2026-08-13T17:00:00.000Z,BNBUSDT,sell,5000000,39.886,12116499,9328120
2026-08-13T17:00:00.000Z,BTCUSDT,buy,10000,0.008,35426213,42950588
2026-08-13T17:00:00.000Z,BTCUSDT,buy,100000,0.008,35426213,42950588
2026-08-13T17:00:00.000Z,BTCUSDT,buy,1000000,0.008,35426213,42950588
2026-08-13T17:00:00.000Z,BTCUSDT,buy,5000000,1.558,35426213,42950588
2026-08-13T17:00:00.000Z,BTCUSDT,sell,10000,0.008,35426213,42950588
2026-08-13T17:00:00.000Z,BTCUSDT,sell,100000,0.008,35426213,42950588
2026-08-13T17:00:00.000Z,BTCUSDT,sell,1000000,0.614,35426213,42950588
2026-08-13T17:00:00.000Z,BTCUSDT,sell,5000000,2.286,35426213,42950588
2026-08-13T17:00:00.000Z,DOGEUSDT,buy,10000,0.715,37218029,35365027
2026-08-13T17:00:00.000Z,DOGEUSDT,buy,100000,1.123,37218029,35365027
2026-08-13T17:00:00.000Z,DOGEUSDT,buy,1000000,8.15,37218029,35365027
2026-08-13T17:00:00.000Z,DOGEUSDT,buy,5000000,41.95,37218029,35365027
2026-08-13T17:00:00.000Z,DOGEUSDT,sell,10000,0.715,37218029,35365027
2026-08-13T17:00:00.000Z,DOGEUSDT,sell,100000,2.586,37218029,35365027
2026-08-13T17:00:00.000Z,DOGEUSDT,sell,1000000,10.835,37218029,35365027
2026-08-13T17:00:00.000Z,DOGEUSDT,sell,5000000,42.798,37218029,35365027
2026-08-13T17:00:00.000Z,ETHUSDT,buy,10000,0.027,49854210,51394420
2026-08-13T17:00:00.000Z,ETHUSDT,buy,100000,0.027,49854210,51394420
2026-08-13T17:00:00.000Z,ETHUSDT,buy,1000000,0.033,49854210,51394420
2026-08-13T17:00:00.000Z,ETHUSDT,buy,5000000,2.526,49854210,51394420
2026-08-13T17:00:00.000Z,ETHUSDT,sell,10000,0.027,49854210,51394420
2026-08-13T17:00:00.000Z,ETHUSDT,sell,100000,0.027,49854210,51394420
2026-08-13T17:00:00.000Z,ETHUSDT,sell,1000000,1.373,49854210,51394420
2026-08-13T17:00:00.000Z,ETHUSDT,sell,5000000,4.362,49854210,51394420
2026-08-13T17:00:00.000Z,LINKUSDT,buy,10000,0.57,9485120,7986596
2026-08-13T17:00:00.000Z,LINKUSDT,buy,100000,2.882,9485120,7986596
2026-08-13T17:00:00.000Z,LINKUSDT,buy,1000000,25.759,9485120,7986596
2026-08-13T17:00:00.000Z,LINKUSDT,buy,5000000,112.459,9485120,7986596
2026-08-13T17:00:00.000Z,LINKUSDT,sell,10000,1.83,9485120,7986596
2026-08-13T17:00:00.000Z,LINKUSDT,sell,100000,4.498,9485120,7986596
2026-08-13T17:00:00.000Z,LINKUSDT,sell,1000000,28.328,9485120,7986596
2026-08-13T17:00:00.000Z,LINKUSDT,sell,5000000,111.473,9485120,7986596
2026-08-13T17:00:00.000Z,SOLUSDT,buy,10000,0.66,85854411,81481909
2026-08-13T17:00:00.000Z,SOLUSDT,buy,100000,0.66,85854411,81481909
2026-08-13T17:00:00.000Z,SOLUSDT,buy,1000000,2.618,85854411,81481909
2026-08-13T17:00:00.000Z,SOLUSDT,buy,5000000,11.239,85854411,81481909
2026-08-13T17:00:00.000Z,SOLUSDT,sell,10000,0.66,85854411,81481909
2026-08-13T17:00:00.000Z,SOLUSDT,sell,100000,0.888,85854411,81481909
2026-08-13T17:00:00.000Z,SOLUSDT,sell,1000000,2.837,85854411,81481909
2026-08-13T17:00:00.000Z,SOLUSDT,sell,5000000,8.929,85854411,81481909
2026-08-13T17:00:00.000Z,XRPUSDT,buy,10000,0.497,35307679,30295612
2026-08-13T17:00:00.000Z,XRPUSDT,buy,100000,0.88,35307679,30295612
2026-08-13T17:00:00.000Z,XRPUSDT,buy,1000000,4.774,35307679,30295612
2026-08-13T17:00:00.000Z,XRPUSDT,buy,5000000,25.528,35307679,30295612
2026-08-13T17:00:00.000Z,XRPUSDT,sell,10000,0.497,35307679,30295612
2026-08-13T17:00:00.000Z,XRPUSDT,sell,100000,0.993,35307679,30295612
2026-08-13T17:00:00.000Z,XRPUSDT,sell,1000000,5.972,35307679,30295612
2026-08-13T17:00:00.000Z,XRPUSDT,sell,5000000,28.673,35307679,30295612
2026-08-13T18:00:00.000Z,ADAUSDT,buy,10000,2.756,12827514,10884764
2026-08-13T18:00:00.000Z,ADAUSDT,buy,100000,5.351,12827514,10884764
2026-08-13T18:00:00.000Z,ADAUSDT,buy,1000000,26.502,12827514,10884764
2026-08-13T18:00:00.000Z,ADAUSDT,buy,5000000,111.162,12827514,10884764
2026-08-13T18:00:00.000Z,ADAUSDT,sell,10000,2.756,12827514,10884764
2026-08-13T18:00:00.000Z,ADAUSDT,sell,100000,6.934,12827514,10884764
2026-08-13T18:00:00.000Z,ADAUSDT,sell,1000000,29.716,12827514,10884764
2026-08-13T18:00:00.000Z,ADAUSDT,sell,5000000,99.096,12827514,10884764
2026-08-13T18:00:00.000Z,BNBUSDT,buy,10000,0.082,12350398,9304586
2026-08-13T18:00:00.000Z,BNBUSDT,buy,100000,1.694,12350398,9304586
2026-08-13T18:00:00.000Z,BNBUSDT,buy,1000000,8.843,12350398,9304586
2026-08-13T18:00:00.000Z,BNBUSDT,buy,5000000,38.907,12350398,9304586
2026-08-13T18:00:00.000Z,BNBUSDT,sell,10000,0.082,12350398,9304586
2026-08-13T18:00:00.000Z,BNBUSDT,sell,100000,1.643,12350398,9304586
2026-08-13T18:00:00.000Z,BNBUSDT,sell,1000000,6.235,12350398,9304586
2026-08-13T18:00:00.000Z,BNBUSDT,sell,5000000,36.64,12350398,9304586
2026-08-13T18:00:00.000Z,BTCUSDT,buy,10000,0.008,32801122,47339308
2026-08-13T18:00:00.000Z,BTCUSDT,buy,100000,0.008,32801122,47339308
2026-08-13T18:00:00.000Z,BTCUSDT,buy,1000000,0.327,32801122,47339308
2026-08-13T18:00:00.000Z,BTCUSDT,buy,5000000,2.025,32801122,47339308
2026-08-13T18:00:00.000Z,BTCUSDT,sell,10000,0.008,32801122,47339308
2026-08-13T18:00:00.000Z,BTCUSDT,sell,100000,0.008,32801122,47339308
2026-08-13T18:00:00.000Z,BTCUSDT,sell,1000000,0.484,32801122,47339308
2026-08-13T18:00:00.000Z,BTCUSDT,sell,5000000,2.197,32801122,47339308
2026-08-13T18:00:00.000Z,DOGEUSDT,buy,10000,0.715,37134447,35372583
2026-08-13T18:00:00.000Z,DOGEUSDT,buy,100000,1.93,37134447,35372583
2026-08-13T18:00:00.000Z,DOGEUSDT,buy,1000000,11.541,37134447,35372583
2026-08-13T18:00:00.000Z,DOGEUSDT,buy,5000000,43.111,37134447,35372583
2026-08-13T18:00:00.000Z,DOGEUSDT,sell,10000,0.715,37134447,35372583
2026-08-13T18:00:00.000Z,DOGEUSDT,sell,100000,1.238,37134447,35372583
2026-08-13T18:00:00.000Z,DOGEUSDT,sell,1000000,8.089,37134447,35372583
2026-08-13T18:00:00.000Z,DOGEUSDT,sell,5000000,43.264,37134447,35372583
2026-08-13T18:00:00.000Z,ETHUSDT,buy,10000,0.027,51856802,63927286
2026-08-13T18:00:00.000Z,ETHUSDT,buy,100000,0.027,51856802,63927286
2026-08-13T18:00:00.000Z,ETHUSDT,buy,1000000,0.048,51856802,63927286
2026-08-13T18:00:00.000Z,ETHUSDT,buy,5000000,3.382,51856802,63927286
2026-08-13T18:00:00.000Z,ETHUSDT,sell,10000,0.027,51856802,63927286
2026-08-13T18:00:00.000Z,ETHUSDT,sell,100000,0.027,51856802,63927286
2026-08-13T18:00:00.000Z,ETHUSDT,sell,1000000,1.044,51856802,63927286
2026-08-13T18:00:00.000Z,ETHUSDT,sell,5000000,4.592,51856802,63927286
2026-08-13T18:00:00.000Z,LINKUSDT,buy,10000,0.569,9881311,8004183
2026-08-13T18:00:00.000Z,LINKUSDT,buy,100000,2.856,9881311,8004183
2026-08-13T18:00:00.000Z,LINKUSDT,buy,1000000,24.094,9881311,8004183
2026-08-13T18:00:00.000Z,LINKUSDT,buy,5000000,101.417,9881311,8004183
2026-08-13T18:00:00.000Z,LINKUSDT,sell,10000,1.4,9881311,8004183
2026-08-13T18:00:00.000Z,LINKUSDT,sell,100000,3.642,9881311,8004183
2026-08-13T18:00:00.000Z,LINKUSDT,sell,1000000,25.514,9881311,8004183
2026-08-13T18:00:00.000Z,LINKUSDT,sell,5000000,108.972,9881311,8004183
2026-08-13T18:00:00.000Z,SOLUSDT,buy,10000,0.66,87160452,76133088
2026-08-13T18:00:00.000Z,SOLUSDT,buy,100000,0.66,87160452,76133088
2026-08-13T18:00:00.000Z,SOLUSDT,buy,1000000,2.155,87160452,76133088
2026-08-13T18:00:00.000Z,SOLUSDT,buy,5000000,9.781,87160452,76133088
2026-08-13T18:00:00.000Z,SOLUSDT,sell,10000,0.66,87160452,76133088
2026-08-13T18:00:00.000Z,SOLUSDT,sell,100000,0.755,87160452,76133088
2026-08-13T18:00:00.000Z,SOLUSDT,sell,1000000,3.002,87160452,76133088
2026-08-13T18:00:00.000Z,SOLUSDT,sell,5000000,10.005,87160452,76133088
2026-08-13T18:00:00.000Z,XRPUSDT,buy,10000,0.497,35396785,29487923
2026-08-13T18:00:00.000Z,XRPUSDT,buy,100000,0.866,35396785,29487923
2026-08-13T18:00:00.000Z,XRPUSDT,buy,1000000,4.702,35396785,29487923
2026-08-13T18:00:00.000Z,XRPUSDT,buy,5000000,27.893,35396785,29487923
2026-08-13T18:00:00.000Z,XRPUSDT,sell,10000,0.497,35396785,29487923
2026-08-13T18:00:00.000Z,XRPUSDT,sell,100000,1.207,35396785,29487923
2026-08-13T18:00:00.000Z,XRPUSDT,sell,1000000,5.23,35396785,29487923
2026-08-13T18:00:00.000Z,XRPUSDT,sell,5000000,28.678,35396785,29487923
2026-08-13T19:00:00.000Z,ADAUSDT,buy,10000,2.754,12969427,10679630
2026-08-13T19:00:00.000Z,ADAUSDT,buy,100000,4.945,12969427,10679630
2026-08-13T19:00:00.000Z,ADAUSDT,buy,1000000,28.136,12969427,10679630
2026-08-13T19:00:00.000Z,ADAUSDT,buy,5000000,111.067,12969427,10679630
2026-08-13T19:00:00.000Z,ADAUSDT,sell,10000,2.754,12969427,10679630
2026-08-13T19:00:00.000Z,ADAUSDT,sell,100000,7.135,12969427,10679630
2026-08-13T19:00:00.000Z,ADAUSDT,sell,1000000,30.919,12969427,10679630
2026-08-13T19:00:00.000Z,ADAUSDT,sell,5000000,101.4,12969427,10679630
2026-08-13T19:00:00.000Z,BNBUSDT,buy,10000,0.082,12369967,9747269
2026-08-13T19:00:00.000Z,BNBUSDT,buy,100000,1.007,12369967,9747269
2026-08-13T19:00:00.000Z,BNBUSDT,buy,1000000,8.656,12369967,9747269
2026-08-13T19:00:00.000Z,BNBUSDT,buy,5000000,38.134,12369967,9747269
2026-08-13T19:00:00.000Z,BNBUSDT,sell,10000,0.91,12369967,9747269
2026-08-13T19:00:00.000Z,BNBUSDT,sell,100000,2.381,12369967,9747269
2026-08-13T19:00:00.000Z,BNBUSDT,sell,1000000,9.298,12369967,9747269
2026-08-13T19:00:00.000Z,BNBUSDT,sell,5000000,38.694,12369967,9747269
2026-08-13T19:00:00.000Z,BTCUSDT,buy,10000,0.008,36470438,49292905
2026-08-13T19:00:00.000Z,BTCUSDT,buy,100000,0.008,36470438,49292905
2026-08-13T19:00:00.000Z,BTCUSDT,buy,1000000,0.008,36470438,49292905
2026-08-13T19:00:00.000Z,BTCUSDT,buy,5000000,1.358,36470438,49292905
2026-08-13T19:00:00.000Z,BTCUSDT,sell,10000,0.008,36470438,49292905
2026-08-13T19:00:00.000Z,BTCUSDT,sell,100000,0.008,36470438,49292905
2026-08-13T19:00:00.000Z,BTCUSDT,sell,1000000,1.172,36470438,49292905
2026-08-13T19:00:00.000Z,BTCUSDT,sell,5000000,3.038,36470438,49292905
2026-08-13T19:00:00.000Z,DOGEUSDT,buy,10000,0.711,35482508,35343043
2026-08-13T19:00:00.000Z,DOGEUSDT,buy,100000,1.336,35482508,35343043
2026-08-13T19:00:00.000Z,DOGEUSDT,buy,1000000,8.392,35482508,35343043
2026-08-13T19:00:00.000Z,DOGEUSDT,buy,5000000,41.545,35482508,35343043
2026-08-13T19:00:00.000Z,DOGEUSDT,sell,10000,0.711,35482508,35343043
2026-08-13T19:00:00.000Z,DOGEUSDT,sell,100000,1.463,35482508,35343043
2026-08-13T19:00:00.000Z,DOGEUSDT,sell,1000000,9.047,35482508,35343043
2026-08-13T19:00:00.000Z,DOGEUSDT,sell,5000000,44.776,35482508,35343043
2026-08-13T19:00:00.000Z,ETHUSDT,buy,10000,0.026,56188082,61149453
2026-08-13T19:00:00.000Z,ETHUSDT,buy,100000,0.026,56188082,61149453
2026-08-13T19:00:00.000Z,ETHUSDT,buy,1000000,0.046,56188082,61149453
2026-08-13T19:00:00.000Z,ETHUSDT,buy,5000000,3.124,56188082,61149453
2026-08-13T19:00:00.000Z,ETHUSDT,sell,10000,0.026,56188082,61149453
2026-08-13T19:00:00.000Z,ETHUSDT,sell,100000,0.199,56188082,61149453
2026-08-13T19:00:00.000Z,ETHUSDT,sell,1000000,1.506,56188082,61149453
2026-08-13T19:00:00.000Z,ETHUSDT,sell,5000000,5.194,56188082,61149453
2026-08-13T19:00:00.000Z,LINKUSDT,buy,10000,1.397,10011021,8388384
2026-08-13T19:00:00.000Z,LINKUSDT,buy,100000,4.236,10011021,8388384
2026-08-13T19:00:00.000Z,LINKUSDT,buy,1000000,26.515,10011021,8388384
2026-08-13T19:00:00.000Z,LINKUSDT,buy,5000000,94.503,10011021,8388384
2026-08-13T19:00:00.000Z,LINKUSDT,sell,10000,0.567,10011021,8388384
2026-08-13T19:00:00.000Z,LINKUSDT,sell,100000,3.585,10011021,8388384
2026-08-13T19:00:00.000Z,LINKUSDT,sell,1000000,29.311,10011021,8388384
2026-08-13T19:00:00.000Z,LINKUSDT,sell,5000000,115.151,10011021,8388384
2026-08-13T19:00:00.000Z,SOLUSDT,buy,10000,0.657,87523385,72830660
2026-08-13T19:00:00.000Z,SOLUSDT,buy,100000,0.657,87523385,72830660
2026-08-13T19:00:00.000Z,SOLUSDT,buy,1000000,1.905,87523385,72830660
2026-08-13T19:00:00.000Z,SOLUSDT,buy,5000000,10.528,87523385,72830660
2026-08-13T19:00:00.000Z,SOLUSDT,sell,10000,0.657,87523385,72830660
2026-08-13T19:00:00.000Z,SOLUSDT,sell,100000,0.657,87523385,72830660
2026-08-13T19:00:00.000Z,SOLUSDT,sell,1000000,2.758,87523385,72830660
2026-08-13T19:00:00.000Z,SOLUSDT,sell,5000000,7.902,87523385,72830660
2026-08-13T19:00:00.000Z,XRPUSDT,buy,10000,0.495,34769308,29550161
2026-08-13T19:00:00.000Z,XRPUSDT,buy,100000,1.021,34769308,29550161
2026-08-13T19:00:00.000Z,XRPUSDT,buy,1000000,5.109,34769308,29550161
2026-08-13T19:00:00.000Z,XRPUSDT,buy,5000000,28.592,34769308,29550161
2026-08-13T19:00:00.000Z,XRPUSDT,sell,10000,0.495,34769308,29550161
2026-08-13T19:00:00.000Z,XRPUSDT,sell,100000,1.03,34769308,29550161
2026-08-13T19:00:00.000Z,XRPUSDT,sell,1000000,5.209,34769308,29550161
2026-08-13T19:00:00.000Z,XRPUSDT,sell,5000000,28.163,34769308,29550161
2026-08-13T20:00:00.000Z,ADAUSDT,buy,10000,2.753,12626589,10827970
2026-08-13T20:00:00.000Z,ADAUSDT,buy,100000,4.749,12626589,10827970
2026-08-13T20:00:00.000Z,ADAUSDT,buy,1000000,25.559,12626589,10827970
2026-08-13T20:00:00.000Z,ADAUSDT,buy,5000000,112.075,12626589,10827970
2026-08-13T20:00:00.000Z,ADAUSDT,sell,10000,2.753,12626589,10827970
2026-08-13T20:00:00.000Z,ADAUSDT,sell,100000,6.616,12626589,10827970
2026-08-13T20:00:00.000Z,ADAUSDT,sell,1000000,31.492,12626589,10827970
2026-08-13T20:00:00.000Z,ADAUSDT,sell,5000000,100.023,12626589,10827970
2026-08-13T20:00:00.000Z,BNBUSDT,buy,10000,0.082,11272483,9830658
2026-08-13T20:00:00.000Z,BNBUSDT,buy,100000,1.309,11272483,9830658
2026-08-13T20:00:00.000Z,BNBUSDT,buy,1000000,9.102,11272483,9830658
2026-08-13T20:00:00.000Z,BNBUSDT,buy,5000000,36.064,11272483,9830658
2026-08-13T20:00:00.000Z,BNBUSDT,sell,10000,0.097,11272483,9830658
2026-08-13T20:00:00.000Z,BNBUSDT,sell,100000,1.96,11272483,9830658
2026-08-13T20:00:00.000Z,BNBUSDT,sell,1000000,10.155,11272483,9830658
2026-08-13T20:00:00.000Z,BNBUSDT,sell,5000000,41.451,11272483,9830658
2026-08-13T20:00:00.000Z,BTCUSDT,buy,10000,0.008,41611399,39757893
2026-08-13T20:00:00.000Z,BTCUSDT,buy,100000,0.008,41611399,39757893
2026-08-13T20:00:00.000Z,BTCUSDT,buy,1000000,0.008,41611399,39757893
2026-08-13T20:00:00.000Z,BTCUSDT,buy,5000000,1.127,41611399,39757893
2026-08-13T20:00:00.000Z,BTCUSDT,sell,10000,0.008,41611399,39757893
2026-08-13T20:00:00.000Z,BTCUSDT,sell,100000,0.008,41611399,39757893
2026-08-13T20:00:00.000Z,BTCUSDT,sell,1000000,0.648,41611399,39757893
2026-08-13T20:00:00.000Z,BTCUSDT,sell,5000000,2.202,41611399,39757893
2026-08-13T20:00:00.000Z,DOGEUSDT,buy,10000,0.713,35382454,35847779
2026-08-13T20:00:00.000Z,DOGEUSDT,buy,100000,1.302,35382454,35847779
2026-08-13T20:00:00.000Z,DOGEUSDT,buy,1000000,7.346,35382454,35847779
2026-08-13T20:00:00.000Z,DOGEUSDT,buy,5000000,39.225,35382454,35847779
2026-08-13T20:00:00.000Z,DOGEUSDT,sell,10000,0.826,35382454,35847779
2026-08-13T20:00:00.000Z,DOGEUSDT,sell,100000,2.3,35382454,35847779
2026-08-13T20:00:00.000Z,DOGEUSDT,sell,1000000,11.131,35382454,35847779
2026-08-13T20:00:00.000Z,DOGEUSDT,sell,5000000,42.608,35382454,35847779
2026-08-13T20:00:00.000Z,ETHUSDT,buy,10000,0.027,61126342,60953329
2026-08-13T20:00:00.000Z,ETHUSDT,buy,100000,0.027,61126342,60953329
2026-08-13T20:00:00.000Z,ETHUSDT,buy,1000000,0.572,61126342,60953329
2026-08-13T20:00:00.000Z,ETHUSDT,buy,5000000,3.658,61126342,60953329
2026-08-13T20:00:00.000Z,ETHUSDT,sell,10000,0.027,61126342,60953329
2026-08-13T20:00:00.000Z,ETHUSDT,sell,100000,0.027,61126342,60953329
2026-08-13T20:00:00.000Z,ETHUSDT,sell,1000000,1.656,61126342,60953329
2026-08-13T20:00:00.000Z,ETHUSDT,sell,5000000,4.656,61126342,60953329
2026-08-13T20:00:00.000Z,LINKUSDT,buy,10000,0.567,9618771,7793404
2026-08-13T20:00:00.000Z,LINKUSDT,buy,100000,3.199,9618771,7793404
2026-08-13T20:00:00.000Z,LINKUSDT,buy,1000000,26.623,9618771,7793404
2026-08-13T20:00:00.000Z,LINKUSDT,buy,5000000,104.951,9618771,7793404
2026-08-13T20:00:00.000Z,LINKUSDT,sell,10000,1.811,9618771,7793404
2026-08-13T20:00:00.000Z,LINKUSDT,sell,100000,4.361,9618771,7793404
2026-08-13T20:00:00.000Z,LINKUSDT,sell,1000000,26.63,9618771,7793404
2026-08-13T20:00:00.000Z,LINKUSDT,sell,5000000,110.152,9618771,7793404
2026-08-13T20:00:00.000Z,SOLUSDT,buy,10000,0.657,87460184,71585405
2026-08-13T20:00:00.000Z,SOLUSDT,buy,100000,0.657,87460184,71585405
2026-08-13T20:00:00.000Z,SOLUSDT,buy,1000000,2.407,87460184,71585405
2026-08-13T20:00:00.000Z,SOLUSDT,buy,5000000,9.268,87460184,71585405
2026-08-13T20:00:00.000Z,SOLUSDT,sell,10000,0.657,87460184,71585405
2026-08-13T20:00:00.000Z,SOLUSDT,sell,100000,0.657,87460184,71585405
2026-08-13T20:00:00.000Z,SOLUSDT,sell,1000000,2.176,87460184,71585405
2026-08-13T20:00:00.000Z,SOLUSDT,sell,5000000,10.037,87460184,71585405
2026-08-13T20:00:00.000Z,XRPUSDT,buy,10000,0.495,34778302,29956829
2026-08-13T20:00:00.000Z,XRPUSDT,buy,100000,0.495,34778302,29956829
2026-08-13T20:00:00.000Z,XRPUSDT,buy,1000000,3.302,34778302,29956829
2026-08-13T20:00:00.000Z,XRPUSDT,buy,5000000,24.491,34778302,29956829
2026-08-13T20:00:00.000Z,XRPUSDT,sell,10000,0.54,34778302,29956829
2026-08-13T20:00:00.000Z,XRPUSDT,sell,100000,1.851,34778302,29956829
2026-08-13T20:00:00.000Z,XRPUSDT,sell,1000000,6.061,34778302,29956829
2026-08-13T20:00:00.000Z,XRPUSDT,sell,5000000,28.491,34778302,29956829
