report_date,market_code,market_name,open_interest,hedge_fund_long,hedge_fund_short,institutional_long,institutional_short,other_reportable_long,other_reportable_short,small_trader_long,small_trader_short,source
2026-08-25,133741,BITCOIN - CHICAGO MERCANTILE EXCHANGE,22216,3181,11270,4732,1787,1901,177,1121,1280,bykaranteli.com
2026-08-25,133742,MICRO BITCOIN - CHICAGO MERCANTILE EXCHANGE,37171,15753,22467,836,331,5694,2864,6093,2473,bykaranteli.com
2026-08-25,146021,ETHER CASH SETTLED - CHICAGO MERCANTILE EXCHANGE,26868,1949,10334,1307,3510,116,803,897,852,bykaranteli.com
2026-08-25,146022,MICRO ETHER  - CHICAGO MERCANTILE EXCHANGE,52055,9154,32883,893,3179,22450,5875,2200,697,bykaranteli.com
2026-08-18,133741,BITCOIN - CHICAGO MERCANTILE EXCHANGE,21760,4488,11927,4531,1799,2400,376,705,993,bykaranteli.com
2026-08-18,133742,MICRO BITCOIN - CHICAGO MERCANTILE EXCHANGE,32133,15651,14553,346,3667,4017,4691,4627,2365,bykaranteli.com
2026-08-18,146021,ETHER CASH SETTLED - CHICAGO MERCANTILE EXCHANGE,22684,2979,7374,1037,4113,187,439,782,587,bykaranteli.com
2026-08-18,146022,MICRO ETHER  - CHICAGO MERCANTILE EXCHANGE,47109,16519,34254,1625,5260,25074,6366,1680,340,bykaranteli.com
2026-08-11,133741,BITCOIN - CHICAGO MERCANTILE EXCHANGE,21185,4997,12049,4741,2507,2443,394,778,1088,bykaranteli.com
2026-08-11,133742,MICRO BITCOIN - CHICAGO MERCANTILE EXCHANGE,28190,15660,16087,344,1725,3965,3978,4296,2387,bykaranteli.com
2026-08-11,146021,ETHER CASH SETTLED - CHICAGO MERCANTILE EXCHANGE,21970,3558,7556,1279,4398,25,413,693,590,bykaranteli.com
2026-08-11,146022,MICRO ETHER  - CHICAGO MERCANTILE EXCHANGE,42071,12015,28643,1848,5887,24004,6546,1505,368,bykaranteli.com
2026-08-04,133741,BITCOIN - CHICAGO MERCANTILE EXCHANGE,20143,4243,11483,4764,2222,2491,342,652,1072,bykaranteli.com
2026-08-04,133742,MICRO BITCOIN - CHICAGO MERCANTILE EXCHANGE,21203,10683,6740,350,3845,3983,4614,3966,2308,bykaranteli.com
2026-08-04,146021,ETHER CASH SETTLED - CHICAGO MERCANTILE EXCHANGE,20431,2923,6128,874,4493,25,349,746,594,bykaranteli.com
2026-08-04,146022,MICRO ETHER  - CHICAGO MERCANTILE EXCHANGE,36131,8310,22093,1409,6896,22356,6215,1323,389,bykaranteli.com
2026-07-28,133741,BITCOIN - CHICAGO MERCANTILE EXCHANGE,20019,3295,10168,4798,2499,992,156,722,1064,bykaranteli.com
2026-07-28,133742,MICRO BITCOIN - CHICAGO MERCANTILE EXCHANGE,31572,16099,9572,294,2401,4348,3266,4944,2364,bykaranteli.com
2026-07-28,146021,ETHER CASH SETTLED - CHICAGO MERCANTILE EXCHANGE,23853,1828,7224,1036,4508,25,303,779,671,bykaranteli.com
2026-07-28,146022,MICRO ETHER  - CHICAGO MERCANTILE EXCHANGE,57173,19284,37702,1642,7388,26100,5508,1834,829,bykaranteli.com
2026-07-21,133741,BITCOIN - CHICAGO MERCANTILE EXCHANGE,20527,4042,11991,4684,1957,810,143,793,861,bykaranteli.com
2026-07-21,133742,MICRO BITCOIN - CHICAGO MERCANTILE EXCHANGE,31118,15204,10542,354,1818,4913,3035,5481,2613,bykaranteli.com
2026-07-21,146021,ETHER CASH SETTLED - CHICAGO MERCANTILE EXCHANGE,23667,2223,9276,1634,4054,25,150,821,386,bykaranteli.com
2026-07-21,146022,MICRO ETHER  - CHICAGO MERCANTILE EXCHANGE,56175,23158,39384,1196,8389,26812,5299,2752,581,bykaranteli.com
2026-07-14,133741,BITCOIN - CHICAGO MERCANTILE EXCHANGE,19385,4015,11506,4779,1964,389,143,871,1057,bykaranteli.com
2026-07-14,133742,MICRO BITCOIN - CHICAGO MERCANTILE EXCHANGE,28911,13797,8827,493,1197,4403,4019,5176,2845,bykaranteli.com
2026-07-14,146021,ETHER CASH SETTLED - CHICAGO MERCANTILE EXCHANGE,22539,2914,10875,1937,3343,25,89,847,591,bykaranteli.com
2026-07-14,146022,MICRO ETHER  - CHICAGO MERCANTILE EXCHANGE,48033,19132,30108,1713,9353,24132,5211,1956,603,bykaranteli.com
2026-07-07,133741,BITCOIN - CHICAGO MERCANTILE EXCHANGE,18832,4406,11123,4790,2405,197,361,821,1104,bykaranteli.com
2026-07-07,133742,MICRO BITCOIN - CHICAGO MERCANTILE EXCHANGE,24658,12979,10385,379,1345,4827,4320,5084,2912,bykaranteli.com
2026-07-07,146021,ETHER CASH SETTLED - CHICAGO MERCANTILE EXCHANGE,21746,2488,9797,1819,3928,25,199,681,540,bykaranteli.com
2026-07-07,146022,MICRO ETHER  - CHICAGO MERCANTILE EXCHANGE,42958,19424,24248,1151,9322,19582,5764,1653,673,bykaranteli.com
2026-06-30,133741,BITCOIN - CHICAGO MERCANTILE EXCHANGE,18336,5408,10721,4754,2754,145,1123,758,992,bykaranteli.com
2026-06-30,133742,MICRO BITCOIN - CHICAGO MERCANTILE EXCHANGE,27045,13888,14692,377,1208,4621,4474,5159,3101,bykaranteli.com
2026-06-30,146021,ETHER CASH SETTLED - CHICAGO MERCANTILE EXCHANGE,21475,4668,9359,874,3912,50,537,550,471,bykaranteli.com
2026-06-30,146022,MICRO ETHER  - CHICAGO MERCANTILE EXCHANGE,36732,14445,20276,932,9357,18341,6029,1621,466,bykaranteli.com
2026-06-23,133741,BITCOIN - CHICAGO MERCANTILE EXCHANGE,20554,4925,11055,5202,2617,216,431,935,1206,bykaranteli.com
2026-06-23,133742,MICRO BITCOIN - CHICAGO MERCANTILE EXCHANGE,23572,6944,10950,375,1251,4736,3525,6255,3549,bykaranteli.com
2026-06-23,146021,ETHER CASH SETTLED - CHICAGO MERCANTILE EXCHANGE,26007,5617,10594,1038,4054,100,445,699,616,bykaranteli.com
2026-06-23,146022,MICRO ETHER  - CHICAGO MERCANTILE EXCHANGE,46777,15532,26415,1649,9363,24786,6374,2388,662,bykaranteli.com
2026-06-16,133741,BITCOIN - CHICAGO MERCANTILE EXCHANGE,21125,6077,12684,5433,2926,301,281,1140,1070,bykaranteli.com
2026-06-16,133742,MICRO BITCOIN - CHICAGO MERCANTILE EXCHANGE,26676,6655,16219,432,1225,5126,3086,6460,2682,bykaranteli.com
2026-06-16,146021,ETHER CASH SETTLED - CHICAGO MERCANTILE EXCHANGE,26110,4855,11607,1433,3747,151,245,635,580,bykaranteli.com
2026-06-16,146022,MICRO ETHER  - CHICAGO MERCANTILE EXCHANGE,48079,14275,28234,1680,9226,27841,5999,2468,769,bykaranteli.com
2026-06-09,133741,BITCOIN - CHICAGO MERCANTILE EXCHANGE,19776,6153,12148,5330,2442,122,592,1009,1121,bykaranteli.com
2026-06-09,133742,MICRO BITCOIN - CHICAGO MERCANTILE EXCHANGE,24335,6312,12876,503,1029,5165,3387,6414,3265,bykaranteli.com
2026-06-09,146021,ETHER CASH SETTLED - CHICAGO MERCANTILE EXCHANGE,25138,7370,12021,903,4145,54,398,677,541,bykaranteli.com
2026-06-09,146022,MICRO ETHER  - CHICAGO MERCANTILE EXCHANGE,51582,17295,27020,1638,9293,26066,9399,2445,922,bykaranteli.com
2026-06-02,133741,BITCOIN - CHICAGO MERCANTILE EXCHANGE,19882,6269,12827,5256,2153,365,518,1153,1016,bykaranteli.com
2026-06-02,133742,MICRO BITCOIN - CHICAGO MERCANTILE EXCHANGE,23134,7031,11509,386,523,5218,3243,5808,3181,bykaranteli.com
2026-06-02,146021,ETHER CASH SETTLED - CHICAGO MERCANTILE EXCHANGE,25516,7161,11482,1183,4486,25,549,632,1217,bykaranteli.com
2026-06-02,146022,MICRO ETHER  - CHICAGO MERCANTILE EXCHANGE,42223,16092,20966,1600,8399,17825,7792,2004,802,bykaranteli.com
2026-05-26,133741,BITCOIN - CHICAGO MERCANTILE EXCHANGE,21625,4666,13300,5950,1598,421,329,1267,1159,bykaranteli.com
2026-05-26,133742,MICRO BITCOIN - CHICAGO MERCANTILE EXCHANGE,22358,8529,12358,192,607,5128,2283,5661,2401,bykaranteli.com
2026-05-26,146021,ETHER CASH SETTLED - CHICAGO MERCANTILE EXCHANGE,30856,6212,13716,1593,3185,106,443,753,1653,bykaranteli.com
2026-05-26,146022,MICRO ETHER  - CHICAGO MERCANTILE EXCHANGE,56580,13670,27287,1857,6016,21817,9295,2650,785,bykaranteli.com
2026-05-19,133741,BITCOIN - CHICAGO MERCANTILE EXCHANGE,23000,5253,14214,6227,1406,210,291,1262,1102,bykaranteli.com
2026-05-19,133742,MICRO BITCOIN - CHICAGO MERCANTILE EXCHANGE,17896,4405,7090,318,664,5380,2506,5836,2579,bykaranteli.com
2026-05-19,146021,ETHER CASH SETTLED - CHICAGO MERCANTILE EXCHANGE,33062,5907,14242,1932,3432,58,514,684,411,bykaranteli.com
2026-05-19,146022,MICRO ETHER  - CHICAGO MERCANTILE EXCHANGE,44538,14416,24761,1335,4022,18715,8165,2396,1016,bykaranteli.com
2026-05-12,133741,BITCOIN - CHICAGO MERCANTILE EXCHANGE,23535,4347,15417,7097,1297,782,294,1949,1048,bykaranteli.com
2026-05-12,133742,MICRO BITCOIN - CHICAGO MERCANTILE EXCHANGE,23443,8668,11982,1005,608,5875,3517,6339,2518,bykaranteli.com
2026-05-12,146021,ETHER CASH SETTLED - CHICAGO MERCANTILE EXCHANGE,31749,4372,14776,2639,3175,37,503,3662,572,bykaranteli.com
2026-05-12,146022,MICRO ETHER  - CHICAGO MERCANTILE EXCHANGE,44378,15661,30211,1530,3881,19523,5544,3226,568,bykaranteli.com
2026-05-05,133741,BITCOIN - CHICAGO MERCANTILE EXCHANGE,23402,4148,15886,7096,909,1356,372,1184,1086,bykaranteli.com
2026-05-05,133742,MICRO BITCOIN - CHICAGO MERCANTILE EXCHANGE,27157,8780,7821,1034,723,6285,4412,6423,2524,bykaranteli.com
2026-05-05,146021,ETHER CASH SETTLED - CHICAGO MERCANTILE EXCHANGE,30408,2330,15923,3385,2025,244,83,811,516,bykaranteli.com
2026-05-05,146022,MICRO ETHER  - CHICAGO MERCANTILE EXCHANGE,37290,11284,26127,1307,5161,21766,3251,2305,547,bykaranteli.com
2026-04-28,133741,BITCOIN - CHICAGO MERCANTILE EXCHANGE,21692,3534,13894,6621,1196,727,293,1046,1106,bykaranteli.com
2026-04-28,133742,MICRO BITCOIN - CHICAGO MERCANTILE EXCHANGE,18731,4903,6944,407,973,5823,3621,5873,2259,bykaranteli.com
2026-04-28,146021,ETHER CASH SETTLED - CHICAGO MERCANTILE EXCHANGE,27777,2142,13783,2462,2017,36,308,736,560,bykaranteli.com
2026-04-28,146022,MICRO ETHER  - CHICAGO MERCANTILE EXCHANGE,41497,15373,31212,1764,4843,20537,3251,2173,560,bykaranteli.com
2026-04-21,133741,BITCOIN - CHICAGO MERCANTILE EXCHANGE,24994,2935,13657,6587,1229,977,353,1233,1054,bykaranteli.com
2026-04-21,133742,MICRO BITCOIN - CHICAGO MERCANTILE EXCHANGE,27114,9446,9649,529,1269,6149,2721,6421,2247,bykaranteli.com
2026-04-21,146021,ETHER CASH SETTLED - CHICAGO MERCANTILE EXCHANGE,31005,2441,13124,2527,2576,66,88,807,493,bykaranteli.com
2026-04-21,146022,MICRO ETHER  - CHICAGO MERCANTILE EXCHANGE,68135,28754,48473,1828,6471,23613,3695,2469,599,bykaranteli.com
2026-04-14,133741,BITCOIN - CHICAGO MERCANTILE EXCHANGE,23761,3318,13557,6505,1244,1326,392,1012,1162,bykaranteli.com
2026-04-14,133742,MICRO BITCOIN - CHICAGO MERCANTILE EXCHANGE,23473,8794,7534,524,1264,5347,3602,5984,2293,bykaranteli.com
2026-04-14,146021,ETHER CASH SETTLED - CHICAGO MERCANTILE EXCHANGE,34354,2080,14029,2976,2449,432,167,824,519,bykaranteli.com
2026-04-14,146022,MICRO ETHER  - CHICAGO MERCANTILE EXCHANGE,61243,27322,46445,2137,7448,24968,3352,2089,864,bykaranteli.com
2026-04-07,133741,BITCOIN - CHICAGO MERCANTILE EXCHANGE,22308,3601,12028,6022,1449,710,274,927,1235,bykaranteli.com
2026-04-07,133742,MICRO BITCOIN - CHICAGO MERCANTILE EXCHANGE,21846,8977,5374,520,1449,4613,4601,5251,2760,bykaranteli.com
2026-04-07,146021,ETHER CASH SETTLED - CHICAGO MERCANTILE EXCHANGE,28648,2802,12829,2080,2169,87,189,602,515,bykaranteli.com
2026-04-07,146022,MICRO ETHER  - CHICAGO MERCANTILE EXCHANGE,61911,36129,48310,1618,8771,19116,4050,2108,715,bykaranteli.com
2026-03-31,133741,BITCOIN - CHICAGO MERCANTILE EXCHANGE,20631,2991,11043,5965,1161,94,268,805,1249,bykaranteli.com
2026-03-31,133742,MICRO BITCOIN - CHICAGO MERCANTILE EXCHANGE,17446,4404,5057,201,1257,4911,3810,5220,2940,bykaranteli.com
2026-03-31,146021,ETHER CASH SETTLED - CHICAGO MERCANTILE EXCHANGE,28463,2563,12874,2113,2205,29,87,610,563,bykaranteli.com
2026-03-31,146022,MICRO ETHER  - CHICAGO MERCANTILE EXCHANGE,55281,28300,38772,1101,9284,18774,4144,1824,685,bykaranteli.com
2026-03-24,133741,BITCOIN - CHICAGO MERCANTILE EXCHANGE,23268,3814,12165,6219,1151,64,433,1097,1254,bykaranteli.com
2026-03-24,133742,MICRO BITCOIN - CHICAGO MERCANTILE EXCHANGE,24976,6594,9849,355,1362,5853,4962,6417,2411,bykaranteli.com
2026-03-24,146021,ETHER CASH SETTLED - CHICAGO MERCANTILE EXCHANGE,35846,1924,12926,2210,2082,63,603,798,539,bykaranteli.com
2026-03-24,146022,MICRO ETHER  - CHICAGO MERCANTILE EXCHANGE,81734,35220,50154,1002,9197,25826,4283,2773,565,bykaranteli.com
2026-03-17,133741,BITCOIN - CHICAGO MERCANTILE EXCHANGE,23807,2530,13390,6954,1068,1268,428,1246,1157,bykaranteli.com
2026-03-17,133742,MICRO BITCOIN - CHICAGO MERCANTILE EXCHANGE,24583,3408,8132,340,1532,6783,4461,7403,2697,bykaranteli.com
2026-03-17,146021,ETHER CASH SETTLED - CHICAGO MERCANTILE EXCHANGE,38577,2314,16303,2894,2192,449,349,787,569,bykaranteli.com
2026-03-17,146022,MICRO ETHER  - CHICAGO MERCANTILE EXCHANGE,55455,13211,29088,1189,9296,27866,4317,3310,965,bykaranteli.com
2026-03-10,133741,BITCOIN - CHICAGO MERCANTILE EXCHANGE,21047,3058,12737,6875,984,682,427,1073,1053,bykaranteli.com
2026-03-10,133742,MICRO BITCOIN - CHICAGO MERCANTILE EXCHANGE,25105,4445,10577,343,1342,7073,4210,6951,2541,bykaranteli.com
2026-03-10,146021,ETHER CASH SETTLED - CHICAGO MERCANTILE EXCHANGE,35259,2454,13602,2209,2161,84,422,797,550,bykaranteli.com
2026-03-10,146022,MICRO ETHER  - CHICAGO MERCANTILE EXCHANGE,60732,16878,31879,1329,8291,24765,3411,2799,714,bykaranteli.com
2026-03-03,133741,BITCOIN - CHICAGO MERCANTILE EXCHANGE,20302,3138,12333,7154,1129,69,393,1149,1298,bykaranteli.com
2026-03-03,133742,MICRO BITCOIN - CHICAGO MERCANTILE EXCHANGE,22486,3453,10567,300,1428,7853,3524,6473,3571,bykaranteli.com
2026-03-03,146021,ETHER CASH SETTLED - CHICAGO MERCANTILE EXCHANGE,34357,3100,10867,2012,2050,59,750,765,806,bykaranteli.com
2026-03-03,146022,MICRO ETHER  - CHICAGO MERCANTILE EXCHANGE,51800,17079,31638,998,8088,23194,4386,2714,727,bykaranteli.com
2026-02-24,133741,BITCOIN - CHICAGO MERCANTILE EXCHANGE,22919,4124,12360,6662,944,328,909,1162,1214,bykaranteli.com
2026-02-24,133742,MICRO BITCOIN - CHICAGO MERCANTILE EXCHANGE,38100,10652,26351,369,1215,8806,3469,8336,3216,bykaranteli.com
2026-02-24,146021,ETHER CASH SETTLED - CHICAGO MERCANTILE EXCHANGE,37088,5031,7734,1209,2378,170,1003,864,823,bykaranteli.com
2026-02-24,146022,MICRO ETHER  - CHICAGO MERCANTILE EXCHANGE,177307,140570,160716,707,7056,25624,4423,4236,982,bykaranteli.com
2026-02-17,133741,BITCOIN - CHICAGO MERCANTILE EXCHANGE,23335,3954,12830,6957,1019,293,675,1163,1094,bykaranteli.com
2026-02-17,133742,MICRO BITCOIN - CHICAGO MERCANTILE EXCHANGE,32024,10768,21939,280,1056,7953,3815,7825,2965,bykaranteli.com
2026-02-17,146021,ETHER CASH SETTLED - CHICAGO MERCANTILE EXCHANGE,33154,4469,9994,2423,1587,145,983,880,734,bykaranteli.com
2026-02-17,146022,MICRO ETHER  - CHICAGO MERCANTILE EXCHANGE,174103,132152,153544,707,5890,27907,6788,4690,768,bykaranteli.com
2026-02-10,133741,BITCOIN - CHICAGO MERCANTILE EXCHANGE,24157,4372,13871,7476,972,116,497,1202,1102,bykaranteli.com
2026-02-10,133742,MICRO BITCOIN - CHICAGO MERCANTILE EXCHANGE,33429,12033,23560,292,1112,7284,3462,7622,3053,bykaranteli.com
2026-02-10,146021,ETHER CASH SETTLED - CHICAGO MERCANTILE EXCHANGE,33814,5214,10963,1635,954,119,858,860,808,bykaranteli.com
2026-02-10,146022,MICRO ETHER  - CHICAGO MERCANTILE EXCHANGE,165677,120000,144925,763,5724,31454,8270,4588,911,bykaranteli.com
2026-02-03,133741,BITCOIN - CHICAGO MERCANTILE EXCHANGE,23044,4450,15875,7193,891,1486,401,1151,1191,bykaranteli.com
2026-02-03,133742,MICRO BITCOIN - CHICAGO MERCANTILE EXCHANGE,26840,9264,19434,987,731,6293,2563,6821,2388,bykaranteli.com
2026-02-03,146021,ETHER CASH SETTLED - CHICAGO MERCANTILE EXCHANGE,33723,4126,12360,1272,679,169,643,804,639,bykaranteli.com
2026-02-03,146022,MICRO ETHER  - CHICAGO MERCANTILE EXCHANGE,115739,80940,102076,268,4248,26306,5691,4102,906,bykaranteli.com
2026-01-27,133741,BITCOIN - CHICAGO MERCANTILE EXCHANGE,24276,3003,15399,7769,491,1004,409,1206,1311,bykaranteli.com
2026-01-27,133742,MICRO BITCOIN - CHICAGO MERCANTILE EXCHANGE,31964,9716,20958,2455,1011,6385,2637,7768,2476,bykaranteli.com
2026-01-27,146021,ETHER CASH SETTLED - CHICAGO MERCANTILE EXCHANGE,40419,3209,16114,1970,633,351,659,866,665,bykaranteli.com
2026-01-27,146022,MICRO ETHER  - CHICAGO MERCANTILE EXCHANGE,209045,166334,194450,951,4014,32449,5281,4086,569,bykaranteli.com
2026-01-20,133741,BITCOIN - CHICAGO MERCANTILE EXCHANGE,24541,4591,16149,7800,548,1231,1462,1285,1138,bykaranteli.com
2026-01-20,133742,MICRO BITCOIN - CHICAGO MERCANTILE EXCHANGE,32984,11652,25092,2927,758,6738,2044,7751,2294,bykaranteli.com
2026-01-20,146021,ETHER CASH SETTLED - CHICAGO MERCANTILE EXCHANGE,36570,5982,17432,2310,1517,384,951,981,607,bykaranteli.com
2026-01-20,146022,MICRO ETHER  - CHICAGO MERCANTILE EXCHANGE,138598,89722,123924,655,3313,38394,6746,3605,614,bykaranteli.com
2026-01-13,133741,BITCOIN - CHICAGO MERCANTILE EXCHANGE,23843,2690,15408,8085,736,1995,1476,1204,1139,bykaranteli.com
2026-01-13,133742,MICRO BITCOIN - CHICAGO MERCANTILE EXCHANGE,30404,6946,22456,3148,838,9250,1996,7356,2368,bykaranteli.com
2026-01-13,146021,ETHER CASH SETTLED - CHICAGO MERCANTILE EXCHANGE,37336,2382,17383,2921,1118,623,707,1019,566,bykaranteli.com
2026-01-13,146022,MICRO ETHER  - CHICAGO MERCANTILE EXCHANGE,119503,78596,102115,615,3599,30495,8678,3691,542,bykaranteli.com
2026-01-06,133741,BITCOIN - CHICAGO MERCANTILE EXCHANGE,22168,2554,14294,7677,752,1628,1543,1194,1118,bykaranteli.com
2026-01-06,133742,MICRO BITCOIN - CHICAGO MERCANTILE EXCHANGE,27086,8609,20211,2554,781,6307,1930,7104,2168,bykaranteli.com
2026-01-06,146021,ETHER CASH SETTLED - CHICAGO MERCANTILE EXCHANGE,37920,1476,16847,3047,939,523,785,1021,621,bykaranteli.com
2026-01-06,146022,MICRO ETHER  - CHICAGO MERCANTILE EXCHANGE,102523,57820,86019,777,3478,33969,7360,3391,621,bykaranteli.com
2025-12-30,133741,BITCOIN - CHICAGO MERCANTILE EXCHANGE,20166,2115,13026,7075,478,1416,1489,1058,1171,bykaranteli.com
2025-12-30,133742,MICRO BITCOIN - CHICAGO MERCANTILE EXCHANGE,21246,3542,14172,2125,654,7074,2179,6072,2114,bykaranteli.com
2025-12-30,146021,ETHER CASH SETTLED - CHICAGO MERCANTILE EXCHANGE,33635,1378,13241,2097,1200,197,706,866,762,bykaranteli.com
2025-12-30,146022,MICRO ETHER  - CHICAGO MERCANTILE EXCHANGE,94649,57571,82162,427,2893,30018,7084,2727,694,bykaranteli.com
2025-12-23,133741,BITCOIN - CHICAGO MERCANTILE EXCHANGE,21988,2686,13937,6820,572,1851,1391,1203,1177,bykaranteli.com
2025-12-23,133742,MICRO BITCOIN - CHICAGO MERCANTILE EXCHANGE,30830,11455,19043,2033,1241,6369,2357,7696,2448,bykaranteli.com
2025-12-23,146021,ETHER CASH SETTLED - CHICAGO MERCANTILE EXCHANGE,39065,1369,13548,2271,1315,225,647,1024,728,bykaranteli.com
2025-12-23,146022,MICRO ETHER  - CHICAGO MERCANTILE EXCHANGE,214136,171163,197024,732,2616,32410,6863,4111,661,bykaranteli.com
2025-12-16,133741,BITCOIN - CHICAGO MERCANTILE EXCHANGE,24502,3092,15635,7511,686,2662,1399,1025,1150,bykaranteli.com
2025-12-16,133742,MICRO BITCOIN - CHICAGO MERCANTILE EXCHANGE,33894,14268,21155,1948,1197,6566,2762,8080,2784,bykaranteli.com
2025-12-16,146021,ETHER CASH SETTLED - CHICAGO MERCANTILE EXCHANGE,41074,2191,14030,2517,1136,385,776,978,707,bykaranteli.com
2025-12-16,146022,MICRO ETHER  - CHICAGO MERCANTILE EXCHANGE,216367,171095,195167,567,3178,31569,9122,4218,837,bykaranteli.com
2025-12-09,133741,BITCOIN - CHICAGO MERCANTILE EXCHANGE,24793,2303,17173,8098,746,3070,1292,1162,1080,bykaranteli.com
2025-12-09,133742,MICRO BITCOIN - CHICAGO MERCANTILE EXCHANGE,31470,13532,20993,1987,1115,6035,2587,7601,2731,bykaranteli.com
2025-12-09,146021,ETHER CASH SETTLED - CHICAGO MERCANTILE EXCHANGE,42332,2162,17140,3197,1320,470,140,1006,660,bykaranteli.com
2025-12-09,146022,MICRO ETHER  - CHICAGO MERCANTILE EXCHANGE,149753,99266,134294,572,2554,31240,7844,4240,996,bykaranteli.com
2025-12-02,133741,BITCOIN - CHICAGO MERCANTILE EXCHANGE,24329,2674,16800,7590,704,3382,1336,1154,1130,bykaranteli.com
2025-12-02,133742,MICRO BITCOIN - CHICAGO MERCANTILE EXCHANGE,28351,10372,18508,1906,811,6453,2257,7792,2757,bykaranteli.com
2025-12-02,146021,ETHER CASH SETTLED - CHICAGO MERCANTILE EXCHANGE,38895,3782,14198,2459,1186,437,130,868,608,bykaranteli.com
2025-12-02,146022,MICRO ETHER  - CHICAGO MERCANTILE EXCHANGE,125541,71993,106984,100,2692,37248,7720,4185,1003,bykaranteli.com
2025-11-25,133741,BITCOIN - CHICAGO MERCANTILE EXCHANGE,26260,4352,18116,7227,727,3360,1328,1539,1194,bykaranteli.com
2025-11-25,133742,MICRO BITCOIN - CHICAGO MERCANTILE EXCHANGE,49928,16787,36633,2495,489,11334,2548,8982,2385,bykaranteli.com
2025-11-25,146021,ETHER CASH SETTLED - CHICAGO MERCANTILE EXCHANGE,41364,5442,15914,2556,1194,449,151,1145,731,bykaranteli.com
2025-11-25,146022,MICRO ETHER  - CHICAGO MERCANTILE EXCHANGE,490147,394574,432859,70,3378,38010,7569,5540,916,bykaranteli.com
2025-11-18,133741,BITCOIN - CHICAGO MERCANTILE EXCHANGE,27116,5570,19134,7123,875,3375,1515,1371,1220,bykaranteli.com
2025-11-18,133742,MICRO BITCOIN - CHICAGO MERCANTILE EXCHANGE,38554,15365,30896,2490,165,7446,2411,7934,2795,bykaranteli.com
2025-11-18,146021,ETHER CASH SETTLED - CHICAGO MERCANTILE EXCHANGE,42864,5218,17815,2898,952,502,836,1021,788,bykaranteli.com
2025-11-18,146022,MICRO ETHER  - CHICAGO MERCANTILE EXCHANGE,343707,272744,301784,647,2678,35721,9640,5088,1211,bykaranteli.com
2025-11-10,133741,BITCOIN - CHICAGO MERCANTILE EXCHANGE,27544,3776,19586,8073,647,3190,1576,1219,1248,bykaranteli.com
2025-11-10,133742,MICRO BITCOIN - CHICAGO MERCANTILE EXCHANGE,33933,11688,27795,2369,152,7541,2249,7424,2230,bykaranteli.com
2025-11-10,146021,ETHER CASH SETTLED - CHICAGO MERCANTILE EXCHANGE,43217,4852,21443,3622,1029,474,1378,1083,741,bykaranteli.com
2025-11-10,146022,MICRO ETHER  - CHICAGO MERCANTILE EXCHANGE,256306,189761,239361,1171,2456,45920,6055,5145,725,bykaranteli.com
2025-11-04,133741,BITCOIN - CHICAGO MERCANTILE EXCHANGE,27093,4270,19438,7682,714,2958,1559,1310,1066,bykaranteli.com
2025-11-04,133742,MICRO BITCOIN - CHICAGO MERCANTILE EXCHANGE,30224,9178,24408,2259,172,8865,2004,7466,2421,bykaranteli.com
2025-11-04,146021,ETHER CASH SETTLED - CHICAGO MERCANTILE EXCHANGE,43229,6912,19939,3266,935,534,1727,1095,654,bykaranteli.com
2025-11-04,146022,MICRO ETHER  - CHICAGO MERCANTILE EXCHANGE,184669,120296,160066,2319,2538,44390,7504,4905,993,bykaranteli.com
2025-10-28,133741,BITCOIN - CHICAGO MERCANTILE EXCHANGE,28717,2721,19944,8622,677,3167,1646,1365,939,bykaranteli.com
2025-10-28,133742,MICRO BITCOIN - CHICAGO MERCANTILE EXCHANGE,44003,9590,34227,2312,330,9713,2259,7201,2082,bykaranteli.com
2025-10-28,146021,ETHER CASH SETTLED - CHICAGO MERCANTILE EXCHANGE,53183,2216,22183,3640,880,538,2010,1127,724,bykaranteli.com
2025-10-28,146022,MICRO ETHER  - CHICAGO MERCANTILE EXCHANGE,335016,247494,292326,3258,2562,47683,9467,5494,789,bykaranteli.com
2025-10-21,133741,BITCOIN - CHICAGO MERCANTILE EXCHANGE,28477,3138,17140,8475,633,3224,4137,1517,1048,bykaranteli.com
2025-10-21,133742,MICRO BITCOIN - CHICAGO MERCANTILE EXCHANGE,41237,8224,33869,2458,320,10157,2347,7758,2106,bykaranteli.com
2025-10-21,146021,ETHER CASH SETTLED - CHICAGO MERCANTILE EXCHANGE,48616,3298,23787,4629,813,664,2175,1110,619,bykaranteli.com
2025-10-21,146022,MICRO ETHER  - CHICAGO MERCANTILE EXCHANGE,295153,206525,258363,3158,2926,52532,4153,5602,813,bykaranteli.com
2025-10-14,133741,BITCOIN - CHICAGO MERCANTILE EXCHANGE,28503,4039,17470,8651,608,2819,4082,1411,1087,bykaranteli.com
2025-10-14,133742,MICRO BITCOIN - CHICAGO MERCANTILE EXCHANGE,34065,8659,28627,3527,253,8141,2042,7443,2024,bykaranteli.com
2025-10-14,146021,ETHER CASH SETTLED - CHICAGO MERCANTILE EXCHANGE,45830,2949,24201,5386,782,637,2709,1093,611,bykaranteli.com
2025-10-14,146022,MICRO ETHER  - CHICAGO MERCANTILE EXCHANGE,233706,155155,197813,4052,2002,47433,9717,5407,646,bykaranteli.com
2025-10-07,133741,BITCOIN - CHICAGO MERCANTILE EXCHANGE,29001,3383,17430,9212,612,2783,3927,1300,1068,bykaranteli.com
2025-10-07,133742,MICRO BITCOIN - CHICAGO MERCANTILE EXCHANGE,34117,12298,24425,3639,292,7935,2581,7426,2234,bykaranteli.com
2025-10-07,146021,ETHER CASH SETTLED - CHICAGO MERCANTILE EXCHANGE,43251,2054,22116,5915,711,554,2871,1293,693,bykaranteli.com
2025-10-07,146022,MICRO ETHER  - CHICAGO MERCANTILE EXCHANGE,145181,49755,108259,4291,2708,55304,7106,5460,673,bykaranteli.com
2025-09-30,133741,BITCOIN - CHICAGO MERCANTILE EXCHANGE,26874,3010,16883,8734,609,2822,3537,1280,1094,bykaranteli.com
2025-09-30,133742,MICRO BITCOIN - CHICAGO MERCANTILE EXCHANGE,27577,8837,22449,3260,309,6532,2215,6432,1884,bykaranteli.com
2025-09-30,146021,ETHER CASH SETTLED - CHICAGO MERCANTILE EXCHANGE,43169,1824,20784,5231,747,524,2553,1164,904,bykaranteli.com
2025-09-30,146022,MICRO ETHER  - CHICAGO MERCANTILE EXCHANGE,127170,58813,90575,3427,2001,41252,16378,4909,784,bykaranteli.com
2025-09-23,133741,BITCOIN - CHICAGO MERCANTILE EXCHANGE,27809,3623,18016,8612,727,2459,3021,1245,999,bykaranteli.com
2025-09-23,133742,MICRO BITCOIN - CHICAGO MERCANTILE EXCHANGE,31672,7620,18602,3489,678,6771,3013,7554,2212,bykaranteli.com
2025-09-23,146021,ETHER CASH SETTLED - CHICAGO MERCANTILE EXCHANGE,42940,3693,19738,4908,438,591,2644,1296,955,bykaranteli.com
2025-09-23,146022,MICRO ETHER  - CHICAGO MERCANTILE EXCHANGE,233155,161006,220344,4195,517,54085,6827,7160,862,bykaranteli.com
2025-09-16,133741,BITCOIN - CHICAGO MERCANTILE EXCHANGE,28844,2958,19327,9038,771,2967,2948,1323,890,bykaranteli.com
2025-09-16,133742,MICRO BITCOIN - CHICAGO MERCANTILE EXCHANGE,27820,7396,17419,2236,754,6372,2418,6842,2137,bykaranteli.com
2025-09-16,146021,ETHER CASH SETTLED - CHICAGO MERCANTILE EXCHANGE,38209,3466,19641,5104,392,624,3217,1297,808,bykaranteli.com
2025-09-16,146022,MICRO ETHER  - CHICAGO MERCANTILE EXCHANGE,158289,75161,137457,3952,527,54368,6451,6896,959,bykaranteli.com
2025-09-09,133741,BITCOIN - CHICAGO MERCANTILE EXCHANGE,26930,3754,18505,8560,714,2384,3048,1263,851,bykaranteli.com
2025-09-09,133742,MICRO BITCOIN - CHICAGO MERCANTILE EXCHANGE,26307,4941,16068,2066,674,6738,2615,6744,2042,bykaranteli.com
2025-09-09,146021,ETHER CASH SETTLED - CHICAGO MERCANTILE EXCHANGE,36993,4663,18356,4945,430,583,3108,1319,724,bykaranteli.com
2025-09-09,146022,MICRO ETHER  - CHICAGO MERCANTILE EXCHANGE,124980,50198,106033,3127,1081,51852,6992,6210,1078,bykaranteli.com
2025-09-02,133741,BITCOIN - CHICAGO MERCANTILE EXCHANGE,26684,2848,18170,8709,510,2631,3209,1189,936,bykaranteli.com
2025-09-02,133742,MICRO BITCOIN - CHICAGO MERCANTILE EXCHANGE,30114,11945,21113,2108,685,6214,3082,6103,2218,bykaranteli.com
2025-09-02,146021,ETHER CASH SETTLED - CHICAGO MERCANTILE EXCHANGE,37915,3361,18196,5147,375,784,2927,1230,667,bykaranteli.com
2025-09-02,146022,MICRO ETHER  - CHICAGO MERCANTILE EXCHANGE,105554,37176,88616,3717,518,43423,5935,5714,1357,bykaranteli.com
2025-08-26,133741,BITCOIN - CHICAGO MERCANTILE EXCHANGE,27481,3581,18587,8397,441,2187,3172,1382,1290,bykaranteli.com
2025-08-26,133742,MICRO BITCOIN - CHICAGO MERCANTILE EXCHANGE,44851,12878,36331,2274,548,8039,2294,8041,1862,bykaranteli.com
2025-08-26,146021,ETHER CASH SETTLED - CHICAGO MERCANTILE EXCHANGE,43853,2938,21927,6073,293,806,3053,1366,700,bykaranteli.com
2025-08-26,146022,MICRO ETHER  - CHICAGO MERCANTILE EXCHANGE,235353,127074,179673,3214,847,51004,8826,6469,1284,bykaranteli.com
2025-08-19,133741,BITCOIN - CHICAGO MERCANTILE EXCHANGE,28971,4322,19148,8401,439,1980,3153,1493,1051,bykaranteli.com
2025-08-19,133742,MICRO BITCOIN - CHICAGO MERCANTILE EXCHANGE,37022,8378,29311,2413,474,7910,2986,7376,1876,bykaranteli.com
2025-08-19,146021,ETHER CASH SETTLED - CHICAGO MERCANTILE EXCHANGE,37381,4131,18111,5118,326,1164,2650,1281,763,bykaranteli.com
2025-08-19,146022,MICRO ETHER  - CHICAGO MERCANTILE EXCHANGE,126648,65458,106792,3643,1260,43055,11813,5971,1453,bykaranteli.com
2025-08-12,133741,BITCOIN - CHICAGO MERCANTILE EXCHANGE,27851,4120,19736,8858,420,1699,3231,1624,1000,bykaranteli.com
2025-08-12,133742,MICRO BITCOIN - CHICAGO MERCANTILE EXCHANGE,37513,7570,30804,3700,271,7521,2475,7564,1762,bykaranteli.com
2025-08-12,146021,ETHER CASH SETTLED - CHICAGO MERCANTILE EXCHANGE,36936,2184,20488,5817,475,860,2595,1386,619,bykaranteli.com
2025-08-12,146022,MICRO ETHER  - CHICAGO MERCANTILE EXCHANGE,142654,48977,69609,2888,744,56577,15116,4832,1482,bykaranteli.com
2025-08-05,133741,BITCOIN - CHICAGO MERCANTILE EXCHANGE,27561,4889,18987,8379,420,1656,3224,1460,1154,bykaranteli.com
2025-08-05,133742,MICRO BITCOIN - CHICAGO MERCANTILE EXCHANGE,32895,5793,25135,3265,425,7284,2752,6803,1818,bykaranteli.com
2025-08-05,146021,ETHER CASH SETTLED - CHICAGO MERCANTILE EXCHANGE,30265,2455,15231,4894,339,793,1704,1010,578,bykaranteli.com
2025-08-05,146022,MICRO ETHER  - CHICAGO MERCANTILE EXCHANGE,106660,23270,72023,1534,1285,51159,6860,4082,667,bykaranteli.com
2025-07-29,133741,BITCOIN - CHICAGO MERCANTILE EXCHANGE,28068,3776,19584,9003,455,1409,3225,1467,989,bykaranteli.com
2025-07-29,133742,MICRO BITCOIN - CHICAGO MERCANTILE EXCHANGE,25892,4429,19216,3192,269,7775,2980,6996,1874,bykaranteli.com
2025-07-29,146021,ETHER CASH SETTLED - CHICAGO MERCANTILE EXCHANGE,33821,2124,14455,4318,511,561,1839,1223,616,bykaranteli.com
2025-07-29,146022,MICRO ETHER  - CHICAGO MERCANTILE EXCHANGE,73508,12649,68352,1334,1041,46237,2575,3770,739,bykaranteli.com
2025-07-22,133741,BITCOIN - CHICAGO MERCANTILE EXCHANGE,30797,4724,19707,9131,458,1101,3607,1710,1105,bykaranteli.com
2025-07-22,133742,MICRO BITCOIN - CHICAGO MERCANTILE EXCHANGE,35822,7318,19730,3373,482,7907,2562,7989,2216,bykaranteli.com
2025-07-22,146021,ETHER CASH SETTLED - CHICAGO MERCANTILE EXCHANGE,38612,2172,15353,4905,439,332,1978,1121,722,bykaranteli.com
2025-07-22,146022,MICRO ETHER  - CHICAGO MERCANTILE EXCHANGE,97153,33182,80809,1326,898,48268,4742,4265,754,bykaranteli.com
2025-07-15,133741,BITCOIN - CHICAGO MERCANTILE EXCHANGE,31309,5258,19605,9199,465,1039,3236,1629,1070,bykaranteli.com
2025-07-15,133742,MICRO BITCOIN - CHICAGO MERCANTILE EXCHANGE,29424,6862,16639,3559,523,8389,3052,8128,2192,bykaranteli.com
2025-07-15,146021,ETHER CASH SETTLED - CHICAGO MERCANTILE EXCHANGE,30812,1460,16907,4075,527,374,1105,1095,662,bykaranteli.com
2025-07-15,146022,MICRO ETHER  - CHICAGO MERCANTILE EXCHANGE,113094,51547,34351,1594,698,41364,6605,3329,455,bykaranteli.com
2025-07-08,133741,BITCOIN - CHICAGO MERCANTILE EXCHANGE,29591,3940,18764,8955,516,2520,3244,1483,927,bykaranteli.com
2025-07-08,133742,MICRO BITCOIN - CHICAGO MERCANTILE EXCHANGE,25413,7056,14543,3594,776,7089,3444,6412,1884,bykaranteli.com
2025-07-08,146021,ETHER CASH SETTLED - CHICAGO MERCANTILE EXCHANGE,25914,973,14241,3693,526,485,324,1082,633,bykaranteli.com
2025-07-08,146022,MICRO ETHER  - CHICAGO MERCANTILE EXCHANGE,68934,15732,40516,459,1184,32136,1862,2449,293,bykaranteli.com
2025-07-01,133741,BITCOIN - CHICAGO MERCANTILE EXCHANGE,29388,3712,18353,8519,549,3015,3231,1338,884,bykaranteli.com
2025-07-01,133742,MICRO BITCOIN - CHICAGO MERCANTILE EXCHANGE,22284,5448,14895,1790,778,6827,2391,5705,1842,bykaranteli.com
2025-07-01,146021,ETHER CASH SETTLED - CHICAGO MERCANTILE EXCHANGE,24314,1275,12574,3027,540,841,27,813,584,bykaranteli.com
2025-07-01,146022,MICRO ETHER  - CHICAGO MERCANTILE EXCHANGE,69879,21280,55697,459,1479,37160,1574,2278,321,bykaranteli.com
2025-06-24,133741,BITCOIN - CHICAGO MERCANTILE EXCHANGE,31352,3429,19112,8747,516,2868,3226,1497,1028,bykaranteli.com
2025-06-24,133742,MICRO BITCOIN - CHICAGO MERCANTILE EXCHANGE,34802,7188,15914,1808,472,7352,2898,6524,2400,bykaranteli.com
2025-06-24,146021,ETHER CASH SETTLED - CHICAGO MERCANTILE EXCHANGE,27869,2116,13221,3058,512,652,502,1395,1172,bykaranteli.com
2025-06-24,146022,MICRO ETHER  - CHICAGO MERCANTILE EXCHANGE,128500,94167,112442,204,1460,26040,3185,2998,338,bykaranteli.com
2025-06-17,133741,BITCOIN - CHICAGO MERCANTILE EXCHANGE,30860,3782,18800,8675,551,2439,3200,1500,1178,bykaranteli.com
2025-06-17,133742,MICRO BITCOIN - CHICAGO MERCANTILE EXCHANGE,38508,9845,19889,2530,441,8357,2496,6435,2057,bykaranteli.com
2025-06-17,146021,ETHER CASH SETTLED - CHICAGO MERCANTILE EXCHANGE,23715,2062,12744,2989,520,368,469,863,582,bykaranteli.com
2025-06-17,146022,MICRO ETHER  - CHICAGO MERCANTILE EXCHANGE,123343,84159,117623,942,1479,25080,3098,3116,306,bykaranteli.com
2025-06-10,133741,BITCOIN - CHICAGO MERCANTILE EXCHANGE,30261,3649,18785,8737,525,2667,3228,1529,1261,bykaranteli.com
2025-06-10,133742,MICRO BITCOIN - CHICAGO MERCANTILE EXCHANGE,30189,7854,10311,2490,516,7395,2786,6326,2217,bykaranteli.com
2025-06-10,146021,ETHER CASH SETTLED - CHICAGO MERCANTILE EXCHANGE,23387,2292,13297,3222,648,112,611,1114,587,bykaranteli.com
2025-06-10,146022,MICRO ETHER  - CHICAGO MERCANTILE EXCHANGE,69791,27497,53809,288,1088,23959,2719,2605,570,bykaranteli.com
2025-06-03,133741,BITCOIN - CHICAGO MERCANTILE EXCHANGE,29758,4040,18484,8591,449,1820,3247,1341,978,bykaranteli.com
2025-06-03,133742,MICRO BITCOIN - CHICAGO MERCANTILE EXCHANGE,25839,6958,9433,2501,417,7246,2449,6515,1920,bykaranteli.com
2025-06-03,146021,ETHER CASH SETTLED - CHICAGO MERCANTILE EXCHANGE,22164,1326,11384,2925,544,102,511,972,532,bykaranteli.com
2025-06-03,146022,MICRO ETHER  - CHICAGO MERCANTILE EXCHANGE,47941,18993,41533,896,819,21972,4126,2254,419,bykaranteli.com
2025-05-27,133741,BITCOIN - CHICAGO MERCANTILE EXCHANGE,31964,3525,18786,9148,414,1650,3470,1554,1052,bykaranteli.com
2025-05-27,133742,MICRO BITCOIN - CHICAGO MERCANTILE EXCHANGE,39926,7875,18486,2904,353,8284,2979,6981,2468,bykaranteli.com
2025-05-27,146021,ETHER CASH SETTLED - CHICAGO MERCANTILE EXCHANGE,23392,1027,12961,2973,600,123,939,1013,538,bykaranteli.com
2025-05-27,146022,MICRO ETHER  - CHICAGO MERCANTILE EXCHANGE,130108,76418,101924,733,1134,25627,14386,2534,653,bykaranteli.com
2025-05-20,133741,BITCOIN - CHICAGO MERCANTILE EXCHANGE,32033,3128,17839,8943,439,2297,3495,1466,1206,bykaranteli.com
2025-05-20,133742,MICRO BITCOIN - CHICAGO MERCANTILE EXCHANGE,32748,5778,13453,2719,209,6518,3237,6926,2196,bykaranteli.com
2025-05-20,146021,ETHER CASH SETTLED - CHICAGO MERCANTILE EXCHANGE,20036,1093,10556,2600,934,78,1156,792,557,bykaranteli.com
2025-05-20,146022,MICRO ETHER  - CHICAGO MERCANTILE EXCHANGE,103672,52603,80860,1000,3707,23325,5893,2424,514,bykaranteli.com
2025-05-13,133741,BITCOIN - CHICAGO MERCANTILE EXCHANGE,29070,3043,17182,8623,451,2453,2239,1276,1997,bykaranteli.com
2025-05-13,133742,MICRO BITCOIN - CHICAGO MERCANTILE EXCHANGE,26467,3630,8173,2545,211,5901,2844,6224,2136,bykaranteli.com
2025-05-13,146021,ETHER CASH SETTLED - CHICAGO MERCANTILE EXCHANGE,19714,737,10075,2670,1288,65,1500,754,649,bykaranteli.com
2025-05-13,146022,MICRO ETHER  - CHICAGO MERCANTILE EXCHANGE,74537,33053,45743,1319,6983,22892,7859,2260,520,bykaranteli.com
2025-05-06,133741,BITCOIN - CHICAGO MERCANTILE EXCHANGE,27971,3156,19432,7805,423,3247,633,1360,1120,bykaranteli.com
2025-05-06,133742,MICRO BITCOIN - CHICAGO MERCANTILE EXCHANGE,22534,5274,10792,1790,451,6163,3139,5639,1910,bykaranteli.com
2025-05-06,146021,ETHER CASH SETTLED - CHICAGO MERCANTILE EXCHANGE,13573,983,5259,1790,1870,251,678,637,590,bykaranteli.com
2025-05-06,146022,MICRO ETHER  - CHICAGO MERCANTILE EXCHANGE,66205,21251,46504,1557,8762,27561,2821,1949,381,bykaranteli.com
2025-04-29,133741,BITCOIN - CHICAGO MERCANTILE EXCHANGE,26966,2162,18060,8128,509,2315,636,1307,991,bykaranteli.com
2025-04-29,133742,MICRO BITCOIN - CHICAGO MERCANTILE EXCHANGE,20731,6170,9266,1321,475,4850,3083,5462,1797,bykaranteli.com
2025-04-29,146021,ETHER CASH SETTLED - CHICAGO MERCANTILE EXCHANGE,13667,852,6209,1490,1365,84,180,756,509,bykaranteli.com
2025-04-29,146022,MICRO ETHER  - CHICAGO MERCANTILE EXCHANGE,48373,9270,28081,1831,9582,27458,2465,1862,374,bykaranteli.com
2025-04-22,133741,BITCOIN - CHICAGO MERCANTILE EXCHANGE,28202,1983,18186,8105,904,3160,633,1253,1059,bykaranteli.com
2025-04-22,133742,MICRO BITCOIN - CHICAGO MERCANTILE EXCHANGE,39271,14545,25675,355,523,4809,3121,5860,2287,bykaranteli.com
2025-04-22,146021,ETHER CASH SETTLED - CHICAGO MERCANTILE EXCHANGE,15457,1192,6252,1843,1758,26,520,494,811,bykaranteli.com
2025-04-22,146022,MICRO ETHER  - CHICAGO MERCANTILE EXCHANGE,78064,11802,41376,393,10774,29215,3847,2425,534,bykaranteli.com
2025-04-15,133741,BITCOIN - CHICAGO MERCANTILE EXCHANGE,27126,888,15328,7300,559,2991,526,1017,1335,bykaranteli.com
2025-04-15,133742,MICRO BITCOIN - CHICAGO MERCANTILE EXCHANGE,40915,20654,33515,446,287,4601,3293,4214,1867,bykaranteli.com
2025-04-15,146021,ETHER CASH SETTLED - CHICAGO MERCANTILE EXCHANGE,14338,789,5835,1807,1844,686,679,671,718,bykaranteli.com
2025-04-15,146022,MICRO ETHER  - CHICAGO MERCANTILE EXCHANGE,69586,5114,48964,393,10502,27184,3167,2146,676,bykaranteli.com
2025-04-08,133741,BITCOIN - CHICAGO MERCANTILE EXCHANGE,26909,2883,16828,7378,728,3333,476,985,1420,bykaranteli.com
2025-04-08,133742,MICRO BITCOIN - CHICAGO MERCANTILE EXCHANGE,33061,13675,25689,1085,270,3334,2391,3949,2483,bykaranteli.com
2025-04-08,146021,ETHER CASH SETTLED - CHICAGO MERCANTILE EXCHANGE,14944,1322,5435,1732,1453,1828,1663,579,642,bykaranteli.com
2025-04-08,146022,MICRO ETHER  - CHICAGO MERCANTILE EXCHANGE,63049,24100,35657,93,10820,25169,12045,2223,889,bykaranteli.com
2025-04-01,133741,BITCOIN - CHICAGO MERCANTILE EXCHANGE,27069,1963,19104,7991,599,3793,582,1077,1262,bykaranteli.com
2025-04-01,133742,MICRO BITCOIN - CHICAGO MERCANTILE EXCHANGE,19916,7717,13124,1166,212,3176,2809,4010,2281,bykaranteli.com
2025-04-01,146021,ETHER CASH SETTLED - CHICAGO MERCANTILE EXCHANGE,16906,1095,6902,2653,1088,1931,2864,622,536,bykaranteli.com
2025-04-01,146022,MICRO ETHER  - CHICAGO MERCANTILE EXCHANGE,38894,3629,9605,221,10535,23870,3900,1726,686,bykaranteli.com
2025-03-25,133741,BITCOIN - CHICAGO MERCANTILE EXCHANGE,29036,1825,20637,8235,644,4060,626,1207,1236,bykaranteli.com
2025-03-25,133742,MICRO BITCOIN - CHICAGO MERCANTILE EXCHANGE,23710,5568,16305,1096,385,3710,2839,5532,2364,bykaranteli.com
2025-03-25,146021,ETHER CASH SETTLED - CHICAGO MERCANTILE EXCHANGE,18842,1014,7476,2619,938,2605,2714,816,796,bykaranteli.com
2025-03-25,146022,MICRO ETHER  - CHICAGO MERCANTILE EXCHANGE,219546,14908,205444,1206,10308,29247,1593,3041,626,bykaranteli.com
2025-03-18,133741,BITCOIN - CHICAGO MERCANTILE EXCHANGE,30213,3381,21349,7653,693,4241,618,1298,1392,bykaranteli.com
2025-03-18,133742,MICRO BITCOIN - CHICAGO MERCANTILE EXCHANGE,29903,7758,22663,1151,350,3739,2319,5562,2349,bykaranteli.com
2025-03-18,146021,ETHER CASH SETTLED - CHICAGO MERCANTILE EXCHANGE,18806,1470,6862,2297,949,3258,3337,770,719,bykaranteli.com
2025-03-18,146022,MICRO ETHER  - CHICAGO MERCANTILE EXCHANGE,148490,17892,130757,878,9252,28011,4188,3294,690,bykaranteli.com
2025-03-11,133741,BITCOIN - CHICAGO MERCANTILE EXCHANGE,28545,2547,20818,7930,596,3433,610,1114,1342,bykaranteli.com
2025-03-11,133742,MICRO BITCOIN - CHICAGO MERCANTILE EXCHANGE,19795,3627,12653,599,363,3509,2636,5506,2250,bykaranteli.com
2025-03-11,146021,ETHER CASH SETTLED - CHICAGO MERCANTILE EXCHANGE,19269,1285,7654,2456,954,3264,2379,759,662,bykaranteli.com
2025-03-11,146022,MICRO ETHER  - CHICAGO MERCANTILE EXCHANGE,109162,20452,97727,807,4989,27098,3768,3031,759,bykaranteli.com
2025-03-04,133741,BITCOIN - CHICAGO MERCANTILE EXCHANGE,28209,2809,21286,8324,433,2383,613,1186,1284,bykaranteli.com
2025-03-04,133742,MICRO BITCOIN - CHICAGO MERCANTILE EXCHANGE,16288,3433,9665,1444,380,4474,2226,5410,2200,bykaranteli.com
2025-03-04,146021,ETHER CASH SETTLED - CHICAGO MERCANTILE EXCHANGE,18575,748,8544,2823,693,2321,1865,784,710,bykaranteli.com
2025-03-04,146022,MICRO ETHER  - CHICAGO MERCANTILE EXCHANGE,53775,14463,45091,951,2461,27857,3388,2978,651,bykaranteli.com
2025-02-25,133741,BITCOIN - CHICAGO MERCANTILE EXCHANGE,32060,3849,23048,8737,512,1907,742,1480,1423,bykaranteli.com
2025-02-25,133742,MICRO BITCOIN - CHICAGO MERCANTILE EXCHANGE,30360,3491,18703,1476,99,5513,2699,6763,2290,bykaranteli.com
2025-02-25,146021,ETHER CASH SETTLED - CHICAGO MERCANTILE EXCHANGE,20133,542,10666,2847,485,2292,340,735,620,bykaranteli.com
2025-02-25,146022,MICRO ETHER  - CHICAGO MERCANTILE EXCHANGE,88580,40121,78784,871,640,25930,2721,3258,575,bykaranteli.com
2025-02-18,133741,BITCOIN - CHICAGO MERCANTILE EXCHANGE,33833,4032,23814,9175,832,1657,861,1519,1293,bykaranteli.com
2025-02-18,133742,MICRO BITCOIN - CHICAGO MERCANTILE EXCHANGE,33585,3244,22699,2042,82,6543,2600,6907,2263,bykaranteli.com
2025-02-18,146021,ETHER CASH SETTLED - CHICAGO MERCANTILE EXCHANGE,21214,665,10278,2900,217,1843,352,741,754,bykaranteli.com
2025-02-18,146022,MICRO ETHER  - CHICAGO MERCANTILE EXCHANGE,94663,52198,82128,771,1651,31383,2475,3169,496,bykaranteli.com
2025-02-11,133741,BITCOIN - CHICAGO MERCANTILE EXCHANGE,32949,3361,23444,9494,686,1477,731,1447,1387,bykaranteli.com
2025-02-11,133742,MICRO BITCOIN - CHICAGO MERCANTILE EXCHANGE,27167,2790,17180,2178,81,6550,2807,6059,2151,bykaranteli.com
2025-02-11,146021,ETHER CASH SETTLED - CHICAGO MERCANTILE EXCHANGE,20262,714,11126,3304,202,1964,347,710,644,bykaranteli.com
2025-02-11,146022,MICRO ETHER  - CHICAGO MERCANTILE EXCHANGE,98909,52869,86946,1060,642,32779,2654,2664,470,bykaranteli.com
2025-02-04,133741,BITCOIN - CHICAGO MERCANTILE EXCHANGE,32892,3542,24540,9863,616,1501,797,1329,1197,bykaranteli.com
2025-02-04,133742,MICRO BITCOIN - CHICAGO MERCANTILE EXCHANGE,27486,5824,17365,2176,62,5744,2625,5383,2088,bykaranteli.com
2025-02-04,146021,ETHER CASH SETTLED - CHICAGO MERCANTILE EXCHANGE,22276,748,12225,3594,261,1882,347,789,581,bykaranteli.com
2025-02-04,146022,MICRO ETHER  - CHICAGO MERCANTILE EXCHANGE,143026,101873,124420,909,803,29668,2644,2374,411,bykaranteli.com
2025-01-28,133741,BITCOIN - CHICAGO MERCANTILE EXCHANGE,34317,3497,25715,10212,675,1708,759,1661,1353,bykaranteli.com
2025-01-28,133742,MICRO BITCOIN - CHICAGO MERCANTILE EXCHANGE,33713,6917,16289,2164,62,8206,3586,5917,2155,bykaranteli.com
2025-01-28,146021,ETHER CASH SETTLED - CHICAGO MERCANTILE EXCHANGE,19883,757,8866,3329,69,726,1121,766,590,bykaranteli.com
2025-01-28,146022,MICRO ETHER  - CHICAGO MERCANTILE EXCHANGE,100674,65705,52210,1954,1706,22902,3248,2262,531,bykaranteli.com
2025-01-21,133741,BITCOIN - CHICAGO MERCANTILE EXCHANGE,38556,2596,25465,11151,512,1321,986,1486,1218,bykaranteli.com
2025-01-21,133742,MICRO BITCOIN - CHICAGO MERCANTILE EXCHANGE,28472,3840,10858,1613,69,6310,2954,6393,2434,bykaranteli.com
2025-01-21,146021,ETHER CASH SETTLED - CHICAGO MERCANTILE EXCHANGE,20128,775,9104,3631,154,395,1234,817,465,bykaranteli.com
2025-01-21,146022,MICRO ETHER  - CHICAGO MERCANTILE EXCHANGE,85564,46439,33579,2358,2182,25151,2093,2347,472,bykaranteli.com
2025-01-14,133741,BITCOIN - CHICAGO MERCANTILE EXCHANGE,35471,3877,25213,10346,527,1567,994,1304,1119,bykaranteli.com
2025-01-14,133742,MICRO BITCOIN - CHICAGO MERCANTILE EXCHANGE,28909,3062,14871,955,198,5508,2658,5675,2299,bykaranteli.com
2025-01-14,146021,ETHER CASH SETTLED - CHICAGO MERCANTILE EXCHANGE,17427,868,7702,3308,201,688,1236,720,420,bykaranteli.com
2025-01-14,146022,MICRO ETHER  - CHICAGO MERCANTILE EXCHANGE,62597,27337,14019,1727,2388,19193,2160,2008,547,bykaranteli.com
2025-01-07,133741,BITCOIN - CHICAGO MERCANTILE EXCHANGE,35079,4035,25239,10244,705,1336,1068,1347,1129,bykaranteli.com
2025-01-07,133742,MICRO BITCOIN - CHICAGO MERCANTILE EXCHANGE,27608,3849,17232,2067,177,5593,2481,5377,2142,bykaranteli.com
2025-01-07,146021,ETHER CASH SETTLED - CHICAGO MERCANTILE EXCHANGE,18026,1866,7323,3314,307,361,2819,739,406,bykaranteli.com
2025-01-07,146022,MICRO ETHER  - CHICAGO MERCANTILE EXCHANGE,54210,23698,11265,1848,2458,17775,3149,1921,343,bykaranteli.com
2024-12-31,133741,BITCOIN - CHICAGO MERCANTILE EXCHANGE,33893,3771,23835,10520,750,897,2132,1326,963,bykaranteli.com
2024-12-31,133742,MICRO BITCOIN - CHICAGO MERCANTILE EXCHANGE,18387,4201,10001,2184,172,3900,2123,4790,2147,bykaranteli.com
2024-12-31,146021,ETHER CASH SETTLED - CHICAGO MERCANTILE EXCHANGE,17440,1153,6238,3679,63,360,4083,669,387,bykaranteli.com
2024-12-31,146022,MICRO ETHER  - CHICAGO MERCANTILE EXCHANGE,55328,34487,13536,1301,1537,15815,4198,1833,414,bykaranteli.com
2024-12-24,133741,BITCOIN - CHICAGO MERCANTILE EXCHANGE,37125,4140,25242,10767,781,1556,1938,1336,1061,bykaranteli.com
2024-12-24,133742,MICRO BITCOIN - CHICAGO MERCANTILE EXCHANGE,79479,49083,68782,2339,204,5912,2435,5903,2097,bykaranteli.com
2024-12-24,146021,ETHER CASH SETTLED - CHICAGO MERCANTILE EXCHANGE,19754,1410,7626,3743,249,380,4344,829,415,bykaranteli.com
2024-12-24,146022,MICRO ETHER  - CHICAGO MERCANTILE EXCHANGE,216097,163936,204508,1072,2243,21411,5817,2492,358,bykaranteli.com
2024-12-17,133741,BITCOIN - CHICAGO MERCANTILE EXCHANGE,42524,3653,26850,11452,854,3148,2267,1639,1327,bykaranteli.com
2024-12-17,133742,MICRO BITCOIN - CHICAGO MERCANTILE EXCHANGE,61025,28881,47462,2249,213,6835,2417,6701,2681,bykaranteli.com
2024-12-17,146021,ETHER CASH SETTLED - CHICAGO MERCANTILE EXCHANGE,22486,1709,8462,4058,216,367,6511,1026,428,bykaranteli.com
2024-12-17,146022,MICRO ETHER  - CHICAGO MERCANTILE EXCHANGE,200948,135580,184862,966,3173,23591,4580,3304,351,bykaranteli.com
2024-12-10,133741,BITCOIN - CHICAGO MERCANTILE EXCHANGE,37588,4657,25643,10889,828,2254,1764,1627,1143,bykaranteli.com
2024-12-10,133742,MICRO BITCOIN - CHICAGO MERCANTILE EXCHANGE,61688,32053,55705,2397,151,7073,1892,6970,1994,bykaranteli.com
2024-12-10,146021,ETHER CASH SETTLED - CHICAGO MERCANTILE EXCHANGE,18762,1661,7998,3699,239,401,6047,958,407,bykaranteli.com
2024-12-10,146022,MICRO ETHER  - CHICAGO MERCANTILE EXCHANGE,166451,118442,138554,889,2675,21955,6072,3026,327,bykaranteli.com
2024-12-03,133741,BITCOIN - CHICAGO MERCANTILE EXCHANGE,37021,4094,25749,11038,922,2584,1292,1600,1045,bykaranteli.com
2024-12-03,133742,MICRO BITCOIN - CHICAGO MERCANTILE EXCHANGE,25030,8437,19618,2484,117,5939,1354,6567,1793,bykaranteli.com
2024-12-03,146021,ETHER CASH SETTLED - CHICAGO MERCANTILE EXCHANGE,14798,1616,6903,3005,160,263,4533,981,355,bykaranteli.com
2024-12-03,146022,MICRO ETHER  - CHICAGO MERCANTILE EXCHANGE,88662,42916,80854,1135,2912,21590,3609,2489,373,bykaranteli.com
2024-11-26,133741,BITCOIN - CHICAGO MERCANTILE EXCHANGE,40510,5300,24505,11119,960,1282,1517,1667,977,bykaranteli.com
2024-11-26,133742,MICRO BITCOIN - CHICAGO MERCANTILE EXCHANGE,43039,17188,30699,2302,93,7753,1100,6466,2005,bykaranteli.com
2024-11-26,146021,ETHER CASH SETTLED - CHICAGO MERCANTILE EXCHANGE,14110,1358,5905,2932,143,328,4546,915,401,bykaranteli.com
2024-11-26,146022,MICRO ETHER  - CHICAGO MERCANTILE EXCHANGE,138213,83114,95115,1091,2489,20443,4334,2447,249,bykaranteli.com
2024-11-19,133741,BITCOIN - CHICAGO MERCANTILE EXCHANGE,41203,4914,25022,11393,947,1628,2595,1833,1043,bykaranteli.com
2024-11-19,133742,MICRO BITCOIN - CHICAGO MERCANTILE EXCHANGE,50686,29463,39400,2586,122,8450,1001,6938,1921,bykaranteli.com
2024-11-19,146021,ETHER CASH SETTLED - CHICAGO MERCANTILE EXCHANGE,11944,1687,4784,2645,192,434,3996,925,396,bykaranteli.com
2024-11-19,146022,MICRO ETHER  - CHICAGO MERCANTILE EXCHANGE,102858,54295,81273,699,2241,26056,2654,2520,268,bykaranteli.com
2024-11-12,133741,BITCOIN - CHICAGO MERCANTILE EXCHANGE,38531,4830,25189,11083,947,1579,1972,1604,957,bykaranteli.com
2024-11-12,133742,MICRO BITCOIN - CHICAGO MERCANTILE EXCHANGE,55131,37036,46008,3180,151,7507,891,6768,1821,bykaranteli.com
2024-11-12,146021,ETHER CASH SETTLED - CHICAGO MERCANTILE EXCHANGE,10781,1656,5274,2556,91,521,3153,926,381,bykaranteli.com
2024-11-12,146022,MICRO ETHER  - CHICAGO MERCANTILE EXCHANGE,94961,48150,76918,1004,3070,28522,1857,2323,283,bykaranteli.com
2024-11-05,133741,BITCOIN - CHICAGO MERCANTILE EXCHANGE,32011,3484,22738,9865,598,2214,808,1443,913,bykaranteli.com
2024-11-05,133742,MICRO BITCOIN - CHICAGO MERCANTILE EXCHANGE,27845,14437,20618,2982,42,4015,1020,5505,1359,bykaranteli.com
2024-11-05,146021,ETHER CASH SETTLED - CHICAGO MERCANTILE EXCHANGE,7214,1482,3429,1545,490,454,1169,652,507,bykaranteli.com
2024-11-05,146022,MICRO ETHER  - CHICAGO MERCANTILE EXCHANGE,48042,32143,35701,300,3110,8106,4255,1233,239,bykaranteli.com
2024-10-29,133741,BITCOIN - CHICAGO MERCANTILE EXCHANGE,33787,3745,24660,10072,546,3487,822,1441,814,bykaranteli.com
2024-10-29,133742,MICRO BITCOIN - CHICAGO MERCANTILE EXCHANGE,33302,20140,24924,2915,125,3806,1215,5775,1549,bykaranteli.com
2024-10-29,146021,ETHER CASH SETTLED - CHICAGO MERCANTILE EXCHANGE,7031,1324,3921,1557,283,623,1137,719,389,bykaranteli.com
2024-10-29,146022,MICRO ETHER  - CHICAGO MERCANTILE EXCHANGE,30683,14583,16471,1405,2516,10560,5872,1183,289,bykaranteli.com
2024-10-22,133741,BITCOIN - CHICAGO MERCANTILE EXCHANGE,33562,3054,23303,9535,528,3933,792,1518,987,bykaranteli.com
2024-10-22,133742,MICRO BITCOIN - CHICAGO MERCANTILE EXCHANGE,23110,3834,14755,2943,89,3363,2070,5468,1413,bykaranteli.com
2024-10-22,146021,ETHER CASH SETTLED - CHICAGO MERCANTILE EXCHANGE,7262,893,3375,1534,407,651,893,775,427,bykaranteli.com
2024-10-22,146022,MICRO ETHER  - CHICAGO MERCANTILE EXCHANGE,40834,17335,9581,1260,2625,8456,13660,1166,332,bykaranteli.com
2024-10-15,133741,BITCOIN - CHICAGO MERCANTILE EXCHANGE,34494,2795,23179,10112,540,3786,746,1405,999,bykaranteli.com
2024-10-15,133742,MICRO BITCOIN - CHICAGO MERCANTILE EXCHANGE,20255,6015,9699,2664,78,2978,1287,4592,1359,bykaranteli.com
2024-10-15,146021,ETHER CASH SETTLED - CHICAGO MERCANTILE EXCHANGE,6413,820,3631,1476,271,717,741,761,377,bykaranteli.com
2024-10-15,146022,MICRO ETHER  - CHICAGO MERCANTILE EXCHANGE,32079,12161,6248,1027,2586,8589,12430,1165,303,bykaranteli.com
2024-10-08,133741,BITCOIN - CHICAGO MERCANTILE EXCHANGE,29382,1980,20828,9632,359,13007,810,1250,840,bykaranteli.com
2024-10-08,133742,MICRO BITCOIN - CHICAGO MERCANTILE EXCHANGE,15447,2939,10834,2627,41,2808,871,4414,1297,bykaranteli.com
2024-10-08,146021,ETHER CASH SETTLED - CHICAGO MERCANTILE EXCHANGE,6198,730,2887,1390,162,2810,1373,652,517,bykaranteli.com
2024-10-08,146022,MICRO ETHER  - CHICAGO MERCANTILE EXCHANGE,32966,15774,13381,1335,2560,7763,9902,1273,312,bykaranteli.com
2024-10-01,133741,BITCOIN - CHICAGO MERCANTILE EXCHANGE,28539,2690,20031,9163,359,12237,792,1150,919,bykaranteli.com
2024-10-01,133742,MICRO BITCOIN - CHICAGO MERCANTILE EXCHANGE,15521,3557,12395,2814,0,2494,720,4006,1212,bykaranteli.com
2024-10-01,146021,ETHER CASH SETTLED - CHICAGO MERCANTILE EXCHANGE,6087,1023,2873,1423,168,2364,1160,686,528,bykaranteli.com
2024-10-01,146022,MICRO ETHER  - CHICAGO MERCANTILE EXCHANGE,21566,8483,13678,2108,1782,7021,2385,1118,205,bykaranteli.com
2024-09-24,133741,BITCOIN - CHICAGO MERCANTILE EXCHANGE,30542,1985,20623,9233,365,13060,950,1433,980,bykaranteli.com
2024-09-24,133742,MICRO BITCOIN - CHICAGO MERCANTILE EXCHANGE,21828,5109,9666,2347,127,2687,757,4047,1529,bykaranteli.com
2024-09-24,146021,ETHER CASH SETTLED - CHICAGO MERCANTILE EXCHANGE,6489,998,3373,1541,122,2291,823,813,597,bykaranteli.com
2024-09-24,146022,MICRO ETHER  - CHICAGO MERCANTILE EXCHANGE,28488,4503,16842,2211,2673,12277,995,1053,217,bykaranteli.com
2024-09-17,133741,BITCOIN - CHICAGO MERCANTILE EXCHANGE,30995,1914,19963,11674,416,10213,1053,1238,861,bykaranteli.com
2024-09-17,133742,MICRO BITCOIN - CHICAGO MERCANTILE EXCHANGE,25576,8738,11939,711,127,2307,880,3841,1516,bykaranteli.com
2024-09-17,146021,ETHER CASH SETTLED - CHICAGO MERCANTILE EXCHANGE,6718,1141,3244,1354,148,2623,1193,686,512,bykaranteli.com
2024-09-17,146022,MICRO ETHER  - CHICAGO MERCANTILE EXCHANGE,31443,5778,20879,4851,2670,11265,1714,998,364,bykaranteli.com
2024-09-10,133741,BITCOIN - CHICAGO MERCANTILE EXCHANGE,28157,1748,18886,18196,367,2926,1083,1225,957,bykaranteli.com
2024-09-10,133742,MICRO BITCOIN - CHICAGO MERCANTILE EXCHANGE,20013,7163,7785,947,83,2629,951,3771,1627,bykaranteli.com
2024-09-10,146021,ETHER CASH SETTLED - CHICAGO MERCANTILE EXCHANGE,6204,1029,3003,2978,129,1019,1178,610,567,bykaranteli.com
2024-09-10,146022,MICRO ETHER  - CHICAGO MERCANTILE EXCHANGE,26449,5765,21052,5356,2144,10659,1352,906,402,bykaranteli.com
2024-09-03,133741,BITCOIN - CHICAGO MERCANTILE EXCHANGE,26859,2184,18876,17664,371,3207,1063,1067,824,bykaranteli.com
2024-09-03,133742,MICRO BITCOIN - CHICAGO MERCANTILE EXCHANGE,13719,5944,6166,988,29,2736,954,3557,1676,bykaranteli.com
2024-09-03,146021,ETHER CASH SETTLED - CHICAGO MERCANTILE EXCHANGE,5939,802,2896,3098,85,1028,1249,596,577,bykaranteli.com
2024-09-03,146022,MICRO ETHER  - CHICAGO MERCANTILE EXCHANGE,24275,4870,7836,3701,2454,10434,2182,886,262,bykaranteli.com
2024-08-27,133741,BITCOIN - CHICAGO MERCANTILE EXCHANGE,29817,2365,20297,19303,604,3180,794,1308,1010,bykaranteli.com
2024-08-27,133742,MICRO BITCOIN - CHICAGO MERCANTILE EXCHANGE,44017,24804,29857,1071,107,3777,911,4999,1523,bykaranteli.com
2024-08-27,146021,ETHER CASH SETTLED - CHICAGO MERCANTILE EXCHANGE,6977,1248,3194,3031,105,1023,1333,676,592,bykaranteli.com
2024-08-27,146022,MICRO ETHER  - CHICAGO MERCANTILE EXCHANGE,64821,28861,54908,3268,5469,14405,648,1152,396,bykaranteli.com
2024-08-20,133741,BITCOIN - CHICAGO MERCANTILE EXCHANGE,29630,1905,19036,18784,620,2997,918,1215,989,bykaranteli.com
2024-08-20,133742,MICRO BITCOIN - CHICAGO MERCANTILE EXCHANGE,46944,27473,29492,728,78,4059,1800,4691,1604,bykaranteli.com
2024-08-20,146021,ETHER CASH SETTLED - CHICAGO MERCANTILE EXCHANGE,7337,1038,3531,3205,102,1072,1137,703,493,bykaranteli.com
2024-08-20,146022,MICRO ETHER  - CHICAGO MERCANTILE EXCHANGE,65013,25439,54705,3037,5460,12730,1401,1277,310,bykaranteli.com
2024-08-13,133741,BITCOIN - CHICAGO MERCANTILE EXCHANGE,27874,2203,19491,18608,598,3000,622,1148,867,bykaranteli.com
2024-08-13,133742,MICRO BITCOIN - CHICAGO MERCANTILE EXCHANGE,31298,11743,20509,607,122,3573,1757,4375,1532,bykaranteli.com
2024-08-13,146021,ETHER CASH SETTLED - CHICAGO MERCANTILE EXCHANGE,6836,1006,3883,3098,132,1137,695,722,399,bykaranteli.com
2024-08-13,146022,MICRO ETHER  - CHICAGO MERCANTILE EXCHANGE,59513,19299,51009,3319,5317,21889,1220,1375,252,bykaranteli.com
2024-08-06,133741,BITCOIN - CHICAGO MERCANTILE EXCHANGE,27535,1882,19127,17710,629,3900,622,1164,983,bykaranteli.com
2024-08-06,133742,MICRO BITCOIN - CHICAGO MERCANTILE EXCHANGE,35838,19464,24373,1406,63,3253,2437,4461,1601,bykaranteli.com
2024-08-06,146021,ETHER CASH SETTLED - CHICAGO MERCANTILE EXCHANGE,6703,1194,3545,3007,180,1066,767,697,514,bykaranteli.com
2024-08-06,146022,MICRO ETHER  - CHICAGO MERCANTILE EXCHANGE,63171,14340,53402,4362,5179,31333,1503,1179,388,bykaranteli.com
2024-07-30,133741,BITCOIN - CHICAGO MERCANTILE EXCHANGE,28605,2700,20293,19767,643,1670,721,1467,792,bykaranteli.com
2024-07-30,133742,MICRO BITCOIN - CHICAGO MERCANTILE EXCHANGE,22938,8357,14712,2676,34,3726,3831,4478,1287,bykaranteli.com
2024-07-30,146021,ETHER CASH SETTLED - CHICAGO MERCANTILE EXCHANGE,6243,1334,3311,3059,211,574,973,773,394,bykaranteli.com
2024-07-30,146022,MICRO ETHER  - CHICAGO MERCANTILE EXCHANGE,19764,3190,8690,586,1586,10431,697,1233,217,bykaranteli.com
2024-07-23,133741,BITCOIN - CHICAGO MERCANTILE EXCHANGE,32435,1868,20542,20438,636,2093,1094,1598,1119,bykaranteli.com
2024-07-23,133742,MICRO BITCOIN - CHICAGO MERCANTILE EXCHANGE,33492,18952,24360,2466,0,3956,2278,5031,1447,bykaranteli.com
2024-07-23,146021,ETHER CASH SETTLED - CHICAGO MERCANTILE EXCHANGE,7661,1833,3449,2975,271,552,1268,1041,409,bykaranteli.com
2024-07-23,146022,MICRO ETHER  - CHICAGO MERCANTILE EXCHANGE,38916,15174,10848,488,1604,16898,3450,1827,222,bykaranteli.com
2024-07-16,133741,BITCOIN - CHICAGO MERCANTILE EXCHANGE,31183,1636,20439,19999,656,2963,1150,1463,1065,bykaranteli.com
2024-07-16,133742,MICRO BITCOIN - CHICAGO MERCANTILE EXCHANGE,28102,11698,20102,2423,25,4347,2193,5178,1587,bykaranteli.com
2024-07-16,146021,ETHER CASH SETTLED - CHICAGO MERCANTILE EXCHANGE,6772,1341,3221,2878,362,514,1052,944,424,bykaranteli.com
2024-07-16,146022,MICRO ETHER  - CHICAGO MERCANTILE EXCHANGE,38409,14196,10939,1614,2422,16888,3437,1802,203,bykaranteli.com
2024-07-09,133741,BITCOIN - CHICAGO MERCANTILE EXCHANGE,28241,1152,18928,17695,563,3882,701,1363,1157,bykaranteli.com
2024-07-09,133742,MICRO BITCOIN - CHICAGO MERCANTILE EXCHANGE,22003,6513,17497,2544,27,4214,2036,5231,1702,bykaranteli.com
2024-07-09,146021,ETHER CASH SETTLED - CHICAGO MERCANTILE EXCHANGE,6462,1964,3615,2323,292,514,652,906,517,bykaranteli.com
2024-07-09,146022,MICRO ETHER  - CHICAGO MERCANTILE EXCHANGE,31104,9426,10516,3503,1495,14935,3928,1573,162,bykaranteli.com
2024-07-02,133741,BITCOIN - CHICAGO MERCANTILE EXCHANGE,27063,1251,18022,17291,493,2663,551,1347,947,bykaranteli.com
2024-07-02,133742,MICRO BITCOIN - CHICAGO MERCANTILE EXCHANGE,14574,2753,10289,2694,21,3372,2183,4194,1522,bykaranteli.com
2024-07-02,146021,ETHER CASH SETTLED - CHICAGO MERCANTILE EXCHANGE,6461,2417,3446,2143,160,533,1451,886,393,bykaranteli.com
2024-07-02,146022,MICRO ETHER  - CHICAGO MERCANTILE EXCHANGE,23028,5229,8516,1056,1540,13121,4106,1186,237,bykaranteli.com
2024-06-25,133741,BITCOIN - CHICAGO MERCANTILE EXCHANGE,30171,1655,18592,17398,493,2783,531,1499,1116,bykaranteli.com
2024-06-25,133742,MICRO BITCOIN - CHICAGO MERCANTILE EXCHANGE,24927,9282,16676,2803,10,4022,2253,5077,1638,bykaranteli.com
2024-06-25,146021,ETHER CASH SETTLED - CHICAGO MERCANTILE EXCHANGE,7450,2843,3968,2230,139,532,1347,870,365,bykaranteli.com
2024-06-25,146022,MICRO ETHER  - CHICAGO MERCANTILE EXCHANGE,49936,24456,31643,2055,1399,15543,4917,1612,246,bykaranteli.com
2024-06-18,133741,BITCOIN - CHICAGO MERCANTILE EXCHANGE,30627,2477,19548,17911,654,2537,636,1539,1041,bykaranteli.com
2024-06-18,133742,MICRO BITCOIN - CHICAGO MERCANTILE EXCHANGE,28644,10899,23100,2991,0,4166,2272,4568,1733,bykaranteli.com
2024-06-18,146021,ETHER CASH SETTLED - CHICAGO MERCANTILE EXCHANGE,7327,2702,3713,2168,226,516,1110,899,313,bykaranteli.com
2024-06-18,146022,MICRO ETHER  - CHICAGO MERCANTILE EXCHANGE,47014,22546,26231,1541,1459,13631,6611,1732,283,bykaranteli.com
2024-06-11,133741,BITCOIN - CHICAGO MERCANTILE EXCHANGE,30503,2402,20045,18482,591,2396,762,1632,943,bykaranteli.com
2024-06-11,133742,MICRO BITCOIN - CHICAGO MERCANTILE EXCHANGE,27265,8878,22045,2926,0,4056,2197,5039,1593,bykaranteli.com
2024-06-11,146021,ETHER CASH SETTLED - CHICAGO MERCANTILE EXCHANGE,7088,2784,3313,1858,182,599,1115,998,351,bykaranteli.com
2024-06-11,146022,MICRO ETHER  - CHICAGO MERCANTILE EXCHANGE,41867,18940,18881,1975,804,12863,6032,1924,249,bykaranteli.com
2024-06-04,133741,BITCOIN - CHICAGO MERCANTILE EXCHANGE,31086,3326,21276,18527,636,2844,809,1601,848,bykaranteli.com
2024-06-04,133742,MICRO BITCOIN - CHICAGO MERCANTILE EXCHANGE,22799,4411,18201,2998,13,3816,2218,5246,1551,bykaranteli.com
2024-06-04,146021,ETHER CASH SETTLED - CHICAGO MERCANTILE EXCHANGE,6323,2473,2392,1547,219,612,1670,1162,261,bykaranteli.com
2024-06-04,146022,MICRO ETHER  - CHICAGO MERCANTILE EXCHANGE,28733,9712,15851,1193,1238,13414,3302,1790,254,bykaranteli.com
2024-05-28,133741,BITCOIN - CHICAGO MERCANTILE EXCHANGE,30255,2140,19191,18594,773,1919,946,1763,859,bykaranteli.com
2024-05-28,133742,MICRO BITCOIN - CHICAGO MERCANTILE EXCHANGE,32606,13004,22712,2884,43,4088,2458,5381,1546,bykaranteli.com
2024-05-28,146021,ETHER CASH SETTLED - CHICAGO MERCANTILE EXCHANGE,6544,2499,2580,1347,202,636,1077,1027,406,bykaranteli.com
2024-05-28,146022,MICRO ETHER  - CHICAGO MERCANTILE EXCHANGE,29487,6302,17085,728,1100,13483,3871,2157,264,bykaranteli.com
2024-05-21,133741,BITCOIN - CHICAGO MERCANTILE EXCHANGE,30694,2332,19154,18734,706,2098,1162,1586,818,bykaranteli.com
2024-05-21,133742,MICRO BITCOIN - CHICAGO MERCANTILE EXCHANGE,31540,12533,21661,719,0,4055,3103,5463,1614,bykaranteli.com
2024-05-21,146021,ETHER CASH SETTLED - CHICAGO MERCANTILE EXCHANGE,5964,1948,2751,1305,108,557,692,1199,526,bykaranteli.com
2024-05-21,146022,MICRO ETHER  - CHICAGO MERCANTILE EXCHANGE,36274,9444,25297,1128,1264,8583,2817,1977,279,bykaranteli.com
2024-05-14,133741,BITCOIN - CHICAGO MERCANTILE EXCHANGE,27077,1833,17479,16904,518,2057,1245,1519,921,bykaranteli.com
2024-05-14,133742,MICRO BITCOIN - CHICAGO MERCANTILE EXCHANGE,21965,8472,12322,708,46,3228,2599,4511,1728,bykaranteli.com
2024-05-14,146021,ETHER CASH SETTLED - CHICAGO MERCANTILE EXCHANGE,4326,1169,2083,1099,0,801,804,811,503,bykaranteli.com
2024-05-14,146022,MICRO ETHER  - CHICAGO MERCANTILE EXCHANGE,20427,6509,7750,1128,864,8932,3044,1500,340,bykaranteli.com
2024-05-07,133741,BITCOIN - CHICAGO MERCANTILE EXCHANGE,26155,1899,17120,17255,476,1435,1162,1588,939,bykaranteli.com
2024-05-07,133742,MICRO BITCOIN - CHICAGO MERCANTILE EXCHANGE,19478,7929,7456,782,25,3236,2253,4598,1548,bykaranteli.com
2024-05-07,146021,ETHER CASH SETTLED - CHICAGO MERCANTILE EXCHANGE,4411,1237,2202,1230,0,735,871,761,406,bykaranteli.com
2024-05-07,146022,MICRO ETHER  - CHICAGO MERCANTILE EXCHANGE,22232,7556,8517,1284,1238,7784,4014,1371,290,bykaranteli.com
2024-04-30,133741,BITCOIN - CHICAGO MERCANTILE EXCHANGE,24795,2061,16525,16882,421,411,977,1461,937,bykaranteli.com
2024-04-30,133742,MICRO BITCOIN - CHICAGO MERCANTILE EXCHANGE,12318,2447,3559,688,29,3017,1736,4344,1707,bykaranteli.com
2024-04-30,146021,ETHER CASH SETTLED - CHICAGO MERCANTILE EXCHANGE,5155,2165,2704,1238,0,589,1046,709,408,bykaranteli.com
2024-04-30,146022,MICRO ETHER  - CHICAGO MERCANTILE EXCHANGE,19442,5939,5128,1402,1305,6448,6649,1471,348,bykaranteli.com
2024-04-23,133741,BITCOIN - CHICAGO MERCANTILE EXCHANGE,27932,2566,19059,19010,517,701,679,1525,868,bykaranteli.com
2024-04-23,133742,MICRO BITCOIN - CHICAGO MERCANTILE EXCHANGE,21148,3250,13121,654,49,3570,1524,5232,1470,bykaranteli.com
2024-04-23,146021,ETHER CASH SETTLED - CHICAGO MERCANTILE EXCHANGE,5126,1525,2424,1377,58,710,851,827,393,bykaranteli.com
2024-04-23,146022,MICRO ETHER  - CHICAGO MERCANTILE EXCHANGE,34745,17481,17211,1432,1226,8171,3381,1743,472,bykaranteli.com
2024-04-16,133741,BITCOIN - CHICAGO MERCANTILE EXCHANGE,29526,2653,17836,18898,632,598,1665,1532,856,bykaranteli.com
2024-04-16,133742,MICRO BITCOIN - CHICAGO MERCANTILE EXCHANGE,17021,3838,9072,741,68,4190,1338,5302,1571,bykaranteli.com
2024-04-16,146021,ETHER CASH SETTLED - CHICAGO MERCANTILE EXCHANGE,5644,2340,2882,1295,50,696,1068,806,316,bykaranteli.com
2024-04-16,146022,MICRO ETHER  - CHICAGO MERCANTILE EXCHANGE,25950,10386,15357,1632,1411,8420,3849,1793,364,bykaranteli.com
2024-04-09,133741,BITCOIN - CHICAGO MERCANTILE EXCHANGE,29074,2994,19010,19547,508,807,2228,1699,708,bykaranteli.com
2024-04-09,133742,MICRO BITCOIN - CHICAGO MERCANTILE EXCHANGE,16624,4119,6488,778,69,4597,1298,5396,1401,bykaranteli.com
2024-04-09,146021,ETHER CASH SETTLED - CHICAGO MERCANTILE EXCHANGE,5984,2401,3216,1465,0,738,1036,828,339,bykaranteli.com
2024-04-09,146022,MICRO ETHER  - CHICAGO MERCANTILE EXCHANGE,24560,7233,10053,1369,1473,9822,2578,1868,165,bykaranteli.com
2024-04-02,133741,BITCOIN - CHICAGO MERCANTILE EXCHANGE,29745,3232,19313,19477,548,821,2521,1619,771,bykaranteli.com
2024-04-02,133742,MICRO BITCOIN - CHICAGO MERCANTILE EXCHANGE,15551,4162,5226,629,24,4279,639,5425,1342,bykaranteli.com
2024-04-02,146021,ETHER CASH SETTLED - CHICAGO MERCANTILE EXCHANGE,6498,2902,3360,1436,40,737,1304,846,269,bykaranteli.com
2024-04-02,146022,MICRO ETHER  - CHICAGO MERCANTILE EXCHANGE,21527,6683,6778,1442,1269,8621,2318,1524,307,bykaranteli.com
2024-03-26,133741,BITCOIN - CHICAGO MERCANTILE EXCHANGE,31238,3629,19731,19284,588,827,2675,1823,857,bykaranteli.com
2024-03-26,133742,MICRO BITCOIN - CHICAGO MERCANTILE EXCHANGE,64477,42524,20880,526,34,6536,860,5450,1709,bykaranteli.com
2024-03-26,146021,ETHER CASH SETTLED - CHICAGO MERCANTILE EXCHANGE,7180,3201,3503,1494,0,517,1382,1111,362,bykaranteli.com
2024-03-26,146022,MICRO ETHER  - CHICAGO MERCANTILE EXCHANGE,46054,25373,6218,1259,1238,11489,2447,2206,286,bykaranteli.com
2024-03-19,133741,BITCOIN - CHICAGO MERCANTILE EXCHANGE,33196,5548,19917,18097,524,895,2717,1663,820,bykaranteli.com
2024-03-19,133742,MICRO BITCOIN - CHICAGO MERCANTILE EXCHANGE,54643,38053,17766,577,58,5860,941,4975,1367,bykaranteli.com
2024-03-19,146021,ETHER CASH SETTLED - CHICAGO MERCANTILE EXCHANGE,7366,3723,3924,1464,0,511,1232,1000,328,bykaranteli.com
2024-03-19,146022,MICRO ETHER  - CHICAGO MERCANTILE EXCHANGE,49906,29004,6593,1629,1489,13563,2845,2120,407,bykaranteli.com
2024-03-12,133741,BITCOIN - CHICAGO MERCANTILE EXCHANGE,30398,3813,19287,18936,464,879,2754,1800,865,bykaranteli.com
2024-03-12,133742,MICRO BITCOIN - CHICAGO MERCANTILE EXCHANGE,47762,31750,15131,743,40,5946,998,4993,1536,bykaranteli.com
2024-03-12,146021,ETHER CASH SETTLED - CHICAGO MERCANTILE EXCHANGE,7239,2747,3999,1866,0,585,969,1132,342,bykaranteli.com
2024-03-12,146022,MICRO ETHER  - CHICAGO MERCANTILE EXCHANGE,51845,27380,7163,2184,1194,16098,2592,2231,397,bykaranteli.com
2024-03-05,133741,BITCOIN - CHICAGO MERCANTILE EXCHANGE,27747,4650,17059,15924,393,770,2116,1705,813,bykaranteli.com
2024-03-05,133742,MICRO BITCOIN - CHICAGO MERCANTILE EXCHANGE,38184,25199,12267,830,1,5322,749,4564,1239,bykaranteli.com
2024-03-05,146021,ETHER CASH SETTLED - CHICAGO MERCANTILE EXCHANGE,7471,2715,3782,1891,26,701,960,1045,289,bykaranteli.com
2024-03-05,146022,MICRO ETHER  - CHICAGO MERCANTILE EXCHANGE,47400,23625,5857,1982,1376,16396,1424,1714,273,bykaranteli.com
2024-02-27,133741,BITCOIN - CHICAGO MERCANTILE EXCHANGE,25229,4141,15037,14065,311,1631,1998,1726,719,bykaranteli.com
2024-02-27,133742,MICRO BITCOIN - CHICAGO MERCANTILE EXCHANGE,17533,7761,6985,894,29,3203,797,4226,1124,bykaranteli.com
2024-02-27,146021,ETHER CASH SETTLED - CHICAGO MERCANTILE EXCHANGE,6564,2656,4062,1756,29,345,201,1089,299,bykaranteli.com
2024-02-27,146022,MICRO ETHER  - CHICAGO MERCANTILE EXCHANGE,27250,11028,5723,1564,1836,11141,1038,1562,229,bykaranteli.com
2024-02-20,133741,BITCOIN - CHICAGO MERCANTILE EXCHANGE,25530,4400,14677,13724,34,1380,2024,1724,828,bykaranteli.com
2024-02-20,133742,MICRO BITCOIN - CHICAGO MERCANTILE EXCHANGE,20586,10069,4638,775,4708,3657,715,4096,1205,bykaranteli.com
2024-02-20,146021,ETHER CASH SETTLED - CHICAGO MERCANTILE EXCHANGE,6749,2422,4259,1747,0,629,125,1047,433,bykaranteli.com
2024-02-20,146022,MICRO ETHER  - CHICAGO MERCANTILE EXCHANGE,23224,9544,8220,1306,1621,8192,1390,1513,228,bykaranteli.com
2024-02-13,133741,BITCOIN - CHICAGO MERCANTILE EXCHANGE,24769,3935,14059,13220,0,1560,1886,1725,956,bykaranteli.com
2024-02-13,133742,MICRO BITCOIN - CHICAGO MERCANTILE EXCHANGE,19838,10444,4214,769,4708,3097,787,4040,1010,bykaranteli.com
2024-02-13,146021,ETHER CASH SETTLED - CHICAGO MERCANTILE EXCHANGE,6449,2339,4369,1563,34,827,40,977,324,bykaranteli.com
2024-02-13,146022,MICRO ETHER  - CHICAGO MERCANTILE EXCHANGE,18346,5382,5032,1459,1737,7286,2776,1333,271,bykaranteli.com
2024-02-06,133741,BITCOIN - CHICAGO MERCANTILE EXCHANGE,20897,2938,12252,12290,0,614,1074,1591,825,bykaranteli.com
2024-02-06,133742,MICRO BITCOIN - CHICAGO MERCANTILE EXCHANGE,16080,7197,3130,797,4708,2317,733,3705,790,bykaranteli.com
2024-02-06,146021,ETHER CASH SETTLED - CHICAGO MERCANTILE EXCHANGE,5668,1949,4312,1271,33,1265,0,798,297,bykaranteli.com
2024-02-06,146022,MICRO ETHER  - CHICAGO MERCANTILE EXCHANGE,17084,3710,5778,1356,1645,8087,988,1111,172,bykaranteli.com
2024-01-30,133741,BITCOIN - CHICAGO MERCANTILE EXCHANGE,20679,2642,12123,12793,0,762,1646,1435,654,bykaranteli.com
2024-01-30,133742,MICRO BITCOIN - CHICAGO MERCANTILE EXCHANGE,12009,4812,3057,805,4708,2062,490,3689,845,bykaranteli.com
2024-01-30,146021,ETHER CASH SETTLED - CHICAGO MERCANTILE EXCHANGE,5141,1812,3706,1278,34,864,0,797,227,bykaranteli.com
2024-01-30,146022,MICRO ETHER  - CHICAGO MERCANTILE EXCHANGE,15161,3009,5402,1394,1557,6477,2246,1066,204,bykaranteli.com
2024-01-23,133741,BITCOIN - CHICAGO MERCANTILE EXCHANGE,22815,2972,11328,12427,42,288,2662,1613,839,bykaranteli.com
2024-01-23,133742,MICRO BITCOIN - CHICAGO MERCANTILE EXCHANGE,24261,8918,7384,818,4733,3608,1142,4146,1082,bykaranteli.com
2024-01-23,146021,ETHER CASH SETTLED - CHICAGO MERCANTILE EXCHANGE,6136,2343,3518,1291,1,718,229,994,436,bykaranteli.com
2024-01-23,146022,MICRO ETHER  - CHICAGO MERCANTILE EXCHANGE,35996,13546,13257,2394,1204,13038,4610,1118,290,bykaranteli.com
2024-01-16,133741,BITCOIN - CHICAGO MERCANTILE EXCHANGE,23286,3578,13413,12824,15,613,1488,1747,728,bykaranteli.com
2024-01-16,133742,MICRO BITCOIN - CHICAGO MERCANTILE EXCHANGE,20647,8204,6258,795,2795,3697,964,4486,891,bykaranteli.com
2024-01-16,146021,ETHER CASH SETTLED - CHICAGO MERCANTILE EXCHANGE,6556,2494,4308,1636,43,858,337,1017,276,bykaranteli.com
2024-01-16,146022,MICRO ETHER  - CHICAGO MERCANTILE EXCHANGE,37812,12493,13040,3458,1074,15324,2023,1453,221,bykaranteli.com
2024-01-09,133741,BITCOIN - CHICAGO MERCANTILE EXCHANGE,26846,3579,14998,14339,0,3484,1888,1561,722,bykaranteli.com
2024-01-09,133742,MICRO BITCOIN - CHICAGO MERCANTILE EXCHANGE,14146,4213,5224,849,2993,2891,907,4255,1037,bykaranteli.com
2024-01-09,146021,ETHER CASH SETTLED - CHICAGO MERCANTILE EXCHANGE,5853,2236,3618,1503,42,670,378,941,317,bykaranteli.com
2024-01-09,146022,MICRO ETHER  - CHICAGO MERCANTILE EXCHANGE,21593,2669,8875,1572,708,9452,1884,1219,212,bykaranteli.com
2024-01-02,133741,BITCOIN - CHICAGO MERCANTILE EXCHANGE,23579,3317,13616,12724,0,2977,1404,1684,697,bykaranteli.com
2024-01-02,133742,MICRO BITCOIN - CHICAGO MERCANTILE EXCHANGE,10404,1538,6408,1430,102,2949,943,3576,1096,bykaranteli.com
2024-01-02,146021,ETHER CASH SETTLED - CHICAGO MERCANTILE EXCHANGE,5548,2095,3319,1821,40,364,700,912,276,bykaranteli.com
2024-01-02,146022,MICRO ETHER  - CHICAGO MERCANTILE EXCHANGE,20558,879,6276,3099,420,10029,2290,1014,205,bykaranteli.com
2023-12-26,133741,BITCOIN - CHICAGO MERCANTILE EXCHANGE,22526,2818,12649,11862,0,2162,538,2145,935,bykaranteli.com
2023-12-26,133742,MICRO BITCOIN - CHICAGO MERCANTILE EXCHANGE,14634,2963,5252,1470,38,2906,1097,3938,1067,bykaranteli.com
2023-12-26,146021,ETHER CASH SETTLED - CHICAGO MERCANTILE EXCHANGE,5621,2314,2965,1649,0,230,932,902,279,bykaranteli.com
2023-12-26,146022,MICRO ETHER  - CHICAGO MERCANTILE EXCHANGE,29053,5951,3970,2973,717,12036,3807,1386,190,bykaranteli.com
2023-12-19,133741,BITCOIN - CHICAGO MERCANTILE EXCHANGE,23239,3187,12415,11606,0,2625,520,2589,1543,bykaranteli.com
2023-12-19,133742,MICRO BITCOIN - CHICAGO MERCANTILE EXCHANGE,13858,3626,4783,1523,68,2863,1074,4056,1604,bykaranteli.com
2023-12-19,146021,ETHER CASH SETTLED - CHICAGO MERCANTILE EXCHANGE,5137,1690,2724,1732,30,314,599,940,409,bykaranteli.com
2023-12-19,146022,MICRO ETHER  - CHICAGO MERCANTILE EXCHANGE,30286,6391,3923,3681,405,11187,3688,1678,746,bykaranteli.com
2023-12-12,133741,BITCOIN - CHICAGO MERCANTILE EXCHANGE,21211,3435,11606,11469,0,1760,379,1654,775,bykaranteli.com
2023-12-12,133742,MICRO BITCOIN - CHICAGO MERCANTILE EXCHANGE,11848,3177,5254,1496,63,2504,1025,3586,1254,bykaranteli.com
2023-12-12,146021,ETHER CASH SETTLED - CHICAGO MERCANTILE EXCHANGE,5193,1915,2774,1586,31,279,666,900,299,bykaranteli.com
2023-12-12,146022,MICRO ETHER  - CHICAGO MERCANTILE EXCHANGE,25777,6968,4001,3517,832,9785,3164,1183,314,bykaranteli.com
2023-12-05,133741,BITCOIN - CHICAGO MERCANTILE EXCHANGE,23035,4390,12535,11735,0,3030,1691,1641,778,bykaranteli.com
2023-12-05,133742,MICRO BITCOIN - CHICAGO MERCANTILE EXCHANGE,11235,2460,5069,1493,25,2510,975,3688,1567,bykaranteli.com
2023-12-05,146021,ETHER CASH SETTLED - CHICAGO MERCANTILE EXCHANGE,6373,2291,3624,1711,28,920,976,1069,491,bykaranteli.com
2023-12-05,146022,MICRO ETHER  - CHICAGO MERCANTILE EXCHANGE,24202,3928,6059,2142,605,11422,3236,1139,285,bykaranteli.com
2023-11-28,133741,BITCOIN - CHICAGO MERCANTILE EXCHANGE,23027,4479,13303,11448,0,3720,1565,1688,735,bykaranteli.com
2023-11-28,133742,MICRO BITCOIN - CHICAGO MERCANTILE EXCHANGE,9584,2240,4690,1535,0,2047,890,3296,1059,bykaranteli.com
2023-11-28,146021,ETHER CASH SETTLED - CHICAGO MERCANTILE EXCHANGE,5748,1984,3575,1567,25,1056,771,840,295,bykaranteli.com
2023-11-28,146022,MICRO ETHER  - CHICAGO MERCANTILE EXCHANGE,17532,948,4536,2117,576,8128,3317,820,291,bykaranteli.com
2023-11-21,133741,BITCOIN - CHICAGO MERCANTILE EXCHANGE,21939,3780,11322,10973,34,2701,1153,1664,1233,bykaranteli.com
2023-11-21,133742,MICRO BITCOIN - CHICAGO MERCANTILE EXCHANGE,14267,2055,3437,1636,10,2675,579,3564,984,bykaranteli.com
2023-11-21,146021,ETHER CASH SETTLED - CHICAGO MERCANTILE EXCHANGE,5319,1757,2617,1400,0,647,908,901,322,bykaranteli.com
2023-11-21,146022,MICRO ETHER  - CHICAGO MERCANTILE EXCHANGE,18950,1902,9149,1913,321,11820,2476,803,338,bykaranteli.com
2023-11-14,133741,BITCOIN - CHICAGO MERCANTILE EXCHANGE,21203,3958,10635,10886,0,1347,1714,1609,746,bykaranteli.com
2023-11-14,133742,MICRO BITCOIN - CHICAGO MERCANTILE EXCHANGE,13372,2088,3872,1633,38,2577,640,3477,989,bykaranteli.com
2023-11-14,146021,ETHER CASH SETTLED - CHICAGO MERCANTILE EXCHANGE,5385,1816,2820,1393,31,661,864,994,376,bykaranteli.com
2023-11-14,146022,MICRO ETHER  - CHICAGO MERCANTILE EXCHANGE,19832,2387,8475,2184,417,12771,2441,791,368,bykaranteli.com
2023-11-07,133741,BITCOIN - CHICAGO MERCANTILE EXCHANGE,21749,4782,12188,10268,0,2836,2024,1580,697,bykaranteli.com
2023-11-07,133742,MICRO BITCOIN - CHICAGO MERCANTILE EXCHANGE,10661,1372,2823,1766,64,2414,594,3305,1056,bykaranteli.com
2023-11-07,146021,ETHER CASH SETTLED - CHICAGO MERCANTILE EXCHANGE,4610,1456,2342,810,35,1046,768,949,352,bykaranteli.com
2023-11-07,146022,MICRO ETHER  - CHICAGO MERCANTILE EXCHANGE,17042,1818,9796,590,1030,9707,2544,596,335,bykaranteli.com
2023-10-31,133741,BITCOIN - CHICAGO MERCANTILE EXCHANGE,19603,4780,11822,9181,0,2450,1358,1468,625,bykaranteli.com
2023-10-31,133742,MICRO BITCOIN - CHICAGO MERCANTILE EXCHANGE,7862,1229,1959,1070,0,2049,681,2985,922,bykaranteli.com
2023-10-31,146021,ETHER CASH SETTLED - CHICAGO MERCANTILE EXCHANGE,4127,1528,2473,463,144,928,332,788,406,bykaranteli.com
2023-10-31,146022,MICRO ETHER  - CHICAGO MERCANTILE EXCHANGE,16495,3119,7327,590,2998,7957,3318,509,151,bykaranteli.com
2023-10-24,133741,BITCOIN - CHICAGO MERCANTILE EXCHANGE,19678,3536,11489,8383,25,3021,1231,1617,725,bykaranteli.com
2023-10-24,133742,MICRO BITCOIN - CHICAGO MERCANTILE EXCHANGE,10260,2943,5822,335,548,1731,913,3162,1224,bykaranteli.com
2023-10-24,146021,ETHER CASH SETTLED - CHICAGO MERCANTILE EXCHANGE,4721,2014,2582,278,729,1169,166,662,452,bykaranteli.com
2023-10-24,146022,MICRO ETHER  - CHICAGO MERCANTILE EXCHANGE,23915,2893,11573,0,3634,9133,5992,466,368,bykaranteli.com
2023-10-17,133741,BITCOIN - CHICAGO MERCANTILE EXCHANGE,16561,2576,10429,7344,127,2567,183,1341,673,bykaranteli.com
2023-10-17,133742,MICRO BITCOIN - CHICAGO MERCANTILE EXCHANGE,8511,1677,4391,322,1062,2037,1089,2841,824,bykaranteli.com
2023-10-17,146021,ETHER CASH SETTLED - CHICAGO MERCANTILE EXCHANGE,5358,3242,3146,241,1194,945,139,493,529,bykaranteli.com
2023-10-17,146022,MICRO ETHER  - CHICAGO MERCANTILE EXCHANGE,22383,6635,10277,0,3706,6114,7220,636,273,bykaranteli.com
2023-10-10,133741,BITCOIN - CHICAGO MERCANTILE EXCHANGE,14683,1946,9114,7402,517,2096,153,1286,775,bykaranteli.com
2023-10-10,133742,MICRO BITCOIN - CHICAGO MERCANTILE EXCHANGE,7239,1661,3066,320,1086,1706,1293,2382,804,bykaranteli.com
2023-10-10,146021,ETHER CASH SETTLED - CHICAGO MERCANTILE EXCHANGE,4766,2637,2784,365,979,751,136,589,558,bykaranteli.com
2023-10-10,146022,MICRO ETHER  - CHICAGO MERCANTILE EXCHANGE,15064,4308,7238,0,1113,6116,3721,431,312,bykaranteli.com
2023-10-03,133741,BITCOIN - CHICAGO MERCANTILE EXCHANGE,14447,2373,8565,7336,623,1941,410,1195,776,bykaranteli.com
2023-10-03,133742,MICRO BITCOIN - CHICAGO MERCANTILE EXCHANGE,6193,1266,2163,273,1120,1570,1333,2169,884,bykaranteli.com
2023-10-03,146021,ETHER CASH SETTLED - CHICAGO MERCANTILE EXCHANGE,3809,1319,2159,334,758,1225,109,536,466,bykaranteli.com
2023-10-03,146022,MICRO ETHER  - CHICAGO MERCANTILE EXCHANGE,11055,1817,3871,0,1439,6832,3129,348,333,bykaranteli.com
2023-09-26,133741,BITCOIN - CHICAGO MERCANTILE EXCHANGE,14844,1594,8220,7168,1093,1852,114,1200,961,bykaranteli.com
2023-09-26,133742,MICRO BITCOIN - CHICAGO MERCANTILE EXCHANGE,8690,1590,2629,319,806,2296,1574,2202,1301,bykaranteli.com
2023-09-26,146021,ETHER CASH SETTLED - CHICAGO MERCANTILE EXCHANGE,4647,2195,2184,276,1211,950,160,542,644,bykaranteli.com
2023-09-26,146022,MICRO ETHER  - CHICAGO MERCANTILE EXCHANGE,12868,1644,4115,46,712,7051,3708,434,368,bykaranteli.com
2023-09-19,133741,BITCOIN - CHICAGO MERCANTILE EXCHANGE,16670,2204,10304,7392,850,2763,114,1191,791,bykaranteli.com
2023-09-19,133742,MICRO BITCOIN - CHICAGO MERCANTILE EXCHANGE,8102,1422,2416,373,838,2276,1985,2432,1136,bykaranteli.com
2023-09-19,146021,ETHER CASH SETTLED - CHICAGO MERCANTILE EXCHANGE,4560,1490,2355,272,959,1457,126,484,519,bykaranteli.com
2023-09-19,146022,MICRO ETHER  - CHICAGO MERCANTILE EXCHANGE,10956,1727,4256,59,712,6107,3897,485,333,bykaranteli.com
2023-09-12,133741,BITCOIN - CHICAGO MERCANTILE EXCHANGE,15423,1660,9221,7295,1291,2509,114,1134,823,bykaranteli.com
2023-09-12,133742,MICRO BITCOIN - CHICAGO MERCANTILE EXCHANGE,8760,2136,2507,400,728,1853,1984,2450,1287,bykaranteli.com
2023-09-12,146021,ETHER CASH SETTLED - CHICAGO MERCANTILE EXCHANGE,5181,2255,2957,253,1116,1441,126,530,601,bykaranteli.com
2023-09-12,146022,MICRO ETHER  - CHICAGO MERCANTILE EXCHANGE,12651,1716,4147,0,820,6182,5488,482,286,bykaranteli.com
2023-09-05,133741,BITCOIN - CHICAGO MERCANTILE EXCHANGE,14962,1670,8755,7624,1539,2224,162,1218,723,bykaranteli.com
2023-09-05,133742,MICRO BITCOIN - CHICAGO MERCANTILE EXCHANGE,8998,1311,2168,360,757,2599,1818,2408,1175,bykaranteli.com
2023-09-05,146021,ETHER CASH SETTLED - CHICAGO MERCANTILE EXCHANGE,4515,1786,2596,248,905,1313,143,450,475,bykaranteli.com
2023-09-05,146022,MICRO ETHER  - CHICAGO MERCANTILE EXCHANGE,11331,2490,4307,0,712,6373,5034,438,295,bykaranteli.com
2023-08-29,133741,BITCOIN - CHICAGO MERCANTILE EXCHANGE,16172,2483,10012,7758,936,2517,164,1277,703,bykaranteli.com
2023-08-29,133742,MICRO BITCOIN - CHICAGO MERCANTILE EXCHANGE,8778,1475,2236,333,693,2262,2829,2333,812,bykaranteli.com
2023-08-29,146021,ETHER CASH SETTLED - CHICAGO MERCANTILE EXCHANGE,4125,1095,2553,336,706,1465,112,650,455,bykaranteli.com
2023-08-29,146022,MICRO ETHER  - CHICAGO MERCANTILE EXCHANGE,10932,2729,3581,0,0,6273,4265,419,261,bykaranteli.com
2023-08-22,133741,BITCOIN - CHICAGO MERCANTILE EXCHANGE,17262,2771,10163,7633,582,2556,162,1171,757,bykaranteli.com
2023-08-22,133742,MICRO BITCOIN - CHICAGO MERCANTILE EXCHANGE,10738,2473,4040,456,82,2983,2114,2662,1074,bykaranteli.com
2023-08-22,146021,ETHER CASH SETTLED - CHICAGO MERCANTILE EXCHANGE,4433,1322,2673,310,462,1332,70,552,640,bykaranteli.com
2023-08-22,146022,MICRO ETHER  - CHICAGO MERCANTILE EXCHANGE,13302,258,5974,0,80,9123,3854,528,273,bykaranteli.com
2023-08-15,133741,BITCOIN - CHICAGO MERCANTILE EXCHANGE,15432,2131,8694,8471,0,1364,225,1299,601,bykaranteli.com
2023-08-15,133742,MICRO BITCOIN - CHICAGO MERCANTILE EXCHANGE,9199,1887,4256,1206,0,2487,1435,3167,896,bykaranteli.com
2023-08-15,146021,ETHER CASH SETTLED - CHICAGO MERCANTILE EXCHANGE,3161,453,2011,562,0,1209,105,538,545,bykaranteli.com
2023-08-15,146022,MICRO ETHER  - CHICAGO MERCANTILE EXCHANGE,10408,278,4046,293,0,7559,5021,510,269,bykaranteli.com
2023-08-08,133741,BITCOIN - CHICAGO MERCANTILE EXCHANGE,16743,3637,10164,8748,50,1092,171,1250,557,bykaranteli.com
2023-08-08,133742,MICRO BITCOIN - CHICAGO MERCANTILE EXCHANGE,9344,1786,4677,1600,0,2237,1426,3225,951,bykaranteli.com
2023-08-08,146021,ETHER CASH SETTLED - CHICAGO MERCANTILE EXCHANGE,3194,458,2103,681,0,1043,101,669,519,bykaranteli.com
2023-08-08,146022,MICRO ETHER  - CHICAGO MERCANTILE EXCHANGE,12196,276,4792,2172,0,7378,4705,529,189,bykaranteli.com
2023-08-01,133741,BITCOIN - CHICAGO MERCANTILE EXCHANGE,14860,2311,8957,8220,121,1169,350,1226,601,bykaranteli.com
2023-08-01,133742,MICRO BITCOIN - CHICAGO MERCANTILE EXCHANGE,9297,1883,4661,1587,0,2654,1294,2758,834,bykaranteli.com
2023-08-01,146021,ETHER CASH SETTLED - CHICAGO MERCANTILE EXCHANGE,3016,304,2028,836,0,892,29,598,384,bykaranteli.com
2023-08-01,146022,MICRO ETHER  - CHICAGO MERCANTILE EXCHANGE,11434,470,6934,2522,82,7331,3766,454,118,bykaranteli.com
2023-07-25,133741,BITCOIN - CHICAGO MERCANTILE EXCHANGE,16017,2440,8844,8616,113,644,187,1503,680,bykaranteli.com
2023-07-25,133742,MICRO BITCOIN - CHICAGO MERCANTILE EXCHANGE,16416,3013,9073,1516,0,2520,622,3269,936,bykaranteli.com
2023-07-25,146021,ETHER CASH SETTLED - CHICAGO MERCANTILE EXCHANGE,3632,418,2353,1049,0,744,66,773,407,bykaranteli.com
2023-07-25,146022,MICRO ETHER  - CHICAGO MERCANTILE EXCHANGE,17525,2636,12519,2417,0,9154,3891,796,258,bykaranteli.com
2023-07-18,133741,BITCOIN - CHICAGO MERCANTILE EXCHANGE,15455,2487,8830,8958,113,493,410,1657,692,bykaranteli.com
2023-07-18,133742,MICRO BITCOIN - CHICAGO MERCANTILE EXCHANGE,13887,2116,8191,1565,22,2825,1113,3537,943,bykaranteli.com
2023-07-18,146021,ETHER CASH SETTLED - CHICAGO MERCANTILE EXCHANGE,4096,813,2413,1114,0,860,363,831,522,bykaranteli.com
2023-07-18,146022,MICRO ETHER  - CHICAGO MERCANTILE EXCHANGE,20560,2463,13558,2362,123,11631,3774,885,207,bykaranteli.com
2023-07-11,133741,BITCOIN - CHICAGO MERCANTILE EXCHANGE,16302,4189,9931,8243,152,453,490,1535,484,bykaranteli.com
2023-07-11,133742,MICRO BITCOIN - CHICAGO MERCANTILE EXCHANGE,11107,2159,5477,863,34,3037,1416,3442,989,bykaranteli.com
2023-07-11,146021,ETHER CASH SETTLED - CHICAGO MERCANTILE EXCHANGE,3709,935,2343,916,0,818,591,719,288,bykaranteli.com
2023-07-11,146022,MICRO ETHER  - CHICAGO MERCANTILE EXCHANGE,16492,481,9232,3428,38,9429,3728,864,272,bykaranteli.com
2023-07-03,133741,BITCOIN - CHICAGO MERCANTILE EXCHANGE,17008,5356,10464,8311,70,321,873,1568,624,bykaranteli.com
2023-07-03,133742,MICRO BITCOIN - CHICAGO MERCANTILE EXCHANGE,9138,2093,4585,888,22,2536,1249,3182,867,bykaranteli.com
2023-07-03,146021,ETHER CASH SETTLED - CHICAGO MERCANTILE EXCHANGE,4730,1662,3501,1145,31,968,546,714,364,bykaranteli.com
2023-07-03,146022,MICRO ETHER  - CHICAGO MERCANTILE EXCHANGE,14699,1426,6907,3338,33,8621,4683,850,216,bykaranteli.com
2023-06-27,133741,BITCOIN - CHICAGO MERCANTILE EXCHANGE,18829,6145,10411,7603,70,324,758,1780,676,bykaranteli.com
2023-06-27,133742,MICRO BITCOIN - CHICAGO MERCANTILE EXCHANGE,10700,2633,3054,876,26,2530,1809,3736,979,bykaranteli.com
2023-06-27,146021,ETHER CASH SETTLED - CHICAGO MERCANTILE EXCHANGE,4493,1385,2859,934,31,1028,702,813,382,bykaranteli.com
2023-06-27,146022,MICRO ETHER  - CHICAGO MERCANTILE EXCHANGE,19911,3833,4990,3295,0,9595,5877,857,255,bykaranteli.com
2023-06-20,133741,BITCOIN - CHICAGO MERCANTILE EXCHANGE,15687,3308,9079,6540,261,1726,311,1259,729,bykaranteli.com
2023-06-20,133742,MICRO BITCOIN - CHICAGO MERCANTILE EXCHANGE,9173,2753,3389,356,1058,2326,1037,2842,1013,bykaranteli.com
2023-06-20,146021,ETHER CASH SETTLED - CHICAGO MERCANTILE EXCHANGE,3242,745,2223,463,31,1168,145,634,563,bykaranteli.com
2023-06-20,146022,MICRO ETHER  - CHICAGO MERCANTILE EXCHANGE,15458,1698,4844,1982,145,8160,3960,711,215,bykaranteli.com
2023-06-13,133741,BITCOIN - CHICAGO MERCANTILE EXCHANGE,13251,1859,7634,6045,327,1718,523,1168,724,bykaranteli.com
2023-06-13,133742,MICRO BITCOIN - CHICAGO MERCANTILE EXCHANGE,7915,2279,3300,354,912,2015,845,2449,1162,bykaranteli.com
2023-06-13,146021,ETHER CASH SETTLED - CHICAGO MERCANTILE EXCHANGE,3211,867,2116,603,31,807,167,598,574,bykaranteli.com
2023-06-13,146022,MICRO ETHER  - CHICAGO MERCANTILE EXCHANGE,15794,2193,6052,2447,100,7851,3906,756,269,bykaranteli.com
2023-06-06,133741,BITCOIN - CHICAGO MERCANTILE EXCHANGE,13026,2397,7625,6198,368,1126,517,1172,745,bykaranteli.com
2023-06-06,133742,MICRO BITCOIN - CHICAGO MERCANTILE EXCHANGE,7600,2292,3222,325,802,1765,998,2467,1081,bykaranteli.com
2023-06-06,146021,ETHER CASH SETTLED - CHICAGO MERCANTILE EXCHANGE,4124,1499,3184,741,31,851,170,709,474,bykaranteli.com
2023-06-06,146022,MICRO ETHER  - CHICAGO MERCANTILE EXCHANGE,15037,1292,6759,2447,0,8458,4640,729,261,bykaranteli.com
2023-05-30,133741,BITCOIN - CHICAGO MERCANTILE EXCHANGE,11715,1865,6639,6478,184,416,315,1178,741,bykaranteli.com
2023-05-30,133742,MICRO BITCOIN - CHICAGO MERCANTILE EXCHANGE,6569,1430,2995,315,682,2007,756,2407,812,bykaranteli.com
2023-05-30,146021,ETHER CASH SETTLED - CHICAGO MERCANTILE EXCHANGE,3076,1029,2145,691,31,351,135,718,439,bykaranteli.com
2023-05-30,146022,MICRO ETHER  - CHICAGO MERCANTILE EXCHANGE,13041,688,8795,2239,0,8469,3357,698,232,bykaranteli.com
2023-05-23,133741,BITCOIN - CHICAGO MERCANTILE EXCHANGE,13043,2184,7078,6373,180,1189,949,1207,855,bykaranteli.com
2023-05-23,133742,MICRO BITCOIN - CHICAGO MERCANTILE EXCHANGE,10042,3823,3784,341,636,1838,1270,2598,1202,bykaranteli.com
2023-05-23,146021,ETHER CASH SETTLED - CHICAGO MERCANTILE EXCHANGE,3442,1615,2167,471,31,322,273,671,543,bykaranteli.com
2023-05-23,146022,MICRO ETHER  - CHICAGO MERCANTILE EXCHANGE,16139,440,6677,2298,53,9267,3131,790,386,bykaranteli.com
2023-05-16,133741,BITCOIN - CHICAGO MERCANTILE EXCHANGE,13043,2337,7062,6349,169,953,949,1334,882,bykaranteli.com
2023-05-16,133742,MICRO BITCOIN - CHICAGO MERCANTILE EXCHANGE,10506,3632,3459,362,632,2063,1280,2635,1395,bykaranteli.com
2023-05-16,146021,ETHER CASH SETTLED - CHICAGO MERCANTILE EXCHANGE,3228,1325,1875,537,31,133,330,803,479,bykaranteli.com
2023-05-16,146022,MICRO ETHER  - CHICAGO MERCANTILE EXCHANGE,13818,685,6779,2424,0,8867,3190,846,377,bykaranteli.com
2023-05-09,133741,BITCOIN - CHICAGO MERCANTILE EXCHANGE,13102,2752,7634,6511,229,399,580,1334,626,bykaranteli.com
2023-05-09,133742,MICRO BITCOIN - CHICAGO MERCANTILE EXCHANGE,9449,3360,4278,397,5,1944,1050,2818,1124,bykaranteli.com
2023-05-09,146021,ETHER CASH SETTLED - CHICAGO MERCANTILE EXCHANGE,3173,961,1989,614,31,321,173,816,423,bykaranteli.com
2023-05-09,146022,MICRO ETHER  - CHICAGO MERCANTILE EXCHANGE,13732,488,7171,2430,0,8696,2856,889,434,bykaranteli.com
2023-05-02,133741,BITCOIN - CHICAGO MERCANTILE EXCHANGE,12521,2280,6596,6582,363,540,823,1259,608,bykaranteli.com
2023-05-02,133742,MICRO BITCOIN - CHICAGO MERCANTILE EXCHANGE,7502,1682,3011,401,28,2210,1064,2532,1130,bykaranteli.com
2023-05-02,146021,ETHER CASH SETTLED - CHICAGO MERCANTILE EXCHANGE,3112,1209,2049,593,52,227,140,677,360,bykaranteli.com
2023-05-02,146022,MICRO ETHER  - CHICAGO MERCANTILE EXCHANGE,13348,2029,7138,1857,0,8128,3325,689,404,bykaranteli.com
2023-04-25,133741,BITCOIN - CHICAGO MERCANTILE EXCHANGE,14064,2249,6625,6406,256,811,587,1364,775,bykaranteli.com
2023-04-25,133742,MICRO BITCOIN - CHICAGO MERCANTILE EXCHANGE,10656,4808,3490,378,29,2088,2052,2753,1561,bykaranteli.com
2023-04-25,146021,ETHER CASH SETTLED - CHICAGO MERCANTILE EXCHANGE,3894,1808,2092,623,77,144,524,743,444,bykaranteli.com
2023-04-25,146022,MICRO ETHER  - CHICAGO MERCANTILE EXCHANGE,17407,804,2557,1399,31,9191,4790,827,499,bykaranteli.com
2023-04-18,133741,BITCOIN - CHICAGO MERCANTILE EXCHANGE,15385,4053,7737,7041,249,557,825,1368,703,bykaranteli.com
2023-04-18,133742,MICRO BITCOIN - CHICAGO MERCANTILE EXCHANGE,9761,2942,3890,389,36,2526,1715,3308,1541,bykaranteli.com
2023-04-18,146021,ETHER CASH SETTLED - CHICAGO MERCANTILE EXCHANGE,6248,3436,3609,1065,77,195,924,862,407,bykaranteli.com
2023-04-18,146022,MICRO ETHER  - CHICAGO MERCANTILE EXCHANGE,14102,614,4955,78,0,11073,5063,1070,536,bykaranteli.com
2023-04-11,133741,BITCOIN - CHICAGO MERCANTILE EXCHANGE,15977,4637,8136,7376,82,546,1452,1542,793,bykaranteli.com
2023-04-11,133742,MICRO BITCOIN - CHICAGO MERCANTILE EXCHANGE,8928,2135,3186,336,26,2471,1949,3347,1666,bykaranteli.com
2023-04-11,146021,ETHER CASH SETTLED - CHICAGO MERCANTILE EXCHANGE,4416,1814,2408,941,98,187,554,870,378,bykaranteli.com
2023-04-11,146022,MICRO ETHER  - CHICAGO MERCANTILE EXCHANGE,13295,703,6507,115,0,10768,3430,938,428,bykaranteli.com
2023-04-04,133741,BITCOIN - CHICAGO MERCANTILE EXCHANGE,13380,3327,6656,6450,170,616,972,1458,660,bykaranteli.com
2023-04-04,133742,MICRO BITCOIN - CHICAGO MERCANTILE EXCHANGE,7572,1681,3485,189,27,2241,1778,2823,1417,bykaranteli.com
2023-04-04,146021,ETHER CASH SETTLED - CHICAGO MERCANTILE EXCHANGE,4730,2016,2930,867,98,322,307,924,425,bykaranteli.com
2023-04-04,146022,MICRO ETHER  - CHICAGO MERCANTILE EXCHANGE,11591,549,5974,78,0,9319,4081,773,362,bykaranteli.com
2023-03-28,133741,BITCOIN - CHICAGO MERCANTILE EXCHANGE,14409,4147,7217,6428,220,546,749,1449,902,bykaranteli.com
2023-03-28,133742,MICRO BITCOIN - CHICAGO MERCANTILE EXCHANGE,15181,4757,6845,160,36,3979,1588,2822,1889,bykaranteli.com
2023-03-28,146021,ETHER CASH SETTLED - CHICAGO MERCANTILE EXCHANGE,4119,1647,2376,835,126,417,391,884,515,bykaranteli.com
2023-03-28,146022,MICRO ETHER  - CHICAGO MERCANTILE EXCHANGE,25299,4230,15075,243,0,10006,6253,829,457,bykaranteli.com
2023-03-21,133741,BITCOIN - CHICAGO MERCANTILE EXCHANGE,14049,3484,7746,6899,243,605,716,1450,726,bykaranteli.com
2023-03-21,133742,MICRO BITCOIN - CHICAGO MERCANTILE EXCHANGE,13339,4447,6433,158,11,3643,1448,2865,1782,bykaranteli.com
2023-03-21,146021,ETHER CASH SETTLED - CHICAGO MERCANTILE EXCHANGE,4571,1895,2492,957,162,407,577,867,513,bykaranteli.com
2023-03-21,146022,MICRO ETHER  - CHICAGO MERCANTILE EXCHANGE,22136,3450,11851,79,71,10420,5680,797,398,bykaranteli.com
2023-03-14,133741,BITCOIN - CHICAGO MERCANTILE EXCHANGE,13472,2551,6047,5924,318,2030,949,1248,863,bykaranteli.com
2023-03-14,133742,MICRO BITCOIN - CHICAGO MERCANTILE EXCHANGE,11001,3634,3950,212,52,2201,990,2131,1768,bykaranteli.com
2023-03-14,146021,ETHER CASH SETTLED - CHICAGO MERCANTILE EXCHANGE,4442,1839,2299,584,181,724,411,687,534,bykaranteli.com
2023-03-14,146022,MICRO ETHER  - CHICAGO MERCANTILE EXCHANGE,21668,3456,11252,79,45,9490,6130,647,553,bykaranteli.com
2023-03-07,133741,BITCOIN - CHICAGO MERCANTILE EXCHANGE,12821,2346,5259,6470,362,1161,696,1090,979,bykaranteli.com
2023-03-07,133742,MICRO BITCOIN - CHICAGO MERCANTILE EXCHANGE,9440,3051,4057,547,0,2473,1045,2075,1363,bykaranteli.com
2023-03-07,146021,ETHER CASH SETTLED - CHICAGO MERCANTILE EXCHANGE,3588,1370,1790,720,225,448,349,627,613,bykaranteli.com
2023-03-07,146022,MICRO ETHER  - CHICAGO MERCANTILE EXCHANGE,16097,1108,5504,1270,0,9630,5622,637,623,bykaranteli.com
2023-02-28,133741,BITCOIN - CHICAGO MERCANTILE EXCHANGE,15161,4527,6106,7047,240,682,1452,1232,919,bykaranteli.com
2023-02-28,133742,MICRO BITCOIN - CHICAGO MERCANTILE EXCHANGE,7822,2312,3844,497,0,2363,754,1959,1427,bykaranteli.com
2023-02-28,146021,ETHER CASH SETTLED - CHICAGO MERCANTILE EXCHANGE,4126,1489,2540,999,129,345,218,739,453,bykaranteli.com
2023-02-28,146022,MICRO ETHER  - CHICAGO MERCANTILE EXCHANGE,13223,1429,8239,1401,0,9598,3279,597,408,bykaranteli.com
2023-02-21,133741,BITCOIN - CHICAGO MERCANTILE EXCHANGE,16501,4614,6405,7406,70,624,1546,1398,1024,bykaranteli.com
2023-02-21,133742,MICRO BITCOIN - CHICAGO MERCANTILE EXCHANGE,13505,6659,7374,471,24,2392,1025,2576,1602,bykaranteli.com
2023-02-21,146021,ETHER CASH SETTLED - CHICAGO MERCANTILE EXCHANGE,4700,1689,2477,851,102,385,516,967,566,bykaranteli.com
2023-02-21,146022,MICRO ETHER  - CHICAGO MERCANTILE EXCHANGE,19953,2515,5292,1154,166,9557,2872,864,414,bykaranteli.com
2023-02-14,133741,BITCOIN - CHICAGO MERCANTILE EXCHANGE,15158,4207,6159,7187,72,782,1421,1268,850,bykaranteli.com
2023-02-14,133742,MICRO BITCOIN - CHICAGO MERCANTILE EXCHANGE,12060,6365,8856,494,29,1946,756,2024,1119,bykaranteli.com
2023-02-14,146021,ETHER CASH SETTLED - CHICAGO MERCANTILE EXCHANGE,4372,1617,2430,554,146,733,421,849,527,bykaranteli.com
2023-02-14,146022,MICRO ETHER  - CHICAGO MERCANTILE EXCHANGE,17858,2564,5516,1030,412,9477,2933,838,340,bykaranteli.com
2023-02-07,133741,BITCOIN - CHICAGO MERCANTILE EXCHANGE,16843,5274,6690,7721,28,796,2160,1444,833,bykaranteli.com
2023-02-07,133742,MICRO BITCOIN - CHICAGO MERCANTILE EXCHANGE,11301,5809,8239,465,17,1761,647,2501,1106,bykaranteli.com
2023-02-07,146021,ETHER CASH SETTLED - CHICAGO MERCANTILE EXCHANGE,4659,2007,2447,531,134,446,621,931,453,bykaranteli.com
2023-02-07,146022,MICRO ETHER  - CHICAGO MERCANTILE EXCHANGE,19014,2928,9942,1318,0,11071,3576,985,280,bykaranteli.com
2023-01-31,133741,BITCOIN - CHICAGO MERCANTILE EXCHANGE,17542,5683,7201,8149,58,766,2713,1635,756,bykaranteli.com
2023-01-31,133742,MICRO BITCOIN - CHICAGO MERCANTILE EXCHANGE,5776,600,2499,480,23,1696,707,2517,1162,bykaranteli.com
2023-01-31,146021,ETHER CASH SETTLED - CHICAGO MERCANTILE EXCHANGE,4331,2036,2175,278,154,479,407,964,393,bykaranteli.com
2023-01-31,146022,MICRO ETHER  - CHICAGO MERCANTILE EXCHANGE,14183,554,10832,1241,0,11156,2096,719,337,bykaranteli.com
2023-01-24,133741,BITCOIN - CHICAGO MERCANTILE EXCHANGE,17390,5605,7642,7671,63,769,2823,1467,942,bykaranteli.com
2023-01-24,133742,MICRO BITCOIN - CHICAGO MERCANTILE EXCHANGE,8788,2644,3107,332,80,2198,1166,2821,1441,bykaranteli.com
2023-01-24,146021,ETHER CASH SETTLED - CHICAGO MERCANTILE EXCHANGE,5047,2495,1930,447,102,560,1207,986,630,bykaranteli.com
2023-01-24,146022,MICRO ETHER  - CHICAGO MERCANTILE EXCHANGE,20608,5108,10197,957,556,11637,4591,1098,361,bykaranteli.com
2023-01-17,133741,BITCOIN - CHICAGO MERCANTILE EXCHANGE,15885,5291,6490,7027,306,769,3162,1440,1150,bykaranteli.com
2023-01-17,133742,MICRO BITCOIN - CHICAGO MERCANTILE EXCHANGE,7930,2125,2575,144,851,1854,1633,2677,1438,bykaranteli.com
2023-01-17,146021,ETHER CASH SETTLED - CHICAGO MERCANTILE EXCHANGE,5585,2859,1837,454,164,673,1875,1032,487,bykaranteli.com
2023-01-17,146022,MICRO ETHER  - CHICAGO MERCANTILE EXCHANGE,19274,3917,7206,536,146,11749,6783,1102,417,bykaranteli.com
2023-01-10,133741,BITCOIN - CHICAGO MERCANTILE EXCHANGE,14891,5217,6612,6212,880,701,1991,1339,716,bykaranteli.com
2023-01-10,133742,MICRO BITCOIN - CHICAGO MERCANTILE EXCHANGE,7262,1910,2698,143,1244,1687,986,2465,1132,bykaranteli.com
2023-01-10,146021,ETHER CASH SETTLED - CHICAGO MERCANTILE EXCHANGE,5442,2788,2385,166,266,986,1245,974,486,bykaranteli.com
2023-01-10,146022,MICRO ETHER  - CHICAGO MERCANTILE EXCHANGE,17144,2345,6458,0,2609,9765,6611,990,403,bykaranteli.com
2023-01-03,133741,BITCOIN - CHICAGO MERCANTILE EXCHANGE,14530,4453,5650,5766,923,1297,1789,1103,914,bykaranteli.com
2023-01-03,133742,MICRO BITCOIN - CHICAGO MERCANTILE EXCHANGE,6429,1521,2056,138,1249,1325,1111,1975,1111,bykaranteli.com
2023-01-03,146021,ETHER CASH SETTLED - CHICAGO MERCANTILE EXCHANGE,5977,3069,2493,34,653,1817,1303,639,619,bykaranteli.com
2023-01-03,146022,MICRO ETHER  - CHICAGO MERCANTILE EXCHANGE,17838,4643,8622,0,2477,7538,4549,778,228,bykaranteli.com
2022-12-27,133741,BITCOIN - CHICAGO MERCANTILE EXCHANGE,16028,4768,6690,5941,969,1423,1432,1291,945,bykaranteli.com
2022-12-27,133742,MICRO BITCOIN - CHICAGO MERCANTILE EXCHANGE,11146,5854,5282,121,1223,1855,1796,2288,1510,bykaranteli.com
2022-12-27,146021,ETHER CASH SETTLED - CHICAGO MERCANTILE EXCHANGE,6199,2575,2302,34,581,2055,1323,708,693,bykaranteli.com
2022-12-27,146022,MICRO ETHER  - CHICAGO MERCANTILE EXCHANGE,25435,4947,7335,0,2299,10235,11569,1170,415,bykaranteli.com
2022-12-20,133741,BITCOIN - CHICAGO MERCANTILE EXCHANGE,14563,3962,5692,6006,875,1174,1571,1319,841,bykaranteli.com
2022-12-20,133742,MICRO BITCOIN - CHICAGO MERCANTILE EXCHANGE,12145,6513,5763,110,1255,1741,1853,2390,1689,bykaranteli.com
2022-12-20,146021,ETHER CASH SETTLED - CHICAGO MERCANTILE EXCHANGE,5698,2448,2283,34,655,1921,1285,832,571,bykaranteli.com
2022-12-20,146022,MICRO ETHER  - CHICAGO MERCANTILE EXCHANGE,24910,6860,7769,0,2395,10597,11256,1178,399,bykaranteli.com
2022-12-13,133741,BITCOIN - CHICAGO MERCANTILE EXCHANGE,13989,4176,5677,6455,968,337,1383,1329,880,bykaranteli.com
2022-12-13,133742,MICRO BITCOIN - CHICAGO MERCANTILE EXCHANGE,11142,5297,5722,114,1279,1963,1119,2340,1573,bykaranteli.com
2022-12-13,146021,ETHER CASH SETTLED - CHICAGO MERCANTILE EXCHANGE,4736,2064,1694,34,519,1381,1187,849,486,bykaranteli.com
2022-12-13,146022,MICRO ETHER  - CHICAGO MERCANTILE EXCHANGE,24838,5460,15119,138,1822,11659,4457,1185,347,bykaranteli.com
2022-12-06,133741,BITCOIN - CHICAGO MERCANTILE EXCHANGE,15769,4197,7707,6303,1278,2286,1343,1365,864,bykaranteli.com
2022-12-06,133742,MICRO BITCOIN - CHICAGO MERCANTILE EXCHANGE,12461,6781,6662,177,1293,1808,1736,2549,1603,bykaranteli.com
2022-12-06,146021,ETHER CASH SETTLED - CHICAGO MERCANTILE EXCHANGE,5272,2141,2071,34,608,1980,1328,676,572,bykaranteli.com
2022-12-06,146022,MICRO ETHER  - CHICAGO MERCANTILE EXCHANGE,22300,5234,10364,138,1657,11175,6643,1258,467,bykaranteli.com
2022-11-29,133741,BITCOIN - CHICAGO MERCANTILE EXCHANGE,16832,4842,8606,5606,1369,3191,1296,1236,780,bykaranteli.com
2022-11-29,133742,MICRO BITCOIN - CHICAGO MERCANTILE EXCHANGE,13112,7104,7167,178,1382,1844,1997,2553,1653,bykaranteli.com
2022-11-29,146021,ETHER CASH SETTLED - CHICAGO MERCANTILE EXCHANGE,5647,2585,2324,34,817,1873,1244,706,600,bykaranteli.com
2022-11-29,146022,MICRO ETHER  - CHICAGO MERCANTILE EXCHANGE,23446,5465,10596,138,1685,13667,6589,1184,430,bykaranteli.com
2022-11-22,133741,BITCOIN - CHICAGO MERCANTILE EXCHANGE,18354,5743,8672,5459,1322,2761,1595,1405,1102,bykaranteli.com
2022-11-22,133742,MICRO BITCOIN - CHICAGO MERCANTILE EXCHANGE,27552,19717,18328,182,1337,2945,2601,2914,2152,bykaranteli.com
2022-11-22,146021,ETHER CASH SETTLED - CHICAGO MERCANTILE EXCHANGE,6592,3532,2669,34,1009,1587,1339,732,655,bykaranteli.com
2022-11-22,146022,MICRO ETHER  - CHICAGO MERCANTILE EXCHANGE,58332,39939,36512,212,852,13235,6707,1464,575,bykaranteli.com
2022-11-15,133741,BITCOIN - CHICAGO MERCANTILE EXCHANGE,17901,5365,9052,5706,1416,2736,1489,1231,888,bykaranteli.com
2022-11-15,133742,MICRO BITCOIN - CHICAGO MERCANTILE EXCHANGE,27287,18338,18716,147,1338,3708,2198,3009,1998,bykaranteli.com
2022-11-15,146021,ETHER CASH SETTLED - CHICAGO MERCANTILE EXCHANGE,5653,3386,2420,0,786,691,1332,883,558,bykaranteli.com
2022-11-15,146022,MICRO ETHER  - CHICAGO MERCANTILE EXCHANGE,31606,10682,13864,138,270,13534,6373,1345,576,bykaranteli.com
2022-11-08,133741,BITCOIN - CHICAGO MERCANTILE EXCHANGE,14439,3998,7038,6265,1434,962,768,1269,838,bykaranteli.com
2022-11-08,133742,MICRO BITCOIN - CHICAGO MERCANTILE EXCHANGE,20870,14080,15675,87,1097,2589,1353,2684,1408,bykaranteli.com
2022-11-08,146021,ETHER CASH SETTLED - CHICAGO MERCANTILE EXCHANGE,3246,1247,941,88,515,362,840,921,439,bykaranteli.com
2022-11-08,146022,MICRO ETHER  - CHICAGO MERCANTILE EXCHANGE,20229,3385,14654,138,0,12837,3986,1278,318,bykaranteli.com
2022-11-01,133741,BITCOIN - CHICAGO MERCANTILE EXCHANGE,12183,2304,5873,6397,1042,450,473,1218,750,bykaranteli.com
2022-11-01,133742,MICRO BITCOIN - CHICAGO MERCANTILE EXCHANGE,19130,11534,13171,60,1224,2951,672,2556,1089,bykaranteli.com
2022-11-01,146021,ETHER CASH SETTLED - CHICAGO MERCANTILE EXCHANGE,3279,1230,1834,325,277,356,268,884,371,bykaranteli.com
2022-11-01,146022,MICRO ETHER  - CHICAGO MERCANTILE EXCHANGE,26032,8026,18650,138,1674,12078,4323,1171,213,bykaranteli.com
2022-10-25,133741,BITCOIN - CHICAGO MERCANTILE EXCHANGE,14854,3525,7875,6309,847,1239,615,1176,819,bykaranteli.com
2022-10-25,133742,MICRO BITCOIN - CHICAGO MERCANTILE EXCHANGE,23882,12299,14763,30,1379,4439,1338,2758,1392,bykaranteli.com
2022-10-25,146021,ETHER CASH SETTLED - CHICAGO MERCANTILE EXCHANGE,4808,1394,2557,192,448,1382,432,913,455,bykaranteli.com
2022-10-25,146022,MICRO ETHER  - CHICAGO MERCANTILE EXCHANGE,46583,26957,35452,138,2646,12777,5511,1306,354,bykaranteli.com
2022-10-18,133741,BITCOIN - CHICAGO MERCANTILE EXCHANGE,14228,2091,7219,5992,1158,2489,528,1404,761,bykaranteli.com
2022-10-18,133742,MICRO BITCOIN - CHICAGO MERCANTILE EXCHANGE,22416,12879,15343,41,1314,4869,1517,2302,1526,bykaranteli.com
2022-10-18,146021,ETHER CASH SETTLED - CHICAGO MERCANTILE EXCHANGE,4052,1179,2199,0,489,1661,363,710,527,bykaranteli.com
2022-10-18,146022,MICRO ETHER  - CHICAGO MERCANTILE EXCHANGE,45160,25943,33611,138,2646,9582,4361,1271,415,bykaranteli.com
2022-10-11,133741,BITCOIN - CHICAGO MERCANTILE EXCHANGE,15756,3722,8172,5902,1486,2867,746,1007,787,bykaranteli.com
2022-10-11,133742,MICRO BITCOIN - CHICAGO MERCANTILE EXCHANGE,20173,10809,14158,89,1290,5045,1514,2198,1565,bykaranteli.com
2022-10-11,146021,ETHER CASH SETTLED - CHICAGO MERCANTILE EXCHANGE,3871,1639,1951,0,385,977,363,678,598,bykaranteli.com
2022-10-11,146022,MICRO ETHER  - CHICAGO MERCANTILE EXCHANGE,46941,26354,30829,138,2797,9661,7512,1102,431,bykaranteli.com
2022-10-04,133741,BITCOIN - CHICAGO MERCANTILE EXCHANGE,14230,2682,8175,6028,1117,2985,493,1291,838,bykaranteli.com
2022-10-04,133742,MICRO BITCOIN - CHICAGO MERCANTILE EXCHANGE,20839,11719,15469,20,1305,4571,1702,2507,1290,bykaranteli.com
2022-10-04,146021,ETHER CASH SETTLED - CHICAGO MERCANTILE EXCHANGE,3812,1448,1374,116,284,986,1045,691,548,bykaranteli.com
2022-10-04,146022,MICRO ETHER  - CHICAGO MERCANTILE EXCHANGE,39267,17900,24287,138,2175,10638,6898,1135,349,bykaranteli.com
2022-09-27,133741,BITCOIN - CHICAGO MERCANTILE EXCHANGE,14271,3472,7962,5666,1151,2717,470,1061,864,bykaranteli.com
2022-09-27,133742,MICRO BITCOIN - CHICAGO MERCANTILE EXCHANGE,22790,10139,16578,125,1311,8580,1553,2519,1637,bykaranteli.com
2022-09-27,146021,ETHER CASH SETTLED - CHICAGO MERCANTILE EXCHANGE,4687,1375,2173,86,238,1754,931,733,625,bykaranteli.com
2022-09-27,146022,MICRO ETHER  - CHICAGO MERCANTILE EXCHANGE,57623,40290,33102,138,293,11489,8216,1376,501,bykaranteli.com
2022-09-20,133741,BITCOIN - CHICAGO MERCANTILE EXCHANGE,13880,3390,7241,5488,1431,2416,463,1107,872,bykaranteli.com
2022-09-20,133742,MICRO BITCOIN - CHICAGO MERCANTILE EXCHANGE,22595,9359,15820,100,1284,8469,1360,2618,1775,bykaranteli.com
2022-09-20,146021,ETHER CASH SETTLED - CHICAGO MERCANTILE EXCHANGE,4359,1302,1991,98,152,1540,924,716,598,bykaranteli.com
2022-09-20,146022,MICRO ETHER  - CHICAGO MERCANTILE EXCHANGE,51893,35014,24779,238,107,10943,8392,1488,652,bykaranteli.com
2022-09-13,133741,BITCOIN - CHICAGO MERCANTILE EXCHANGE,13089,3420,7045,5653,1394,1641,407,944,750,bykaranteli.com
2022-09-13,133742,MICRO BITCOIN - CHICAGO MERCANTILE EXCHANGE,19504,7846,13267,135,1226,6971,1267,2732,1474,bykaranteli.com
2022-09-13,146021,ETHER CASH SETTLED - CHICAGO MERCANTILE EXCHANGE,4125,1206,2458,303,110,1204,435,685,478,bykaranteli.com
2022-09-13,146022,MICRO ETHER  - CHICAGO MERCANTILE EXCHANGE,47432,29529,24179,373,0,12365,6957,1173,649,bykaranteli.com
2022-09-06,133741,BITCOIN - CHICAGO MERCANTILE EXCHANGE,15337,4538,8072,5402,1899,2666,704,956,977,bykaranteli.com
2022-09-06,133742,MICRO BITCOIN - CHICAGO MERCANTILE EXCHANGE,17904,5888,11569,185,1148,7011,984,2713,2131,bykaranteli.com
2022-09-06,146021,ETHER CASH SETTLED - CHICAGO MERCANTILE EXCHANGE,4452,1700,2780,401,146,981,506,638,416,bykaranteli.com
2022-09-06,146022,MICRO ETHER  - CHICAGO MERCANTILE EXCHANGE,47664,30990,27263,505,0,11674,7385,1094,581,bykaranteli.com
2022-08-30,133741,BITCOIN - CHICAGO MERCANTILE EXCHANGE,14440,3928,7908,5823,1410,1928,517,996,965,bykaranteli.com
2022-08-30,133742,MICRO BITCOIN - CHICAGO MERCANTILE EXCHANGE,16342,4232,10629,140,1162,7082,793,2695,1569,bykaranteli.com
2022-08-30,146021,ETHER CASH SETTLED - CHICAGO MERCANTILE EXCHANGE,4155,1578,2662,205,92,1037,372,677,531,bykaranteli.com
2022-08-30,146022,MICRO ETHER  - CHICAGO MERCANTILE EXCHANGE,44411,28745,29046,489,0,10945,7529,963,526,bykaranteli.com
2022-08-23,133741,BITCOIN - CHICAGO MERCANTILE EXCHANGE,13302,2804,7502,6368,1144,1597,449,1141,906,bykaranteli.com
2022-08-23,133742,MICRO BITCOIN - CHICAGO MERCANTILE EXCHANGE,24932,3880,17872,186,1138,13473,1296,3248,1582,bykaranteli.com
2022-08-23,146021,ETHER CASH SETTLED - CHICAGO MERCANTILE EXCHANGE,3978,705,1799,169,30,903,296,798,448,bykaranteli.com
2022-08-23,146022,MICRO ETHER  - CHICAGO MERCANTILE EXCHANGE,63910,31926,46802,470,0,12604,7327,1246,527,bykaranteli.com
2022-08-16,133741,BITCOIN - CHICAGO MERCANTILE EXCHANGE,12423,1673,6270,7129,983,619,815,1202,849,bykaranteli.com
2022-08-16,133742,MICRO BITCOIN - CHICAGO MERCANTILE EXCHANGE,19379,2600,12830,168,1106,8559,1207,3490,1402,bykaranteli.com
2022-08-16,146021,ETHER CASH SETTLED - CHICAGO MERCANTILE EXCHANGE,4014,985,1956,287,0,674,410,828,408,bykaranteli.com
2022-08-16,146022,MICRO ETHER  - CHICAGO MERCANTILE EXCHANGE,45964,22009,37895,341,0,12971,4282,1283,441,bykaranteli.com
2022-08-09,133741,BITCOIN - CHICAGO MERCANTILE EXCHANGE,12510,2029,6556,7153,935,445,606,1034,733,bykaranteli.com
2022-08-09,133742,MICRO BITCOIN - CHICAGO MERCANTILE EXCHANGE,19394,2037,12748,157,1032,9960,1400,3008,1325,bykaranteli.com
2022-08-09,146021,ETHER CASH SETTLED - CHICAGO MERCANTILE EXCHANGE,3481,936,1792,0,96,624,213,1001,439,bykaranteli.com
2022-08-09,146022,MICRO ETHER  - CHICAGO MERCANTILE EXCHANGE,43759,22648,36079,154,116,13723,6529,1176,333,bykaranteli.com
2022-08-02,133741,BITCOIN - CHICAGO MERCANTILE EXCHANGE,12849,2233,7094,7082,957,1085,627,1085,748,bykaranteli.com
2022-08-02,133742,MICRO BITCOIN - CHICAGO MERCANTILE EXCHANGE,18206,1332,11750,188,975,9058,1191,3005,1327,bykaranteli.com
2022-08-02,146021,ETHER CASH SETTLED - CHICAGO MERCANTILE EXCHANGE,3485,945,1969,0,240,1049,29,789,363,bykaranteli.com
2022-08-02,146022,MICRO ETHER  - CHICAGO MERCANTILE EXCHANGE,46162,23824,38872,278,856,13721,5415,1155,358,bykaranteli.com
2022-07-26,133741,BITCOIN - CHICAGO MERCANTILE EXCHANGE,14957,2184,6814,6580,1138,1337,275,1160,921,bykaranteli.com
2022-07-26,133742,MICRO BITCOIN - CHICAGO MERCANTILE EXCHANGE,22196,4484,12265,189,862,6086,1055,3217,2016,bykaranteli.com
2022-07-26,146021,ETHER CASH SETTLED - CHICAGO MERCANTILE EXCHANGE,3533,1179,1452,0,394,775,226,764,342,bykaranteli.com
2022-07-26,146022,MICRO ETHER  - CHICAGO MERCANTILE EXCHANGE,47484,18573,33717,178,1256,14055,7789,1240,390,bykaranteli.com
2022-07-19,133741,BITCOIN - CHICAGO MERCANTILE EXCHANGE,14512,2800,8296,6247,1211,2209,275,1360,788,bykaranteli.com
2022-07-19,133742,MICRO BITCOIN - CHICAGO MERCANTILE EXCHANGE,21484,2898,13621,207,908,8738,1436,3636,2011,bykaranteli.com
2022-07-19,146021,ETHER CASH SETTLED - CHICAGO MERCANTILE EXCHANGE,3608,1331,1718,0,441,808,80,827,431,bykaranteli.com
2022-07-19,146022,MICRO ETHER  - CHICAGO MERCANTILE EXCHANGE,40910,14558,28927,218,1750,14929,7670,1526,439,bykaranteli.com
2022-07-12,133741,BITCOIN - CHICAGO MERCANTILE EXCHANGE,13505,2264,7149,6096,1369,2044,287,1247,875,bykaranteli.com
2022-07-12,133742,MICRO BITCOIN - CHICAGO MERCANTILE EXCHANGE,20634,2277,12914,164,833,10258,1654,3319,2337,bykaranteli.com
2022-07-12,146021,ETHER CASH SETTLED - CHICAGO MERCANTILE EXCHANGE,4312,1836,2197,0,634,1275,218,698,494,bykaranteli.com
2022-07-12,146022,MICRO ETHER  - CHICAGO MERCANTILE EXCHANGE,42908,15094,25060,138,1754,12710,8439,1191,456,bykaranteli.com
2022-07-05,133741,BITCOIN - CHICAGO MERCANTILE EXCHANGE,13258,2171,7408,5914,961,2619,471,1058,1016,bykaranteli.com
2022-07-05,133742,MICRO BITCOIN - CHICAGO MERCANTILE EXCHANGE,15400,3327,7917,143,904,5660,2017,3170,2260,bykaranteli.com
2022-07-05,146021,ETHER CASH SETTLED - CHICAGO MERCANTILE EXCHANGE,3905,1335,2060,0,582,1478,153,711,520,bykaranteli.com
2022-07-05,146022,MICRO ETHER  - CHICAGO MERCANTILE EXCHANGE,45258,19501,29794,41,1684,13602,10265,1173,400,bykaranteli.com
2022-06-28,133741,BITCOIN - CHICAGO MERCANTILE EXCHANGE,13707,2478,7597,6526,1088,2095,426,890,1028,bykaranteli.com
2022-06-28,133742,MICRO BITCOIN - CHICAGO MERCANTILE EXCHANGE,15123,3540,7438,130,973,5283,1808,3183,2245,bykaranteli.com
2022-06-28,146021,ETHER CASH SETTLED - CHICAGO MERCANTILE EXCHANGE,3967,1499,2175,0,449,1449,226,682,577,bykaranteli.com
2022-06-28,146022,MICRO ETHER  - CHICAGO MERCANTILE EXCHANGE,33529,9811,21925,138,1489,12358,7346,1120,626,bykaranteli.com
2022-06-21,133741,BITCOIN - CHICAGO MERCANTILE EXCHANGE,13537,1508,7167,6612,1012,2391,333,1048,1099,bykaranteli.com
2022-06-21,133742,MICRO BITCOIN - CHICAGO MERCANTILE EXCHANGE,21850,3679,14576,181,776,10776,2019,3901,2445,bykaranteli.com
2022-06-21,146021,ETHER CASH SETTLED - CHICAGO MERCANTILE EXCHANGE,3615,977,1767,0,569,1477,255,780,657,bykaranteli.com
2022-06-21,146022,MICRO ETHER  - CHICAGO MERCANTILE EXCHANGE,34662,1717,23694,138,1318,12727,6621,1752,764,bykaranteli.com
2022-06-14,133741,BITCOIN - CHICAGO MERCANTILE EXCHANGE,12242,1344,6572,6371,1060,2090,395,1008,1122,bykaranteli.com
2022-06-14,133742,MICRO BITCOIN - CHICAGO MERCANTILE EXCHANGE,20756,3306,13355,194,817,10090,2183,3484,1987,bykaranteli.com
2022-06-14,146021,ETHER CASH SETTLED - CHICAGO MERCANTILE EXCHANGE,3476,899,1785,0,614,1473,210,653,472,bykaranteli.com
2022-06-14,146022,MICRO ETHER  - CHICAGO MERCANTILE EXCHANGE,31968,1345,21842,138,386,11550,7373,1585,706,bykaranteli.com
2022-06-07,133741,BITCOIN - CHICAGO MERCANTILE EXCHANGE,10990,1118,6173,5857,856,1938,311,1063,1024,bykaranteli.com
2022-06-07,133742,MICRO BITCOIN - CHICAGO MERCANTILE EXCHANGE,15437,3294,9317,211,800,6489,1783,3044,1935,bykaranteli.com
2022-06-07,146021,ETHER CASH SETTLED - CHICAGO MERCANTILE EXCHANGE,3072,1010,1812,0,366,1147,120,770,649,bykaranteli.com
2022-06-07,146022,MICRO ETHER  - CHICAGO MERCANTILE EXCHANGE,28351,4735,21074,88,386,9663,5867,1256,458,bykaranteli.com
2022-05-31,133741,BITCOIN - CHICAGO MERCANTILE EXCHANGE,10900,1102,6428,5566,572,1962,251,1033,933,bykaranteli.com
2022-05-31,133742,MICRO BITCOIN - CHICAGO MERCANTILE EXCHANGE,12161,3815,7295,177,440,4029,1825,2879,1919,bykaranteli.com
2022-05-31,146021,ETHER CASH SETTLED - CHICAGO MERCANTILE EXCHANGE,3086,900,2013,0,322,1241,67,795,441,bykaranteli.com
2022-05-31,146022,MICRO ETHER  - CHICAGO MERCANTILE EXCHANGE,25172,2141,19563,88,280,9461,4353,1165,492,bykaranteli.com
2022-05-24,133741,BITCOIN - CHICAGO MERCANTILE EXCHANGE,11729,2116,7249,5386,566,2171,682,1072,1104,bykaranteli.com
2022-05-24,133742,MICRO BITCOIN - CHICAGO MERCANTILE EXCHANGE,25340,3410,14785,214,415,12027,2976,3424,2656,bykaranteli.com
2022-05-24,146021,ETHER CASH SETTLED - CHICAGO MERCANTILE EXCHANGE,3443,983,2126,0,274,1401,59,752,624,bykaranteli.com
2022-05-24,146022,MICRO ETHER  - CHICAGO MERCANTILE EXCHANGE,90934,77946,66520,88,240,10853,10066,1288,609,bykaranteli.com
2022-05-17,133741,BITCOIN - CHICAGO MERCANTILE EXCHANGE,11644,1413,7691,5688,641,2465,433,1081,1012,bykaranteli.com
2022-05-17,133742,MICRO BITCOIN - CHICAGO MERCANTILE EXCHANGE,19877,3527,13176,262,421,8772,2674,3451,2290,bykaranteli.com
2022-05-17,146021,ETHER CASH SETTLED - CHICAGO MERCANTILE EXCHANGE,3646,749,2340,0,252,1828,0,738,680,bykaranteli.com
2022-05-17,146022,MICRO ETHER  - CHICAGO MERCANTILE EXCHANGE,78833,65524,55133,88,0,11381,9575,1259,534,bykaranteli.com
2022-05-10,133741,BITCOIN - CHICAGO MERCANTILE EXCHANGE,10841,1863,7192,5735,888,1135,220,989,903,bykaranteli.com
2022-05-10,133742,MICRO BITCOIN - CHICAGO MERCANTILE EXCHANGE,17355,4871,11462,315,373,5067,2089,3169,1720,bykaranteli.com
2022-05-10,146021,ETHER CASH SETTLED - CHICAGO MERCANTILE EXCHANGE,3443,857,2366,0,249,1673,0,647,515,bykaranteli.com
2022-05-10,146022,MICRO ETHER  - CHICAGO MERCANTILE EXCHANGE,44843,33310,27936,0,0,9998,7390,1129,394,bykaranteli.com
2022-05-03,133741,BITCOIN - CHICAGO MERCANTILE EXCHANGE,10051,1496,6834,5831,658,739,246,867,826,bykaranteli.com
2022-05-03,133742,MICRO BITCOIN - CHICAGO MERCANTILE EXCHANGE,10914,1723,6168,289,323,3152,1342,2947,1637,bykaranteli.com
2022-05-03,146021,ETHER CASH SETTLED - CHICAGO MERCANTILE EXCHANGE,2981,888,2161,0,128,1051,37,772,402,bykaranteli.com
2022-05-03,146022,MICRO ETHER  - CHICAGO MERCANTILE EXCHANGE,38453,28123,22652,0,0,8565,5577,1330,583,bykaranteli.com
2022-04-26,133741,BITCOIN - CHICAGO MERCANTILE EXCHANGE,10709,1714,6812,6147,523,654,686,942,928,bykaranteli.com
2022-04-26,133742,MICRO BITCOIN - CHICAGO MERCANTILE EXCHANGE,20840,7260,16452,212,219,6933,1580,3563,1417,bykaranteli.com
2022-04-26,146021,ETHER CASH SETTLED - CHICAGO MERCANTILE EXCHANGE,3745,1235,2616,0,126,1234,110,701,353,bykaranteli.com
2022-04-26,146022,MICRO ETHER  - CHICAGO MERCANTILE EXCHANGE,45357,29181,9682,0,0,10399,5282,1431,236,bykaranteli.com
2022-04-19,133741,BITCOIN - CHICAGO MERCANTILE EXCHANGE,11276,1194,6226,6214,570,833,1067,1155,786,bykaranteli.com
2022-04-19,133742,MICRO BITCOIN - CHICAGO MERCANTILE EXCHANGE,20968,7846,17320,178,219,7125,983,3850,1056,bykaranteli.com
2022-04-19,146021,ETHER CASH SETTLED - CHICAGO MERCANTILE EXCHANGE,3254,884,2417,0,63,961,30,979,298,bykaranteli.com
2022-04-19,146022,MICRO ETHER  - CHICAGO MERCANTILE EXCHANGE,49402,32545,7934,138,0,11273,4682,1489,238,bykaranteli.com
2022-04-12,133741,BITCOIN - CHICAGO MERCANTILE EXCHANGE,10632,1374,6654,6110,807,656,230,1058,786,bykaranteli.com
2022-04-12,133742,MICRO BITCOIN - CHICAGO MERCANTILE EXCHANGE,21609,6584,17947,184,308,9054,1187,3674,1252,bykaranteli.com
2022-04-12,146021,ETHER CASH SETTLED - CHICAGO MERCANTILE EXCHANGE,3287,921,2437,0,122,981,30,992,311,bykaranteli.com
2022-04-12,146022,MICRO ETHER  - CHICAGO MERCANTILE EXCHANGE,31542,16711,9128,88,0,9890,4788,1592,320,bykaranteli.com
2022-04-05,133741,BITCOIN - CHICAGO MERCANTILE EXCHANGE,11374,1507,6702,6674,635,722,1159,1322,681,bykaranteli.com
2022-04-05,133742,MICRO BITCOIN - CHICAGO MERCANTILE EXCHANGE,15386,1865,12319,184,345,8075,1011,4043,910,bykaranteli.com
2022-04-05,146021,ETHER CASH SETTLED - CHICAGO MERCANTILE EXCHANGE,3501,990,2568,12,0,1017,245,1172,359,bykaranteli.com
2022-04-05,146022,MICRO ETHER  - CHICAGO MERCANTILE EXCHANGE,23482,3921,19266,98,0,10578,3947,2000,178,bykaranteli.com
2022-03-29,133741,BITCOIN - CHICAGO MERCANTILE EXCHANGE,12024,1788,7133,6812,614,1140,1836,1302,620,bykaranteli.com
2022-03-29,133742,MICRO BITCOIN - CHICAGO MERCANTILE EXCHANGE,15095,1903,12192,191,291,8200,628,3964,846,bykaranteli.com
2022-03-29,146021,ETHER CASH SETTLED - CHICAGO MERCANTILE EXCHANGE,3411,900,2583,46,0,1050,236,1158,283,bykaranteli.com
2022-03-29,146022,MICRO ETHER  - CHICAGO MERCANTILE EXCHANGE,22168,3117,18958,88,0,9938,3033,1522,156,bykaranteli.com
2022-03-22,133741,BITCOIN - CHICAGO MERCANTILE EXCHANGE,11274,1159,6807,6289,816,1003,1253,1263,782,bykaranteli.com
2022-03-22,133742,MICRO BITCOIN - CHICAGO MERCANTILE EXCHANGE,25583,10009,8642,191,263,2826,8684,4082,1074,bykaranteli.com
2022-03-22,146021,ETHER CASH SETTLED - CHICAGO MERCANTILE EXCHANGE,3358,943,2233,0,106,1060,364,1033,312,bykaranteli.com
2022-03-22,146022,MICRO ETHER  - CHICAGO MERCANTILE EXCHANGE,29130,14470,21925,88,0,12023,4713,2529,174,bykaranteli.com
2022-03-15,133741,BITCOIN - CHICAGO MERCANTILE EXCHANGE,10198,982,6512,5957,902,1048,789,1029,766,bykaranteli.com
2022-03-15,133742,MICRO BITCOIN - CHICAGO MERCANTILE EXCHANGE,15578,6055,8364,227,261,2447,3083,3778,1213,bykaranteli.com
2022-03-15,146021,ETHER CASH SETTLED - CHICAGO MERCANTILE EXCHANGE,2879,832,1972,0,169,974,29,915,553,bykaranteli.com
2022-03-15,146022,MICRO ETHER  - CHICAGO MERCANTILE EXCHANGE,25167,12081,12552,88,0,11191,5073,1600,552,bykaranteli.com
2022-03-08,133741,BITCOIN - CHICAGO MERCANTILE EXCHANGE,9591,906,6174,5893,925,934,735,950,793,bykaranteli.com
2022-03-08,133742,MICRO BITCOIN - CHICAGO MERCANTILE EXCHANGE,12031,2383,6809,175,263,3650,1734,3741,1280,bykaranteli.com
2022-03-08,146021,ETHER CASH SETTLED - CHICAGO MERCANTILE EXCHANGE,3158,1108,2159,0,238,1028,29,849,555,bykaranteli.com
2022-03-08,146022,MICRO ETHER  - CHICAGO MERCANTILE EXCHANGE,22053,8403,16988,88,0,10859,4747,1482,205,bykaranteli.com
2022-03-01,133741,BITCOIN - CHICAGO MERCANTILE EXCHANGE,9980,1036,6299,5862,843,1098,1303,1198,761,bykaranteli.com
2022-03-01,133742,MICRO BITCOIN - CHICAGO MERCANTILE EXCHANGE,12364,3532,7258,176,254,3262,3020,4060,1028,bykaranteli.com
2022-03-01,146021,ETHER CASH SETTLED - CHICAGO MERCANTILE EXCHANGE,3104,749,1938,0,214,1221,235,920,472,bykaranteli.com
2022-03-01,146022,MICRO ETHER  - CHICAGO MERCANTILE EXCHANGE,19406,996,16238,88,0,11203,2894,1304,269,bykaranteli.com
2022-02-22,133741,BITCOIN - CHICAGO MERCANTILE EXCHANGE,11007,1365,7243,6025,821,1098,981,1338,799,bykaranteli.com
2022-02-22,133742,MICRO BITCOIN - CHICAGO MERCANTILE EXCHANGE,16623,4978,8483,162,92,3708,2869,4264,1467,bykaranteli.com
2022-02-22,146021,ETHER CASH SETTLED - CHICAGO MERCANTILE EXCHANGE,3782,992,2442,0,182,1274,71,881,564,bykaranteli.com
2022-02-22,146022,MICRO ETHER  - CHICAGO MERCANTILE EXCHANGE,33643,16977,12347,88,0,10559,4819,1540,322,bykaranteli.com
2022-02-15,133741,BITCOIN - CHICAGO MERCANTILE EXCHANGE,10646,1103,6396,6118,718,1100,1637,1364,936,bykaranteli.com
2022-02-15,133742,MICRO BITCOIN - CHICAGO MERCANTILE EXCHANGE,16663,6390,9865,182,91,3313,3130,4720,1339,bykaranteli.com
2022-02-15,146021,ETHER CASH SETTLED - CHICAGO MERCANTILE EXCHANGE,3539,853,2065,0,135,1332,421,981,568,bykaranteli.com
2022-02-15,146022,MICRO ETHER  - CHICAGO MERCANTILE EXCHANGE,28261,15307,22309,88,0,10866,4723,1696,356,bykaranteli.com
2022-02-08,133741,BITCOIN - CHICAGO MERCANTILE EXCHANGE,9886,1045,6361,5856,655,864,1339,1474,966,bykaranteli.com
2022-02-08,133742,MICRO BITCOIN - CHICAGO MERCANTILE EXCHANGE,12929,2990,8192,236,78,3235,1830,4258,1185,bykaranteli.com
2022-02-08,146021,ETHER CASH SETTLED - CHICAGO MERCANTILE EXCHANGE,3262,396,2044,0,97,1323,134,975,411,bykaranteli.com
2022-02-08,146022,MICRO ETHER  - CHICAGO MERCANTILE EXCHANGE,30766,16059,25579,88,0,10718,4805,1672,346,bykaranteli.com
2022-02-01,133741,BITCOIN - CHICAGO MERCANTILE EXCHANGE,9948,1248,6716,5536,703,1120,991,1232,882,bykaranteli.com
2022-02-01,133742,MICRO BITCOIN - CHICAGO MERCANTILE EXCHANGE,12153,1844,8752,187,0,5783,891,3796,1213,bykaranteli.com
2022-02-01,146021,ETHER CASH SETTLED - CHICAGO MERCANTILE EXCHANGE,3611,651,2312,0,179,1404,11,861,472,bykaranteli.com
2022-02-01,146022,MICRO ETHER  - CHICAGO MERCANTILE EXCHANGE,20838,7461,15910,0,0,10239,3885,1457,260,bykaranteli.com
2022-01-25,133741,BITCOIN - CHICAGO MERCANTILE EXCHANGE,11756,1565,7612,5525,1004,1573,571,1469,957,bykaranteli.com
2022-01-25,133742,MICRO BITCOIN - CHICAGO MERCANTILE EXCHANGE,31706,20804,16039,133,0,3051,11482,5140,1656,bykaranteli.com
2022-01-25,146021,ETHER CASH SETTLED - CHICAGO MERCANTILE EXCHANGE,4186,679,2581,0,207,1630,0,991,506,bykaranteli.com
2022-01-25,146022,MICRO ETHER  - CHICAGO MERCANTILE EXCHANGE,77729,63422,67784,0,0,11268,2112,1655,315,bykaranteli.com
2022-01-18,133741,BITCOIN - CHICAGO MERCANTILE EXCHANGE,11468,1496,7339,5417,1043,1445,717,1407,836,bykaranteli.com
2022-01-18,133742,MICRO BITCOIN - CHICAGO MERCANTILE EXCHANGE,30778,19869,19450,164,0,3478,7712,5216,1497,bykaranteli.com
2022-01-18,146021,ETHER CASH SETTLED - CHICAGO MERCANTILE EXCHANGE,3868,879,2477,0,109,1333,40,906,508,bykaranteli.com
2022-01-18,146022,MICRO ETHER  - CHICAGO MERCANTILE EXCHANGE,51794,40388,42367,0,0,8838,1660,1561,252,bykaranteli.com
2022-01-11,133741,BITCOIN - CHICAGO MERCANTILE EXCHANGE,10855,1464,7159,5419,968,1085,540,1441,882,bykaranteli.com
2022-01-11,133742,MICRO BITCOIN - CHICAGO MERCANTILE EXCHANGE,30142,18542,18179,184,0,3728,9614,5457,1211,bykaranteli.com
2022-01-11,146021,ETHER CASH SETTLED - CHICAGO MERCANTILE EXCHANGE,3880,1031,2408,17,109,927,92,1069,490,bykaranteli.com
2022-01-11,146022,MICRO ETHER  - CHICAGO MERCANTILE EXCHANGE,35375,23497,27029,0,0,9061,841,1448,134,bykaranteli.com
2022-01-04,133741,BITCOIN - CHICAGO MERCANTILE EXCHANGE,10563,1451,6807,5541,900,749,793,1498,801,bykaranteli.com
2022-01-04,133742,MICRO BITCOIN - CHICAGO MERCANTILE EXCHANGE,16821,4317,5353,183,0,3864,6956,4873,1049,bykaranteli.com
2022-01-04,146021,ETHER CASH SETTLED - CHICAGO MERCANTILE EXCHANGE,3530,1092,2604,43,111,769,3,1111,449,bykaranteli.com
2022-01-04,146022,MICRO ETHER  - CHICAGO MERCANTILE EXCHANGE,10140,2092,7847,0,0,6475,1202,979,140,bykaranteli.com
2021-12-28,133741,BITCOIN - CHICAGO MERCANTILE EXCHANGE,12468,2453,8104,5554,859,697,426,1606,840,bykaranteli.com
2021-12-28,133742,MICRO BITCOIN - CHICAGO MERCANTILE EXCHANGE,41281,23128,27637,76,0,3934,5740,5882,1114,bykaranteli.com
2021-12-28,146021,ETHER CASH SETTLED - CHICAGO MERCANTILE EXCHANGE,4554,1343,3223,0,111,1081,21,1264,453,bykaranteli.com
2021-12-28,146022,MICRO ETHER  - CHICAGO MERCANTILE EXCHANGE,20861,14221,16992,0,0,5205,1682,1017,125,bykaranteli.com
2021-12-21,133741,BITCOIN - CHICAGO MERCANTILE EXCHANGE,12852,1893,7571,5630,751,1048,946,1755,916,bykaranteli.com
2021-12-21,133742,MICRO BITCOIN - CHICAGO MERCANTILE EXCHANGE,42418,23274,29011,96,0,3686,3773,5654,1207,bykaranteli.com
2021-12-21,146021,ETHER CASH SETTLED - CHICAGO MERCANTILE EXCHANGE,4903,1462,3288,36,111,1078,23,1216,445,bykaranteli.com
2021-12-21,146022,MICRO ETHER  - CHICAGO MERCANTILE EXCHANGE,15798,11267,12553,0,0,3618,1975,878,137,bykaranteli.com
2021-12-14,133741,BITCOIN - CHICAGO MERCANTILE EXCHANGE,13518,2198,7824,5759,778,1816,1259,1565,1050,bykaranteli.com
2021-12-14,133742,MICRO BITCOIN - CHICAGO MERCANTILE EXCHANGE,41265,18401,26761,34,0,3973,1290,5580,1304,bykaranteli.com
2021-12-14,146021,ETHER CASH SETTLED - CHICAGO MERCANTILE EXCHANGE,4910,1803,3368,0,113,987,90,1197,522,bykaranteli.com
2021-12-14,146022,MICRO ETHER  - CHICAGO MERCANTILE EXCHANGE,6342,2795,4228,0,0,2910,1396,637,150,bykaranteli.com
2021-12-07,133741,BITCOIN - CHICAGO MERCANTILE EXCHANGE,13242,1997,8095,5826,718,1735,933,1668,877,bykaranteli.com
2021-12-07,133742,MICRO BITCOIN - CHICAGO MERCANTILE EXCHANGE,36875,14831,23873,142,70,3714,1551,6047,1047,bykaranteli.com
2021-12-07,146021,ETHER CASH SETTLED - CHICAGO MERCANTILE EXCHANGE,4535,1205,3248,25,74,1144,32,1302,457,bykaranteli.com
2021-11-30,133741,BITCOIN - CHICAGO MERCANTILE EXCHANGE,13197,2374,7811,5726,702,1662,1494,1811,817,bykaranteli.com
2021-11-30,133742,MICRO BITCOIN - CHICAGO MERCANTILE EXCHANGE,16817,2284,5797,252,0,3719,5287,5652,965,bykaranteli.com
2021-11-30,146021,ETHER CASH SETTLED - CHICAGO MERCANTILE EXCHANGE,4981,1418,3953,36,74,1077,36,1547,537,bykaranteli.com
2021-11-23,133741,BITCOIN - CHICAGO MERCANTILE EXCHANGE,14357,2414,7063,5395,750,1590,300,2094,2663,bykaranteli.com
2021-11-23,133742,MICRO BITCOIN - CHICAGO MERCANTILE EXCHANGE,39611,20107,11400,244,0,4201,19546,6844,1191,bykaranteli.com
2021-11-23,146021,ETHER CASH SETTLED - CHICAGO MERCANTILE EXCHANGE,5244,1609,4136,71,74,1035,39,1624,531,bykaranteli.com
2021-11-16,133741,BITCOIN - CHICAGO MERCANTILE EXCHANGE,13648,2236,8182,5139,779,1280,268,2008,887,bykaranteli.com
2021-11-16,133742,MICRO BITCOIN - CHICAGO MERCANTILE EXCHANGE,28752,15839,14962,253,0,4116,11137,6564,1276,bykaranteli.com
2021-11-16,146021,ETHER CASH SETTLED - CHICAGO MERCANTILE EXCHANGE,5339,1689,4431,43,4,1162,33,1579,464,bykaranteli.com
2021-11-09,133741,BITCOIN - CHICAGO MERCANTILE EXCHANGE,13821,2620,8676,4980,750,1638,220,2071,827,bykaranteli.com
2021-11-09,133742,MICRO BITCOIN - CHICAGO MERCANTILE EXCHANGE,24109,11689,13901,216,0,3633,7472,6682,1163,bykaranteli.com
2021-11-09,146021,ETHER CASH SETTLED - CHICAGO MERCANTILE EXCHANGE,5354,1627,4445,124,0,1114,159,1673,361,bykaranteli.com
2021-11-02,133741,BITCOIN - CHICAGO MERCANTILE EXCHANGE,13512,2957,8642,4807,691,1471,218,1943,752,bykaranteli.com
2021-11-02,133742,MICRO BITCOIN - CHICAGO MERCANTILE EXCHANGE,21425,9606,14543,165,0,4027,4200,6008,1058,bykaranteli.com
2021-11-02,146021,ETHER CASH SETTLED - CHICAGO MERCANTILE EXCHANGE,5155,1483,4331,134,0,1042,108,1736,370,bykaranteli.com
2021-10-26,133741,BITCOIN - CHICAGO MERCANTILE EXCHANGE,16671,3185,9423,1794,514,2498,414,4810,981,bykaranteli.com
2021-10-26,133742,MICRO BITCOIN - CHICAGO MERCANTILE EXCHANGE,65656,40491,57278,158,0,12420,1700,5760,1314,bykaranteli.com
2021-10-26,146021,ETHER CASH SETTLED - CHICAGO MERCANTILE EXCHANGE,5230,1350,3931,141,0,971,193,1779,469,bykaranteli.com
2021-10-19,133741,BITCOIN - CHICAGO MERCANTILE EXCHANGE,13605,2072,8317,839,354,4153,219,3868,1268,bykaranteli.com
2021-10-19,133742,MICRO BITCOIN - CHICAGO MERCANTILE EXCHANGE,61604,36531,53345,162,0,11418,1446,5939,1549,bykaranteli.com
2021-10-19,146021,ETHER CASH SETTLED - CHICAGO MERCANTILE EXCHANGE,5024,1428,3701,136,0,1148,222,1580,598,bykaranteli.com
2021-10-12,133741,BITCOIN - CHICAGO MERCANTILE EXCHANGE,10918,2148,6863,696,320,4204,211,1751,880,bykaranteli.com
2021-10-12,133742,MICRO BITCOIN - CHICAGO MERCANTILE EXCHANGE,50937,26822,43164,117,0,9840,1107,4992,1165,bykaranteli.com
2021-10-12,146021,ETHER CASH SETTLED - CHICAGO MERCANTILE EXCHANGE,4677,1328,3741,77,21,1231,22,1473,531,bykaranteli.com
2021-10-05,133741,BITCOIN - CHICAGO MERCANTILE EXCHANGE,8886,1710,5994,487,399,3472,210,1758,794,bykaranteli.com
2021-10-05,133742,MICRO BITCOIN - CHICAGO MERCANTILE EXCHANGE,36142,15014,28709,105,0,7897,899,4507,1110,bykaranteli.com
2021-10-05,146021,ETHER CASH SETTLED - CHICAGO MERCANTILE EXCHANGE,4736,1242,3892,0,12,1511,53,1459,408,bykaranteli.com
2021-09-28,133741,BITCOIN - CHICAGO MERCANTILE EXCHANGE,7039,1338,4956,559,413,2642,210,1480,775,bykaranteli.com
2021-09-28,133742,MICRO BITCOIN - CHICAGO MERCANTILE EXCHANGE,26423,4893,23752,125,0,15795,533,4487,1237,bykaranteli.com
2021-09-28,146021,ETHER CASH SETTLED - CHICAGO MERCANTILE EXCHANGE,4296,1162,3356,0,85,1402,22,1185,456,bykaranteli.com
2021-09-21,133741,BITCOIN - CHICAGO MERCANTILE EXCHANGE,7348,1971,4939,519,471,1916,210,1845,846,bykaranteli.com
2021-09-21,133742,MICRO BITCOIN - CHICAGO MERCANTILE EXCHANGE,25615,7039,21448,40,0,8369,564,5029,997,bykaranteli.com
2021-09-21,146021,ETHER CASH SETTLED - CHICAGO MERCANTILE EXCHANGE,3972,842,3232,0,11,1373,20,1278,397,bykaranteli.com
2021-09-14,133741,BITCOIN - CHICAGO MERCANTILE EXCHANGE,6620,1780,4496,502,451,1612,210,1811,710,bykaranteli.com
2021-09-14,133742,MICRO BITCOIN - CHICAGO MERCANTILE EXCHANGE,25482,8508,20288,91,0,4641,827,5314,835,bykaranteli.com
2021-09-14,146021,ETHER CASH SETTLED - CHICAGO MERCANTILE EXCHANGE,4195,981,3618,62,0,1405,0,1380,337,bykaranteli.com
2021-09-07,133741,BITCOIN - CHICAGO MERCANTILE EXCHANGE,6659,1684,4990,621,378,1923,210,1850,641,bykaranteli.com
2021-09-07,133742,MICRO BITCOIN - CHICAGO MERCANTILE EXCHANGE,22540,9052,18951,79,0,4098,924,5453,667,bykaranteli.com
2021-09-07,146021,ETHER CASH SETTLED - CHICAGO MERCANTILE EXCHANGE,4272,1088,3626,57,30,1377,28,1438,295,bykaranteli.com
2021-08-31,133741,BITCOIN - CHICAGO MERCANTILE EXCHANGE,6362,1810,4797,702,370,1586,247,1720,591,bykaranteli.com
2021-08-31,133742,MICRO BITCOIN - CHICAGO MERCANTILE EXCHANGE,14637,4361,10933,78,0,3112,312,4670,745,bykaranteli.com
2021-08-31,146021,ETHER CASH SETTLED - CHICAGO MERCANTILE EXCHANGE,4029,1093,3366,57,58,1193,30,1444,302,bykaranteli.com
2021-08-24,133741,BITCOIN - CHICAGO MERCANTILE EXCHANGE,7515,2016,5302,695,311,1864,247,1923,780,bykaranteli.com
2021-08-24,133742,MICRO BITCOIN - CHICAGO MERCANTILE EXCHANGE,22285,4781,15326,53,0,6574,505,4830,1111,bykaranteli.com
2021-08-24,146021,ETHER CASH SETTLED - CHICAGO MERCANTILE EXCHANGE,3796,935,3173,54,47,1080,23,1494,370,bykaranteli.com
2021-08-17,133741,BITCOIN - CHICAGO MERCANTILE EXCHANGE,7363,2292,5542,672,311,1845,239,1863,816,bykaranteli.com
2021-08-17,133742,MICRO BITCOIN - CHICAGO MERCANTILE EXCHANGE,24067,5531,15832,72,0,6851,398,4456,920,bykaranteli.com
2021-08-17,146021,ETHER CASH SETTLED - CHICAGO MERCANTILE EXCHANGE,3989,1036,3286,54,80,1260,52,1382,302,bykaranteli.com
2021-08-10,133741,BITCOIN - CHICAGO MERCANTILE EXCHANGE,6769,1995,5113,629,275,1749,231,1774,758,bykaranteli.com
2021-08-10,133742,MICRO BITCOIN - CHICAGO MERCANTILE EXCHANGE,19439,4836,14503,36,0,6668,480,4247,1150,bykaranteli.com
2021-08-10,146021,ETHER CASH SETTLED - CHICAGO MERCANTILE EXCHANGE,3794,876,3073,50,42,1330,13,1273,314,bykaranteli.com
2021-08-03,133741,BITCOIN - CHICAGO MERCANTILE EXCHANGE,6408,1969,4782,643,234,1571,169,1605,761,bykaranteli.com
2021-08-03,133742,MICRO BITCOIN - CHICAGO MERCANTILE EXCHANGE,14072,3222,11303,39,0,5546,527,3791,753,bykaranteli.com
2021-08-03,146021,ETHER CASH SETTLED - CHICAGO MERCANTILE EXCHANGE,3501,778,2788,25,51,1291,0,1134,345,bykaranteli.com
2021-07-27,133741,BITCOIN - CHICAGO MERCANTILE EXCHANGE,7802,2800,4841,494,165,984,306,1692,748,bykaranteli.com
2021-07-27,133742,MICRO BITCOIN - CHICAGO MERCANTILE EXCHANGE,19506,8571,13721,0,0,3730,538,4304,1025,bykaranteli.com
2021-07-27,146021,ETHER CASH SETTLED - CHICAGO MERCANTILE EXCHANGE,3133,657,2380,25,75,1057,0,1153,408,bykaranteli.com
2021-07-20,133741,BITCOIN - CHICAGO MERCANTILE EXCHANGE,8283,3738,5724,560,602,1373,262,1564,868,bykaranteli.com
2021-07-20,133742,MICRO BITCOIN - CHICAGO MERCANTILE EXCHANGE,19719,10470,10830,0,0,3119,954,5103,1455,bykaranteli.com
2021-07-20,146021,ETHER CASH SETTLED - CHICAGO MERCANTILE EXCHANGE,3267,932,2282,0,118,1061,106,1019,482,bykaranteli.com
2021-07-13,133741,BITCOIN - CHICAGO MERCANTILE EXCHANGE,7129,2696,4923,546,496,1484,226,1542,816,bykaranteli.com
2021-07-13,133742,MICRO BITCOIN - CHICAGO MERCANTILE EXCHANGE,17959,9232,15269,0,0,3296,666,4571,1202,bykaranteli.com
2021-07-13,146021,ETHER CASH SETTLED - CHICAGO MERCANTILE EXCHANGE,3252,1074,2306,0,142,958,21,1004,534,bykaranteli.com
2021-07-06,133741,BITCOIN - CHICAGO MERCANTILE EXCHANGE,6889,2412,4603,504,497,1384,184,1603,782,bykaranteli.com
2021-07-06,133742,MICRO BITCOIN - CHICAGO MERCANTILE EXCHANGE,16228,8448,13747,0,0,2483,380,4521,912,bykaranteli.com
2021-07-06,146021,ETHER CASH SETTLED - CHICAGO MERCANTILE EXCHANGE,3428,1142,2625,0,120,977,73,1153,394,bykaranteli.com
2021-06-29,133741,BITCOIN - CHICAGO MERCANTILE EXCHANGE,6788,2291,4357,542,613,1389,180,1615,815,bykaranteli.com
2021-06-29,133742,MICRO BITCOIN - CHICAGO MERCANTILE EXCHANGE,15481,8095,12974,0,0,2128,652,4446,919,bykaranteli.com
2021-06-29,146021,ETHER CASH SETTLED - CHICAGO MERCANTILE EXCHANGE,2733,1136,2087,0,81,333,62,1107,317,bykaranteli.com
2021-06-22,133741,BITCOIN - CHICAGO MERCANTILE EXCHANGE,7914,2563,4927,419,739,1910,361,1913,888,bykaranteli.com
2021-06-22,133742,MICRO BITCOIN - CHICAGO MERCANTILE EXCHANGE,28720,9516,10915,60,0,2570,4988,5869,1053,bykaranteli.com
2021-06-22,146021,ETHER CASH SETTLED - CHICAGO MERCANTILE EXCHANGE,2896,1174,2217,0,126,477,78,1105,310,bykaranteli.com
2021-06-15,133741,BITCOIN - CHICAGO MERCANTILE EXCHANGE,7528,2603,5090,517,629,1604,199,1851,731,bykaranteli.com
2021-06-15,133742,MICRO BITCOIN - CHICAGO MERCANTILE EXCHANGE,18230,1993,5699,210,0,2813,1925,4373,1204,bykaranteli.com
2021-06-15,146021,ETHER CASH SETTLED - CHICAGO MERCANTILE EXCHANGE,3470,1448,2720,0,75,612,31,1228,426,bykaranteli.com
2021-06-08,133741,BITCOIN - CHICAGO MERCANTILE EXCHANGE,7566,2507,4964,382,739,1915,233,1903,825,bykaranteli.com
2021-06-08,133742,MICRO BITCOIN - CHICAGO MERCANTILE EXCHANGE,21144,5892,9010,210,0,2564,2994,5307,1028,bykaranteli.com
2021-06-08,146021,ETHER CASH SETTLED - CHICAGO MERCANTILE EXCHANGE,3527,1346,2662,43,80,711,98,1189,409,bykaranteli.com
2021-06-01,133741,BITCOIN - CHICAGO MERCANTILE EXCHANGE,7318,2081,4949,407,619,2144,269,1900,778,bykaranteli.com
2021-06-01,133742,MICRO BITCOIN - CHICAGO MERCANTILE EXCHANGE,13050,3375,6993,210,0,2273,2818,4943,962,bykaranteli.com
2021-06-01,146021,ETHER CASH SETTLED - CHICAGO MERCANTILE EXCHANGE,2819,1177,2310,0,64,416,34,1181,366,bykaranteli.com
2021-05-25,133741,BITCOIN - CHICAGO MERCANTILE EXCHANGE,8893,2261,5748,404,651,2564,336,2071,814,bykaranteli.com
2021-05-25,133742,MICRO BITCOIN - CHICAGO MERCANTILE EXCHANGE,37049,28633,22466,160,0,3054,2309,4391,2717,bykaranteli.com
2021-05-25,146021,ETHER CASH SETTLED - CHICAGO MERCANTILE EXCHANGE,3665,1580,2626,0,62,726,293,1136,467,bykaranteli.com
2021-05-18,133741,BITCOIN - CHICAGO MERCANTILE EXCHANGE,9160,3302,6123,356,1085,2402,302,1819,845,bykaranteli.com
2021-05-18,133742,MICRO BITCOIN - CHICAGO MERCANTILE EXCHANGE,32865,27406,19344,0,0,1950,946,2988,2525,bykaranteli.com
2021-05-18,146021,ETHER CASH SETTLED - CHICAGO MERCANTILE EXCHANGE,2969,1332,2264,0,84,383,52,1087,363,bykaranteli.com
2021-05-11,133741,BITCOIN - CHICAGO MERCANTILE EXCHANGE,8259,2327,5409,377,910,2152,271,2152,821,bykaranteli.com
2021-05-11,133742,MICRO BITCOIN - CHICAGO MERCANTILE EXCHANGE,5203,1042,2812,0,0,1547,477,1580,607,bykaranteli.com
2021-05-11,146021,ETHER CASH SETTLED - CHICAGO MERCANTILE EXCHANGE,2843,1123,2089,0,70,405,44,1180,463,bykaranteli.com
2021-05-04,133741,BITCOIN - CHICAGO MERCANTILE EXCHANGE,8306,2544,5507,370,994,2020,258,2286,868,bykaranteli.com
2021-05-04,133742,MICRO BITCOIN - CHICAGO MERCANTILE EXCHANGE,2965,1737,1930,0,0,610,320,469,566,bykaranteli.com
2021-05-04,146021,ETHER CASH SETTLED - CHICAGO MERCANTILE EXCHANGE,2416,950,1858,66,0,311,69,997,397,bykaranteli.com
2021-04-27,133741,BITCOIN - CHICAGO MERCANTILE EXCHANGE,8429,1991,5464,369,869,2040,169,2685,1031,bykaranteli.com
2021-04-27,146021,ETHER CASH SETTLED - CHICAGO MERCANTILE EXCHANGE,2675,1011,1945,60,0,228,118,1110,320,bykaranteli.com
2021-04-20,133741,BITCOIN - CHICAGO MERCANTILE EXCHANGE,8817,2616,6709,372,554,2173,268,2652,711,bykaranteli.com
2021-04-20,146021,ETHER CASH SETTLED - CHICAGO MERCANTILE EXCHANGE,2034,790,1536,60,33,75,53,979,282,bykaranteli.com
2021-04-13,133741,BITCOIN - CHICAGO MERCANTILE EXCHANGE,9653,2979,7634,366,340,2433,174,2820,695,bykaranteli.com
2021-04-13,146021,ETHER CASH SETTLED - CHICAGO MERCANTILE EXCHANGE,2017,757,1495,0,32,166,119,936,213,bykaranteli.com
2021-04-06,133741,BITCOIN - CHICAGO MERCANTILE EXCHANGE,9865,2481,7477,355,519,3105,174,2742,750,bykaranteli.com
2021-04-06,146021,ETHER CASH SETTLED - CHICAGO MERCANTILE EXCHANGE,1772,794,1414,0,55,70,124,842,113,bykaranteli.com
2021-03-30,133741,BITCOIN - CHICAGO MERCANTILE EXCHANGE,9322,2335,7144,354,534,2992,173,2596,676,bykaranteli.com
2021-03-23,133741,BITCOIN - CHICAGO MERCANTILE EXCHANGE,9897,2606,7198,358,463,2608,315,2828,794,bykaranteli.com
2021-03-16,133741,BITCOIN - CHICAGO MERCANTILE EXCHANGE,9335,2099,6756,357,516,2352,139,3055,717,bykaranteli.com
2021-03-09,133741,BITCOIN - CHICAGO MERCANTILE EXCHANGE,8785,2055,6148,331,619,2573,186,2635,872,bykaranteli.com
2021-03-02,133741,BITCOIN - CHICAGO MERCANTILE EXCHANGE,8068,1757,5563,323,643,2419,168,2465,829,bykaranteli.com
2021-02-23,133741,BITCOIN - CHICAGO MERCANTILE EXCHANGE,10572,2633,7639,314,551,3650,259,2892,908,bykaranteli.com
2021-02-16,133741,BITCOIN - CHICAGO MERCANTILE EXCHANGE,11426,3301,8750,338,339,3030,132,3508,760,bykaranteli.com
2021-02-09,133741,BITCOIN - CHICAGO MERCANTILE EXCHANGE,11055,3149,8481,348,265,2822,64,3423,755,bykaranteli.com
2021-02-02,133741,BITCOIN - CHICAGO MERCANTILE EXCHANGE,9469,3031,7224,308,357,2008,161,3070,651,bykaranteli.com
2021-01-26,133741,BITCOIN - CHICAGO MERCANTILE EXCHANGE,10787,3605,7991,308,225,2424,364,3176,756,bykaranteli.com
2021-01-19,133741,BITCOIN - CHICAGO MERCANTILE EXCHANGE,11945,3911,9119,639,123,2879,674,3529,746,bykaranteli.com
2021-01-12,133741,BITCOIN - CHICAGO MERCANTILE EXCHANGE,12039,4107,9602,733,0,2522,373,3676,633,bykaranteli.com
2021-01-05,133741,BITCOIN - CHICAGO MERCANTILE EXCHANGE,11296,3544,9058,793,32,2672,261,3343,774,bykaranteli.com
2020-12-29,133741,BITCOIN - CHICAGO MERCANTILE EXCHANGE,10653,3679,8466,620,32,2123,245,3165,720,bykaranteli.com
2020-12-21,133741,BITCOIN - CHICAGO MERCANTILE EXCHANGE,12603,4357,10320,573,30,2418,120,3878,663,bykaranteli.com
2020-12-15,133741,BITCOIN - CHICAGO MERCANTILE EXCHANGE,11370,3946,8702,492,26,2027,84,3134,606,bykaranteli.com
2020-12-08,133741,BITCOIN - CHICAGO MERCANTILE EXCHANGE,11750,4365,9354,544,11,2063,177,3403,506,bykaranteli.com
2020-12-01,133741,BITCOIN - CHICAGO MERCANTILE EXCHANGE,11812,4509,9375,626,0,2442,460,3334,461,bykaranteli.com
2020-11-24,133741,BITCOIN - CHICAGO MERCANTILE EXCHANGE,12336,5441,9864,668,0,2381,300,3104,787,bykaranteli.com
2020-11-17,133741,BITCOIN - CHICAGO MERCANTILE EXCHANGE,11509,5305,8097,845,4,1933,1663,3110,697,bykaranteli.com
2020-11-10,133741,BITCOIN - CHICAGO MERCANTILE EXCHANGE,11311,5097,7881,832,7,2250,1803,2839,595,bykaranteli.com
2020-11-03,133741,BITCOIN - CHICAGO MERCANTILE EXCHANGE,11278,4379,8007,800,0,2539,2030,3405,425,bykaranteli.com
2020-10-27,133741,BITCOIN - CHICAGO MERCANTILE EXCHANGE,12665,5462,9010,770,0,2579,2578,3540,478,bykaranteli.com
2020-10-20,133741,BITCOIN - CHICAGO MERCANTILE EXCHANGE,10896,4558,7741,874,0,1926,2320,3072,369,bykaranteli.com
2020-10-13,133741,BITCOIN - CHICAGO MERCANTILE EXCHANGE,9353,3487,6314,702,0,1713,2063,2961,486,bykaranteli.com
2020-10-06,133741,BITCOIN - CHICAGO MERCANTILE EXCHANGE,7511,2153,4854,703,64,1604,1747,2696,491,bykaranteli.com
2020-09-29,133741,BITCOIN - CHICAGO MERCANTILE EXCHANGE,7324,2004,4730,525,28,1590,1482,2649,528,bykaranteli.com
2020-09-22,133741,BITCOIN - CHICAGO MERCANTILE EXCHANGE,8426,2280,4480,285,12,1580,2062,3006,597,bykaranteli.com
2020-09-15,133741,BITCOIN - CHICAGO MERCANTILE EXCHANGE,9383,2819,5224,717,12,1653,2766,3415,602,bykaranteli.com
2020-09-08,133741,BITCOIN - CHICAGO MERCANTILE EXCHANGE,8198,2758,4661,256,35,1729,2028,2724,514,bykaranteli.com
2020-09-01,133741,BITCOIN - CHICAGO MERCANTILE EXCHANGE,10617,4271,6842,745,182,1947,1775,2815,439,bykaranteli.com
2020-08-25,133741,BITCOIN - CHICAGO MERCANTILE EXCHANGE,11615,4839,6148,296,1,1957,2345,3197,1215,bykaranteli.com
2020-08-18,133741,BITCOIN - CHICAGO MERCANTILE EXCHANGE,14454,5760,8590,296,585,2776,2427,3885,535,bykaranteli.com
2020-08-11,133741,BITCOIN - CHICAGO MERCANTILE EXCHANGE,13090,6444,7785,206,495,1943,2677,3428,484,bykaranteli.com
2020-08-04,133741,BITCOIN - CHICAGO MERCANTILE EXCHANGE,12703,6312,7702,451,584,2131,3106,3514,436,bykaranteli.com
2020-07-28,133741,BITCOIN - CHICAGO MERCANTILE EXCHANGE,13068,5982,7942,646,684,2292,2847,3685,552,bykaranteli.com
2020-07-21,133741,BITCOIN - CHICAGO MERCANTILE EXCHANGE,9230,4122,6062,485,278,2217,1651,2277,577,bykaranteli.com
2020-07-14,133741,BITCOIN - CHICAGO MERCANTILE EXCHANGE,8322,3573,5460,444,255,2306,1385,1896,586,bykaranteli.com
2020-07-07,133741,BITCOIN - CHICAGO MERCANTILE EXCHANGE,8165,3262,5731,626,203,2132,1048,2060,575,bykaranteli.com
2020-06-30,133741,BITCOIN - CHICAGO MERCANTILE EXCHANGE,7675,3079,5332,362,80,2255,1017,1874,648,bykaranteli.com
2020-06-23,133741,BITCOIN - CHICAGO MERCANTILE EXCHANGE,9330,3847,6230,642,297,2120,1417,2308,511,bykaranteli.com
2020-06-16,133741,BITCOIN - CHICAGO MERCANTILE EXCHANGE,8784,3776,5710,406,294,2169,1447,2193,629,bykaranteli.com
2020-06-09,133741,BITCOIN - CHICAGO MERCANTILE EXCHANGE,9565,4203,6198,435,214,2175,1816,2473,562,bykaranteli.com
2020-06-02,133741,BITCOIN - CHICAGO MERCANTILE EXCHANGE,8824,3684,5752,423,214,1806,1706,2597,480,bykaranteli.com
2020-05-26,133741,BITCOIN - CHICAGO MERCANTILE EXCHANGE,8722,3880,4783,363,93,1755,2501,2286,636,bykaranteli.com
2020-05-19,133741,BITCOIN - CHICAGO MERCANTILE EXCHANGE,10878,5458,6815,342,193,1535,2576,2896,346,bykaranteli.com
2020-05-12,133741,BITCOIN - CHICAGO MERCANTILE EXCHANGE,9939,4923,6477,282,113,1389,2047,2645,345,bykaranteli.com
2020-05-05,133741,BITCOIN - CHICAGO MERCANTILE EXCHANGE,7784,3312,4269,316,0,1330,2302,2071,346,bykaranteli.com
2020-04-28,133741,BITCOIN - CHICAGO MERCANTILE EXCHANGE,6111,2024,3379,324,35,1233,1784,2011,417,bykaranteli.com
2020-04-21,133741,BITCOIN - CHICAGO MERCANTILE EXCHANGE,5648,2394,3026,218,316,759,1600,1973,440,bykaranteli.com
2020-04-14,133741,BITCOIN - CHICAGO MERCANTILE EXCHANGE,5538,2260,3198,203,283,868,1394,1903,397,bykaranteli.com
2020-04-07,133741,BITCOIN - CHICAGO MERCANTILE EXCHANGE,5448,2452,3652,221,204,671,934,1765,355,bykaranteli.com
2020-03-31,133741,BITCOIN - CHICAGO MERCANTILE EXCHANGE,3947,1489,2602,173,248,900,453,1259,554,bykaranteli.com
2020-03-24,133741,BITCOIN - CHICAGO MERCANTILE EXCHANGE,3909,1136,2291,125,297,969,550,1503,631,bykaranteli.com
2020-03-17,133741,BITCOIN - CHICAGO MERCANTILE EXCHANGE,4474,1869,2907,101,465,584,504,1481,495,bykaranteli.com
2020-03-10,133741,BITCOIN - CHICAGO MERCANTILE EXCHANGE,4368,1421,3002,115,362,783,25,1490,444,bykaranteli.com
2020-03-03,133741,BITCOIN - CHICAGO MERCANTILE EXCHANGE,4837,764,3454,163,196,1234,0,1989,407,bykaranteli.com
2020-02-25,133741,BITCOIN - CHICAGO MERCANTILE EXCHANGE,5632,1774,4511,164,189,1741,38,1593,427,bykaranteli.com
2020-02-18,133741,BITCOIN - CHICAGO MERCANTILE EXCHANGE,6463,2452,5258,260,177,1576,181,1822,414,bykaranteli.com
2020-02-11,133741,BITCOIN - CHICAGO MERCANTILE EXCHANGE,6106,2237,4553,367,148,924,533,2112,432,bykaranteli.com
2020-02-04,133741,BITCOIN - CHICAGO MERCANTILE EXCHANGE,4367,1436,3136,132,434,678,168,1851,380,bykaranteli.com
2020-01-28,133741,BITCOIN - CHICAGO MERCANTILE EXCHANGE,4917,1747,2907,391,438,419,765,1967,434,bykaranteli.com
2020-01-21,133741,BITCOIN - CHICAGO MERCANTILE EXCHANGE,5139,2304,3035,185,445,437,864,1802,404,bykaranteli.com
2020-01-14,133741,BITCOIN - CHICAGO MERCANTILE EXCHANGE,5405,2688,3339,272,300,342,1043,1774,414,bykaranteli.com
2020-01-07,133741,BITCOIN - CHICAGO MERCANTILE EXCHANGE,5400,2517,3661,338,331,464,786,1757,322,bykaranteli.com
2019-12-31,133741,BITCOIN - CHICAGO MERCANTILE EXCHANGE,3186,1037,1840,159,437,366,451,1354,325,bykaranteli.com
2019-12-24,133741,BITCOIN - CHICAGO MERCANTILE EXCHANGE,3541,1179,2256,133,283,276,514,1690,362,bykaranteli.com
2019-12-17,133741,BITCOIN - CHICAGO MERCANTILE EXCHANGE,3840,1578,2446,38,444,295,331,1658,482,bykaranteli.com
2019-12-10,133741,BITCOIN - CHICAGO MERCANTILE EXCHANGE,3232,1069,1766,56,285,310,396,1544,663,bykaranteli.com
2019-12-03,133741,BITCOIN - CHICAGO MERCANTILE EXCHANGE,2983,894,1257,93,256,307,638,1486,760,bykaranteli.com
2019-11-26,133741,BITCOIN - CHICAGO MERCANTILE EXCHANGE,3554,1155,1669,56,298,334,626,1669,659,bykaranteli.com
2019-11-19,133741,BITCOIN - CHICAGO MERCANTILE EXCHANGE,3157,1059,1914,67,292,466,334,1402,492,bykaranteli.com
2019-11-12,133741,BITCOIN - CHICAGO MERCANTILE EXCHANGE,3091,912,2043,99,143,636,358,1274,409,bykaranteli.com
2019-11-05,133741,BITCOIN - CHICAGO MERCANTILE EXCHANGE,3520,1221,2345,188,149,595,457,1297,382,bykaranteli.com
2019-10-29,133741,BITCOIN - CHICAGO MERCANTILE EXCHANGE,3155,956,2016,260,86,569,445,1185,456,bykaranteli.com
2019-10-22,133741,BITCOIN - CHICAGO MERCANTILE EXCHANGE,3093,950,1714,163,31,321,518,1384,614,bykaranteli.com
2019-10-15,133741,BITCOIN - CHICAGO MERCANTILE EXCHANGE,3444,1186,2031,210,149,370,511,1418,552,bykaranteli.com
2019-10-08,133741,BITCOIN - CHICAGO MERCANTILE EXCHANGE,3335,1211,2048,140,138,395,526,1395,488,bykaranteli.com
2019-10-01,133741,BITCOIN - CHICAGO MERCANTILE EXCHANGE,3348,1298,2063,70,31,374,572,1410,545,bykaranteli.com
2019-09-24,133741,BITCOIN - CHICAGO MERCANTILE EXCHANGE,4178,1651,2510,42,100,488,687,1628,534,bykaranteli.com
2019-09-17,133741,BITCOIN - CHICAGO MERCANTILE EXCHANGE,4174,1688,2254,262,201,521,1093,1453,357,bykaranteli.com
2019-09-10,133741,BITCOIN - CHICAGO MERCANTILE EXCHANGE,4128,1692,2233,244,190,480,951,1428,451,bykaranteli.com
2019-09-03,133741,BITCOIN - CHICAGO MERCANTILE EXCHANGE,4493,1979,2467,324,163,421,1221,1584,438,bykaranteli.com
2019-08-27,133741,BITCOIN - CHICAGO MERCANTILE EXCHANGE,4091,1739,2093,237,222,309,1131,1725,514,bykaranteli.com
2019-08-20,133741,BITCOIN - CHICAGO MERCANTILE EXCHANGE,4485,1836,2209,266,224,463,1350,1696,428,bykaranteli.com
2019-08-13,133741,BITCOIN - CHICAGO MERCANTILE EXCHANGE,4729,2002,2480,222,224,647,1346,1748,519,bykaranteli.com
2019-08-06,133741,BITCOIN - CHICAGO MERCANTILE EXCHANGE,4692,1847,2264,260,224,713,1586,1800,546,bykaranteli.com
2019-07-30,133741,BITCOIN - CHICAGO MERCANTILE EXCHANGE,4302,1843,2288,251,147,533,1280,1523,495,bykaranteli.com
2019-07-23,133741,BITCOIN - CHICAGO MERCANTILE EXCHANGE,4928,2208,2799,102,111,682,1370,1712,464,bykaranteli.com
2019-07-16,133741,BITCOIN - CHICAGO MERCANTILE EXCHANGE,5322,2566,3394,211,151,506,1157,1789,409,bykaranteli.com
2019-07-09,133741,BITCOIN - CHICAGO MERCANTILE EXCHANGE,6075,3233,3730,249,109,625,1711,1730,344,bykaranteli.com
2019-07-02,133741,BITCOIN - CHICAGO MERCANTILE EXCHANGE,5839,3253,3326,188,146,605,1812,1535,333,bykaranteli.com
2019-06-25,133741,BITCOIN - CHICAGO MERCANTILE EXCHANGE,6021,3093,3246,310,0,490,1967,1737,417,bykaranteli.com
2019-06-18,133741,BITCOIN - CHICAGO MERCANTILE EXCHANGE,5391,2564,2911,354,0,482,1621,1500,368,bykaranteli.com
2019-06-11,133741,BITCOIN - CHICAGO MERCANTILE EXCHANGE,4434,2073,3044,359,0,362,751,1360,359,bykaranteli.com
2019-06-04,133741,BITCOIN - CHICAGO MERCANTILE EXCHANGE,4436,2321,2698,300,56,213,1043,1391,428,bykaranteli.com
2019-05-28,133741,BITCOIN - CHICAGO MERCANTILE EXCHANGE,5190,2709,2763,319,0,238,1577,1553,356,bykaranteli.com
2019-05-21,133741,BITCOIN - CHICAGO MERCANTILE EXCHANGE,4650,2354,2498,223,0,268,1251,1421,394,bykaranteli.com
2019-05-14,133741,BITCOIN - CHICAGO MERCANTILE EXCHANGE,4447,2289,2455,199,0,317,1218,1353,362,bykaranteli.com
2019-05-07,133741,BITCOIN - CHICAGO MERCANTILE EXCHANGE,4388,1941,2692,286,0,719,1216,1334,249,bykaranteli.com
2019-04-30,133741,BITCOIN - CHICAGO MERCANTILE EXCHANGE,3817,1789,2375,254,72,458,942,1218,207,bykaranteli.com
2019-04-23,133741,BITCOIN - CHICAGO MERCANTILE EXCHANGE,4313,2025,2458,245,132,501,1173,1386,236,bykaranteli.com
2019-04-16,133741,BITCOIN - CHICAGO MERCANTILE EXCHANGE,4324,2272,2541,163,201,532,975,1164,256,bykaranteli.com
2019-04-09,133741,BITCOIN - CHICAGO MERCANTILE EXCHANGE,4443,1968,2714,244,80,634,804,1176,266,bykaranteli.com
2019-04-02,133741,BITCOIN - CHICAGO MERCANTILE EXCHANGE,4000,1517,2598,315,89,598,440,1099,244,bykaranteli.com
2019-03-26,133741,BITCOIN - CHICAGO MERCANTILE EXCHANGE,3428,1238,2105,35,241,687,88,930,332,bykaranteli.com
2019-03-19,133741,BITCOIN - CHICAGO MERCANTILE EXCHANGE,3681,1460,2528,156,177,767,285,1003,272,bykaranteli.com
2019-03-12,133741,BITCOIN - CHICAGO MERCANTILE EXCHANGE,3480,1459,2257,97,195,751,343,842,230,bykaranteli.com
2019-03-05,133741,BITCOIN - CHICAGO MERCANTILE EXCHANGE,3226,1347,1812,33,228,823,559,858,338,bykaranteli.com
2019-02-26,133741,BITCOIN - CHICAGO MERCANTILE EXCHANGE,3324,1575,1885,54,283,739,624,824,276,bykaranteli.com
2019-02-19,133741,BITCOIN - CHICAGO MERCANTILE EXCHANGE,3964,1834,2259,170,165,704,761,858,284,bykaranteli.com
2019-02-12,133741,BITCOIN - CHICAGO MERCANTILE EXCHANGE,3361,1697,2090,134,205,510,462,762,249,bykaranteli.com
2019-02-05,133741,BITCOIN - CHICAGO MERCANTILE EXCHANGE,3881,2532,2429,32,291,245,354,695,333,bykaranteli.com
2019-01-29,133741,BITCOIN - CHICAGO MERCANTILE EXCHANGE,4047,2760,2572,30,360,227,347,689,330,bykaranteli.com
2019-01-22,133741,BITCOIN - CHICAGO MERCANTILE EXCHANGE,4976,3341,2863,27,344,111,610,683,344,bykaranteli.com
2019-01-15,133741,BITCOIN - CHICAGO MERCANTILE EXCHANGE,4473,3417,2923,27,337,110,608,706,391,bykaranteli.com
2019-01-08,133741,BITCOIN - CHICAGO MERCANTILE EXCHANGE,3764,2610,2648,165,140,201,602,720,306,bykaranteli.com
2018-12-31,133741,BITCOIN - CHICAGO MERCANTILE EXCHANGE,3708,2452,2389,80,140,105,674,795,278,bykaranteli.com
2018-12-24,133741,BITCOIN - CHICAGO MERCANTILE EXCHANGE,3857,2690,2577,101,140,160,673,720,281,bykaranteli.com
2018-12-18,133741,BITCOIN - CHICAGO MERCANTILE EXCHANGE,4359,3091,3213,138,110,178,605,800,279,bykaranteli.com
2018-12-11,133741,BITCOIN - CHICAGO MERCANTILE EXCHANGE,3970,2905,2699,27,256,159,545,751,342,bykaranteli.com
2018-12-04,133741,BITCOIN - CHICAGO MERCANTILE EXCHANGE,3301,2409,2317,34,123,195,465,585,318,bykaranteli.com
2018-11-27,133741,BITCOIN - CHICAGO MERCANTILE EXCHANGE,3791,2416,2089,0,238,261,674,734,410,bykaranteli.com
2018-11-20,133741,BITCOIN - CHICAGO MERCANTILE EXCHANGE,3729,2152,1912,0,166,315,672,663,380,bykaranteli.com
2018-11-13,133741,BITCOIN - CHICAGO MERCANTILE EXCHANGE,3530,2462,2353,0,250,399,619,637,307,bykaranteli.com
2018-11-06,133741,BITCOIN - CHICAGO MERCANTILE EXCHANGE,2913,1877,1965,72,108,299,552,665,288,bykaranteli.com
2018-10-30,133741,BITCOIN - CHICAGO MERCANTILE EXCHANGE,2608,1789,1511,0,238,184,451,553,326,bykaranteli.com
2018-10-23,133741,BITCOIN - CHICAGO MERCANTILE EXCHANGE,3001,1659,1400,0,161,211,531,665,367,bykaranteli.com
2018-10-16,133741,BITCOIN - CHICAGO MERCANTILE EXCHANGE,2730,1606,1620,54,108,302,556,704,306,bykaranteli.com
2018-10-09,133741,BITCOIN - CHICAGO MERCANTILE EXCHANGE,2848,1643,1656,0,121,395,606,786,365,bykaranteli.com
2018-10-02,133741,BITCOIN - CHICAGO MERCANTILE EXCHANGE,2354,1237,1342,26,125,327,566,741,258,bykaranteli.com
2018-09-25,133741,BITCOIN - CHICAGO MERCANTILE EXCHANGE,2746,1412,1420,0,131,213,539,789,323,bykaranteli.com
2018-09-18,133741,BITCOIN - CHICAGO MERCANTILE EXCHANGE,2742,1566,1382,0,140,90,654,858,338,bykaranteli.com
2018-09-11,133741,BITCOIN - CHICAGO MERCANTILE EXCHANGE,2711,1630,1322,0,199,116,727,743,241,bykaranteli.com
2018-09-04,133741,BITCOIN - CHICAGO MERCANTILE EXCHANGE,2707,1187,1657,99,140,576,532,820,353,bykaranteli.com
2018-08-28,133741,BITCOIN - CHICAGO MERCANTILE EXCHANGE,2840,1688,1745,67,170,160,529,859,330,bykaranteli.com
2018-08-21,133741,BITCOIN - CHICAGO MERCANTILE EXCHANGE,2981,2104,1838,0,191,85,515,711,356,bykaranteli.com
2018-08-14,133741,BITCOIN - CHICAGO MERCANTILE EXCHANGE,2983,2065,1766,0,215,138,521,705,406,bykaranteli.com
2018-08-07,133741,BITCOIN - CHICAGO MERCANTILE EXCHANGE,2732,1481,1454,0,143,135,470,800,349,bykaranteli.com
2018-07-31,133741,BITCOIN - CHICAGO MERCANTILE EXCHANGE,3063,1722,1969,0,209,259,340,815,278,bykaranteli.com
2018-07-24,133741,BITCOIN - CHICAGO MERCANTILE EXCHANGE,3431,1353,2313,44,164,868,392,931,357,bykaranteli.com
2018-07-17,133741,BITCOIN - CHICAGO MERCANTILE EXCHANGE,2854,1469,1990,25,89,493,332,784,360,bykaranteli.com
2018-07-10,133741,BITCOIN - CHICAGO MERCANTILE EXCHANGE,2622,1412,1652,0,119,396,368,701,370,bykaranteli.com
2018-07-03,133741,BITCOIN - CHICAGO MERCANTILE EXCHANGE,2514,1198,1639,44,84,438,366,786,377,bykaranteli.com
2018-06-26,133741,BITCOIN - CHICAGO MERCANTILE EXCHANGE,2687,1508,1505,0,111,171,515,839,416,bykaranteli.com
2018-06-19,133741,BITCOIN - CHICAGO MERCANTILE EXCHANGE,2633,1478,1414,52,59,159,590,804,459,bykaranteli.com
2018-06-12,133741,BITCOIN - CHICAGO MERCANTILE EXCHANGE,2643,1349,1634,0,108,427,440,819,442,bykaranteli.com
2018-06-05,133741,BITCOIN - CHICAGO MERCANTILE EXCHANGE,2556,1126,1845,47,29,540,305,816,350,bykaranteli.com
2018-05-29,133741,BITCOIN - CHICAGO MERCANTILE EXCHANGE,2714,1172,1812,38,25,486,416,960,403,bykaranteli.com
2018-05-22,133741,BITCOIN - CHICAGO MERCANTILE EXCHANGE,2684,1323,1872,0,29,462,327,849,406,bykaranteli.com
2018-05-15,133741,BITCOIN - CHICAGO MERCANTILE EXCHANGE,2505,1338,1657,0,29,337,366,804,427,bykaranteli.com
2018-05-08,133741,BITCOIN - CHICAGO MERCANTILE EXCHANGE,2485,1284,1707,0,0,391,368,790,390,bykaranteli.com
2018-05-01,133741,BITCOIN - CHICAGO MERCANTILE EXCHANGE,1991,1198,1348,0,0,177,283,589,333,bykaranteli.com
2018-04-24,133741,BITCOIN - CHICAGO MERCANTILE EXCHANGE,2380,1194,1682,105,0,198,336,829,308,bykaranteli.com
2018-04-17,133741,BITCOIN - CHICAGO MERCANTILE EXCHANGE,2029,1053,1313,122,0,130,332,682,342,bykaranteli.com
2018-04-10,133741,BITCOIN - CHICAGO MERCANTILE EXCHANGE,1702,902,1108,122,0,53,207,599,361,bykaranteli.com
