date,currency,dvol,source
2021-03-24,BTC,95.04,bykaranteli.com
2021-03-24,ETH,106.73,bykaranteli.com
2021-03-25,BTC,89.74,bykaranteli.com
2021-03-25,ETH,105.39,bykaranteli.com
2021-03-26,BTC,84.52,bykaranteli.com
2021-03-26,ETH,90.27,bykaranteli.com
2021-03-27,BTC,79.69,bykaranteli.com
2021-03-27,ETH,87.46,bykaranteli.com
2021-03-28,BTC,79.07,bykaranteli.com
2021-03-28,ETH,84.22,bykaranteli.com
2021-03-29,BTC,83.71,bykaranteli.com
2021-03-29,ETH,88.24,bykaranteli.com
2021-03-30,BTC,85.08,bykaranteli.com
2021-03-30,ETH,89.19,bykaranteli.com
2021-03-31,BTC,86.45,bykaranteli.com
2021-03-31,ETH,93.88,bykaranteli.com
2021-04-01,BTC,82.38,bykaranteli.com
2021-04-01,ETH,89.09,bykaranteli.com
2021-04-02,BTC,81.28,bykaranteli.com
2021-04-02,ETH,94.81,bykaranteli.com
2021-04-03,BTC,81.29,bykaranteli.com
2021-04-03,ETH,95.17,bykaranteli.com
2021-04-04,BTC,82.42,bykaranteli.com
2021-04-04,ETH,93.72,bykaranteli.com
2021-04-05,BTC,80.22,bykaranteli.com
2021-04-05,ETH,91.94,bykaranteli.com
2021-04-06,BTC,81.01,bykaranteli.com
2021-04-06,ETH,92.31,bykaranteli.com
2021-04-07,BTC,78.78,bykaranteli.com
2021-04-07,ETH,88.32,bykaranteli.com
2021-04-08,BTC,74.31,bykaranteli.com
2021-04-08,ETH,86.21,bykaranteli.com
2021-04-09,BTC,77.07,bykaranteli.com
2021-04-09,ETH,84.58,bykaranteli.com
2021-04-10,BTC,81.54,bykaranteli.com
2021-04-10,ETH,90.53,bykaranteli.com
2021-04-11,BTC,82.61,bykaranteli.com
2021-04-11,ETH,93.35,bykaranteli.com
2021-04-12,BTC,84.5,bykaranteli.com
2021-04-12,ETH,96.81,bykaranteli.com
2021-04-13,BTC,88.64,bykaranteli.com
2021-04-13,ETH,102.2,bykaranteli.com
2021-04-14,BTC,83.85,bykaranteli.com
2021-04-14,ETH,94.57,bykaranteli.com
2021-04-15,BTC,77.08,bykaranteli.com
2021-04-15,ETH,89.72,bykaranteli.com
2021-04-16,BTC,77.67,bykaranteli.com
2021-04-16,ETH,85.47,bykaranteli.com
2021-04-17,BTC,74.43,bykaranteli.com
2021-04-17,ETH,83.47,bykaranteli.com
2021-04-18,BTC,88.4,bykaranteli.com
2021-04-18,ETH,97.12,bykaranteli.com
2021-04-19,BTC,83.2,bykaranteli.com
2021-04-19,ETH,93.87,bykaranteli.com
2021-04-20,BTC,82.96,bykaranteli.com
2021-04-20,ETH,94.36,bykaranteli.com
2021-04-21,BTC,83,bykaranteli.com
2021-04-21,ETH,92.71,bykaranteli.com
2021-04-22,BTC,87.39,bykaranteli.com
2021-04-22,ETH,91.92,bykaranteli.com
2021-04-23,BTC,89.31,bykaranteli.com
2021-04-23,ETH,94.38,bykaranteli.com
2021-04-24,BTC,94.08,bykaranteli.com
2021-04-24,ETH,100.44,bykaranteli.com
2021-04-25,BTC,93.46,bykaranteli.com
2021-04-25,ETH,101.64,bykaranteli.com
2021-04-26,BTC,82.66,bykaranteli.com
2021-04-26,ETH,91.39,bykaranteli.com
2021-04-27,BTC,77.53,bykaranteli.com
2021-04-27,ETH,92.29,bykaranteli.com
2021-04-28,BTC,76.96,bykaranteli.com
2021-04-28,ETH,88.95,bykaranteli.com
2021-04-29,BTC,80.2,bykaranteli.com
2021-04-29,ETH,94.2,bykaranteli.com
2021-04-30,BTC,75.09,bykaranteli.com
2021-04-30,ETH,95.97,bykaranteli.com
2021-05-01,BTC,76.15,bykaranteli.com
2021-05-01,ETH,98,bykaranteli.com
2021-05-02,BTC,79.09,bykaranteli.com
2021-05-02,ETH,95.95,bykaranteli.com
2021-05-03,BTC,81.79,bykaranteli.com
2021-05-03,ETH,111.48,bykaranteli.com
2021-05-04,BTC,87.96,bykaranteli.com
2021-05-04,ETH,116.77,bykaranteli.com
2021-05-05,BTC,84.39,bykaranteli.com
2021-05-05,ETH,117.82,bykaranteli.com
2021-05-06,BTC,82.14,bykaranteli.com
2021-05-06,ETH,115.85,bykaranteli.com
2021-05-07,BTC,80.56,bykaranteli.com
2021-05-07,ETH,109.35,bykaranteli.com
2021-05-08,BTC,83.57,bykaranteli.com
2021-05-08,ETH,113.49,bykaranteli.com
2021-05-09,BTC,86.05,bykaranteli.com
2021-05-09,ETH,115.12,bykaranteli.com
2021-05-10,BTC,90.26,bykaranteli.com
2021-05-10,ETH,124.28,bykaranteli.com
2021-05-11,BTC,86.27,bykaranteli.com
2021-05-11,ETH,127.51,bykaranteli.com
2021-05-12,BTC,93.86,bykaranteli.com
2021-05-12,ETH,132.93,bykaranteli.com
2021-05-13,BTC,92.9,bykaranteli.com
2021-05-13,ETH,124.53,bykaranteli.com
2021-05-14,BTC,98.46,bykaranteli.com
2021-05-14,ETH,125.3,bykaranteli.com
2021-05-15,BTC,102.85,bykaranteli.com
2021-05-15,ETH,128.69,bykaranteli.com
2021-05-16,BTC,105.28,bykaranteli.com
2021-05-16,ETH,129.27,bykaranteli.com
2021-05-17,BTC,123.02,bykaranteli.com
2021-05-17,ETH,131.11,bykaranteli.com
2021-05-18,BTC,117.01,bykaranteli.com
2021-05-18,ETH,129.27,bykaranteli.com
2021-05-19,BTC,124.83,bykaranteli.com
2021-05-19,ETH,158.27,bykaranteli.com
2021-05-20,BTC,119.77,bykaranteli.com
2021-05-20,ETH,181.68,bykaranteli.com
2021-05-21,BTC,139.98,bykaranteli.com
2021-05-21,ETH,185.12,bykaranteli.com
2021-05-22,BTC,140.05,bykaranteli.com
2021-05-22,ETH,186.76,bykaranteli.com
2021-05-23,BTC,156.2,bykaranteli.com
2021-05-23,ETH,193.34,bykaranteli.com
2021-05-24,BTC,125.12,bykaranteli.com
2021-05-24,ETH,165.51,bykaranteli.com
2021-05-25,BTC,129.11,bykaranteli.com
2021-05-25,ETH,167.01,bykaranteli.com
2021-05-26,BTC,117.02,bykaranteli.com
2021-05-26,ETH,162.34,bykaranteli.com
2021-05-27,BTC,107.26,bykaranteli.com
2021-05-27,ETH,161.07,bykaranteli.com
2021-05-28,BTC,122.55,bykaranteli.com
2021-05-28,ETH,170.2,bykaranteli.com
2021-05-29,BTC,129.3,bykaranteli.com
2021-05-29,ETH,173.12,bykaranteli.com
2021-05-30,BTC,123.61,bykaranteli.com
2021-05-30,ETH,156.16,bykaranteli.com
2021-05-31,BTC,106.47,bykaranteli.com
2021-05-31,ETH,148.59,bykaranteli.com
2021-06-01,BTC,108.23,bykaranteli.com
2021-06-01,ETH,149.88,bykaranteli.com
2021-06-02,BTC,103.17,bykaranteli.com
2021-06-02,ETH,145.1,bykaranteli.com
2021-06-03,BTC,99.19,bykaranteli.com
2021-06-03,ETH,140.76,bykaranteli.com
2021-06-04,BTC,102.91,bykaranteli.com
2021-06-04,ETH,138.64,bykaranteli.com
2021-06-05,BTC,108.52,bykaranteli.com
2021-06-05,ETH,140.87,bykaranteli.com
2021-06-06,BTC,105.93,bykaranteli.com
2021-06-06,ETH,138.32,bykaranteli.com
2021-06-07,BTC,108.32,bykaranteli.com
2021-06-07,ETH,138.24,bykaranteli.com
2021-06-08,BTC,111.04,bykaranteli.com
2021-06-08,ETH,141.21,bykaranteli.com
2021-06-09,BTC,105.82,bykaranteli.com
2021-06-09,ETH,133.27,bykaranteli.com
2021-06-10,BTC,99.46,bykaranteli.com
2021-06-10,ETH,125.64,bykaranteli.com
2021-06-11,BTC,97.22,bykaranteli.com
2021-06-11,ETH,122.64,bykaranteli.com
2021-06-12,BTC,99.39,bykaranteli.com
2021-06-12,ETH,122.26,bykaranteli.com
2021-06-13,BTC,102.86,bykaranteli.com
2021-06-13,ETH,123.11,bykaranteli.com
2021-06-14,BTC,98.88,bykaranteli.com
2021-06-14,ETH,119.31,bykaranteli.com
2021-06-15,BTC,96.77,bykaranteli.com
2021-06-15,ETH,110.35,bykaranteli.com
2021-06-16,BTC,95.25,bykaranteli.com
2021-06-16,ETH,109.16,bykaranteli.com
2021-06-17,BTC,95.28,bykaranteli.com
2021-06-17,ETH,106.66,bykaranteli.com
2021-06-18,BTC,94.73,bykaranteli.com
2021-06-18,ETH,108.92,bykaranteli.com
2021-06-19,BTC,91.89,bykaranteli.com
2021-06-19,ETH,103.76,bykaranteli.com
2021-06-20,BTC,95.63,bykaranteli.com
2021-06-20,ETH,106.78,bykaranteli.com
2021-06-21,BTC,106.23,bykaranteli.com
2021-06-21,ETH,124.43,bykaranteli.com
2021-06-22,BTC,107.01,bykaranteli.com
2021-06-22,ETH,123.72,bykaranteli.com
2021-06-23,BTC,102.21,bykaranteli.com
2021-06-23,ETH,118.16,bykaranteli.com
2021-06-24,BTC,100.99,bykaranteli.com
2021-06-24,ETH,116.28,bykaranteli.com
2021-06-25,BTC,105.3,bykaranteli.com
2021-06-25,ETH,118.58,bykaranteli.com
2021-06-26,BTC,106.7,bykaranteli.com
2021-06-26,ETH,119.49,bykaranteli.com
2021-06-27,BTC,106.41,bykaranteli.com
2021-06-27,ETH,117.59,bykaranteli.com
2021-06-28,BTC,104.3,bykaranteli.com
2021-06-28,ETH,114.07,bykaranteli.com
2021-06-29,BTC,98.86,bykaranteli.com
2021-06-29,ETH,109.67,bykaranteli.com
2021-06-30,BTC,104.51,bykaranteli.com
2021-06-30,ETH,114.41,bykaranteli.com
2021-07-01,BTC,102.38,bykaranteli.com
2021-07-01,ETH,113.77,bykaranteli.com
2021-07-02,BTC,99.23,bykaranteli.com
2021-07-02,ETH,108.95,bykaranteli.com
2021-07-03,BTC,98.02,bykaranteli.com
2021-07-03,ETH,107.32,bykaranteli.com
2021-07-04,BTC,95.89,bykaranteli.com
2021-07-04,ETH,104.96,bykaranteli.com
2021-07-05,BTC,96.39,bykaranteli.com
2021-07-05,ETH,102.79,bykaranteli.com
2021-07-06,BTC,95.74,bykaranteli.com
2021-07-06,ETH,106.33,bykaranteli.com
2021-07-07,BTC,94.93,bykaranteli.com
2021-07-07,ETH,105.5,bykaranteli.com
2021-07-08,BTC,94.43,bykaranteli.com
2021-07-08,ETH,107.88,bykaranteli.com
2021-07-09,BTC,90.89,bykaranteli.com
2021-07-09,ETH,103.92,bykaranteli.com
2021-07-10,BTC,90.57,bykaranteli.com
2021-07-10,ETH,104.72,bykaranteli.com
2021-07-11,BTC,88.71,bykaranteli.com
2021-07-11,ETH,103.6,bykaranteli.com
2021-07-12,BTC,90.51,bykaranteli.com
2021-07-12,ETH,103.41,bykaranteli.com
2021-07-13,BTC,90.81,bykaranteli.com
2021-07-13,ETH,105.3,bykaranteli.com
2021-07-14,BTC,86.97,bykaranteli.com
2021-07-14,ETH,101.34,bykaranteli.com
2021-07-15,BTC,85.55,bykaranteli.com
2021-07-15,ETH,101.7,bykaranteli.com
2021-07-16,BTC,82.59,bykaranteli.com
2021-07-16,ETH,100.98,bykaranteli.com
2021-07-17,BTC,82.78,bykaranteli.com
2021-07-17,ETH,100.89,bykaranteli.com
2021-07-18,BTC,83.52,bykaranteli.com
2021-07-18,ETH,101.43,bykaranteli.com
2021-07-19,BTC,88.46,bykaranteli.com
2021-07-19,ETH,106.48,bykaranteli.com
2021-07-20,BTC,91.49,bykaranteli.com
2021-07-20,ETH,108.45,bykaranteli.com
2021-07-21,BTC,87.86,bykaranteli.com
2021-07-21,ETH,108.34,bykaranteli.com
2021-07-22,BTC,84.64,bykaranteli.com
2021-07-22,ETH,105.24,bykaranteli.com
2021-07-23,BTC,81.75,bykaranteli.com
2021-07-23,ETH,101.97,bykaranteli.com
2021-07-24,BTC,81.31,bykaranteli.com
2021-07-24,ETH,102.41,bykaranteli.com
2021-07-25,BTC,83.9,bykaranteli.com
2021-07-25,ETH,103.05,bykaranteli.com
2021-07-26,BTC,87.68,bykaranteli.com
2021-07-26,ETH,105.35,bykaranteli.com
2021-07-27,BTC,91.84,bykaranteli.com
2021-07-27,ETH,108.34,bykaranteli.com
2021-07-28,BTC,95.68,bykaranteli.com
2021-07-28,ETH,107.3,bykaranteli.com
2021-07-29,BTC,93.24,bykaranteli.com
2021-07-29,ETH,106.81,bykaranteli.com
2021-07-30,BTC,93.49,bykaranteli.com
2021-07-30,ETH,103.84,bykaranteli.com
2021-07-31,BTC,89.55,bykaranteli.com
2021-07-31,ETH,102.22,bykaranteli.com
2021-08-01,BTC,89.3,bykaranteli.com
2021-08-01,ETH,103.95,bykaranteli.com
2021-08-02,BTC,88.52,bykaranteli.com
2021-08-02,ETH,102.98,bykaranteli.com
2021-08-03,BTC,89.04,bykaranteli.com
2021-08-03,ETH,105.79,bykaranteli.com
2021-08-04,BTC,91.94,bykaranteli.com
2021-08-04,ETH,109.75,bykaranteli.com
2021-08-05,BTC,96.09,bykaranteli.com
2021-08-05,ETH,114.91,bykaranteli.com
2021-08-06,BTC,93.62,bykaranteli.com
2021-08-06,ETH,111.07,bykaranteli.com
2021-08-07,BTC,97.27,bykaranteli.com
2021-08-07,ETH,118.74,bykaranteli.com
2021-08-08,BTC,95.99,bykaranteli.com
2021-08-08,ETH,115.71,bykaranteli.com
2021-08-09,BTC,106.97,bykaranteli.com
2021-08-09,ETH,127.77,bykaranteli.com
2021-08-10,BTC,103.35,bykaranteli.com
2021-08-10,ETH,121.58,bykaranteli.com
2021-08-11,BTC,100.53,bykaranteli.com
2021-08-11,ETH,120.03,bykaranteli.com
2021-08-12,BTC,98.06,bykaranteli.com
2021-08-12,ETH,115.36,bykaranteli.com
2021-08-13,BTC,100.3,bykaranteli.com
2021-08-13,ETH,117.07,bykaranteli.com
2021-08-14,BTC,97.48,bykaranteli.com
2021-08-14,ETH,112.41,bykaranteli.com
2021-08-15,BTC,98.69,bykaranteli.com
2021-08-15,ETH,111.83,bykaranteli.com
2021-08-16,BTC,98.3,bykaranteli.com
2021-08-16,ETH,111.98,bykaranteli.com
2021-08-17,BTC,96.68,bykaranteli.com
2021-08-17,ETH,113.03,bykaranteli.com
2021-08-18,BTC,95.81,bykaranteli.com
2021-08-18,ETH,112.93,bykaranteli.com
2021-08-19,BTC,94.5,bykaranteli.com
2021-08-19,ETH,112.14,bykaranteli.com
2021-08-20,BTC,93.06,bykaranteli.com
2021-08-20,ETH,110.2,bykaranteli.com
2021-08-21,BTC,92.71,bykaranteli.com
2021-08-21,ETH,108.21,bykaranteli.com
2021-08-22,BTC,94.83,bykaranteli.com
2021-08-22,ETH,107.13,bykaranteli.com
2021-08-23,BTC,93.64,bykaranteli.com
2021-08-23,ETH,107.08,bykaranteli.com
2021-08-24,BTC,92.85,bykaranteli.com
2021-08-24,ETH,106.13,bykaranteli.com
2021-08-25,BTC,93.62,bykaranteli.com
2021-08-25,ETH,103.62,bykaranteli.com
2021-08-26,BTC,93.87,bykaranteli.com
2021-08-26,ETH,102.92,bykaranteli.com
2021-08-27,BTC,90.92,bykaranteli.com
2021-08-27,ETH,102.06,bykaranteli.com
2021-08-28,BTC,90.11,bykaranteli.com
2021-08-28,ETH,98.27,bykaranteli.com
2021-08-29,BTC,90.6,bykaranteli.com
2021-08-29,ETH,99.54,bykaranteli.com
2021-08-30,BTC,92.08,bykaranteli.com
2021-08-30,ETH,103.79,bykaranteli.com
2021-08-31,BTC,91.08,bykaranteli.com
2021-08-31,ETH,104.64,bykaranteli.com
2021-09-01,BTC,93.65,bykaranteli.com
2021-09-01,ETH,113.63,bykaranteli.com
2021-09-02,BTC,92.82,bykaranteli.com
2021-09-02,ETH,110.75,bykaranteli.com
2021-09-03,BTC,90.15,bykaranteli.com
2021-09-03,ETH,106.48,bykaranteli.com
2021-09-04,BTC,91.3,bykaranteli.com
2021-09-04,ETH,107.6,bykaranteli.com
2021-09-05,BTC,93.37,bykaranteli.com
2021-09-05,ETH,109.21,bykaranteli.com
2021-09-06,BTC,92.86,bykaranteli.com
2021-09-06,ETH,107.56,bykaranteli.com
2021-09-07,BTC,95.16,bykaranteli.com
2021-09-07,ETH,110.41,bykaranteli.com
2021-09-08,BTC,92.31,bykaranteli.com
2021-09-08,ETH,107.7,bykaranteli.com
2021-09-09,BTC,91.95,bykaranteli.com
2021-09-09,ETH,106.28,bykaranteli.com
2021-09-10,BTC,90.57,bykaranteli.com
2021-09-10,ETH,104.56,bykaranteli.com
2021-09-11,BTC,89.46,bykaranteli.com
2021-09-11,ETH,105.08,bykaranteli.com
2021-09-12,BTC,92.13,bykaranteli.com
2021-09-12,ETH,106.1,bykaranteli.com
2021-09-13,BTC,92.14,bykaranteli.com
2021-09-13,ETH,106.25,bykaranteli.com
2021-09-14,BTC,90.9,bykaranteli.com
2021-09-14,ETH,106.64,bykaranteli.com
2021-09-15,BTC,90.32,bykaranteli.com
2021-09-15,ETH,103.59,bykaranteli.com
2021-09-16,BTC,84.17,bykaranteli.com
2021-09-16,ETH,98.61,bykaranteli.com
2021-09-17,BTC,82.35,bykaranteli.com
2021-09-17,ETH,98.52,bykaranteli.com
2021-09-18,BTC,84.7,bykaranteli.com
2021-09-18,ETH,97.54,bykaranteli.com
2021-09-19,BTC,85.72,bykaranteli.com
2021-09-19,ETH,96.98,bykaranteli.com
2021-09-20,BTC,91.76,bykaranteli.com
2021-09-20,ETH,104.64,bykaranteli.com
2021-09-21,BTC,96.26,bykaranteli.com
2021-09-21,ETH,111.21,bykaranteli.com
2021-09-22,BTC,88.73,bykaranteli.com
2021-09-22,ETH,100.77,bykaranteli.com
2021-09-23,BTC,83.84,bykaranteli.com
2021-09-23,ETH,97.82,bykaranteli.com
2021-09-24,BTC,86.92,bykaranteli.com
2021-09-24,ETH,101.81,bykaranteli.com
2021-09-25,BTC,85.88,bykaranteli.com
2021-09-25,ETH,100.44,bykaranteli.com
2021-09-26,BTC,89.12,bykaranteli.com
2021-09-26,ETH,100.62,bykaranteli.com
2021-09-27,BTC,89.25,bykaranteli.com
2021-09-27,ETH,104.71,bykaranteli.com
2021-09-28,BTC,92.27,bykaranteli.com
2021-09-28,ETH,109.77,bykaranteli.com
2021-09-29,BTC,91.77,bykaranteli.com
2021-09-29,ETH,104.62,bykaranteli.com
2021-09-30,BTC,90.97,bykaranteli.com
2021-09-30,ETH,103.19,bykaranteli.com
2021-10-01,BTC,85.84,bykaranteli.com
2021-10-01,ETH,96.12,bykaranteli.com
2021-10-02,BTC,83.97,bykaranteli.com
2021-10-02,ETH,94.17,bykaranteli.com
2021-10-03,BTC,85.56,bykaranteli.com
2021-10-03,ETH,96.24,bykaranteli.com
2021-10-04,BTC,89.62,bykaranteli.com
2021-10-04,ETH,99.76,bykaranteli.com
2021-10-05,BTC,92.68,bykaranteli.com
2021-10-05,ETH,100.91,bykaranteli.com
2021-10-06,BTC,89.38,bykaranteli.com
2021-10-06,ETH,101.65,bykaranteli.com
2021-10-07,BTC,88.13,bykaranteli.com
2021-10-07,ETH,101.57,bykaranteli.com
2021-10-08,BTC,88.19,bykaranteli.com
2021-10-08,ETH,99.01,bykaranteli.com
2021-10-09,BTC,87.42,bykaranteli.com
2021-10-09,ETH,97.63,bykaranteli.com
2021-10-10,BTC,89.23,bykaranteli.com
2021-10-10,ETH,98.5,bykaranteli.com
2021-10-11,BTC,90.49,bykaranteli.com
2021-10-11,ETH,98.99,bykaranteli.com
2021-10-12,BTC,93.37,bykaranteli.com
2021-10-12,ETH,101.29,bykaranteli.com
2021-10-13,BTC,95,bykaranteli.com
2021-10-13,ETH,101.07,bykaranteli.com
2021-10-14,BTC,97.87,bykaranteli.com
2021-10-14,ETH,102.76,bykaranteli.com
2021-10-15,BTC,90.71,bykaranteli.com
2021-10-15,ETH,100.71,bykaranteli.com
2021-10-16,BTC,86.8,bykaranteli.com
2021-10-16,ETH,92.25,bykaranteli.com
2021-10-17,BTC,89.66,bykaranteli.com
2021-10-17,ETH,97.8,bykaranteli.com
2021-10-18,BTC,92.4,bykaranteli.com
2021-10-18,ETH,103.18,bykaranteli.com
2021-10-19,BTC,94.15,bykaranteli.com
2021-10-19,ETH,103.74,bykaranteli.com
2021-10-20,BTC,93.04,bykaranteli.com
2021-10-20,ETH,113.61,bykaranteli.com
2021-10-21,BTC,92.52,bykaranteli.com
2021-10-21,ETH,110.13,bykaranteli.com
2021-10-22,BTC,86.73,bykaranteli.com
2021-10-22,ETH,103.5,bykaranteli.com
2021-10-23,BTC,86.31,bykaranteli.com
2021-10-23,ETH,103.74,bykaranteli.com
2021-10-24,BTC,89.88,bykaranteli.com
2021-10-24,ETH,105.65,bykaranteli.com
2021-10-25,BTC,84.45,bykaranteli.com
2021-10-25,ETH,103.1,bykaranteli.com
2021-10-26,BTC,89.01,bykaranteli.com
2021-10-26,ETH,103.18,bykaranteli.com
2021-10-27,BTC,88.45,bykaranteli.com
2021-10-27,ETH,109.02,bykaranteli.com
2021-10-28,BTC,89.87,bykaranteli.com
2021-10-28,ETH,110.39,bykaranteli.com
2021-10-29,BTC,87.58,bykaranteli.com
2021-10-29,ETH,107.13,bykaranteli.com
2021-10-30,BTC,87.17,bykaranteli.com
2021-10-30,ETH,107.37,bykaranteli.com
2021-10-31,BTC,87.64,bykaranteli.com
2021-10-31,ETH,108.41,bykaranteli.com
2021-11-01,BTC,85.45,bykaranteli.com
2021-11-01,ETH,107.67,bykaranteli.com
2021-11-02,BTC,87.23,bykaranteli.com
2021-11-02,ETH,111.84,bykaranteli.com
2021-11-03,BTC,85.84,bykaranteli.com
2021-11-03,ETH,109.19,bykaranteli.com
2021-11-04,BTC,84.73,bykaranteli.com
2021-11-04,ETH,107.17,bykaranteli.com
2021-11-05,BTC,85.71,bykaranteli.com
2021-11-05,ETH,103.82,bykaranteli.com
2021-11-06,BTC,87.07,bykaranteli.com
2021-11-06,ETH,106.48,bykaranteli.com
2021-11-07,BTC,86.59,bykaranteli.com
2021-11-07,ETH,104.02,bykaranteli.com
2021-11-08,BTC,86.69,bykaranteli.com
2021-11-08,ETH,105.13,bykaranteli.com
2021-11-09,BTC,84.68,bykaranteli.com
2021-11-09,ETH,104.51,bykaranteli.com
2021-11-10,BTC,86.36,bykaranteli.com
2021-11-10,ETH,105.05,bykaranteli.com
2021-11-11,BTC,85.23,bykaranteli.com
2021-11-11,ETH,103.92,bykaranteli.com
2021-11-12,BTC,88.44,bykaranteli.com
2021-11-12,ETH,107.06,bykaranteli.com
2021-11-13,BTC,87.74,bykaranteli.com
2021-11-13,ETH,105.93,bykaranteli.com
2021-11-14,BTC,87.22,bykaranteli.com
2021-11-14,ETH,103.24,bykaranteli.com
2021-11-15,BTC,85.04,bykaranteli.com
2021-11-15,ETH,102.78,bykaranteli.com
2021-11-16,BTC,87.28,bykaranteli.com
2021-11-16,ETH,110.64,bykaranteli.com
2021-11-17,BTC,89.88,bykaranteli.com
2021-11-17,ETH,109.74,bykaranteli.com
2021-11-18,BTC,90.12,bykaranteli.com
2021-11-18,ETH,112.49,bykaranteli.com
2021-11-19,BTC,85.78,bykaranteli.com
2021-11-19,ETH,106.59,bykaranteli.com
2021-11-20,BTC,85.44,bykaranteli.com
2021-11-20,ETH,106.77,bykaranteli.com
2021-11-21,BTC,85.94,bykaranteli.com
2021-11-21,ETH,106.26,bykaranteli.com
2021-11-22,BTC,88.98,bykaranteli.com
2021-11-22,ETH,112.04,bykaranteli.com
2021-11-23,BTC,89.91,bykaranteli.com
2021-11-23,ETH,110.9,bykaranteli.com
2021-11-24,BTC,90.42,bykaranteli.com
2021-11-24,ETH,109.53,bykaranteli.com
2021-11-25,BTC,86.52,bykaranteli.com
2021-11-25,ETH,106.62,bykaranteli.com
2021-11-26,BTC,86.06,bykaranteli.com
2021-11-26,ETH,107.26,bykaranteli.com
2021-11-27,BTC,83.72,bykaranteli.com
2021-11-27,ETH,103.51,bykaranteli.com
2021-11-28,BTC,86.32,bykaranteli.com
2021-11-28,ETH,105.58,bykaranteli.com
2021-11-29,BTC,82.85,bykaranteli.com
2021-11-29,ETH,104.75,bykaranteli.com
2021-11-30,BTC,84.08,bykaranteli.com
2021-11-30,ETH,105.95,bykaranteli.com
2021-12-01,BTC,83.64,bykaranteli.com
2021-12-01,ETH,106.36,bykaranteli.com
2021-12-02,BTC,85.26,bykaranteli.com
2021-12-02,ETH,106.91,bykaranteli.com
2021-12-03,BTC,84.55,bykaranteli.com
2021-12-03,ETH,106.88,bykaranteli.com
2021-12-04,BTC,87.29,bykaranteli.com
2021-12-04,ETH,106.71,bykaranteli.com
2021-12-05,BTC,89.39,bykaranteli.com
2021-12-05,ETH,109.05,bykaranteli.com
2021-12-06,BTC,86.84,bykaranteli.com
2021-12-06,ETH,107.38,bykaranteli.com
2021-12-07,BTC,86,bykaranteli.com
2021-12-07,ETH,106.56,bykaranteli.com
2021-12-08,BTC,87.16,bykaranteli.com
2021-12-08,ETH,107.08,bykaranteli.com
2021-12-09,BTC,90.3,bykaranteli.com
2021-12-09,ETH,109.56,bykaranteli.com
2021-12-10,BTC,89.98,bykaranteli.com
2021-12-10,ETH,112.23,bykaranteli.com
2021-12-11,BTC,88.72,bykaranteli.com
2021-12-11,ETH,108.69,bykaranteli.com
2021-12-12,BTC,92.25,bykaranteli.com
2021-12-12,ETH,112.55,bykaranteli.com
2021-12-13,BTC,90.29,bykaranteli.com
2021-12-13,ETH,112.45,bykaranteli.com
2021-12-14,BTC,92.34,bykaranteli.com
2021-12-14,ETH,110.34,bykaranteli.com
2021-12-15,BTC,89.34,bykaranteli.com
2021-12-15,ETH,109.05,bykaranteli.com
2021-12-16,BTC,86.78,bykaranteli.com
2021-12-16,ETH,103.39,bykaranteli.com
2021-12-17,BTC,85.34,bykaranteli.com
2021-12-17,ETH,100.11,bykaranteli.com
2021-12-18,BTC,87.43,bykaranteli.com
2021-12-18,ETH,100.48,bykaranteli.com
2021-12-19,BTC,87.83,bykaranteli.com
2021-12-19,ETH,102.47,bykaranteli.com
2021-12-20,BTC,87.31,bykaranteli.com
2021-12-20,ETH,102.37,bykaranteli.com
2021-12-21,BTC,86.04,bykaranteli.com
2021-12-21,ETH,102.21,bykaranteli.com
2021-12-22,BTC,82.99,bykaranteli.com
2021-12-22,ETH,99.7,bykaranteli.com
2021-12-23,BTC,82.99,bykaranteli.com
2021-12-23,ETH,93.93,bykaranteli.com
2021-12-24,BTC,82.57,bykaranteli.com
2021-12-24,ETH,94.03,bykaranteli.com
2021-12-25,BTC,81.08,bykaranteli.com
2021-12-25,ETH,91.73,bykaranteli.com
2021-12-26,BTC,80.26,bykaranteli.com
2021-12-26,ETH,88.58,bykaranteli.com
2021-12-27,BTC,83.29,bykaranteli.com
2021-12-27,ETH,92.17,bykaranteli.com
2021-12-28,BTC,76.7,bykaranteli.com
2021-12-28,ETH,88.8,bykaranteli.com
2021-12-29,BTC,80.73,bykaranteli.com
2021-12-29,ETH,93.37,bykaranteli.com
2021-12-30,BTC,80.68,bykaranteli.com
2021-12-30,ETH,92.62,bykaranteli.com
2021-12-31,BTC,75.51,bykaranteli.com
2021-12-31,ETH,83.1,bykaranteli.com
2022-01-01,BTC,70.91,bykaranteli.com
2022-01-01,ETH,79.38,bykaranteli.com
2022-01-02,BTC,72.06,bykaranteli.com
2022-01-02,ETH,80.9,bykaranteli.com
2022-01-03,BTC,71.94,bykaranteli.com
2022-01-03,ETH,80.04,bykaranteli.com
2022-01-04,BTC,72.52,bykaranteli.com
2022-01-04,ETH,79.12,bykaranteli.com
2022-01-05,BTC,75.64,bykaranteli.com
2022-01-05,ETH,85.44,bykaranteli.com
2022-01-06,BTC,73.19,bykaranteli.com
2022-01-06,ETH,80.89,bykaranteli.com
2022-01-07,BTC,73.86,bykaranteli.com
2022-01-07,ETH,84.85,bykaranteli.com
2022-01-08,BTC,71.56,bykaranteli.com
2022-01-08,ETH,83.21,bykaranteli.com
2022-01-09,BTC,73.5,bykaranteli.com
2022-01-09,ETH,84.36,bykaranteli.com
2022-01-10,BTC,74.1,bykaranteli.com
2022-01-10,ETH,85.77,bykaranteli.com
2022-01-11,BTC,75.37,bykaranteli.com
2022-01-11,ETH,82.17,bykaranteli.com
2022-01-12,BTC,71.81,bykaranteli.com
2022-01-12,ETH,79.85,bykaranteli.com
2022-01-13,BTC,67.51,bykaranteli.com
2022-01-13,ETH,75.5,bykaranteli.com
2022-01-14,BTC,65.13,bykaranteli.com
2022-01-14,ETH,72.08,bykaranteli.com
2022-01-15,BTC,62.95,bykaranteli.com
2022-01-15,ETH,70.72,bykaranteli.com
2022-01-16,BTC,62.22,bykaranteli.com
2022-01-16,ETH,71.8,bykaranteli.com
2022-01-17,BTC,65.23,bykaranteli.com
2022-01-17,ETH,72.74,bykaranteli.com
2022-01-18,BTC,67.27,bykaranteli.com
2022-01-18,ETH,73.93,bykaranteli.com
2022-01-19,BTC,65.96,bykaranteli.com
2022-01-19,ETH,73.75,bykaranteli.com
2022-01-20,BTC,65.24,bykaranteli.com
2022-01-20,ETH,74.66,bykaranteli.com
2022-01-21,BTC,77.8,bykaranteli.com
2022-01-21,ETH,92.74,bykaranteli.com
2022-01-22,BTC,81,bykaranteli.com
2022-01-22,ETH,95.29,bykaranteli.com
2022-01-23,BTC,77.29,bykaranteli.com
2022-01-23,ETH,91.8,bykaranteli.com
2022-01-24,BTC,78.59,bykaranteli.com
2022-01-24,ETH,94.78,bykaranteli.com
2022-01-25,BTC,81.26,bykaranteli.com
2022-01-25,ETH,91.84,bykaranteli.com
2022-01-26,BTC,80.39,bykaranteli.com
2022-01-26,ETH,95.83,bykaranteli.com
2022-01-27,BTC,80.14,bykaranteli.com
2022-01-27,ETH,97.76,bykaranteli.com
2022-01-28,BTC,74.77,bykaranteli.com
2022-01-28,ETH,84.96,bykaranteli.com
2022-01-29,BTC,75.18,bykaranteli.com
2022-01-29,ETH,83.81,bykaranteli.com
2022-01-30,BTC,74.32,bykaranteli.com
2022-01-30,ETH,83.79,bykaranteli.com
2022-01-31,BTC,70.99,bykaranteli.com
2022-01-31,ETH,82.83,bykaranteli.com
2022-02-01,BTC,71.81,bykaranteli.com
2022-02-01,ETH,84.44,bykaranteli.com
2022-02-02,BTC,75,bykaranteli.com
2022-02-02,ETH,87.39,bykaranteli.com
2022-02-03,BTC,74.14,bykaranteli.com
2022-02-03,ETH,88.01,bykaranteli.com
2022-02-04,BTC,70.14,bykaranteli.com
2022-02-04,ETH,82.3,bykaranteli.com
2022-02-05,BTC,67.37,bykaranteli.com
2022-02-05,ETH,80.06,bykaranteli.com
2022-02-06,BTC,70.69,bykaranteli.com
2022-02-06,ETH,81.46,bykaranteli.com
2022-02-07,BTC,69.18,bykaranteli.com
2022-02-07,ETH,80.86,bykaranteli.com
2022-02-08,BTC,70.27,bykaranteli.com
2022-02-08,ETH,81.16,bykaranteli.com
2022-02-09,BTC,69.81,bykaranteli.com
2022-02-09,ETH,81.95,bykaranteli.com
2022-02-10,BTC,70.81,bykaranteli.com
2022-02-10,ETH,82.44,bykaranteli.com
2022-02-11,BTC,72.34,bykaranteli.com
2022-02-11,ETH,85.14,bykaranteli.com
2022-02-12,BTC,71.32,bykaranteli.com
2022-02-12,ETH,82.55,bykaranteli.com
2022-02-13,BTC,73.05,bykaranteli.com
2022-02-13,ETH,85.9,bykaranteli.com
2022-02-14,BTC,72.16,bykaranteli.com
2022-02-14,ETH,82.13,bykaranteli.com
2022-02-15,BTC,70.59,bykaranteli.com
2022-02-15,ETH,78.42,bykaranteli.com
2022-02-16,BTC,68.07,bykaranteli.com
2022-02-16,ETH,75.26,bykaranteli.com
2022-02-17,BTC,71.54,bykaranteli.com
2022-02-17,ETH,82.73,bykaranteli.com
2022-02-18,BTC,68.83,bykaranteli.com
2022-02-18,ETH,78.27,bykaranteli.com
2022-02-19,BTC,67.72,bykaranteli.com
2022-02-19,ETH,76.89,bykaranteli.com
2022-02-20,BTC,73.92,bykaranteli.com
2022-02-20,ETH,92.7,bykaranteli.com
2022-02-21,BTC,77.69,bykaranteli.com
2022-02-21,ETH,95.26,bykaranteli.com
2022-02-22,BTC,75.22,bykaranteli.com
2022-02-22,ETH,89.93,bykaranteli.com
2022-02-23,BTC,73.78,bykaranteli.com
2022-02-23,ETH,90.24,bykaranteli.com
2022-02-24,BTC,79.88,bykaranteli.com
2022-02-24,ETH,93.77,bykaranteli.com
2022-02-25,BTC,71.44,bykaranteli.com
2022-02-25,ETH,83.64,bykaranteli.com
2022-02-26,BTC,72.49,bykaranteli.com
2022-02-26,ETH,82.21,bykaranteli.com
2022-02-27,BTC,80.65,bykaranteli.com
2022-02-27,ETH,92.48,bykaranteli.com
2022-02-28,BTC,77.47,bykaranteli.com
2022-02-28,ETH,85.85,bykaranteli.com
2022-03-01,BTC,76.99,bykaranteli.com
2022-03-01,ETH,86.01,bykaranteli.com
2022-03-02,BTC,73.8,bykaranteli.com
2022-03-02,ETH,81.6,bykaranteli.com
2022-03-03,BTC,73.7,bykaranteli.com
2022-03-03,ETH,84.11,bykaranteli.com
2022-03-04,BTC,79.28,bykaranteli.com
2022-03-04,ETH,88.4,bykaranteli.com
2022-03-05,BTC,77.39,bykaranteli.com
2022-03-05,ETH,85.13,bykaranteli.com
2022-03-06,BTC,79.72,bykaranteli.com
2022-03-06,ETH,87.73,bykaranteli.com
2022-03-07,BTC,80.7,bykaranteli.com
2022-03-07,ETH,92.58,bykaranteli.com
2022-03-08,BTC,80.93,bykaranteli.com
2022-03-08,ETH,90.62,bykaranteli.com
2022-03-09,BTC,81.01,bykaranteli.com
2022-03-09,ETH,89.59,bykaranteli.com
2022-03-10,BTC,80.13,bykaranteli.com
2022-03-10,ETH,88.79,bykaranteli.com
2022-03-11,BTC,79.73,bykaranteli.com
2022-03-11,ETH,91.27,bykaranteli.com
2022-03-12,BTC,81.13,bykaranteli.com
2022-03-12,ETH,90.33,bykaranteli.com
2022-03-13,BTC,82.47,bykaranteli.com
2022-03-13,ETH,92.24,bykaranteli.com
2022-03-14,BTC,82.43,bykaranteli.com
2022-03-14,ETH,91.01,bykaranteli.com
2022-03-15,BTC,81.98,bykaranteli.com
2022-03-15,ETH,91.59,bykaranteli.com
2022-03-16,BTC,81.79,bykaranteli.com
2022-03-16,ETH,87.32,bykaranteli.com
2022-03-17,BTC,75.18,bykaranteli.com
2022-03-17,ETH,83.11,bykaranteli.com
2022-03-18,BTC,70.75,bykaranteli.com
2022-03-18,ETH,78.88,bykaranteli.com
2022-03-19,BTC,71.66,bykaranteli.com
2022-03-19,ETH,80.18,bykaranteli.com
2022-03-20,BTC,72.67,bykaranteli.com
2022-03-20,ETH,81.87,bykaranteli.com
2022-03-21,BTC,71.8,bykaranteli.com
2022-03-21,ETH,82.66,bykaranteli.com
2022-03-22,BTC,71.19,bykaranteli.com
2022-03-22,ETH,80.85,bykaranteli.com
2022-03-23,BTC,69.58,bykaranteli.com
2022-03-23,ETH,77.7,bykaranteli.com
2022-03-24,BTC,65.47,bykaranteli.com
2022-03-24,ETH,76.06,bykaranteli.com
2022-03-25,BTC,62.41,bykaranteli.com
2022-03-25,ETH,70.71,bykaranteli.com
2022-03-26,BTC,66.62,bykaranteli.com
2022-03-26,ETH,71.33,bykaranteli.com
2022-03-27,BTC,68.62,bykaranteli.com
2022-03-27,ETH,71.65,bykaranteli.com
2022-03-28,BTC,63.04,bykaranteli.com
2022-03-28,ETH,72.6,bykaranteli.com
2022-03-29,BTC,62.04,bykaranteli.com
2022-03-29,ETH,71.14,bykaranteli.com
2022-03-30,BTC,62.44,bykaranteli.com
2022-03-30,ETH,70.8,bykaranteli.com
2022-03-31,BTC,64.11,bykaranteli.com
2022-03-31,ETH,75.03,bykaranteli.com
2022-04-01,BTC,59.54,bykaranteli.com
2022-04-01,ETH,70.62,bykaranteli.com
2022-04-02,BTC,59.26,bykaranteli.com
2022-04-02,ETH,68.77,bykaranteli.com
2022-04-03,BTC,59.47,bykaranteli.com
2022-04-03,ETH,69.33,bykaranteli.com
2022-04-04,BTC,60.54,bykaranteli.com
2022-04-04,ETH,68.69,bykaranteli.com
2022-04-05,BTC,62.88,bykaranteli.com
2022-04-05,ETH,70.89,bykaranteli.com
2022-04-06,BTC,66.05,bykaranteli.com
2022-04-06,ETH,77.04,bykaranteli.com
2022-04-07,BTC,61.74,bykaranteli.com
2022-04-07,ETH,72.68,bykaranteli.com
2022-04-08,BTC,62.19,bykaranteli.com
2022-04-08,ETH,70.66,bykaranteli.com
2022-04-09,BTC,59.72,bykaranteli.com
2022-04-09,ETH,66.75,bykaranteli.com
2022-04-10,BTC,61.08,bykaranteli.com
2022-04-10,ETH,70.45,bykaranteli.com
2022-04-11,BTC,68.28,bykaranteli.com
2022-04-11,ETH,73.72,bykaranteli.com
2022-04-12,BTC,65.22,bykaranteli.com
2022-04-12,ETH,69.88,bykaranteli.com
2022-04-13,BTC,63.61,bykaranteli.com
2022-04-13,ETH,69.25,bykaranteli.com
2022-04-14,BTC,62.1,bykaranteli.com
2022-04-14,ETH,66.83,bykaranteli.com
2022-04-15,BTC,60.4,bykaranteli.com
2022-04-15,ETH,65.38,bykaranteli.com
2022-04-16,BTC,61.05,bykaranteli.com
2022-04-16,ETH,65.07,bykaranteli.com
2022-04-17,BTC,63.59,bykaranteli.com
2022-04-17,ETH,66.91,bykaranteli.com
2022-04-18,BTC,63.47,bykaranteli.com
2022-04-18,ETH,68.49,bykaranteli.com
2022-04-19,BTC,62.46,bykaranteli.com
2022-04-19,ETH,66.78,bykaranteli.com
2022-04-20,BTC,62.19,bykaranteli.com
2022-04-20,ETH,67.34,bykaranteli.com
2022-04-21,BTC,63.51,bykaranteli.com
2022-04-21,ETH,68.08,bykaranteli.com
2022-04-22,BTC,61.12,bykaranteli.com
2022-04-22,ETH,65.25,bykaranteli.com
2022-04-23,BTC,61.34,bykaranteli.com
2022-04-23,ETH,65.59,bykaranteli.com
2022-04-24,BTC,62.62,bykaranteli.com
2022-04-24,ETH,66.51,bykaranteli.com
2022-04-25,BTC,65.57,bykaranteli.com
2022-04-25,ETH,72.83,bykaranteli.com
2022-04-26,BTC,66.78,bykaranteli.com
2022-04-26,ETH,72.36,bykaranteli.com
2022-04-27,BTC,65.09,bykaranteli.com
2022-04-27,ETH,71.66,bykaranteli.com
2022-04-28,BTC,63,bykaranteli.com
2022-04-28,ETH,71.27,bykaranteli.com
2022-04-29,BTC,60.54,bykaranteli.com
2022-04-29,ETH,66.73,bykaranteli.com
2022-04-30,BTC,62.23,bykaranteli.com
2022-04-30,ETH,69.72,bykaranteli.com
2022-05-01,BTC,62.44,bykaranteli.com
2022-05-01,ETH,68.08,bykaranteli.com
2022-05-02,BTC,62.42,bykaranteli.com
2022-05-02,ETH,69.68,bykaranteli.com
2022-05-03,BTC,64.92,bykaranteli.com
2022-05-03,ETH,72.62,bykaranteli.com
2022-05-04,BTC,60.58,bykaranteli.com
2022-05-04,ETH,68.55,bykaranteli.com
2022-05-05,BTC,63.13,bykaranteli.com
2022-05-05,ETH,70.94,bykaranteli.com
2022-05-06,BTC,62.19,bykaranteli.com
2022-05-06,ETH,68.53,bykaranteli.com
2022-05-07,BTC,64.87,bykaranteli.com
2022-05-07,ETH,70.54,bykaranteli.com
2022-05-08,BTC,68.59,bykaranteli.com
2022-05-08,ETH,72.52,bykaranteli.com
2022-05-09,BTC,84.91,bykaranteli.com
2022-05-09,ETH,89.08,bykaranteli.com
2022-05-10,BTC,81.61,bykaranteli.com
2022-05-10,ETH,87.71,bykaranteli.com
2022-05-11,BTC,101.25,bykaranteli.com
2022-05-11,ETH,110.36,bykaranteli.com
2022-05-12,BTC,114.58,bykaranteli.com
2022-05-12,ETH,132.18,bykaranteli.com
2022-05-13,BTC,99.66,bykaranteli.com
2022-05-13,ETH,108.8,bykaranteli.com
2022-05-14,BTC,93.57,bykaranteli.com
2022-05-14,ETH,103.6,bykaranteli.com
2022-05-15,BTC,92.34,bykaranteli.com
2022-05-15,ETH,104.32,bykaranteli.com
2022-05-16,BTC,96.37,bykaranteli.com
2022-05-16,ETH,105.33,bykaranteli.com
2022-05-17,BTC,91.46,bykaranteli.com
2022-05-17,ETH,97.29,bykaranteli.com
2022-05-18,BTC,100.59,bykaranteli.com
2022-05-18,ETH,107.9,bykaranteli.com
2022-05-19,BTC,91.11,bykaranteli.com
2022-05-19,ETH,99.01,bykaranteli.com
2022-05-20,BTC,88.56,bykaranteli.com
2022-05-20,ETH,98.59,bykaranteli.com
2022-05-21,BTC,84.12,bykaranteli.com
2022-05-21,ETH,91.4,bykaranteli.com
2022-05-22,BTC,82.49,bykaranteli.com
2022-05-22,ETH,92.22,bykaranteli.com
2022-05-23,BTC,82.54,bykaranteli.com
2022-05-23,ETH,92.17,bykaranteli.com
2022-05-24,BTC,82.27,bykaranteli.com
2022-05-24,ETH,91.61,bykaranteli.com
2022-05-25,BTC,82.57,bykaranteli.com
2022-05-25,ETH,93.34,bykaranteli.com
2022-05-26,BTC,81.63,bykaranteli.com
2022-05-26,ETH,95.91,bykaranteli.com
2022-05-27,BTC,84.72,bykaranteli.com
2022-05-27,ETH,98.7,bykaranteli.com
2022-05-28,BTC,80.91,bykaranteli.com
2022-05-28,ETH,94.45,bykaranteli.com
2022-05-29,BTC,81.2,bykaranteli.com
2022-05-29,ETH,95.32,bykaranteli.com
2022-05-30,BTC,75.39,bykaranteli.com
2022-05-30,ETH,90.14,bykaranteli.com
2022-05-31,BTC,73.06,bykaranteli.com
2022-05-31,ETH,88.86,bykaranteli.com
2022-06-01,BTC,74.75,bykaranteli.com
2022-06-01,ETH,90.86,bykaranteli.com
2022-06-02,BTC,73.43,bykaranteli.com
2022-06-02,ETH,87.9,bykaranteli.com
2022-06-03,BTC,71.33,bykaranteli.com
2022-06-03,ETH,86.7,bykaranteli.com
2022-06-04,BTC,70.96,bykaranteli.com
2022-06-04,ETH,85.97,bykaranteli.com
2022-06-05,BTC,72.04,bykaranteli.com
2022-06-05,ETH,86.21,bykaranteli.com
2022-06-06,BTC,68.51,bykaranteli.com
2022-06-06,ETH,81.82,bykaranteli.com
2022-06-07,BTC,71.51,bykaranteli.com
2022-06-07,ETH,87.34,bykaranteli.com
2022-06-08,BTC,71.7,bykaranteli.com
2022-06-08,ETH,88.27,bykaranteli.com
2022-06-09,BTC,72.57,bykaranteli.com
2022-06-09,ETH,87.33,bykaranteli.com
2022-06-10,BTC,72.55,bykaranteli.com
2022-06-10,ETH,92.46,bykaranteli.com
2022-06-11,BTC,75.05,bykaranteli.com
2022-06-11,ETH,97.85,bykaranteli.com
2022-06-12,BTC,93.99,bykaranteli.com
2022-06-12,ETH,105.81,bykaranteli.com
2022-06-13,BTC,106,bykaranteli.com
2022-06-13,ETH,134.62,bykaranteli.com
2022-06-14,BTC,103.09,bykaranteli.com
2022-06-14,ETH,130.25,bykaranteli.com
2022-06-15,BTC,89.15,bykaranteli.com
2022-06-15,ETH,118.75,bykaranteli.com
2022-06-16,BTC,119.65,bykaranteli.com
2022-06-16,ETH,135.82,bykaranteli.com
2022-06-17,BTC,108.67,bykaranteli.com
2022-06-17,ETH,123.1,bykaranteli.com
2022-06-18,BTC,115.03,bykaranteli.com
2022-06-18,ETH,137.59,bykaranteli.com
2022-06-19,BTC,109.97,bykaranteli.com
2022-06-19,ETH,130.05,bykaranteli.com
2022-06-20,BTC,99.27,bykaranteli.com
2022-06-20,ETH,119.12,bykaranteli.com
2022-06-21,BTC,97.96,bykaranteli.com
2022-06-21,ETH,118.37,bykaranteli.com
2022-06-22,BTC,99.76,bykaranteli.com
2022-06-22,ETH,118.59,bykaranteli.com
2022-06-23,BTC,91.46,bykaranteli.com
2022-06-23,ETH,111.57,bykaranteli.com
2022-06-24,BTC,90.66,bykaranteli.com
2022-06-24,ETH,114.98,bykaranteli.com
2022-06-25,BTC,86.66,bykaranteli.com
2022-06-25,ETH,111.21,bykaranteli.com
2022-06-26,BTC,90.26,bykaranteli.com
2022-06-26,ETH,111.25,bykaranteli.com
2022-06-27,BTC,89.09,bykaranteli.com
2022-06-27,ETH,111.69,bykaranteli.com
2022-06-28,BTC,87.5,bykaranteli.com
2022-06-28,ETH,111.42,bykaranteli.com
2022-06-29,BTC,91.37,bykaranteli.com
2022-06-29,ETH,116.29,bykaranteli.com
2022-06-30,BTC,94.14,bykaranteli.com
2022-06-30,ETH,120.04,bykaranteli.com
2022-07-01,BTC,92.97,bykaranteli.com
2022-07-01,ETH,119,bykaranteli.com
2022-07-02,BTC,92.23,bykaranteli.com
2022-07-02,ETH,114.59,bykaranteli.com
2022-07-03,BTC,92.07,bykaranteli.com
2022-07-03,ETH,114.47,bykaranteli.com
2022-07-04,BTC,86.99,bykaranteli.com
2022-07-04,ETH,107.35,bykaranteli.com
2022-07-05,BTC,86.08,bykaranteli.com
2022-07-05,ETH,108.79,bykaranteli.com
2022-07-06,BTC,82.25,bykaranteli.com
2022-07-06,ETH,105.27,bykaranteli.com
2022-07-07,BTC,81.35,bykaranteli.com
2022-07-07,ETH,104.64,bykaranteli.com
2022-07-08,BTC,78.39,bykaranteli.com
2022-07-08,ETH,100.02,bykaranteli.com
2022-07-09,BTC,73.55,bykaranteli.com
2022-07-09,ETH,96.75,bykaranteli.com
2022-07-10,BTC,75.86,bykaranteli.com
2022-07-10,ETH,100.04,bykaranteli.com
2022-07-11,BTC,80.52,bykaranteli.com
2022-07-11,ETH,106.86,bykaranteli.com
2022-07-12,BTC,85.86,bykaranteli.com
2022-07-12,ETH,110.72,bykaranteli.com
2022-07-13,BTC,80.89,bykaranteli.com
2022-07-13,ETH,103.41,bykaranteli.com
2022-07-14,BTC,81.35,bykaranteli.com
2022-07-14,ETH,100.56,bykaranteli.com
2022-07-15,BTC,78.7,bykaranteli.com
2022-07-15,ETH,101.13,bykaranteli.com
2022-07-16,BTC,81.99,bykaranteli.com
2022-07-16,ETH,108,bykaranteli.com
2022-07-17,BTC,81.29,bykaranteli.com
2022-07-17,ETH,105.94,bykaranteli.com
2022-07-18,BTC,83.39,bykaranteli.com
2022-07-18,ETH,116.1,bykaranteli.com
2022-07-19,BTC,82.9,bykaranteli.com
2022-07-19,ETH,112.62,bykaranteli.com
2022-07-20,BTC,83.99,bykaranteli.com
2022-07-20,ETH,112.91,bykaranteli.com
2022-07-21,BTC,82.38,bykaranteli.com
2022-07-21,ETH,109.23,bykaranteli.com
2022-07-22,BTC,84.28,bykaranteli.com
2022-07-22,ETH,113.38,bykaranteli.com
2022-07-23,BTC,80.45,bykaranteli.com
2022-07-23,ETH,113.35,bykaranteli.com
2022-07-24,BTC,83.17,bykaranteli.com
2022-07-24,ETH,115.24,bykaranteli.com
2022-07-25,BTC,81.35,bykaranteli.com
2022-07-25,ETH,114.06,bykaranteli.com
2022-07-26,BTC,81.39,bykaranteli.com
2022-07-26,ETH,112.5,bykaranteli.com
2022-07-27,BTC,76.49,bykaranteli.com
2022-07-27,ETH,105.71,bykaranteli.com
2022-07-28,BTC,76.89,bykaranteli.com
2022-07-28,ETH,110.59,bykaranteli.com
2022-07-29,BTC,75.03,bykaranteli.com
2022-07-29,ETH,109.44,bykaranteli.com
2022-07-30,BTC,78.55,bykaranteli.com
2022-07-30,ETH,109.12,bykaranteli.com
2022-07-31,BTC,78.66,bykaranteli.com
2022-07-31,ETH,113.75,bykaranteli.com
2022-08-01,BTC,77.69,bykaranteli.com
2022-08-01,ETH,112.97,bykaranteli.com
2022-08-02,BTC,77.79,bykaranteli.com
2022-08-02,ETH,108.9,bykaranteli.com
2022-08-03,BTC,75.87,bykaranteli.com
2022-08-03,ETH,109.22,bykaranteli.com
2022-08-04,BTC,73.67,bykaranteli.com
2022-08-04,ETH,108.52,bykaranteli.com
2022-08-05,BTC,71.85,bykaranteli.com
2022-08-05,ETH,107.58,bykaranteli.com
2022-08-06,BTC,71.7,bykaranteli.com
2022-08-06,ETH,108.46,bykaranteli.com
2022-08-07,BTC,73.6,bykaranteli.com
2022-08-07,ETH,108.62,bykaranteli.com
2022-08-08,BTC,75.17,bykaranteli.com
2022-08-08,ETH,109.54,bykaranteli.com
2022-08-09,BTC,74.67,bykaranteli.com
2022-08-09,ETH,110.3,bykaranteli.com
2022-08-10,BTC,70.87,bykaranteli.com
2022-08-10,ETH,105.68,bykaranteli.com
2022-08-11,BTC,71.48,bykaranteli.com
2022-08-11,ETH,102.66,bykaranteli.com
2022-08-12,BTC,70.27,bykaranteli.com
2022-08-12,ETH,100.96,bykaranteli.com
2022-08-13,BTC,70.6,bykaranteli.com
2022-08-13,ETH,104.33,bykaranteli.com
2022-08-14,BTC,70.89,bykaranteli.com
2022-08-14,ETH,105.65,bykaranteli.com
2022-08-15,BTC,70.2,bykaranteli.com
2022-08-15,ETH,104.62,bykaranteli.com
2022-08-16,BTC,71.55,bykaranteli.com
2022-08-16,ETH,103.83,bykaranteli.com
2022-08-17,BTC,75.32,bykaranteli.com
2022-08-17,ETH,108.97,bykaranteli.com
2022-08-18,BTC,74.82,bykaranteli.com
2022-08-18,ETH,106.75,bykaranteli.com
2022-08-19,BTC,81.24,bykaranteli.com
2022-08-19,ETH,117.32,bykaranteli.com
2022-08-20,BTC,77.7,bykaranteli.com
2022-08-20,ETH,111.74,bykaranteli.com
2022-08-21,BTC,79.02,bykaranteli.com
2022-08-21,ETH,114.19,bykaranteli.com
2022-08-22,BTC,80.35,bykaranteli.com
2022-08-22,ETH,114.19,bykaranteli.com
2022-08-23,BTC,77.78,bykaranteli.com
2022-08-23,ETH,111.38,bykaranteli.com
2022-08-24,BTC,75.59,bykaranteli.com
2022-08-24,ETH,110.74,bykaranteli.com
2022-08-25,BTC,73.83,bykaranteli.com
2022-08-25,ETH,111.8,bykaranteli.com
2022-08-26,BTC,72.6,bykaranteli.com
2022-08-26,ETH,112.06,bykaranteli.com
2022-08-27,BTC,73.03,bykaranteli.com
2022-08-27,ETH,111.92,bykaranteli.com
2022-08-28,BTC,76.17,bykaranteli.com
2022-08-28,ETH,117.48,bykaranteli.com
2022-08-29,BTC,73.2,bykaranteli.com
2022-08-29,ETH,112.91,bykaranteli.com
2022-08-30,BTC,75.78,bykaranteli.com
2022-08-30,ETH,114.33,bykaranteli.com
2022-08-31,BTC,75.04,bykaranteli.com
2022-08-31,ETH,115.45,bykaranteli.com
2022-09-01,BTC,77.83,bykaranteli.com
2022-09-01,ETH,114.94,bykaranteli.com
2022-09-02,BTC,74.66,bykaranteli.com
2022-09-02,ETH,111.4,bykaranteli.com
2022-09-03,BTC,77.86,bykaranteli.com
2022-09-03,ETH,113.28,bykaranteli.com
2022-09-04,BTC,76.01,bykaranteli.com
2022-09-04,ETH,111.56,bykaranteli.com
2022-09-05,BTC,76.88,bykaranteli.com
2022-09-05,ETH,109.75,bykaranteli.com
2022-09-06,BTC,81.46,bykaranteli.com
2022-09-06,ETH,112.06,bykaranteli.com
2022-09-07,BTC,76.12,bykaranteli.com
2022-09-07,ETH,112.16,bykaranteli.com
2022-09-08,BTC,75.72,bykaranteli.com
2022-09-08,ETH,114.9,bykaranteli.com
2022-09-09,BTC,75.12,bykaranteli.com
2022-09-09,ETH,113.11,bykaranteli.com
2022-09-10,BTC,78.15,bykaranteli.com
2022-09-10,ETH,113.35,bykaranteli.com
2022-09-11,BTC,78.91,bykaranteli.com
2022-09-11,ETH,115.45,bykaranteli.com
2022-09-12,BTC,79.15,bykaranteli.com
2022-09-12,ETH,115.1,bykaranteli.com
2022-09-13,BTC,81.07,bykaranteli.com
2022-09-13,ETH,115.61,bykaranteli.com
2022-09-14,BTC,78.19,bykaranteli.com
2022-09-14,ETH,116.01,bykaranteli.com
2022-09-15,BTC,76.05,bykaranteli.com
2022-09-15,ETH,103.25,bykaranteli.com
2022-09-16,BTC,70.57,bykaranteli.com
2022-09-16,ETH,100.95,bykaranteli.com
2022-09-17,BTC,69.14,bykaranteli.com
2022-09-17,ETH,95.52,bykaranteli.com
2022-09-18,BTC,74.86,bykaranteli.com
2022-09-18,ETH,103.33,bykaranteli.com
2022-09-19,BTC,70.23,bykaranteli.com
2022-09-19,ETH,94.69,bykaranteli.com
2022-09-20,BTC,75.86,bykaranteli.com
2022-09-20,ETH,99.96,bykaranteli.com
2022-09-21,BTC,76.7,bykaranteli.com
2022-09-21,ETH,103.3,bykaranteli.com
2022-09-22,BTC,74.81,bykaranteli.com
2022-09-22,ETH,100.03,bykaranteli.com
2022-09-23,BTC,74.23,bykaranteli.com
2022-09-23,ETH,100.74,bykaranteli.com
2022-09-24,BTC,73.21,bykaranteli.com
2022-09-24,ETH,96.26,bykaranteli.com
2022-09-25,BTC,75.88,bykaranteli.com
2022-09-25,ETH,98.6,bykaranteli.com
2022-09-26,BTC,76.71,bykaranteli.com
2022-09-26,ETH,98.97,bykaranteli.com
2022-09-27,BTC,76.88,bykaranteli.com
2022-09-27,ETH,98.65,bykaranteli.com
2022-09-28,BTC,79.4,bykaranteli.com
2022-09-28,ETH,100.48,bykaranteli.com
2022-09-29,BTC,77.52,bykaranteli.com
2022-09-29,ETH,99.87,bykaranteli.com
2022-09-30,BTC,74.06,bykaranteli.com
2022-09-30,ETH,93.41,bykaranteli.com
2022-10-01,BTC,72.26,bykaranteli.com
2022-10-01,ETH,95.09,bykaranteli.com
2022-10-02,BTC,76.42,bykaranteli.com
2022-10-02,ETH,96.97,bykaranteli.com
2022-10-03,BTC,70.07,bykaranteli.com
2022-10-03,ETH,88.82,bykaranteli.com
2022-10-04,BTC,69.87,bykaranteli.com
2022-10-04,ETH,89.29,bykaranteli.com
2022-10-05,BTC,71.16,bykaranteli.com
2022-10-05,ETH,89.08,bykaranteli.com
2022-10-06,BTC,68.73,bykaranteli.com
2022-10-06,ETH,84.73,bykaranteli.com
2022-10-07,BTC,65.99,bykaranteli.com
2022-10-07,ETH,82.02,bykaranteli.com
2022-10-08,BTC,64.84,bykaranteli.com
2022-10-08,ETH,80.4,bykaranteli.com
2022-10-09,BTC,67.51,bykaranteli.com
2022-10-09,ETH,82.41,bykaranteli.com
2022-10-10,BTC,68.98,bykaranteli.com
2022-10-10,ETH,82.87,bykaranteli.com
2022-10-11,BTC,70.6,bykaranteli.com
2022-10-11,ETH,85.07,bykaranteli.com
2022-10-12,BTC,70.2,bykaranteli.com
2022-10-12,ETH,85.06,bykaranteli.com
2022-10-13,BTC,66.11,bykaranteli.com
2022-10-13,ETH,83.6,bykaranteli.com
2022-10-14,BTC,62.08,bykaranteli.com
2022-10-14,ETH,79.74,bykaranteli.com
2022-10-15,BTC,62.66,bykaranteli.com
2022-10-15,ETH,79.64,bykaranteli.com
2022-10-16,BTC,63.27,bykaranteli.com
2022-10-16,ETH,79.8,bykaranteli.com
2022-10-17,BTC,60.01,bykaranteli.com
2022-10-17,ETH,74,bykaranteli.com
2022-10-18,BTC,62.26,bykaranteli.com
2022-10-18,ETH,76.82,bykaranteli.com
2022-10-19,BTC,60.9,bykaranteli.com
2022-10-19,ETH,75.98,bykaranteli.com
2022-10-20,BTC,61.44,bykaranteli.com
2022-10-20,ETH,76.62,bykaranteli.com
2022-10-21,BTC,62.19,bykaranteli.com
2022-10-21,ETH,75.03,bykaranteli.com
2022-10-22,BTC,62.14,bykaranteli.com
2022-10-22,ETH,73.1,bykaranteli.com
2022-10-23,BTC,64.07,bykaranteli.com
2022-10-23,ETH,72.94,bykaranteli.com
2022-10-24,BTC,64.31,bykaranteli.com
2022-10-24,ETH,76.2,bykaranteli.com
2022-10-25,BTC,65.61,bykaranteli.com
2022-10-25,ETH,79.52,bykaranteli.com
2022-10-26,BTC,66.28,bykaranteli.com
2022-10-26,ETH,88.34,bykaranteli.com
2022-10-27,BTC,61.41,bykaranteli.com
2022-10-27,ETH,82.09,bykaranteli.com
2022-10-28,BTC,55.08,bykaranteli.com
2022-10-28,ETH,78.57,bykaranteli.com
2022-10-29,BTC,57.8,bykaranteli.com
2022-10-29,ETH,83.62,bykaranteli.com
2022-10-30,BTC,60.36,bykaranteli.com
2022-10-30,ETH,86.07,bykaranteli.com
2022-10-31,BTC,59.63,bykaranteli.com
2022-10-31,ETH,87.38,bykaranteli.com
2022-11-01,BTC,59.92,bykaranteli.com
2022-11-01,ETH,86.24,bykaranteli.com
2022-11-02,BTC,56.41,bykaranteli.com
2022-11-02,ETH,79.84,bykaranteli.com
2022-11-03,BTC,53.98,bykaranteli.com
2022-11-03,ETH,74.01,bykaranteli.com
2022-11-04,BTC,54.19,bykaranteli.com
2022-11-04,ETH,78.21,bykaranteli.com
2022-11-05,BTC,55.9,bykaranteli.com
2022-11-05,ETH,77.92,bykaranteli.com
2022-11-06,BTC,56.76,bykaranteli.com
2022-11-06,ETH,80.67,bykaranteli.com
2022-11-07,BTC,59.48,bykaranteli.com
2022-11-07,ETH,89.29,bykaranteli.com
2022-11-08,BTC,76.66,bykaranteli.com
2022-11-08,ETH,104.85,bykaranteli.com
2022-11-09,BTC,114.72,bykaranteli.com
2022-11-09,ETH,153.93,bykaranteli.com
2022-11-10,BTC,93.12,bykaranteli.com
2022-11-10,ETH,124.99,bykaranteli.com
2022-11-11,BTC,102.11,bykaranteli.com
2022-11-11,ETH,124.63,bykaranteli.com
2022-11-12,BTC,102.92,bykaranteli.com
2022-11-12,ETH,125.5,bykaranteli.com
2022-11-13,BTC,107.88,bykaranteli.com
2022-11-13,ETH,136.34,bykaranteli.com
2022-11-14,BTC,98.18,bykaranteli.com
2022-11-14,ETH,125.94,bykaranteli.com
2022-11-15,BTC,89.99,bykaranteli.com
2022-11-15,ETH,110.49,bykaranteli.com
2022-11-16,BTC,98.64,bykaranteli.com
2022-11-16,ETH,122.98,bykaranteli.com
2022-11-17,BTC,76.97,bykaranteli.com
2022-11-17,ETH,102.94,bykaranteli.com
2022-11-18,BTC,74.71,bykaranteli.com
2022-11-18,ETH,99.21,bykaranteli.com
2022-11-19,BTC,72.41,bykaranteli.com
2022-11-19,ETH,93.18,bykaranteli.com
2022-11-20,BTC,80.26,bykaranteli.com
2022-11-20,ETH,108.84,bykaranteli.com
2022-11-21,BTC,80.81,bykaranteli.com
2022-11-21,ETH,105.62,bykaranteli.com
2022-11-22,BTC,79.71,bykaranteli.com
2022-11-22,ETH,102.72,bykaranteli.com
2022-11-23,BTC,75.27,bykaranteli.com
2022-11-23,ETH,93.64,bykaranteli.com
2022-11-24,BTC,72.21,bykaranteli.com
2022-11-24,ETH,91.16,bykaranteli.com
2022-11-25,BTC,64.89,bykaranteli.com
2022-11-25,ETH,85.58,bykaranteli.com
2022-11-26,BTC,65.49,bykaranteli.com
2022-11-26,ETH,84.81,bykaranteli.com
2022-11-27,BTC,67.12,bykaranteli.com
2022-11-27,ETH,86.26,bykaranteli.com
2022-11-28,BTC,67.44,bykaranteli.com
2022-11-28,ETH,89.97,bykaranteli.com
2022-11-29,BTC,64.8,bykaranteli.com
2022-11-29,ETH,85.38,bykaranteli.com
2022-11-30,BTC,64.05,bykaranteli.com
2022-11-30,ETH,82.59,bykaranteli.com
2022-12-01,BTC,60.05,bykaranteli.com
2022-12-01,ETH,82.83,bykaranteli.com
2022-12-02,BTC,58.75,bykaranteli.com
2022-12-02,ETH,76.34,bykaranteli.com
2022-12-03,BTC,61.15,bykaranteli.com
2022-12-03,ETH,81.37,bykaranteli.com
2022-12-04,BTC,61.84,bykaranteli.com
2022-12-04,ETH,80.38,bykaranteli.com
2022-12-05,BTC,56.01,bykaranteli.com
2022-12-05,ETH,80.84,bykaranteli.com
2022-12-06,BTC,56.74,bykaranteli.com
2022-12-06,ETH,78.69,bykaranteli.com
2022-12-07,BTC,61.83,bykaranteli.com
2022-12-07,ETH,81.97,bykaranteli.com
2022-12-08,BTC,55.71,bykaranteli.com
2022-12-08,ETH,72.86,bykaranteli.com
2022-12-09,BTC,58.71,bykaranteli.com
2022-12-09,ETH,78.64,bykaranteli.com
2022-12-10,BTC,59.55,bykaranteli.com
2022-12-10,ETH,79.71,bykaranteli.com
2022-12-11,BTC,61.79,bykaranteli.com
2022-12-11,ETH,82.37,bykaranteli.com
2022-12-12,BTC,61.15,bykaranteli.com
2022-12-12,ETH,79.7,bykaranteli.com
2022-12-13,BTC,60.66,bykaranteli.com
2022-12-13,ETH,79.2,bykaranteli.com
2022-12-14,BTC,55.19,bykaranteli.com
2022-12-14,ETH,73.19,bykaranteli.com
2022-12-15,BTC,57.74,bykaranteli.com
2022-12-15,ETH,71.98,bykaranteli.com
2022-12-16,BTC,63.31,bykaranteli.com
2022-12-16,ETH,78.05,bykaranteli.com
2022-12-17,BTC,62.29,bykaranteli.com
2022-12-17,ETH,76.63,bykaranteli.com
2022-12-18,BTC,66.48,bykaranteli.com
2022-12-18,ETH,76.37,bykaranteli.com
2022-12-19,BTC,63.62,bykaranteli.com
2022-12-19,ETH,77.39,bykaranteli.com
2022-12-20,BTC,60.1,bykaranteli.com
2022-12-20,ETH,72.45,bykaranteli.com
2022-12-21,BTC,59.12,bykaranteli.com
2022-12-21,ETH,72.11,bykaranteli.com
2022-12-22,BTC,56.14,bykaranteli.com
2022-12-22,ETH,69.92,bykaranteli.com
2022-12-23,BTC,53.67,bykaranteli.com
2022-12-23,ETH,67,bykaranteli.com
2022-12-24,BTC,52.35,bykaranteli.com
2022-12-24,ETH,68.3,bykaranteli.com
2022-12-25,BTC,53.68,bykaranteli.com
2022-12-25,ETH,71.38,bykaranteli.com
2022-12-26,BTC,53.22,bykaranteli.com
2022-12-26,ETH,68.81,bykaranteli.com
2022-12-27,BTC,54.05,bykaranteli.com
2022-12-27,ETH,69.16,bykaranteli.com
2022-12-28,BTC,57.19,bykaranteli.com
2022-12-28,ETH,70.07,bykaranteli.com
2022-12-29,BTC,54.59,bykaranteli.com
2022-12-29,ETH,68.58,bykaranteli.com
2022-12-30,BTC,49.82,bykaranteli.com
2022-12-30,ETH,63.92,bykaranteli.com
2022-12-31,BTC,48.31,bykaranteli.com
2022-12-31,ETH,63.9,bykaranteli.com
2023-01-01,BTC,46.96,bykaranteli.com
2023-01-01,ETH,61.64,bykaranteli.com
2023-01-02,BTC,50.02,bykaranteli.com
2023-01-02,ETH,62.4,bykaranteli.com
2023-01-03,BTC,48.95,bykaranteli.com
2023-01-03,ETH,62.24,bykaranteli.com
2023-01-04,BTC,46.87,bykaranteli.com
2023-01-04,ETH,60.53,bykaranteli.com
2023-01-05,BTC,45.45,bykaranteli.com
2023-01-05,ETH,58.85,bykaranteli.com
2023-01-06,BTC,43.61,bykaranteli.com
2023-01-06,ETH,59.76,bykaranteli.com
2023-01-07,BTC,42.02,bykaranteli.com
2023-01-07,ETH,58.76,bykaranteli.com
2023-01-08,BTC,42.79,bykaranteli.com
2023-01-08,ETH,58.15,bykaranteli.com
2023-01-09,BTC,44.06,bykaranteli.com
2023-01-09,ETH,61.97,bykaranteli.com
2023-01-10,BTC,45.47,bykaranteli.com
2023-01-10,ETH,62.11,bykaranteli.com
2023-01-11,BTC,47.55,bykaranteli.com
2023-01-11,ETH,63.37,bykaranteli.com
2023-01-12,BTC,51.42,bykaranteli.com
2023-01-12,ETH,66.43,bykaranteli.com
2023-01-13,BTC,61.12,bykaranteli.com
2023-01-13,ETH,70.29,bykaranteli.com
2023-01-14,BTC,73.62,bykaranteli.com
2023-01-14,ETH,81.69,bykaranteli.com
2023-01-15,BTC,70.2,bykaranteli.com
2023-01-15,ETH,78.81,bykaranteli.com
2023-01-16,BTC,64.92,bykaranteli.com
2023-01-16,ETH,76.93,bykaranteli.com
2023-01-17,BTC,63.35,bykaranteli.com
2023-01-17,ETH,75.66,bykaranteli.com
2023-01-18,BTC,63.34,bykaranteli.com
2023-01-18,ETH,75.35,bykaranteli.com
2023-01-19,BTC,56.9,bykaranteli.com
2023-01-19,ETH,68.99,bykaranteli.com
2023-01-20,BTC,59.48,bykaranteli.com
2023-01-20,ETH,67.58,bykaranteli.com
2023-01-21,BTC,65.79,bykaranteli.com
2023-01-21,ETH,71.16,bykaranteli.com
2023-01-22,BTC,61.99,bykaranteli.com
2023-01-22,ETH,70.66,bykaranteli.com
2023-01-23,BTC,64.38,bykaranteli.com
2023-01-23,ETH,71.13,bykaranteli.com
2023-01-24,BTC,61.33,bykaranteli.com
2023-01-24,ETH,69.54,bykaranteli.com
2023-01-25,BTC,61.49,bykaranteli.com
2023-01-25,ETH,66.84,bykaranteli.com
2023-01-26,BTC,57,bykaranteli.com
2023-01-26,ETH,65.15,bykaranteli.com
2023-01-27,BTC,55,bykaranteli.com
2023-01-27,ETH,62.91,bykaranteli.com
2023-01-28,BTC,54.49,bykaranteli.com
2023-01-28,ETH,62.31,bykaranteli.com
2023-01-29,BTC,58.92,bykaranteli.com
2023-01-29,ETH,67.7,bykaranteli.com
2023-01-30,BTC,56.4,bykaranteli.com
2023-01-30,ETH,67.17,bykaranteli.com
2023-01-31,BTC,58.82,bykaranteli.com
2023-01-31,ETH,65.95,bykaranteli.com
2023-02-01,BTC,58.04,bykaranteli.com
2023-02-01,ETH,68.38,bykaranteli.com
2023-02-02,BTC,57.71,bykaranteli.com
2023-02-02,ETH,69.88,bykaranteli.com
2023-02-03,BTC,54.25,bykaranteli.com
2023-02-03,ETH,68.01,bykaranteli.com
2023-02-04,BTC,54.16,bykaranteli.com
2023-02-04,ETH,68.55,bykaranteli.com
2023-02-05,BTC,55.23,bykaranteli.com
2023-02-05,ETH,70.16,bykaranteli.com
2023-02-06,BTC,54.56,bykaranteli.com
2023-02-06,ETH,68.85,bykaranteli.com
2023-02-07,BTC,53.31,bykaranteli.com
2023-02-07,ETH,67.34,bykaranteli.com
2023-02-08,BTC,52.99,bykaranteli.com
2023-02-08,ETH,66.06,bykaranteli.com
2023-02-09,BTC,51.95,bykaranteli.com
2023-02-09,ETH,65.26,bykaranteli.com
2023-02-10,BTC,48.69,bykaranteli.com
2023-02-10,ETH,65.04,bykaranteli.com
2023-02-11,BTC,47.13,bykaranteli.com
2023-02-11,ETH,63.57,bykaranteli.com
2023-02-12,BTC,47.5,bykaranteli.com
2023-02-12,ETH,63.66,bykaranteli.com
2023-02-13,BTC,50.65,bykaranteli.com
2023-02-13,ETH,66.56,bykaranteli.com
2023-02-14,BTC,49.17,bykaranteli.com
2023-02-14,ETH,62.52,bykaranteli.com
2023-02-15,BTC,52.67,bykaranteli.com
2023-02-15,ETH,64.07,bykaranteli.com
2023-02-16,BTC,58.8,bykaranteli.com
2023-02-16,ETH,68.54,bykaranteli.com
2023-02-17,BTC,60.77,bykaranteli.com
2023-02-17,ETH,69.26,bykaranteli.com
2023-02-18,BTC,58.37,bykaranteli.com
2023-02-18,ETH,66.51,bykaranteli.com
2023-02-19,BTC,59.94,bykaranteli.com
2023-02-19,ETH,68.43,bykaranteli.com
2023-02-20,BTC,60.75,bykaranteli.com
2023-02-20,ETH,67.39,bykaranteli.com
2023-02-21,BTC,60.82,bykaranteli.com
2023-02-21,ETH,67.87,bykaranteli.com
2023-02-22,BTC,56.83,bykaranteli.com
2023-02-22,ETH,62.97,bykaranteli.com
2023-02-23,BTC,54.93,bykaranteli.com
2023-02-23,ETH,61.35,bykaranteli.com
2023-02-24,BTC,50.49,bykaranteli.com
2023-02-24,ETH,55.4,bykaranteli.com
2023-02-25,BTC,50.29,bykaranteli.com
2023-02-25,ETH,57.26,bykaranteli.com
2023-02-26,BTC,51.34,bykaranteli.com
2023-02-26,ETH,57.68,bykaranteli.com
2023-02-27,BTC,50.44,bykaranteli.com
2023-02-27,ETH,57.4,bykaranteli.com
2023-02-28,BTC,50.37,bykaranteli.com
2023-02-28,ETH,56.25,bykaranteli.com
2023-03-01,BTC,54.71,bykaranteli.com
2023-03-01,ETH,60.16,bykaranteli.com
2023-03-02,BTC,53.72,bykaranteli.com
2023-03-02,ETH,60.01,bykaranteli.com
2023-03-03,BTC,52.2,bykaranteli.com
2023-03-03,ETH,57.76,bykaranteli.com
2023-03-04,BTC,51.57,bykaranteli.com
2023-03-04,ETH,56.88,bykaranteli.com
2023-03-05,BTC,50.84,bykaranteli.com
2023-03-05,ETH,57.04,bykaranteli.com
2023-03-06,BTC,51.78,bykaranteli.com
2023-03-06,ETH,57.61,bykaranteli.com
2023-03-07,BTC,51.46,bykaranteli.com
2023-03-07,ETH,57.07,bykaranteli.com
2023-03-08,BTC,50.12,bykaranteli.com
2023-03-08,ETH,57.31,bykaranteli.com
2023-03-09,BTC,54.39,bykaranteli.com
2023-03-09,ETH,60.78,bykaranteli.com
2023-03-10,BTC,54.2,bykaranteli.com
2023-03-10,ETH,63.61,bykaranteli.com
2023-03-11,BTC,59.82,bykaranteli.com
2023-03-11,ETH,68.47,bykaranteli.com
2023-03-12,BTC,58.87,bykaranteli.com
2023-03-12,ETH,65.83,bykaranteli.com
2023-03-13,BTC,62.24,bykaranteli.com
2023-03-13,ETH,68.8,bykaranteli.com
2023-03-14,BTC,63.46,bykaranteli.com
2023-03-14,ETH,66.9,bykaranteli.com
2023-03-15,BTC,64.15,bykaranteli.com
2023-03-15,ETH,65.06,bykaranteli.com
2023-03-16,BTC,62.45,bykaranteli.com
2023-03-16,ETH,62.78,bykaranteli.com
2023-03-17,BTC,66.59,bykaranteli.com
2023-03-17,ETH,66.56,bykaranteli.com
2023-03-18,BTC,67.25,bykaranteli.com
2023-03-18,ETH,69.53,bykaranteli.com
2023-03-19,BTC,73.34,bykaranteli.com
2023-03-19,ETH,75.18,bykaranteli.com
2023-03-20,BTC,68.23,bykaranteli.com
2023-03-20,ETH,67.72,bykaranteli.com
2023-03-21,BTC,70.06,bykaranteli.com
2023-03-21,ETH,70.31,bykaranteli.com
2023-03-22,BTC,63.89,bykaranteli.com
2023-03-22,ETH,65.54,bykaranteli.com
2023-03-23,BTC,66.43,bykaranteli.com
2023-03-23,ETH,69.75,bykaranteli.com
2023-03-24,BTC,65.06,bykaranteli.com
2023-03-24,ETH,66.91,bykaranteli.com
2023-03-25,BTC,61.59,bykaranteli.com
2023-03-25,ETH,64.24,bykaranteli.com
2023-03-26,BTC,63.23,bykaranteli.com
2023-03-26,ETH,64.97,bykaranteli.com
2023-03-27,BTC,62.12,bykaranteli.com
2023-03-27,ETH,65.05,bykaranteli.com
2023-03-28,BTC,60.13,bykaranteli.com
2023-03-28,ETH,65.26,bykaranteli.com
2023-03-29,BTC,64.49,bykaranteli.com
2023-03-29,ETH,66.75,bykaranteli.com
2023-03-30,BTC,62.74,bykaranteli.com
2023-03-30,ETH,65.54,bykaranteli.com
2023-03-31,BTC,58.52,bykaranteli.com
2023-03-31,ETH,62.74,bykaranteli.com
2023-04-01,BTC,58.17,bykaranteli.com
2023-04-01,ETH,62.33,bykaranteli.com
2023-04-02,BTC,60.28,bykaranteli.com
2023-04-02,ETH,63.1,bykaranteli.com
2023-04-03,BTC,61.83,bykaranteli.com
2023-04-03,ETH,63.73,bykaranteli.com
2023-04-04,BTC,59.65,bykaranteli.com
2023-04-04,ETH,65.42,bykaranteli.com
2023-04-05,BTC,58.02,bykaranteli.com
2023-04-05,ETH,64.24,bykaranteli.com
2023-04-06,BTC,57.06,bykaranteli.com
2023-04-06,ETH,62.66,bykaranteli.com
2023-04-07,BTC,54.5,bykaranteli.com
2023-04-07,ETH,59.6,bykaranteli.com
2023-04-08,BTC,55.26,bykaranteli.com
2023-04-08,ETH,57.46,bykaranteli.com
2023-04-09,BTC,58.56,bykaranteli.com
2023-04-09,ETH,60.36,bykaranteli.com
2023-04-10,BTC,62.16,bykaranteli.com
2023-04-10,ETH,64.04,bykaranteli.com
2023-04-11,BTC,60.18,bykaranteli.com
2023-04-11,ETH,62.61,bykaranteli.com
2023-04-12,BTC,55.87,bykaranteli.com
2023-04-12,ETH,61.48,bykaranteli.com
2023-04-13,BTC,55.47,bykaranteli.com
2023-04-13,ETH,62.18,bykaranteli.com
2023-04-14,BTC,53.46,bykaranteli.com
2023-04-14,ETH,59.52,bykaranteli.com
2023-04-15,BTC,53.81,bykaranteli.com
2023-04-15,ETH,61.56,bykaranteli.com
2023-04-16,BTC,56.4,bykaranteli.com
2023-04-16,ETH,64.34,bykaranteli.com
2023-04-17,BTC,55.6,bykaranteli.com
2023-04-17,ETH,61.52,bykaranteli.com
2023-04-18,BTC,55.63,bykaranteli.com
2023-04-18,ETH,61.22,bykaranteli.com
2023-04-19,BTC,55.71,bykaranteli.com
2023-04-19,ETH,60.02,bykaranteli.com
2023-04-20,BTC,56.11,bykaranteli.com
2023-04-20,ETH,58.99,bykaranteli.com
2023-04-21,BTC,54.82,bykaranteli.com
2023-04-21,ETH,60.49,bykaranteli.com
2023-04-22,BTC,54.53,bykaranteli.com
2023-04-22,ETH,59.33,bykaranteli.com
2023-04-23,BTC,54.22,bykaranteli.com
2023-04-23,ETH,57.22,bykaranteli.com
2023-04-24,BTC,52.72,bykaranteli.com
2023-04-24,ETH,59.81,bykaranteli.com
2023-04-25,BTC,52.38,bykaranteli.com
2023-04-25,ETH,56.54,bykaranteli.com
2023-04-26,BTC,55.47,bykaranteli.com
2023-04-26,ETH,57.56,bykaranteli.com
2023-04-27,BTC,55.07,bykaranteli.com
2023-04-27,ETH,55.74,bykaranteli.com
2023-04-28,BTC,50.73,bykaranteli.com
2023-04-28,ETH,53.08,bykaranteli.com
2023-04-29,BTC,50.68,bykaranteli.com
2023-04-29,ETH,53.4,bykaranteli.com
2023-04-30,BTC,53.3,bykaranteli.com
2023-04-30,ETH,53.56,bykaranteli.com
2023-05-01,BTC,53.19,bykaranteli.com
2023-05-01,ETH,53.8,bykaranteli.com
2023-05-02,BTC,53.21,bykaranteli.com
2023-05-02,ETH,54.25,bykaranteli.com
2023-05-03,BTC,52.92,bykaranteli.com
2023-05-03,ETH,54.36,bykaranteli.com
2023-05-04,BTC,51.9,bykaranteli.com
2023-05-04,ETH,52.57,bykaranteli.com
2023-05-05,BTC,51.67,bykaranteli.com
2023-05-05,ETH,53.54,bykaranteli.com
2023-05-06,BTC,50.53,bykaranteli.com
2023-05-06,ETH,51.74,bykaranteli.com
2023-05-07,BTC,51.68,bykaranteli.com
2023-05-07,ETH,54.4,bykaranteli.com
2023-05-08,BTC,51.34,bykaranteli.com
2023-05-08,ETH,53.22,bykaranteli.com
2023-05-09,BTC,51.98,bykaranteli.com
2023-05-09,ETH,54.53,bykaranteli.com
2023-05-10,BTC,50.86,bykaranteli.com
2023-05-10,ETH,51.55,bykaranteli.com
2023-05-11,BTC,51.21,bykaranteli.com
2023-05-11,ETH,52.98,bykaranteli.com
2023-05-12,BTC,50.09,bykaranteli.com
2023-05-12,ETH,51.97,bykaranteli.com
2023-05-13,BTC,48.35,bykaranteli.com
2023-05-13,ETH,51.32,bykaranteli.com
2023-05-14,BTC,48.02,bykaranteli.com
2023-05-14,ETH,51.01,bykaranteli.com
2023-05-15,BTC,52.28,bykaranteli.com
2023-05-15,ETH,52.64,bykaranteli.com
2023-05-16,BTC,50.57,bykaranteli.com
2023-05-16,ETH,51.18,bykaranteli.com
2023-05-17,BTC,49.72,bykaranteli.com
2023-05-17,ETH,49.47,bykaranteli.com
2023-05-18,BTC,46.28,bykaranteli.com
2023-05-18,ETH,47.15,bykaranteli.com
2023-05-19,BTC,46.52,bykaranteli.com
2023-05-19,ETH,46.49,bykaranteli.com
2023-05-20,BTC,46.34,bykaranteli.com
2023-05-20,ETH,47.17,bykaranteli.com
2023-05-21,BTC,47.02,bykaranteli.com
2023-05-21,ETH,46.13,bykaranteli.com
2023-05-22,BTC,47.58,bykaranteli.com
2023-05-22,ETH,48.08,bykaranteli.com
2023-05-23,BTC,50.08,bykaranteli.com
2023-05-23,ETH,50.59,bykaranteli.com
2023-05-24,BTC,51.3,bykaranteli.com
2023-05-24,ETH,50.45,bykaranteli.com
2023-05-25,BTC,47.77,bykaranteli.com
2023-05-25,ETH,46.77,bykaranteli.com
2023-05-26,BTC,45.24,bykaranteli.com
2023-05-26,ETH,46.24,bykaranteli.com
2023-05-27,BTC,43.09,bykaranteli.com
2023-05-27,ETH,44.37,bykaranteli.com
2023-05-28,BTC,49.94,bykaranteli.com
2023-05-28,ETH,48.02,bykaranteli.com
2023-05-29,BTC,47.12,bykaranteli.com
2023-05-29,ETH,45.71,bykaranteli.com
2023-05-30,BTC,44.68,bykaranteli.com
2023-05-30,ETH,43.57,bykaranteli.com
2023-05-31,BTC,43.93,bykaranteli.com
2023-05-31,ETH,42.28,bykaranteli.com
2023-06-01,BTC,42.13,bykaranteli.com
2023-06-01,ETH,42.3,bykaranteli.com
2023-06-02,BTC,41.4,bykaranteli.com
2023-06-02,ETH,42.77,bykaranteli.com
2023-06-03,BTC,39.75,bykaranteli.com
2023-06-03,ETH,42.02,bykaranteli.com
2023-06-04,BTC,41.69,bykaranteli.com
2023-06-04,ETH,41.59,bykaranteli.com
2023-06-05,BTC,40.11,bykaranteli.com
2023-06-05,ETH,40.35,bykaranteli.com
2023-06-06,BTC,43.65,bykaranteli.com
2023-06-06,ETH,42.53,bykaranteli.com
2023-06-07,BTC,45.63,bykaranteli.com
2023-06-07,ETH,41.64,bykaranteli.com
2023-06-08,BTC,41.35,bykaranteli.com
2023-06-08,ETH,40.94,bykaranteli.com
2023-06-09,BTC,40.8,bykaranteli.com
2023-06-09,ETH,40.86,bykaranteli.com
2023-06-10,BTC,43.37,bykaranteli.com
2023-06-10,ETH,45.56,bykaranteli.com
2023-06-11,BTC,42.81,bykaranteli.com
2023-06-11,ETH,44.96,bykaranteli.com
2023-06-12,BTC,46.45,bykaranteli.com
2023-06-12,ETH,48.38,bykaranteli.com
2023-06-13,BTC,45.38,bykaranteli.com
2023-06-13,ETH,47.27,bykaranteli.com
2023-06-14,BTC,44.66,bykaranteli.com
2023-06-14,ETH,47.95,bykaranteli.com
2023-06-15,BTC,46.63,bykaranteli.com
2023-06-15,ETH,47.74,bykaranteli.com
2023-06-16,BTC,45.06,bykaranteli.com
2023-06-16,ETH,46.88,bykaranteli.com
2023-06-17,BTC,42.95,bykaranteli.com
2023-06-17,ETH,44.89,bykaranteli.com
2023-06-18,BTC,45.41,bykaranteli.com
2023-06-18,ETH,45.94,bykaranteli.com
2023-06-19,BTC,45.22,bykaranteli.com
2023-06-19,ETH,45.4,bykaranteli.com
2023-06-20,BTC,52.71,bykaranteli.com
2023-06-20,ETH,47.99,bykaranteli.com
2023-06-21,BTC,55.83,bykaranteli.com
2023-06-21,ETH,51.21,bykaranteli.com
2023-06-22,BTC,51.05,bykaranteli.com
2023-06-22,ETH,48.06,bykaranteli.com
2023-06-23,BTC,52.71,bykaranteli.com
2023-06-23,ETH,50.28,bykaranteli.com
2023-06-24,BTC,49.15,bykaranteli.com
2023-06-24,ETH,49.14,bykaranteli.com
2023-06-25,BTC,49.51,bykaranteli.com
2023-06-25,ETH,48.5,bykaranteli.com
2023-06-26,BTC,49.51,bykaranteli.com
2023-06-26,ETH,46.87,bykaranteli.com
2023-06-27,BTC,48.92,bykaranteli.com
2023-06-27,ETH,47.92,bykaranteli.com
2023-06-28,BTC,48.44,bykaranteli.com
2023-06-28,ETH,46.75,bykaranteli.com
2023-06-29,BTC,43.52,bykaranteli.com
2023-06-29,ETH,43.27,bykaranteli.com
2023-06-30,BTC,46.06,bykaranteli.com
2023-06-30,ETH,45.49,bykaranteli.com
2023-07-01,BTC,46.56,bykaranteli.com
2023-07-01,ETH,44.28,bykaranteli.com
2023-07-02,BTC,47.88,bykaranteli.com
2023-07-02,ETH,46.67,bykaranteli.com
2023-07-03,BTC,49.05,bykaranteli.com
2023-07-03,ETH,48.07,bykaranteli.com
2023-07-04,BTC,46.61,bykaranteli.com
2023-07-04,ETH,46.92,bykaranteli.com
2023-07-05,BTC,46.45,bykaranteli.com
2023-07-05,ETH,44.12,bykaranteli.com
2023-07-06,BTC,47.96,bykaranteli.com
2023-07-06,ETH,46.1,bykaranteli.com
2023-07-07,BTC,45.04,bykaranteli.com
2023-07-07,ETH,44.13,bykaranteli.com
2023-07-08,BTC,44.01,bykaranteli.com
2023-07-08,ETH,41.54,bykaranteli.com
2023-07-09,BTC,43.89,bykaranteli.com
2023-07-09,ETH,42.84,bykaranteli.com
2023-07-10,BTC,44.26,bykaranteli.com
2023-07-10,ETH,42.36,bykaranteli.com
2023-07-11,BTC,43.96,bykaranteli.com
2023-07-11,ETH,41.59,bykaranteli.com
2023-07-12,BTC,41.26,bykaranteli.com
2023-07-12,ETH,40.45,bykaranteli.com
2023-07-13,BTC,45.15,bykaranteli.com
2023-07-13,ETH,46.89,bykaranteli.com
2023-07-14,BTC,42.21,bykaranteli.com
2023-07-14,ETH,45.4,bykaranteli.com
2023-07-15,BTC,42.98,bykaranteli.com
2023-07-15,ETH,44.9,bykaranteli.com
2023-07-16,BTC,42.1,bykaranteli.com
2023-07-16,ETH,43.2,bykaranteli.com
2023-07-17,BTC,42.9,bykaranteli.com
2023-07-17,ETH,43.02,bykaranteli.com
2023-07-18,BTC,42.67,bykaranteli.com
2023-07-18,ETH,42.38,bykaranteli.com
2023-07-19,BTC,40.53,bykaranteli.com
2023-07-19,ETH,41.55,bykaranteli.com
2023-07-20,BTC,41.62,bykaranteli.com
2023-07-20,ETH,40.38,bykaranteli.com
2023-07-21,BTC,38.76,bykaranteli.com
2023-07-21,ETH,38.37,bykaranteli.com
2023-07-22,BTC,39.07,bykaranteli.com
2023-07-22,ETH,38.44,bykaranteli.com
2023-07-23,BTC,39.27,bykaranteli.com
2023-07-23,ETH,37.15,bykaranteli.com
2023-07-24,BTC,38.25,bykaranteli.com
2023-07-24,ETH,37.01,bykaranteli.com
2023-07-25,BTC,37.77,bykaranteli.com
2023-07-25,ETH,37.6,bykaranteli.com
2023-07-26,BTC,38.15,bykaranteli.com
2023-07-26,ETH,36.16,bykaranteli.com
2023-07-27,BTC,36.36,bykaranteli.com
2023-07-27,ETH,35.59,bykaranteli.com
2023-07-28,BTC,35.47,bykaranteli.com
2023-07-28,ETH,34.27,bykaranteli.com
2023-07-29,BTC,34.96,bykaranteli.com
2023-07-29,ETH,33.98,bykaranteli.com
2023-07-30,BTC,36.33,bykaranteli.com
2023-07-30,ETH,35.21,bykaranteli.com
2023-07-31,BTC,36.77,bykaranteli.com
2023-07-31,ETH,35.57,bykaranteli.com
2023-08-01,BTC,36.56,bykaranteli.com
2023-08-01,ETH,37.06,bykaranteli.com
2023-08-02,BTC,36.82,bykaranteli.com
2023-08-02,ETH,37.62,bykaranteli.com
2023-08-03,BTC,36.21,bykaranteli.com
2023-08-03,ETH,36.5,bykaranteli.com
2023-08-04,BTC,34.37,bykaranteli.com
2023-08-04,ETH,35.2,bykaranteli.com
2023-08-05,BTC,33.79,bykaranteli.com
2023-08-05,ETH,35.44,bykaranteli.com
2023-08-06,BTC,34.03,bykaranteli.com
2023-08-06,ETH,34.87,bykaranteli.com
2023-08-07,BTC,36.29,bykaranteli.com
2023-08-07,ETH,34.53,bykaranteli.com
2023-08-08,BTC,39.85,bykaranteli.com
2023-08-08,ETH,34.65,bykaranteli.com
2023-08-09,BTC,38.73,bykaranteli.com
2023-08-09,ETH,34.51,bykaranteli.com
2023-08-10,BTC,36.2,bykaranteli.com
2023-08-10,ETH,33.47,bykaranteli.com
2023-08-11,BTC,32.74,bykaranteli.com
2023-08-11,ETH,30.69,bykaranteli.com
2023-08-12,BTC,32.38,bykaranteli.com
2023-08-12,ETH,30.71,bykaranteli.com
2023-08-13,BTC,33.76,bykaranteli.com
2023-08-13,ETH,33.43,bykaranteli.com
2023-08-14,BTC,35.01,bykaranteli.com
2023-08-14,ETH,32.21,bykaranteli.com
2023-08-15,BTC,34.58,bykaranteli.com
2023-08-15,ETH,31.45,bykaranteli.com
2023-08-16,BTC,36.56,bykaranteli.com
2023-08-16,ETH,33.71,bykaranteli.com
2023-08-17,BTC,52.3,bykaranteli.com
2023-08-17,ETH,45.77,bykaranteli.com
2023-08-18,BTC,43.58,bykaranteli.com
2023-08-18,ETH,42.63,bykaranteli.com
2023-08-19,BTC,43.01,bykaranteli.com
2023-08-19,ETH,41.71,bykaranteli.com
2023-08-20,BTC,43.18,bykaranteli.com
2023-08-20,ETH,39.09,bykaranteli.com
2023-08-21,BTC,42.63,bykaranteli.com
2023-08-21,ETH,40.31,bykaranteli.com
2023-08-22,BTC,42.13,bykaranteli.com
2023-08-22,ETH,43.36,bykaranteli.com
2023-08-23,BTC,43.38,bykaranteli.com
2023-08-23,ETH,40.12,bykaranteli.com
2023-08-24,BTC,41.72,bykaranteli.com
2023-08-24,ETH,41.42,bykaranteli.com
2023-08-25,BTC,36.31,bykaranteli.com
2023-08-25,ETH,38.17,bykaranteli.com
2023-08-26,BTC,35.52,bykaranteli.com
2023-08-26,ETH,39.26,bykaranteli.com
2023-08-27,BTC,36.05,bykaranteli.com
2023-08-27,ETH,39.19,bykaranteli.com
2023-08-28,BTC,36.42,bykaranteli.com
2023-08-28,ETH,38.08,bykaranteli.com
2023-08-29,BTC,40.6,bykaranteli.com
2023-08-29,ETH,38.11,bykaranteli.com
2023-08-30,BTC,38.18,bykaranteli.com
2023-08-30,ETH,36.55,bykaranteli.com
2023-08-31,BTC,35.98,bykaranteli.com
2023-08-31,ETH,36.93,bykaranteli.com
2023-09-01,BTC,36.09,bykaranteli.com
2023-09-01,ETH,37.65,bykaranteli.com
2023-09-02,BTC,35.57,bykaranteli.com
2023-09-02,ETH,36.07,bykaranteli.com
2023-09-03,BTC,37.84,bykaranteli.com
2023-09-03,ETH,39.23,bykaranteli.com
2023-09-04,BTC,38.3,bykaranteli.com
2023-09-04,ETH,38.77,bykaranteli.com
2023-09-05,BTC,39.79,bykaranteli.com
2023-09-05,ETH,37.23,bykaranteli.com
2023-09-06,BTC,39.41,bykaranteli.com
2023-09-06,ETH,39.5,bykaranteli.com
2023-09-07,BTC,39.74,bykaranteli.com
2023-09-07,ETH,37.44,bykaranteli.com
2023-09-08,BTC,40,bykaranteli.com
2023-09-08,ETH,36.94,bykaranteli.com
2023-09-09,BTC,39.75,bykaranteli.com
2023-09-09,ETH,36.17,bykaranteli.com
2023-09-10,BTC,40.52,bykaranteli.com
2023-09-10,ETH,38.76,bykaranteli.com
2023-09-11,BTC,44.33,bykaranteli.com
2023-09-11,ETH,41.61,bykaranteli.com
2023-09-12,BTC,43.57,bykaranteli.com
2023-09-12,ETH,39.57,bykaranteli.com
2023-09-13,BTC,44.05,bykaranteli.com
2023-09-13,ETH,39.13,bykaranteli.com
2023-09-14,BTC,41.71,bykaranteli.com
2023-09-14,ETH,37.97,bykaranteli.com
2023-09-15,BTC,39.14,bykaranteli.com
2023-09-15,ETH,37.04,bykaranteli.com
2023-09-16,BTC,39.52,bykaranteli.com
2023-09-16,ETH,36.54,bykaranteli.com
2023-09-17,BTC,39.83,bykaranteli.com
2023-09-17,ETH,35.69,bykaranteli.com
2023-09-18,BTC,41.48,bykaranteli.com
2023-09-18,ETH,37.4,bykaranteli.com
2023-09-19,BTC,42.53,bykaranteli.com
2023-09-19,ETH,37.78,bykaranteli.com
2023-09-20,BTC,43.01,bykaranteli.com
2023-09-20,ETH,35.84,bykaranteli.com
2023-09-21,BTC,41.37,bykaranteli.com
2023-09-21,ETH,35.6,bykaranteli.com
2023-09-22,BTC,37.29,bykaranteli.com
2023-09-22,ETH,33.32,bykaranteli.com
2023-09-23,BTC,37.64,bykaranteli.com
2023-09-23,ETH,34.43,bykaranteli.com
2023-09-24,BTC,38.6,bykaranteli.com
2023-09-24,ETH,35.34,bykaranteli.com
2023-09-25,BTC,39.25,bykaranteli.com
2023-09-25,ETH,35.93,bykaranteli.com
2023-09-26,BTC,38.67,bykaranteli.com
2023-09-26,ETH,34.81,bykaranteli.com
2023-09-27,BTC,36.06,bykaranteli.com
2023-09-27,ETH,32.49,bykaranteli.com
2023-09-28,BTC,38.63,bykaranteli.com
2023-09-28,ETH,38.57,bykaranteli.com
2023-09-29,BTC,33.04,bykaranteli.com
2023-09-29,ETH,34.74,bykaranteli.com
2023-09-30,BTC,35.89,bykaranteli.com
2023-09-30,ETH,35.16,bykaranteli.com
2023-10-01,BTC,37.5,bykaranteli.com
2023-10-01,ETH,36.32,bykaranteli.com
2023-10-02,BTC,38.17,bykaranteli.com
2023-10-02,ETH,36.43,bykaranteli.com
2023-10-03,BTC,37.96,bykaranteli.com
2023-10-03,ETH,36.91,bykaranteli.com
2023-10-04,BTC,37.28,bykaranteli.com
2023-10-04,ETH,34.81,bykaranteli.com
2023-10-05,BTC,36.75,bykaranteli.com
2023-10-05,ETH,34.93,bykaranteli.com
2023-10-06,BTC,35.06,bykaranteli.com
2023-10-06,ETH,34.34,bykaranteli.com
2023-10-07,BTC,37.61,bykaranteli.com
2023-10-07,ETH,33.74,bykaranteli.com
2023-10-08,BTC,37.85,bykaranteli.com
2023-10-08,ETH,35.75,bykaranteli.com
2023-10-09,BTC,36.81,bykaranteli.com
2023-10-09,ETH,37.28,bykaranteli.com
2023-10-10,BTC,38.53,bykaranteli.com
2023-10-10,ETH,36.55,bykaranteli.com
2023-10-11,BTC,36.88,bykaranteli.com
2023-10-11,ETH,36.78,bykaranteli.com
2023-10-12,BTC,35.19,bykaranteli.com
2023-10-12,ETH,36.51,bykaranteli.com
2023-10-13,BTC,35.37,bykaranteli.com
2023-10-13,ETH,36.92,bykaranteli.com
2023-10-14,BTC,36.53,bykaranteli.com
2023-10-14,ETH,36.76,bykaranteli.com
2023-10-15,BTC,38.16,bykaranteli.com
2023-10-15,ETH,37.46,bykaranteli.com
2023-10-16,BTC,42.63,bykaranteli.com
2023-10-16,ETH,36.91,bykaranteli.com
2023-10-17,BTC,41.08,bykaranteli.com
2023-10-17,ETH,35.39,bykaranteli.com
2023-10-18,BTC,39.24,bykaranteli.com
2023-10-18,ETH,34.75,bykaranteli.com
2023-10-19,BTC,39.18,bykaranteli.com
2023-10-19,ETH,34.63,bykaranteli.com
2023-10-20,BTC,44.26,bykaranteli.com
2023-10-20,ETH,38.43,bykaranteli.com
2023-10-21,BTC,45.9,bykaranteli.com
2023-10-21,ETH,41.61,bykaranteli.com
2023-10-22,BTC,48.81,bykaranteli.com
2023-10-22,ETH,45.52,bykaranteli.com
2023-10-23,BTC,55.37,bykaranteli.com
2023-10-23,ETH,48.48,bykaranteli.com
2023-10-24,BTC,54.19,bykaranteli.com
2023-10-24,ETH,50.66,bykaranteli.com
2023-10-25,BTC,58.36,bykaranteli.com
2023-10-25,ETH,49.59,bykaranteli.com
2023-10-26,BTC,55.02,bykaranteli.com
2023-10-26,ETH,50.89,bykaranteli.com
2023-10-27,BTC,47.19,bykaranteli.com
2023-10-27,ETH,43.84,bykaranteli.com
2023-10-28,BTC,50.23,bykaranteli.com
2023-10-28,ETH,46.05,bykaranteli.com
2023-10-29,BTC,54.21,bykaranteli.com
2023-10-29,ETH,49.93,bykaranteli.com
2023-10-30,BTC,53.89,bykaranteli.com
2023-10-30,ETH,50.31,bykaranteli.com
2023-10-31,BTC,54.76,bykaranteli.com
2023-10-31,ETH,51.68,bykaranteli.com
2023-11-01,BTC,59.78,bykaranteli.com
2023-11-01,ETH,55.87,bykaranteli.com
2023-11-02,BTC,60,bykaranteli.com
2023-11-02,ETH,56.46,bykaranteli.com
2023-11-03,BTC,57.89,bykaranteli.com
2023-11-03,ETH,55.39,bykaranteli.com
2023-11-04,BTC,62.46,bykaranteli.com
2023-11-04,ETH,58.79,bykaranteli.com
2023-11-05,BTC,60.1,bykaranteli.com
2023-11-05,ETH,61.06,bykaranteli.com
2023-11-06,BTC,57.36,bykaranteli.com
2023-11-06,ETH,58.1,bykaranteli.com
2023-11-07,BTC,55.48,bykaranteli.com
2023-11-07,ETH,55.69,bykaranteli.com
2023-11-08,BTC,57.58,bykaranteli.com
2023-11-08,ETH,56.14,bykaranteli.com
2023-11-09,BTC,58.87,bykaranteli.com
2023-11-09,ETH,64.58,bykaranteli.com
2023-11-10,BTC,56.84,bykaranteli.com
2023-11-10,ETH,58.02,bykaranteli.com
2023-11-11,BTC,58.09,bykaranteli.com
2023-11-11,ETH,58.99,bykaranteli.com
2023-11-12,BTC,58.33,bykaranteli.com
2023-11-12,ETH,59.6,bykaranteli.com
2023-11-13,BTC,56.26,bykaranteli.com
2023-11-13,ETH,62.47,bykaranteli.com
2023-11-14,BTC,56.24,bykaranteli.com
2023-11-14,ETH,61.27,bykaranteli.com
2023-11-15,BTC,60.51,bykaranteli.com
2023-11-15,ETH,63.54,bykaranteli.com
2023-11-16,BTC,55.35,bykaranteli.com
2023-11-16,ETH,58.39,bykaranteli.com
2023-11-17,BTC,55.4,bykaranteli.com
2023-11-17,ETH,57.22,bykaranteli.com
2023-11-18,BTC,54.38,bykaranteli.com
2023-11-18,ETH,54.43,bykaranteli.com
2023-11-19,BTC,56.54,bykaranteli.com
2023-11-19,ETH,57.2,bykaranteli.com
2023-11-20,BTC,57.94,bykaranteli.com
2023-11-20,ETH,57.46,bykaranteli.com
2023-11-21,BTC,55.72,bykaranteli.com
2023-11-21,ETH,55.37,bykaranteli.com
2023-11-22,BTC,55.5,bykaranteli.com
2023-11-22,ETH,54.87,bykaranteli.com
2023-11-23,BTC,53.87,bykaranteli.com
2023-11-23,ETH,54.03,bykaranteli.com
2023-11-24,BTC,53.65,bykaranteli.com
2023-11-24,ETH,54.25,bykaranteli.com
2023-11-25,BTC,52.13,bykaranteli.com
2023-11-25,ETH,54.35,bykaranteli.com
2023-11-26,BTC,53.19,bykaranteli.com
2023-11-26,ETH,53.58,bykaranteli.com
2023-11-27,BTC,50.62,bykaranteli.com
2023-11-27,ETH,50.25,bykaranteli.com
2023-11-28,BTC,50.58,bykaranteli.com
2023-11-28,ETH,48.99,bykaranteli.com
2023-11-29,BTC,51.9,bykaranteli.com
2023-11-29,ETH,50.17,bykaranteli.com
2023-11-30,BTC,49.8,bykaranteli.com
2023-11-30,ETH,50.5,bykaranteli.com
2023-12-01,BTC,51.46,bykaranteli.com
2023-12-01,ETH,51.46,bykaranteli.com
2023-12-02,BTC,52.35,bykaranteli.com
2023-12-02,ETH,55.17,bykaranteli.com
2023-12-03,BTC,54.72,bykaranteli.com
2023-12-03,ETH,55.64,bykaranteli.com
2023-12-04,BTC,55.09,bykaranteli.com
2023-12-04,ETH,56.48,bykaranteli.com
2023-12-05,BTC,55.71,bykaranteli.com
2023-12-05,ETH,57.47,bykaranteli.com
2023-12-06,BTC,53.71,bykaranteli.com
2023-12-06,ETH,55,bykaranteli.com
2023-12-07,BTC,52.4,bykaranteli.com
2023-12-07,ETH,56.75,bykaranteli.com
2023-12-08,BTC,53.72,bykaranteli.com
2023-12-08,ETH,57.54,bykaranteli.com
2023-12-09,BTC,53.98,bykaranteli.com
2023-12-09,ETH,56.51,bykaranteli.com
2023-12-10,BTC,55.03,bykaranteli.com
2023-12-10,ETH,57.1,bykaranteli.com
2023-12-11,BTC,55.59,bykaranteli.com
2023-12-11,ETH,60.64,bykaranteli.com
2023-12-12,BTC,53.87,bykaranteli.com
2023-12-12,ETH,57.13,bykaranteli.com
2023-12-13,BTC,53.46,bykaranteli.com
2023-12-13,ETH,57.48,bykaranteli.com
2023-12-14,BTC,53.13,bykaranteli.com
2023-12-14,ETH,56.63,bykaranteli.com
2023-12-15,BTC,54.15,bykaranteli.com
2023-12-15,ETH,55.29,bykaranteli.com
2023-12-16,BTC,53.81,bykaranteli.com
2023-12-16,ETH,56.09,bykaranteli.com
2023-12-17,BTC,54.6,bykaranteli.com
2023-12-17,ETH,57.2,bykaranteli.com
2023-12-18,BTC,56.02,bykaranteli.com
2023-12-18,ETH,58.12,bykaranteli.com
2023-12-19,BTC,57.62,bykaranteli.com
2023-12-19,ETH,59.13,bykaranteli.com
2023-12-20,BTC,58.1,bykaranteli.com
2023-12-20,ETH,56.54,bykaranteli.com
2023-12-21,BTC,58.63,bykaranteli.com
2023-12-21,ETH,58.46,bykaranteli.com
2023-12-22,BTC,57.24,bykaranteli.com
2023-12-22,ETH,60.46,bykaranteli.com
2023-12-23,BTC,56.97,bykaranteli.com
2023-12-23,ETH,62.06,bykaranteli.com
2023-12-24,BTC,58.73,bykaranteli.com
2023-12-24,ETH,62.22,bykaranteli.com
2023-12-25,BTC,58.26,bykaranteli.com
2023-12-25,ETH,59.62,bykaranteli.com
2023-12-26,BTC,59.98,bykaranteli.com
2023-12-26,ETH,61.89,bykaranteli.com
2023-12-27,BTC,64.35,bykaranteli.com
2023-12-27,ETH,66.96,bykaranteli.com
2023-12-28,BTC,63.75,bykaranteli.com
2023-12-28,ETH,66.49,bykaranteli.com
2023-12-29,BTC,62.5,bykaranteli.com
2023-12-29,ETH,66.24,bykaranteli.com
2023-12-30,BTC,63.11,bykaranteli.com
2023-12-30,ETH,69.58,bykaranteli.com
2023-12-31,BTC,64.71,bykaranteli.com
2023-12-31,ETH,70.15,bykaranteli.com
2024-01-01,BTC,66.81,bykaranteli.com
2024-01-01,ETH,70.21,bykaranteli.com
2024-01-02,BTC,63.75,bykaranteli.com
2024-01-02,ETH,68.55,bykaranteli.com
2024-01-03,BTC,65.17,bykaranteli.com
2024-01-03,ETH,68.87,bykaranteli.com
2024-01-04,BTC,65.34,bykaranteli.com
2024-01-04,ETH,69.48,bykaranteli.com
2024-01-05,BTC,67.64,bykaranteli.com
2024-01-05,ETH,70.64,bykaranteli.com
2024-01-06,BTC,71.39,bykaranteli.com
2024-01-06,ETH,73.05,bykaranteli.com
2024-01-07,BTC,71.81,bykaranteli.com
2024-01-07,ETH,74.59,bykaranteli.com
2024-01-08,BTC,67.16,bykaranteli.com
2024-01-08,ETH,69.84,bykaranteli.com
2024-01-09,BTC,64.17,bykaranteli.com
2024-01-09,ETH,69.32,bykaranteli.com
2024-01-10,BTC,62.7,bykaranteli.com
2024-01-10,ETH,69.57,bykaranteli.com
2024-01-11,BTC,57.3,bykaranteli.com
2024-01-11,ETH,64.51,bykaranteli.com
2024-01-12,BTC,57.42,bykaranteli.com
2024-01-12,ETH,63.99,bykaranteli.com
2024-01-13,BTC,55.07,bykaranteli.com
2024-01-13,ETH,63.65,bykaranteli.com
2024-01-14,BTC,56.87,bykaranteli.com
2024-01-14,ETH,65.08,bykaranteli.com
2024-01-15,BTC,55.96,bykaranteli.com
2024-01-15,ETH,62.04,bykaranteli.com
2024-01-16,BTC,55.16,bykaranteli.com
2024-01-16,ETH,61.58,bykaranteli.com
2024-01-17,BTC,50.79,bykaranteli.com
2024-01-17,ETH,54.53,bykaranteli.com
2024-01-18,BTC,48.31,bykaranteli.com
2024-01-18,ETH,47.31,bykaranteli.com
2024-01-19,BTC,48.04,bykaranteli.com
2024-01-19,ETH,47.29,bykaranteli.com
2024-01-20,BTC,47.96,bykaranteli.com
2024-01-20,ETH,45.33,bykaranteli.com
2024-01-21,BTC,47.82,bykaranteli.com
2024-01-21,ETH,46.04,bykaranteli.com
2024-01-22,BTC,48.98,bykaranteli.com
2024-01-22,ETH,47.66,bykaranteli.com
2024-01-23,BTC,49.59,bykaranteli.com
2024-01-23,ETH,51.41,bykaranteli.com
2024-01-24,BTC,47.54,bykaranteli.com
2024-01-24,ETH,46.37,bykaranteli.com
2024-01-25,BTC,45.01,bykaranteli.com
2024-01-25,ETH,46.8,bykaranteli.com
2024-01-26,BTC,43.73,bykaranteli.com
2024-01-26,ETH,43.92,bykaranteli.com
2024-01-27,BTC,42.43,bykaranteli.com
2024-01-27,ETH,43.75,bykaranteli.com
2024-01-28,BTC,45.25,bykaranteli.com
2024-01-28,ETH,45.52,bykaranteli.com
2024-01-29,BTC,45.36,bykaranteli.com
2024-01-29,ETH,45.9,bykaranteli.com
2024-01-30,BTC,46.91,bykaranteli.com
2024-01-30,ETH,48.42,bykaranteli.com
2024-01-31,BTC,45.79,bykaranteli.com
2024-01-31,ETH,46.54,bykaranteli.com
2024-02-01,BTC,44.76,bykaranteli.com
2024-02-01,ETH,45.77,bykaranteli.com
2024-02-02,BTC,42.41,bykaranteli.com
2024-02-02,ETH,43.38,bykaranteli.com
2024-02-03,BTC,41.52,bykaranteli.com
2024-02-03,ETH,42.37,bykaranteli.com
2024-02-04,BTC,42.69,bykaranteli.com
2024-02-04,ETH,43.75,bykaranteli.com
2024-02-05,BTC,42.37,bykaranteli.com
2024-02-05,ETH,42.29,bykaranteli.com
2024-02-06,BTC,42.87,bykaranteli.com
2024-02-06,ETH,45.02,bykaranteli.com
2024-02-07,BTC,43.82,bykaranteli.com
2024-02-07,ETH,45.84,bykaranteli.com
2024-02-08,BTC,44.91,bykaranteli.com
2024-02-08,ETH,45.9,bykaranteli.com
2024-02-09,BTC,47.79,bykaranteli.com
2024-02-09,ETH,49.39,bykaranteli.com
2024-02-10,BTC,49.91,bykaranteli.com
2024-02-10,ETH,49.61,bykaranteli.com
2024-02-11,BTC,51.29,bykaranteli.com
2024-02-11,ETH,51,bykaranteli.com
2024-02-12,BTC,54.28,bykaranteli.com
2024-02-12,ETH,56.78,bykaranteli.com
2024-02-13,BTC,52.19,bykaranteli.com
2024-02-13,ETH,54.03,bykaranteli.com
2024-02-14,BTC,55.13,bykaranteli.com
2024-02-14,ETH,58.19,bykaranteli.com
2024-02-15,BTC,55.08,bykaranteli.com
2024-02-15,ETH,59.11,bykaranteli.com
2024-02-16,BTC,55.24,bykaranteli.com
2024-02-16,ETH,58.06,bykaranteli.com
2024-02-17,BTC,56.24,bykaranteli.com
2024-02-17,ETH,59.05,bykaranteli.com
2024-02-18,BTC,57.24,bykaranteli.com
2024-02-18,ETH,63.49,bykaranteli.com
2024-02-19,BTC,56.83,bykaranteli.com
2024-02-19,ETH,61.49,bykaranteli.com
2024-02-20,BTC,55.63,bykaranteli.com
2024-02-20,ETH,61.31,bykaranteli.com
2024-02-21,BTC,54.01,bykaranteli.com
2024-02-21,ETH,60.26,bykaranteli.com
2024-02-22,BTC,55.38,bykaranteli.com
2024-02-22,ETH,60.6,bykaranteli.com
2024-02-23,BTC,52.23,bykaranteli.com
2024-02-23,ETH,58.22,bykaranteli.com
2024-02-24,BTC,54.18,bykaranteli.com
2024-02-24,ETH,60.27,bykaranteli.com
2024-02-25,BTC,55.17,bykaranteli.com
2024-02-25,ETH,63.16,bykaranteli.com
2024-02-26,BTC,56.05,bykaranteli.com
2024-02-26,ETH,61.4,bykaranteli.com
2024-02-27,BTC,58.36,bykaranteli.com
2024-02-27,ETH,62.53,bykaranteli.com
2024-02-28,BTC,67.76,bykaranteli.com
2024-02-28,ETH,68.25,bykaranteli.com
2024-02-29,BTC,65.54,bykaranteli.com
2024-02-29,ETH,67.36,bykaranteli.com
2024-03-01,BTC,65.37,bykaranteli.com
2024-03-01,ETH,68.17,bykaranteli.com
2024-03-02,BTC,65.82,bykaranteli.com
2024-03-02,ETH,68.27,bykaranteli.com
2024-03-03,BTC,71.72,bykaranteli.com
2024-03-03,ETH,75.07,bykaranteli.com
2024-03-04,BTC,74.81,bykaranteli.com
2024-03-04,ETH,75.57,bykaranteli.com
2024-03-05,BTC,73.19,bykaranteli.com
2024-03-05,ETH,76.92,bykaranteli.com
2024-03-06,BTC,74.85,bykaranteli.com
2024-03-06,ETH,78.95,bykaranteli.com
2024-03-07,BTC,69.68,bykaranteli.com
2024-03-07,ETH,74.68,bykaranteli.com
2024-03-08,BTC,71.87,bykaranteli.com
2024-03-08,ETH,76.24,bykaranteli.com
2024-03-09,BTC,75.04,bykaranteli.com
2024-03-09,ETH,77.06,bykaranteli.com
2024-03-10,BTC,80.12,bykaranteli.com
2024-03-10,ETH,80.39,bykaranteli.com
2024-03-11,BTC,83.02,bykaranteli.com
2024-03-11,ETH,85.18,bykaranteli.com
2024-03-12,BTC,78.08,bykaranteli.com
2024-03-12,ETH,74.43,bykaranteli.com
2024-03-13,BTC,77.5,bykaranteli.com
2024-03-13,ETH,73.39,bykaranteli.com
2024-03-14,BTC,74.58,bykaranteli.com
2024-03-14,ETH,72.33,bykaranteli.com
2024-03-15,BTC,76.7,bykaranteli.com
2024-03-15,ETH,75.54,bykaranteli.com
2024-03-16,BTC,75.73,bykaranteli.com
2024-03-16,ETH,78.79,bykaranteli.com
2024-03-17,BTC,75.93,bykaranteli.com
2024-03-17,ETH,75.04,bykaranteli.com
2024-03-18,BTC,74.08,bykaranteli.com
2024-03-18,ETH,75.13,bykaranteli.com
2024-03-19,BTC,76.61,bykaranteli.com
2024-03-19,ETH,82.45,bykaranteli.com
2024-03-20,BTC,77.73,bykaranteli.com
2024-03-20,ETH,78.17,bykaranteli.com
2024-03-21,BTC,75.26,bykaranteli.com
2024-03-21,ETH,78,bykaranteli.com
2024-03-22,BTC,72.46,bykaranteli.com
2024-03-22,ETH,76.56,bykaranteli.com
2024-03-23,BTC,73.68,bykaranteli.com
2024-03-23,ETH,77.85,bykaranteli.com
2024-03-24,BTC,72.62,bykaranteli.com
2024-03-24,ETH,75.67,bykaranteli.com
2024-03-25,BTC,76.25,bykaranteli.com
2024-03-25,ETH,77.54,bykaranteli.com
2024-03-26,BTC,75.39,bykaranteli.com
2024-03-26,ETH,78.8,bykaranteli.com
2024-03-27,BTC,75.78,bykaranteli.com
2024-03-27,ETH,79.35,bykaranteli.com
2024-03-28,BTC,76.53,bykaranteli.com
2024-03-28,ETH,80.41,bykaranteli.com
2024-03-29,BTC,73.11,bykaranteli.com
2024-03-29,ETH,79.11,bykaranteli.com
2024-03-30,BTC,74.93,bykaranteli.com
2024-03-30,ETH,79.64,bykaranteli.com
2024-03-31,BTC,76.64,bykaranteli.com
2024-03-31,ETH,81.02,bykaranteli.com
2024-04-01,BTC,73.81,bykaranteli.com
2024-04-01,ETH,78.68,bykaranteli.com
2024-04-02,BTC,74.37,bykaranteli.com
2024-04-02,ETH,77.7,bykaranteli.com
2024-04-03,BTC,72.45,bykaranteli.com
2024-04-03,ETH,75.93,bykaranteli.com
2024-04-04,BTC,72.31,bykaranteli.com
2024-04-04,ETH,74.3,bykaranteli.com
2024-04-05,BTC,71.96,bykaranteli.com
2024-04-05,ETH,72.91,bykaranteli.com
2024-04-06,BTC,72.3,bykaranteli.com
2024-04-06,ETH,72.29,bykaranteli.com
2024-04-07,BTC,77.43,bykaranteli.com
2024-04-07,ETH,79.16,bykaranteli.com
2024-04-08,BTC,76.25,bykaranteli.com
2024-04-08,ETH,79.57,bykaranteli.com
2024-04-09,BTC,73.69,bykaranteli.com
2024-04-09,ETH,76.76,bykaranteli.com
2024-04-10,BTC,72.32,bykaranteli.com
2024-04-10,ETH,74.05,bykaranteli.com
2024-04-11,BTC,68.42,bykaranteli.com
2024-04-11,ETH,71.64,bykaranteli.com
2024-04-12,BTC,66.94,bykaranteli.com
2024-04-12,ETH,69.61,bykaranteli.com
2024-04-13,BTC,72.95,bykaranteli.com
2024-04-13,ETH,80.22,bykaranteli.com
2024-04-14,BTC,71.99,bykaranteli.com
2024-04-14,ETH,75.99,bykaranteli.com
2024-04-15,BTC,70.48,bykaranteli.com
2024-04-15,ETH,74.04,bykaranteli.com
2024-04-16,BTC,70.88,bykaranteli.com
2024-04-16,ETH,78.08,bykaranteli.com
2024-04-17,BTC,70.72,bykaranteli.com
2024-04-17,ETH,77.39,bykaranteli.com
2024-04-18,BTC,69.98,bykaranteli.com
2024-04-18,ETH,74.44,bykaranteli.com
2024-04-19,BTC,70.4,bykaranteli.com
2024-04-19,ETH,76.06,bykaranteli.com
2024-04-20,BTC,71.98,bykaranteli.com
2024-04-20,ETH,75.39,bykaranteli.com
2024-04-21,BTC,72.05,bykaranteli.com
2024-04-21,ETH,74.47,bykaranteli.com
2024-04-22,BTC,69.37,bykaranteli.com
2024-04-22,ETH,74.1,bykaranteli.com
2024-04-23,BTC,64.16,bykaranteli.com
2024-04-23,ETH,70.14,bykaranteli.com
2024-04-24,BTC,62.44,bykaranteli.com
2024-04-24,ETH,69.89,bykaranteli.com
2024-04-25,BTC,59.29,bykaranteli.com
2024-04-25,ETH,67.12,bykaranteli.com
2024-04-26,BTC,55.12,bykaranteli.com
2024-04-26,ETH,65.9,bykaranteli.com
2024-04-27,BTC,54.69,bykaranteli.com
2024-04-27,ETH,67.65,bykaranteli.com
2024-04-28,BTC,56.79,bykaranteli.com
2024-04-28,ETH,65.45,bykaranteli.com
2024-04-29,BTC,55.33,bykaranteli.com
2024-04-29,ETH,62.56,bykaranteli.com
2024-04-30,BTC,59.81,bykaranteli.com
2024-04-30,ETH,71.72,bykaranteli.com
2024-05-01,BTC,61.22,bykaranteli.com
2024-05-01,ETH,73.05,bykaranteli.com
2024-05-02,BTC,56.77,bykaranteli.com
2024-05-02,ETH,64.01,bykaranteli.com
2024-05-03,BTC,55.88,bykaranteli.com
2024-05-03,ETH,66.18,bykaranteli.com
2024-05-04,BTC,56.89,bykaranteli.com
2024-05-04,ETH,68.45,bykaranteli.com
2024-05-05,BTC,58.65,bykaranteli.com
2024-05-05,ETH,69.38,bykaranteli.com
2024-05-06,BTC,55.57,bykaranteli.com
2024-05-06,ETH,66.64,bykaranteli.com
2024-05-07,BTC,53.76,bykaranteli.com
2024-05-07,ETH,64.45,bykaranteli.com
2024-05-08,BTC,55.43,bykaranteli.com
2024-05-08,ETH,63.06,bykaranteli.com
2024-05-09,BTC,52.17,bykaranteli.com
2024-05-09,ETH,61.45,bykaranteli.com
2024-05-10,BTC,54.27,bykaranteli.com
2024-05-10,ETH,63.61,bykaranteli.com
2024-05-11,BTC,54.17,bykaranteli.com
2024-05-11,ETH,61.61,bykaranteli.com
2024-05-12,BTC,54.52,bykaranteli.com
2024-05-12,ETH,62.18,bykaranteli.com
2024-05-13,BTC,56.13,bykaranteli.com
2024-05-13,ETH,63.82,bykaranteli.com
2024-05-14,BTC,56.23,bykaranteli.com
2024-05-14,ETH,63.21,bykaranteli.com
2024-05-15,BTC,58.61,bykaranteli.com
2024-05-15,ETH,62.31,bykaranteli.com
2024-05-16,BTC,57.49,bykaranteli.com
2024-05-16,ETH,60.73,bykaranteli.com
2024-05-17,BTC,55.26,bykaranteli.com
2024-05-17,ETH,60.84,bykaranteli.com
2024-05-18,BTC,56.67,bykaranteli.com
2024-05-18,ETH,61.31,bykaranteli.com
2024-05-19,BTC,57.32,bykaranteli.com
2024-05-19,ETH,63.69,bykaranteli.com
2024-05-20,BTC,61.94,bykaranteli.com
2024-05-20,ETH,79.17,bykaranteli.com
2024-05-21,BTC,58.59,bykaranteli.com
2024-05-21,ETH,79.34,bykaranteli.com
2024-05-22,BTC,56.8,bykaranteli.com
2024-05-22,ETH,77.77,bykaranteli.com
2024-05-23,BTC,53.18,bykaranteli.com
2024-05-23,ETH,67.48,bykaranteli.com
2024-05-24,BTC,52.29,bykaranteli.com
2024-05-24,ETH,65.31,bykaranteli.com
2024-05-25,BTC,52.21,bykaranteli.com
2024-05-25,ETH,65.2,bykaranteli.com
2024-05-26,BTC,53.73,bykaranteli.com
2024-05-26,ETH,69.18,bykaranteli.com
2024-05-27,BTC,53.91,bykaranteli.com
2024-05-27,ETH,66.91,bykaranteli.com
2024-05-28,BTC,54.76,bykaranteli.com
2024-05-28,ETH,66.61,bykaranteli.com
2024-05-29,BTC,53.24,bykaranteli.com
2024-05-29,ETH,67.8,bykaranteli.com
2024-05-30,BTC,53.27,bykaranteli.com
2024-05-30,ETH,65.12,bykaranteli.com
2024-05-31,BTC,51.99,bykaranteli.com
2024-05-31,ETH,66.78,bykaranteli.com
2024-06-01,BTC,50.68,bykaranteli.com
2024-06-01,ETH,68.1,bykaranteli.com
2024-06-02,BTC,51.11,bykaranteli.com
2024-06-02,ETH,67.43,bykaranteli.com
2024-06-03,BTC,52.77,bykaranteli.com
2024-06-03,ETH,65.02,bykaranteli.com
2024-06-04,BTC,53.95,bykaranteli.com
2024-06-04,ETH,64.83,bykaranteli.com
2024-06-05,BTC,55.62,bykaranteli.com
2024-06-05,ETH,67.91,bykaranteli.com
2024-06-06,BTC,51.87,bykaranteli.com
2024-06-06,ETH,62.85,bykaranteli.com
2024-06-07,BTC,50.02,bykaranteli.com
2024-06-07,ETH,62.08,bykaranteli.com
2024-06-08,BTC,50.34,bykaranteli.com
2024-06-08,ETH,61.95,bykaranteli.com
2024-06-09,BTC,51.79,bykaranteli.com
2024-06-09,ETH,63.03,bykaranteli.com
2024-06-10,BTC,50.88,bykaranteli.com
2024-06-10,ETH,62.54,bykaranteli.com
2024-06-11,BTC,52.49,bykaranteli.com
2024-06-11,ETH,64.86,bykaranteli.com
2024-06-12,BTC,50.56,bykaranteli.com
2024-06-12,ETH,62.65,bykaranteli.com
2024-06-13,BTC,49.23,bykaranteli.com
2024-06-13,ETH,60.39,bykaranteli.com
2024-06-14,BTC,48.56,bykaranteli.com
2024-06-14,ETH,61.06,bykaranteli.com
2024-06-15,BTC,48.03,bykaranteli.com
2024-06-15,ETH,62.98,bykaranteli.com
2024-06-16,BTC,47.9,bykaranteli.com
2024-06-16,ETH,63.23,bykaranteli.com
2024-06-17,BTC,48.81,bykaranteli.com
2024-06-17,ETH,61.69,bykaranteli.com
2024-06-18,BTC,50.06,bykaranteli.com
2024-06-18,ETH,64.26,bykaranteli.com
2024-06-19,BTC,48.6,bykaranteli.com
2024-06-19,ETH,65.95,bykaranteli.com
2024-06-20,BTC,48.28,bykaranteli.com
2024-06-20,ETH,64.14,bykaranteli.com
2024-06-21,BTC,47.11,bykaranteli.com
2024-06-21,ETH,62.71,bykaranteli.com
2024-06-22,BTC,46.43,bykaranteli.com
2024-06-22,ETH,62.83,bykaranteli.com
2024-06-23,BTC,48.23,bykaranteli.com
2024-06-23,ETH,66.06,bykaranteli.com
2024-06-24,BTC,50.96,bykaranteli.com
2024-06-24,ETH,64.01,bykaranteli.com
2024-06-25,BTC,48.14,bykaranteli.com
2024-06-25,ETH,61.76,bykaranteli.com
2024-06-26,BTC,47.05,bykaranteli.com
2024-06-26,ETH,59.83,bykaranteli.com
2024-06-27,BTC,47.94,bykaranteli.com
2024-06-27,ETH,61.35,bykaranteli.com
2024-06-28,BTC,45.4,bykaranteli.com
2024-06-28,ETH,58.09,bykaranteli.com
2024-06-29,BTC,43.47,bykaranteli.com
2024-06-29,ETH,57.12,bykaranteli.com
2024-06-30,BTC,45.44,bykaranteli.com
2024-06-30,ETH,58.31,bykaranteli.com
2024-07-01,BTC,44.71,bykaranteli.com
2024-07-01,ETH,59.98,bykaranteli.com
2024-07-02,BTC,42.33,bykaranteli.com
2024-07-02,ETH,56.37,bykaranteli.com
2024-07-03,BTC,45.36,bykaranteli.com
2024-07-03,ETH,57.93,bykaranteli.com
2024-07-04,BTC,47.53,bykaranteli.com
2024-07-04,ETH,59.25,bykaranteli.com
2024-07-05,BTC,48.98,bykaranteli.com
2024-07-05,ETH,62.53,bykaranteli.com
2024-07-06,BTC,48.21,bykaranteli.com
2024-07-06,ETH,62.13,bykaranteli.com
2024-07-07,BTC,50.99,bykaranteli.com
2024-07-07,ETH,62.72,bykaranteli.com
2024-07-08,BTC,51.03,bykaranteli.com
2024-07-08,ETH,65.23,bykaranteli.com
2024-07-09,BTC,50.05,bykaranteli.com
2024-07-09,ETH,63.07,bykaranteli.com
2024-07-10,BTC,48.69,bykaranteli.com
2024-07-10,ETH,61.55,bykaranteli.com
2024-07-11,BTC,48.54,bykaranteli.com
2024-07-11,ETH,60.72,bykaranteli.com
2024-07-12,BTC,46.32,bykaranteli.com
2024-07-12,ETH,57.98,bykaranteli.com
2024-07-13,BTC,49.18,bykaranteli.com
2024-07-13,ETH,58.5,bykaranteli.com
2024-07-14,BTC,49.3,bykaranteli.com
2024-07-14,ETH,60.17,bykaranteli.com
2024-07-15,BTC,54.52,bykaranteli.com
2024-07-15,ETH,64.61,bykaranteli.com
2024-07-16,BTC,56.49,bykaranteli.com
2024-07-16,ETH,64.69,bykaranteli.com
2024-07-17,BTC,58.28,bykaranteli.com
2024-07-17,ETH,67.05,bykaranteli.com
2024-07-18,BTC,57.1,bykaranteli.com
2024-07-18,ETH,64.84,bykaranteli.com
2024-07-19,BTC,60.8,bykaranteli.com
2024-07-19,ETH,66.46,bykaranteli.com
2024-07-20,BTC,62.65,bykaranteli.com
2024-07-20,ETH,67.93,bykaranteli.com
2024-07-21,BTC,66,bykaranteli.com
2024-07-21,ETH,70.97,bykaranteli.com
2024-07-22,BTC,67.63,bykaranteli.com
2024-07-22,ETH,68.61,bykaranteli.com
2024-07-23,BTC,63.91,bykaranteli.com
2024-07-23,ETH,65.34,bykaranteli.com
2024-07-24,BTC,61.39,bykaranteli.com
2024-07-24,ETH,62.76,bykaranteli.com
2024-07-25,BTC,61.81,bykaranteli.com
2024-07-25,ETH,64.93,bykaranteli.com
2024-07-26,BTC,60.1,bykaranteli.com
2024-07-26,ETH,62.88,bykaranteli.com
2024-07-27,BTC,55.04,bykaranteli.com
2024-07-27,ETH,61.44,bykaranteli.com
2024-07-28,BTC,52.65,bykaranteli.com
2024-07-28,ETH,59.35,bykaranteli.com
2024-07-29,BTC,51.73,bykaranteli.com
2024-07-29,ETH,57.89,bykaranteli.com
2024-07-30,BTC,50.62,bykaranteli.com
2024-07-30,ETH,56.23,bykaranteli.com
2024-07-31,BTC,48.73,bykaranteli.com
2024-07-31,ETH,54.87,bykaranteli.com
2024-08-01,BTC,49.81,bykaranteli.com
2024-08-01,ETH,54.92,bykaranteli.com
2024-08-02,BTC,51.4,bykaranteli.com
2024-08-02,ETH,56.76,bykaranteli.com
2024-08-03,BTC,51.45,bykaranteli.com
2024-08-03,ETH,59.69,bykaranteli.com
2024-08-04,BTC,56.13,bykaranteli.com
2024-08-04,ETH,68.27,bykaranteli.com
2024-08-05,BTC,63.08,bykaranteli.com
2024-08-05,ETH,76.22,bykaranteli.com
2024-08-06,BTC,61.54,bykaranteli.com
2024-08-06,ETH,73.04,bykaranteli.com
2024-08-07,BTC,60.88,bykaranteli.com
2024-08-07,ETH,76.02,bykaranteli.com
2024-08-08,BTC,56.81,bykaranteli.com
2024-08-08,ETH,70.72,bykaranteli.com
2024-08-09,BTC,55.02,bykaranteli.com
2024-08-09,ETH,71.35,bykaranteli.com
2024-08-10,BTC,56.28,bykaranteli.com
2024-08-10,ETH,71.68,bykaranteli.com
2024-08-11,BTC,57.11,bykaranteli.com
2024-08-11,ETH,74.26,bykaranteli.com
2024-08-12,BTC,57.48,bykaranteli.com
2024-08-12,ETH,73.43,bykaranteli.com
2024-08-13,BTC,56.92,bykaranteli.com
2024-08-13,ETH,72.03,bykaranteli.com
2024-08-14,BTC,55.31,bykaranteli.com
2024-08-14,ETH,69.1,bykaranteli.com
2024-08-15,BTC,55.64,bykaranteli.com
2024-08-15,ETH,66.73,bykaranteli.com
2024-08-16,BTC,53.12,bykaranteli.com
2024-08-16,ETH,64.67,bykaranteli.com
2024-08-17,BTC,53.71,bykaranteli.com
2024-08-17,ETH,64.66,bykaranteli.com
2024-08-18,BTC,55.32,bykaranteli.com
2024-08-18,ETH,66.78,bykaranteli.com
2024-08-19,BTC,53.68,bykaranteli.com
2024-08-19,ETH,64.4,bykaranteli.com
2024-08-20,BTC,54.06,bykaranteli.com
2024-08-20,ETH,64.91,bykaranteli.com
2024-08-21,BTC,54.68,bykaranteli.com
2024-08-21,ETH,63.55,bykaranteli.com
2024-08-22,BTC,53.99,bykaranteli.com
2024-08-22,ETH,62.24,bykaranteli.com
2024-08-23,BTC,55.43,bykaranteli.com
2024-08-23,ETH,62.66,bykaranteli.com
2024-08-24,BTC,55.14,bykaranteli.com
2024-08-24,ETH,62.54,bykaranteli.com
2024-08-25,BTC,54.2,bykaranteli.com
2024-08-25,ETH,62.35,bykaranteli.com
2024-08-26,BTC,51.58,bykaranteli.com
2024-08-26,ETH,61.04,bykaranteli.com
2024-08-27,BTC,52.69,bykaranteli.com
2024-08-27,ETH,64.29,bykaranteli.com
2024-08-28,BTC,52.91,bykaranteli.com
2024-08-28,ETH,62.68,bykaranteli.com
2024-08-29,BTC,52.98,bykaranteli.com
2024-08-29,ETH,62.86,bykaranteli.com
2024-08-30,BTC,51.96,bykaranteli.com
2024-08-30,ETH,63.34,bykaranteli.com
2024-08-31,BTC,50.48,bykaranteli.com
2024-08-31,ETH,61.91,bykaranteli.com
2024-09-01,BTC,54.36,bykaranteli.com
2024-09-01,ETH,65.62,bykaranteli.com
2024-09-02,BTC,52.92,bykaranteli.com
2024-09-02,ETH,64.49,bykaranteli.com
2024-09-03,BTC,55.29,bykaranteli.com
2024-09-03,ETH,66.49,bykaranteli.com
2024-09-04,BTC,55.73,bykaranteli.com
2024-09-04,ETH,67.35,bykaranteli.com
2024-09-05,BTC,56.79,bykaranteli.com
2024-09-05,ETH,67.42,bykaranteli.com
2024-09-06,BTC,59.46,bykaranteli.com
2024-09-06,ETH,73.05,bykaranteli.com
2024-09-07,BTC,58.84,bykaranteli.com
2024-09-07,ETH,71.75,bykaranteli.com
2024-09-08,BTC,59.32,bykaranteli.com
2024-09-08,ETH,71.6,bykaranteli.com
2024-09-09,BTC,58.82,bykaranteli.com
2024-09-09,ETH,68.25,bykaranteli.com
2024-09-10,BTC,57.18,bykaranteli.com
2024-09-10,ETH,65.74,bykaranteli.com
2024-09-11,BTC,54.84,bykaranteli.com
2024-09-11,ETH,62.55,bykaranteli.com
2024-09-12,BTC,53.96,bykaranteli.com
2024-09-12,ETH,62.68,bykaranteli.com
2024-09-13,BTC,52.51,bykaranteli.com
2024-09-13,ETH,61.67,bykaranteli.com
2024-09-14,BTC,52.48,bykaranteli.com
2024-09-14,ETH,61.46,bykaranteli.com
2024-09-15,BTC,53.21,bykaranteli.com
2024-09-15,ETH,64.18,bykaranteli.com
2024-09-16,BTC,53.29,bykaranteli.com
2024-09-16,ETH,62.24,bykaranteli.com
2024-09-17,BTC,53.12,bykaranteli.com
2024-09-17,ETH,61.32,bykaranteli.com
2024-09-18,BTC,51.59,bykaranteli.com
2024-09-18,ETH,60.36,bykaranteli.com
2024-09-19,BTC,51.95,bykaranteli.com
2024-09-19,ETH,61.98,bykaranteli.com
2024-09-20,BTC,50.15,bykaranteli.com
2024-09-20,ETH,61.06,bykaranteli.com
2024-09-21,BTC,51.04,bykaranteli.com
2024-09-21,ETH,61.62,bykaranteli.com
2024-09-22,BTC,51.13,bykaranteli.com
2024-09-22,ETH,61.8,bykaranteli.com
2024-09-23,BTC,50.45,bykaranteli.com
2024-09-23,ETH,60.29,bykaranteli.com
2024-09-24,BTC,51.52,bykaranteli.com
2024-09-24,ETH,60.48,bykaranteli.com
2024-09-25,BTC,49.75,bykaranteli.com
2024-09-25,ETH,57.07,bykaranteli.com
2024-09-26,BTC,52.38,bykaranteli.com
2024-09-26,ETH,59.21,bykaranteli.com
2024-09-27,BTC,51.91,bykaranteli.com
2024-09-27,ETH,58.85,bykaranteli.com
2024-09-28,BTC,52.6,bykaranteli.com
2024-09-28,ETH,59.48,bykaranteli.com
2024-09-29,BTC,54.02,bykaranteli.com
2024-09-29,ETH,61.6,bykaranteli.com
2024-09-30,BTC,54.21,bykaranteli.com
2024-09-30,ETH,62.34,bykaranteli.com
2024-10-01,BTC,56.64,bykaranteli.com
2024-10-01,ETH,64.37,bykaranteli.com
2024-10-02,BTC,56.35,bykaranteli.com
2024-10-02,ETH,62.65,bykaranteli.com
2024-10-03,BTC,57.45,bykaranteli.com
2024-10-03,ETH,64.57,bykaranteli.com
2024-10-04,BTC,55.53,bykaranteli.com
2024-10-04,ETH,63.33,bykaranteli.com
2024-10-05,BTC,55.41,bykaranteli.com
2024-10-05,ETH,63.09,bykaranteli.com
2024-10-06,BTC,57.17,bykaranteli.com
2024-10-06,ETH,64.46,bykaranteli.com
2024-10-07,BTC,56.6,bykaranteli.com
2024-10-07,ETH,62.56,bykaranteli.com
2024-10-08,BTC,55.63,bykaranteli.com
2024-10-08,ETH,61.91,bykaranteli.com
2024-10-09,BTC,56.11,bykaranteli.com
2024-10-09,ETH,62.04,bykaranteli.com
2024-10-10,BTC,54.97,bykaranteli.com
2024-10-10,ETH,61.34,bykaranteli.com
2024-10-11,BTC,57.51,bykaranteli.com
2024-10-11,ETH,62.63,bykaranteli.com
2024-10-12,BTC,56.84,bykaranteli.com
2024-10-12,ETH,63.11,bykaranteli.com
2024-10-13,BTC,57.14,bykaranteli.com
2024-10-13,ETH,63.43,bykaranteli.com
2024-10-14,BTC,57.85,bykaranteli.com
2024-10-14,ETH,65.05,bykaranteli.com
2024-10-15,BTC,58.15,bykaranteli.com
2024-10-15,ETH,64.32,bykaranteli.com
2024-10-16,BTC,57.44,bykaranteli.com
2024-10-16,ETH,62.66,bykaranteli.com
2024-10-17,BTC,56.4,bykaranteli.com
2024-10-17,ETH,60.92,bykaranteli.com
2024-10-18,BTC,55.18,bykaranteli.com
2024-10-18,ETH,61.5,bykaranteli.com
2024-10-19,BTC,54.7,bykaranteli.com
2024-10-19,ETH,61.86,bykaranteli.com
2024-10-20,BTC,56.66,bykaranteli.com
2024-10-20,ETH,64.13,bykaranteli.com
2024-10-21,BTC,55.69,bykaranteli.com
2024-10-21,ETH,62.83,bykaranteli.com
2024-10-22,BTC,55.77,bykaranteli.com
2024-10-22,ETH,62.55,bykaranteli.com
2024-10-23,BTC,56.29,bykaranteli.com
2024-10-23,ETH,63.24,bykaranteli.com
2024-10-24,BTC,57.3,bykaranteli.com
2024-10-24,ETH,61.9,bykaranteli.com
2024-10-25,BTC,58.08,bykaranteli.com
2024-10-25,ETH,65.52,bykaranteli.com
2024-10-26,BTC,55.36,bykaranteli.com
2024-10-26,ETH,63.93,bykaranteli.com
2024-10-27,BTC,57.18,bykaranteli.com
2024-10-27,ETH,64.45,bykaranteli.com
2024-10-28,BTC,57.78,bykaranteli.com
2024-10-28,ETH,62.78,bykaranteli.com
2024-10-29,BTC,59.83,bykaranteli.com
2024-10-29,ETH,63.5,bykaranteli.com
2024-10-30,BTC,59.11,bykaranteli.com
2024-10-30,ETH,63.27,bykaranteli.com
2024-10-31,BTC,58.23,bykaranteli.com
2024-10-31,ETH,62.5,bykaranteli.com
2024-11-01,BTC,59.77,bykaranteli.com
2024-11-01,ETH,63.8,bykaranteli.com
2024-11-02,BTC,60.26,bykaranteli.com
2024-11-02,ETH,64.1,bykaranteli.com
2024-11-03,BTC,62.49,bykaranteli.com
2024-11-03,ETH,67.18,bykaranteli.com
2024-11-04,BTC,64.97,bykaranteli.com
2024-11-04,ETH,67.8,bykaranteli.com
2024-11-05,BTC,63.71,bykaranteli.com
2024-11-05,ETH,67.68,bykaranteli.com
2024-11-06,BTC,55.97,bykaranteli.com
2024-11-06,ETH,62.38,bykaranteli.com
2024-11-07,BTC,53.55,bykaranteli.com
2024-11-07,ETH,62.57,bykaranteli.com
2024-11-08,BTC,49.85,bykaranteli.com
2024-11-08,ETH,60.1,bykaranteli.com
2024-11-09,BTC,50.54,bykaranteli.com
2024-11-09,ETH,62.57,bykaranteli.com
2024-11-10,BTC,53.28,bykaranteli.com
2024-11-10,ETH,65.21,bykaranteli.com
2024-11-11,BTC,61.52,bykaranteli.com
2024-11-11,ETH,68.19,bykaranteli.com
2024-11-12,BTC,57.69,bykaranteli.com
2024-11-12,ETH,64.19,bykaranteli.com
2024-11-13,BTC,58.54,bykaranteli.com
2024-11-13,ETH,62.24,bykaranteli.com
2024-11-14,BTC,59.46,bykaranteli.com
2024-11-14,ETH,63.4,bykaranteli.com
2024-11-15,BTC,56.29,bykaranteli.com
2024-11-15,ETH,63.24,bykaranteli.com
2024-11-16,BTC,56.84,bykaranteli.com
2024-11-16,ETH,64.85,bykaranteli.com
2024-11-17,BTC,57.23,bykaranteli.com
2024-11-17,ETH,65.08,bykaranteli.com
2024-11-18,BTC,58.3,bykaranteli.com
2024-11-18,ETH,66.79,bykaranteli.com
2024-11-19,BTC,58.25,bykaranteli.com
2024-11-19,ETH,64.56,bykaranteli.com
2024-11-20,BTC,60.18,bykaranteli.com
2024-11-20,ETH,65.1,bykaranteli.com
2024-11-21,BTC,61.29,bykaranteli.com
2024-11-21,ETH,72.13,bykaranteli.com
2024-11-22,BTC,60.78,bykaranteli.com
2024-11-22,ETH,70.49,bykaranteli.com
2024-11-23,BTC,60.89,bykaranteli.com
2024-11-23,ETH,78.41,bykaranteli.com
2024-11-24,BTC,64.09,bykaranteli.com
2024-11-24,ETH,76.32,bykaranteli.com
2024-11-25,BTC,60.65,bykaranteli.com
2024-11-25,ETH,74.93,bykaranteli.com
2024-11-26,BTC,61.23,bykaranteli.com
2024-11-26,ETH,73.52,bykaranteli.com
2024-11-27,BTC,59.73,bykaranteli.com
2024-11-27,ETH,74.98,bykaranteli.com
2024-11-28,BTC,57.55,bykaranteli.com
2024-11-28,ETH,71.3,bykaranteli.com
2024-11-29,BTC,56.11,bykaranteli.com
2024-11-29,ETH,67.32,bykaranteli.com
2024-11-30,BTC,55.17,bykaranteli.com
2024-11-30,ETH,70.91,bykaranteli.com
2024-12-01,BTC,57.2,bykaranteli.com
2024-12-01,ETH,74.84,bykaranteli.com
2024-12-02,BTC,55.94,bykaranteli.com
2024-12-02,ETH,70.64,bykaranteli.com
2024-12-03,BTC,56.5,bykaranteli.com
2024-12-03,ETH,70.41,bykaranteli.com
2024-12-04,BTC,57.17,bykaranteli.com
2024-12-04,ETH,73.75,bykaranteli.com
2024-12-05,BTC,60.96,bykaranteli.com
2024-12-05,ETH,71.62,bykaranteli.com
2024-12-06,BTC,58.44,bykaranteli.com
2024-12-06,ETH,70.67,bykaranteli.com
2024-12-07,BTC,57.2,bykaranteli.com
2024-12-07,ETH,73.16,bykaranteli.com
2024-12-08,BTC,58.15,bykaranteli.com
2024-12-08,ETH,72.72,bykaranteli.com
2024-12-09,BTC,59.74,bykaranteli.com
2024-12-09,ETH,75.07,bykaranteli.com
2024-12-10,BTC,59.18,bykaranteli.com
2024-12-10,ETH,72.28,bykaranteli.com
2024-12-11,BTC,59.94,bykaranteli.com
2024-12-11,ETH,72.67,bykaranteli.com
2024-12-12,BTC,60.14,bykaranteli.com
2024-12-12,ETH,72.29,bykaranteli.com
2024-12-13,BTC,59,bykaranteli.com
2024-12-13,ETH,73.1,bykaranteli.com
2024-12-14,BTC,58.08,bykaranteli.com
2024-12-14,ETH,72.51,bykaranteli.com
2024-12-15,BTC,60.65,bykaranteli.com
2024-12-15,ETH,73.58,bykaranteli.com
2024-12-16,BTC,58.54,bykaranteli.com
2024-12-16,ETH,71.31,bykaranteli.com
2024-12-17,BTC,59.51,bykaranteli.com
2024-12-17,ETH,71.74,bykaranteli.com
2024-12-18,BTC,60.49,bykaranteli.com
2024-12-18,ETH,73.62,bykaranteli.com
2024-12-19,BTC,59.6,bykaranteli.com
2024-12-19,ETH,74.45,bykaranteli.com
2024-12-20,BTC,58.87,bykaranteli.com
2024-12-20,ETH,71.53,bykaranteli.com
2024-12-21,BTC,57.87,bykaranteli.com
2024-12-21,ETH,73.14,bykaranteli.com
2024-12-22,BTC,61.43,bykaranteli.com
2024-12-22,ETH,78.52,bykaranteli.com
2024-12-23,BTC,60.21,bykaranteli.com
2024-12-23,ETH,74.64,bykaranteli.com
2024-12-24,BTC,60.83,bykaranteli.com
2024-12-24,ETH,72.97,bykaranteli.com
2024-12-25,BTC,60.73,bykaranteli.com
2024-12-25,ETH,73.93,bykaranteli.com
2024-12-26,BTC,61.67,bykaranteli.com
2024-12-26,ETH,75.1,bykaranteli.com
2024-12-27,BTC,60.61,bykaranteli.com
2024-12-27,ETH,74.07,bykaranteli.com
2024-12-28,BTC,60.43,bykaranteli.com
2024-12-28,ETH,75.63,bykaranteli.com
2024-12-29,BTC,60.48,bykaranteli.com
2024-12-29,ETH,75.02,bykaranteli.com
2024-12-30,BTC,61.03,bykaranteli.com
2024-12-30,ETH,74.38,bykaranteli.com
2024-12-31,BTC,60.03,bykaranteli.com
2024-12-31,ETH,70.35,bykaranteli.com
2025-01-01,BTC,61.1,bykaranteli.com
2025-01-01,ETH,71.11,bykaranteli.com
2025-01-02,BTC,59.85,bykaranteli.com
2025-01-02,ETH,71.61,bykaranteli.com
2025-01-03,BTC,58.74,bykaranteli.com
2025-01-03,ETH,69.01,bykaranteli.com
2025-01-04,BTC,59.87,bykaranteli.com
2025-01-04,ETH,71.26,bykaranteli.com
2025-01-05,BTC,59.55,bykaranteli.com
2025-01-05,ETH,71.26,bykaranteli.com
2025-01-06,BTC,58.84,bykaranteli.com
2025-01-06,ETH,68.91,bykaranteli.com
2025-01-07,BTC,58.6,bykaranteli.com
2025-01-07,ETH,70.57,bykaranteli.com
2025-01-08,BTC,58.47,bykaranteli.com
2025-01-08,ETH,69.19,bykaranteli.com
2025-01-09,BTC,59.47,bykaranteli.com
2025-01-09,ETH,69.99,bykaranteli.com
2025-01-10,BTC,57.19,bykaranteli.com
2025-01-10,ETH,67.84,bykaranteli.com
2025-01-11,BTC,58.52,bykaranteli.com
2025-01-11,ETH,69.1,bykaranteli.com
2025-01-12,BTC,59.57,bykaranteli.com
2025-01-12,ETH,69.71,bykaranteli.com
2025-01-13,BTC,61.25,bykaranteli.com
2025-01-13,ETH,71.44,bykaranteli.com
2025-01-14,BTC,60.87,bykaranteli.com
2025-01-14,ETH,71.55,bykaranteli.com
2025-01-15,BTC,61.23,bykaranteli.com
2025-01-15,ETH,71.3,bykaranteli.com
2025-01-16,BTC,62.56,bykaranteli.com
2025-01-16,ETH,71.36,bykaranteli.com
2025-01-17,BTC,63.19,bykaranteli.com
2025-01-17,ETH,70.8,bykaranteli.com
2025-01-18,BTC,65.04,bykaranteli.com
2025-01-18,ETH,72.65,bykaranteli.com
2025-01-19,BTC,66.02,bykaranteli.com
2025-01-19,ETH,76.29,bykaranteli.com
2025-01-20,BTC,63.07,bykaranteli.com
2025-01-20,ETH,73.15,bykaranteli.com
2025-01-21,BTC,61.92,bykaranteli.com
2025-01-21,ETH,71.09,bykaranteli.com
2025-01-22,BTC,61.04,bykaranteli.com
2025-01-22,ETH,69.1,bykaranteli.com
2025-01-23,BTC,60.08,bykaranteli.com
2025-01-23,ETH,68.41,bykaranteli.com
2025-01-24,BTC,57.37,bykaranteli.com
2025-01-24,ETH,65.93,bykaranteli.com
2025-01-25,BTC,57.05,bykaranteli.com
2025-01-25,ETH,67.08,bykaranteli.com
2025-01-26,BTC,56.74,bykaranteli.com
2025-01-26,ETH,67.21,bykaranteli.com
2025-01-27,BTC,59.05,bykaranteli.com
2025-01-27,ETH,67.79,bykaranteli.com
2025-01-28,BTC,56.2,bykaranteli.com
2025-01-28,ETH,66.26,bykaranteli.com
2025-01-29,BTC,56.15,bykaranteli.com
2025-01-29,ETH,65.24,bykaranteli.com
2025-01-30,BTC,54.64,bykaranteli.com
2025-01-30,ETH,65.71,bykaranteli.com
2025-01-31,BTC,53.32,bykaranteli.com
2025-01-31,ETH,64.23,bykaranteli.com
2025-02-01,BTC,53.77,bykaranteli.com
2025-02-01,ETH,65.83,bykaranteli.com
2025-02-02,BTC,57.04,bykaranteli.com
2025-02-02,ETH,67.84,bykaranteli.com
2025-02-03,BTC,56.94,bykaranteli.com
2025-02-03,ETH,70.91,bykaranteli.com
2025-02-04,BTC,54.03,bykaranteli.com
2025-02-04,ETH,71.08,bykaranteli.com
2025-02-05,BTC,54.53,bykaranteli.com
2025-02-05,ETH,69.77,bykaranteli.com
2025-02-06,BTC,53.91,bykaranteli.com
2025-02-06,ETH,69.79,bykaranteli.com
2025-02-07,BTC,54.17,bykaranteli.com
2025-02-07,ETH,69.78,bykaranteli.com
2025-02-08,BTC,53.49,bykaranteli.com
2025-02-08,ETH,69.78,bykaranteli.com
2025-02-09,BTC,54.21,bykaranteli.com
2025-02-09,ETH,71.12,bykaranteli.com
2025-02-10,BTC,52.4,bykaranteli.com
2025-02-10,ETH,69.22,bykaranteli.com
2025-02-11,BTC,54.23,bykaranteli.com
2025-02-11,ETH,70.26,bykaranteli.com
2025-02-12,BTC,51.49,bykaranteli.com
2025-02-12,ETH,69.47,bykaranteli.com
2025-02-13,BTC,51.76,bykaranteli.com
2025-02-13,ETH,69.18,bykaranteli.com
2025-02-14,BTC,51.6,bykaranteli.com
2025-02-14,ETH,66.83,bykaranteli.com
2025-02-15,BTC,50.61,bykaranteli.com
2025-02-15,ETH,65.91,bykaranteli.com
2025-02-16,BTC,50.84,bykaranteli.com
2025-02-16,ETH,66.67,bykaranteli.com
2025-02-17,BTC,51.73,bykaranteli.com
2025-02-17,ETH,67.43,bykaranteli.com
2025-02-18,BTC,51.69,bykaranteli.com
2025-02-18,ETH,67.61,bykaranteli.com
2025-02-19,BTC,49.15,bykaranteli.com
2025-02-19,ETH,64.92,bykaranteli.com
2025-02-20,BTC,49.06,bykaranteli.com
2025-02-20,ETH,62.65,bykaranteli.com
2025-02-21,BTC,48.71,bykaranteli.com
2025-02-21,ETH,63.91,bykaranteli.com
2025-02-22,BTC,48.6,bykaranteli.com
2025-02-22,ETH,65.49,bykaranteli.com
2025-02-23,BTC,48.47,bykaranteli.com
2025-02-23,ETH,66.83,bykaranteli.com
2025-02-24,BTC,47.07,bykaranteli.com
2025-02-24,ETH,64.89,bykaranteli.com
2025-02-25,BTC,48.59,bykaranteli.com
2025-02-25,ETH,65.04,bykaranteli.com
2025-02-26,BTC,51.3,bykaranteli.com
2025-02-26,ETH,66.16,bykaranteli.com
2025-02-27,BTC,51.68,bykaranteli.com
2025-02-27,ETH,66.21,bykaranteli.com
2025-02-28,BTC,50.76,bykaranteli.com
2025-02-28,ETH,64.87,bykaranteli.com
2025-03-01,BTC,51.87,bykaranteli.com
2025-03-01,ETH,66.24,bykaranteli.com
2025-03-02,BTC,55.47,bykaranteli.com
2025-03-02,ETH,68.17,bykaranteli.com
2025-03-03,BTC,59.48,bykaranteli.com
2025-03-03,ETH,74.25,bykaranteli.com
2025-03-04,BTC,62.07,bykaranteli.com
2025-03-04,ETH,73.05,bykaranteli.com
2025-03-05,BTC,57.6,bykaranteli.com
2025-03-05,ETH,71.62,bykaranteli.com
2025-03-06,BTC,60.15,bykaranteli.com
2025-03-06,ETH,72.65,bykaranteli.com
2025-03-07,BTC,54.32,bykaranteli.com
2025-03-07,ETH,69.48,bykaranteli.com
2025-03-08,BTC,52.66,bykaranteli.com
2025-03-08,ETH,69.24,bykaranteli.com
2025-03-09,BTC,59.1,bykaranteli.com
2025-03-09,ETH,77.95,bykaranteli.com
2025-03-10,BTC,59.57,bykaranteli.com
2025-03-10,ETH,74.95,bykaranteli.com
2025-03-11,BTC,59.9,bykaranteli.com
2025-03-11,ETH,73.28,bykaranteli.com
2025-03-12,BTC,56.89,bykaranteli.com
2025-03-12,ETH,75.05,bykaranteli.com
2025-03-13,BTC,55.42,bykaranteli.com
2025-03-13,ETH,74.34,bykaranteli.com
2025-03-14,BTC,53.27,bykaranteli.com
2025-03-14,ETH,72.23,bykaranteli.com
2025-03-15,BTC,53.46,bykaranteli.com
2025-03-15,ETH,72.42,bykaranteli.com
2025-03-16,BTC,55.27,bykaranteli.com
2025-03-16,ETH,72.67,bykaranteli.com
2025-03-17,BTC,52.86,bykaranteli.com
2025-03-17,ETH,69.15,bykaranteli.com
2025-03-18,BTC,52,bykaranteli.com
2025-03-18,ETH,67.45,bykaranteli.com
2025-03-19,BTC,54.02,bykaranteli.com
2025-03-19,ETH,68.44,bykaranteli.com
2025-03-20,BTC,49.01,bykaranteli.com
2025-03-20,ETH,65.47,bykaranteli.com
2025-03-21,BTC,47.56,bykaranteli.com
2025-03-21,ETH,64.09,bykaranteli.com
2025-03-22,BTC,48.88,bykaranteli.com
2025-03-22,ETH,66.48,bykaranteli.com
2025-03-23,BTC,47.66,bykaranteli.com
2025-03-23,ETH,64.13,bykaranteli.com
2025-03-24,BTC,47.32,bykaranteli.com
2025-03-24,ETH,62.5,bykaranteli.com
2025-03-25,BTC,46.99,bykaranteli.com
2025-03-25,ETH,61.88,bykaranteli.com
2025-03-26,BTC,47.27,bykaranteli.com
2025-03-26,ETH,62,bykaranteli.com
2025-03-27,BTC,46.61,bykaranteli.com
2025-03-27,ETH,61.31,bykaranteli.com
2025-03-28,BTC,49.93,bykaranteli.com
2025-03-28,ETH,64.2,bykaranteli.com
2025-03-29,BTC,52.69,bykaranteli.com
2025-03-29,ETH,71.49,bykaranteli.com
2025-03-30,BTC,53.73,bykaranteli.com
2025-03-30,ETH,71.67,bykaranteli.com
2025-03-31,BTC,51.02,bykaranteli.com
2025-03-31,ETH,68.64,bykaranteli.com
2025-04-01,BTC,49.55,bykaranteli.com
2025-04-01,ETH,66.55,bykaranteli.com
2025-04-02,BTC,52.61,bykaranteli.com
2025-04-02,ETH,68.99,bykaranteli.com
2025-04-03,BTC,52.64,bykaranteli.com
2025-04-03,ETH,69.62,bykaranteli.com
2025-04-04,BTC,55.33,bykaranteli.com
2025-04-04,ETH,71.29,bykaranteli.com
2025-04-05,BTC,57.1,bykaranteli.com
2025-04-05,ETH,72.98,bykaranteli.com
2025-04-06,BTC,59.59,bykaranteli.com
2025-04-06,ETH,81.48,bykaranteli.com
2025-04-07,BTC,52.79,bykaranteli.com
2025-04-07,ETH,75.06,bykaranteli.com
2025-04-08,BTC,56.84,bykaranteli.com
2025-04-08,ETH,78.39,bykaranteli.com
2025-04-09,BTC,53.04,bykaranteli.com
2025-04-09,ETH,72.77,bykaranteli.com
2025-04-10,BTC,53.56,bykaranteli.com
2025-04-10,ETH,75.48,bykaranteli.com
2025-04-11,BTC,56.15,bykaranteli.com
2025-04-11,ETH,76.36,bykaranteli.com
2025-04-12,BTC,57.45,bykaranteli.com
2025-04-12,ETH,75.63,bykaranteli.com
2025-04-13,BTC,56.29,bykaranteli.com
2025-04-13,ETH,78.58,bykaranteli.com
2025-04-14,BTC,53.31,bykaranteli.com
2025-04-14,ETH,72.65,bykaranteli.com
2025-04-15,BTC,50.39,bykaranteli.com
2025-04-15,ETH,70.85,bykaranteli.com
2025-04-16,BTC,49.58,bykaranteli.com
2025-04-16,ETH,69.7,bykaranteli.com
2025-04-17,BTC,48.41,bykaranteli.com
2025-04-17,ETH,70.28,bykaranteli.com
2025-04-18,BTC,46.9,bykaranteli.com
2025-04-18,ETH,68.38,bykaranteli.com
2025-04-19,BTC,48.29,bykaranteli.com
2025-04-19,ETH,67.74,bykaranteli.com
2025-04-20,BTC,48.2,bykaranteli.com
2025-04-20,ETH,69.02,bykaranteli.com
2025-04-21,BTC,49.16,bykaranteli.com
2025-04-21,ETH,68.43,bykaranteli.com
2025-04-22,BTC,52.69,bykaranteli.com
2025-04-22,ETH,72.69,bykaranteli.com
2025-04-23,BTC,49.42,bykaranteli.com
2025-04-23,ETH,71.7,bykaranteli.com
2025-04-24,BTC,46.96,bykaranteli.com
2025-04-24,ETH,69.58,bykaranteli.com
2025-04-25,BTC,46.45,bykaranteli.com
2025-04-25,ETH,69.34,bykaranteli.com
2025-04-26,BTC,47.42,bykaranteli.com
2025-04-26,ETH,69.93,bykaranteli.com
2025-04-27,BTC,48.12,bykaranteli.com
2025-04-27,ETH,69.79,bykaranteli.com
2025-04-28,BTC,47.05,bykaranteli.com
2025-04-28,ETH,68.11,bykaranteli.com
2025-04-29,BTC,46.17,bykaranteli.com
2025-04-29,ETH,67.69,bykaranteli.com
2025-04-30,BTC,45.07,bykaranteli.com
2025-04-30,ETH,66.48,bykaranteli.com
2025-05-01,BTC,46.11,bykaranteli.com
2025-05-01,ETH,66.22,bykaranteli.com
2025-05-02,BTC,44.54,bykaranteli.com
2025-05-02,ETH,64.35,bykaranteli.com
2025-05-03,BTC,44.9,bykaranteli.com
2025-05-03,ETH,64.59,bykaranteli.com
2025-05-04,BTC,46.35,bykaranteli.com
2025-05-04,ETH,65.12,bykaranteli.com
2025-05-05,BTC,45,bykaranteli.com
2025-05-05,ETH,62.62,bykaranteli.com
2025-05-06,BTC,46.66,bykaranteli.com
2025-05-06,ETH,64.3,bykaranteli.com
2025-05-07,BTC,44.8,bykaranteli.com
2025-05-07,ETH,63.45,bykaranteli.com
2025-05-08,BTC,45.88,bykaranteli.com
2025-05-08,ETH,66.96,bykaranteli.com
2025-05-09,BTC,45.78,bykaranteli.com
2025-05-09,ETH,72.25,bykaranteli.com
2025-05-10,BTC,47.13,bykaranteli.com
2025-05-10,ETH,75.47,bykaranteli.com
2025-05-11,BTC,47.13,bykaranteli.com
2025-05-11,ETH,74.66,bykaranteli.com
2025-05-12,BTC,45.44,bykaranteli.com
2025-05-12,ETH,72.31,bykaranteli.com
2025-05-13,BTC,45.71,bykaranteli.com
2025-05-13,ETH,71.34,bykaranteli.com
2025-05-14,BTC,44.79,bykaranteli.com
2025-05-14,ETH,70.83,bykaranteli.com
2025-05-15,BTC,43.57,bykaranteli.com
2025-05-15,ETH,70.15,bykaranteli.com
2025-05-16,BTC,42.62,bykaranteli.com
2025-05-16,ETH,68.94,bykaranteli.com
2025-05-17,BTC,43.13,bykaranteli.com
2025-05-17,ETH,69.33,bykaranteli.com
2025-05-18,BTC,44.93,bykaranteli.com
2025-05-18,ETH,74.3,bykaranteli.com
2025-05-19,BTC,44.02,bykaranteli.com
2025-05-19,ETH,71.07,bykaranteli.com
2025-05-20,BTC,47.3,bykaranteli.com
2025-05-20,ETH,70.88,bykaranteli.com
2025-05-21,BTC,49.13,bykaranteli.com
2025-05-21,ETH,73.4,bykaranteli.com
2025-05-22,BTC,49,bykaranteli.com
2025-05-22,ETH,74.79,bykaranteli.com
2025-05-23,BTC,47.68,bykaranteli.com
2025-05-23,ETH,72.7,bykaranteli.com
2025-05-24,BTC,47.53,bykaranteli.com
2025-05-24,ETH,72.74,bykaranteli.com
2025-05-25,BTC,48.96,bykaranteli.com
2025-05-25,ETH,73.54,bykaranteli.com
2025-05-26,BTC,47.13,bykaranteli.com
2025-05-26,ETH,71.8,bykaranteli.com
2025-05-27,BTC,46.16,bykaranteli.com
2025-05-27,ETH,71.17,bykaranteli.com
2025-05-28,BTC,45.24,bykaranteli.com
2025-05-28,ETH,70.14,bykaranteli.com
2025-05-29,BTC,44.61,bykaranteli.com
2025-05-29,ETH,72.95,bykaranteli.com
2025-05-30,BTC,43.71,bykaranteli.com
2025-05-30,ETH,71.41,bykaranteli.com
2025-05-31,BTC,45.88,bykaranteli.com
2025-05-31,ETH,72.48,bykaranteli.com
2025-06-01,BTC,45.13,bykaranteli.com
2025-06-01,ETH,72.23,bykaranteli.com
2025-06-02,BTC,42.97,bykaranteli.com
2025-06-02,ETH,69.56,bykaranteli.com
2025-06-03,BTC,42.83,bykaranteli.com
2025-06-03,ETH,68.38,bykaranteli.com
2025-06-04,BTC,42.18,bykaranteli.com
2025-06-04,ETH,67.9,bykaranteli.com
2025-06-05,BTC,42.76,bykaranteli.com
2025-06-05,ETH,72.45,bykaranteli.com
2025-06-06,BTC,40.53,bykaranteli.com
2025-06-06,ETH,69.32,bykaranteli.com
2025-06-07,BTC,41.99,bykaranteli.com
2025-06-07,ETH,71.27,bykaranteli.com
2025-06-08,BTC,42.52,bykaranteli.com
2025-06-08,ETH,71.03,bykaranteli.com
2025-06-09,BTC,42.61,bykaranteli.com
2025-06-09,ETH,70.68,bykaranteli.com
2025-06-10,BTC,42.51,bykaranteli.com
2025-06-10,ETH,76.22,bykaranteli.com
2025-06-11,BTC,40.95,bykaranteli.com
2025-06-11,ETH,71.92,bykaranteli.com
2025-06-12,BTC,39.77,bykaranteli.com
2025-06-12,ETH,70.64,bykaranteli.com
2025-06-13,BTC,40.72,bykaranteli.com
2025-06-13,ETH,74.82,bykaranteli.com
2025-06-14,BTC,41,bykaranteli.com
2025-06-14,ETH,73.18,bykaranteli.com
2025-06-15,BTC,42.32,bykaranteli.com
2025-06-15,ETH,78.15,bykaranteli.com
2025-06-16,BTC,41.73,bykaranteli.com
2025-06-16,ETH,76.2,bykaranteli.com
2025-06-17,BTC,41.62,bykaranteli.com
2025-06-17,ETH,75.19,bykaranteli.com
2025-06-18,BTC,39.69,bykaranteli.com
2025-06-18,ETH,74.72,bykaranteli.com
2025-06-19,BTC,40.21,bykaranteli.com
2025-06-19,ETH,72.64,bykaranteli.com
2025-06-20,BTC,40.67,bykaranteli.com
2025-06-20,ETH,71.49,bykaranteli.com
2025-06-21,BTC,41.01,bykaranteli.com
2025-06-21,ETH,76.26,bykaranteli.com
2025-06-22,BTC,41.75,bykaranteli.com
2025-06-22,ETH,73.43,bykaranteli.com
2025-06-23,BTC,39.86,bykaranteli.com
2025-06-23,ETH,71.1,bykaranteli.com
2025-06-24,BTC,39.05,bykaranteli.com
2025-06-24,ETH,70.17,bykaranteli.com
2025-06-25,BTC,38.4,bykaranteli.com
2025-06-25,ETH,69.32,bykaranteli.com
2025-06-26,BTC,38.25,bykaranteli.com
2025-06-26,ETH,68.88,bykaranteli.com
2025-06-27,BTC,38.1,bykaranteli.com
2025-06-27,ETH,65.59,bykaranteli.com
2025-06-28,BTC,37.71,bykaranteli.com
2025-06-28,ETH,63.96,bykaranteli.com
2025-06-29,BTC,39.34,bykaranteli.com
2025-06-29,ETH,65.08,bykaranteli.com
2025-06-30,BTC,37.74,bykaranteli.com
2025-06-30,ETH,63.1,bykaranteli.com
2025-07-01,BTC,37.61,bykaranteli.com
2025-07-01,ETH,61.62,bykaranteli.com
2025-07-02,BTC,39.6,bykaranteli.com
2025-07-02,ETH,66.47,bykaranteli.com
2025-07-03,BTC,39.08,bykaranteli.com
2025-07-03,ETH,65.45,bykaranteli.com
2025-07-04,BTC,39.21,bykaranteli.com
2025-07-04,ETH,64.25,bykaranteli.com
2025-07-05,BTC,38.54,bykaranteli.com
2025-07-05,ETH,62.73,bykaranteli.com
2025-07-06,BTC,38.98,bykaranteli.com
2025-07-06,ETH,63.38,bykaranteli.com
2025-07-07,BTC,38.71,bykaranteli.com
2025-07-07,ETH,63.75,bykaranteli.com
2025-07-08,BTC,37.77,bykaranteli.com
2025-07-08,ETH,63.12,bykaranteli.com
2025-07-09,BTC,38.77,bykaranteli.com
2025-07-09,ETH,65.37,bykaranteli.com
2025-07-10,BTC,38.62,bykaranteli.com
2025-07-10,ETH,67.2,bykaranteli.com
2025-07-11,BTC,37.94,bykaranteli.com
2025-07-11,ETH,68.43,bykaranteli.com
2025-07-12,BTC,38.2,bykaranteli.com
2025-07-12,ETH,68.03,bykaranteli.com
2025-07-13,BTC,39.24,bykaranteli.com
2025-07-13,ETH,66.36,bykaranteli.com
2025-07-14,BTC,39.64,bykaranteli.com
2025-07-14,ETH,67.67,bykaranteli.com
2025-07-15,BTC,39.93,bykaranteli.com
2025-07-15,ETH,69.08,bykaranteli.com
2025-07-16,BTC,39.07,bykaranteli.com
2025-07-16,ETH,66.17,bykaranteli.com
2025-07-17,BTC,39.47,bykaranteli.com
2025-07-17,ETH,71.04,bykaranteli.com
2025-07-18,BTC,38.6,bykaranteli.com
2025-07-18,ETH,67.29,bykaranteli.com
2025-07-19,BTC,38.85,bykaranteli.com
2025-07-19,ETH,67.55,bykaranteli.com
2025-07-20,BTC,39.23,bykaranteli.com
2025-07-20,ETH,70.58,bykaranteli.com
2025-07-21,BTC,39.28,bykaranteli.com
2025-07-21,ETH,69.6,bykaranteli.com
2025-07-22,BTC,39.88,bykaranteli.com
2025-07-22,ETH,68.42,bykaranteli.com
2025-07-23,BTC,39.58,bykaranteli.com
2025-07-23,ETH,68.18,bykaranteli.com
2025-07-24,BTC,40.22,bykaranteli.com
2025-07-24,ETH,67.47,bykaranteli.com
2025-07-25,BTC,40.06,bykaranteli.com
2025-07-25,ETH,67.36,bykaranteli.com
2025-07-26,BTC,38.95,bykaranteli.com
2025-07-26,ETH,67.52,bykaranteli.com
2025-07-27,BTC,39.37,bykaranteli.com
2025-07-27,ETH,67.96,bykaranteli.com
2025-07-28,BTC,38.27,bykaranteli.com
2025-07-28,ETH,67.68,bykaranteli.com
2025-07-29,BTC,35.18,bykaranteli.com
2025-07-29,ETH,66.53,bykaranteli.com
2025-07-30,BTC,36.13,bykaranteli.com
2025-07-30,ETH,65.18,bykaranteli.com
2025-07-31,BTC,36.73,bykaranteli.com
2025-07-31,ETH,67.3,bykaranteli.com
2025-08-01,BTC,38.42,bykaranteli.com
2025-08-01,ETH,69.77,bykaranteli.com
2025-08-02,BTC,37.67,bykaranteli.com
2025-08-02,ETH,70.19,bykaranteli.com
2025-08-03,BTC,38.03,bykaranteli.com
2025-08-03,ETH,68.96,bykaranteli.com
2025-08-04,BTC,36.89,bykaranteli.com
2025-08-04,ETH,66.19,bykaranteli.com
2025-08-05,BTC,36.01,bykaranteli.com
2025-08-05,ETH,65.94,bykaranteli.com
2025-08-06,BTC,34.88,bykaranteli.com
2025-08-06,ETH,64.68,bykaranteli.com
2025-08-07,BTC,35.66,bykaranteli.com
2025-08-07,ETH,65.44,bykaranteli.com
2025-08-08,BTC,34.4,bykaranteli.com
2025-08-08,ETH,67.97,bykaranteli.com
2025-08-09,BTC,35.07,bykaranteli.com
2025-08-09,ETH,70.64,bykaranteli.com
2025-08-10,BTC,35.43,bykaranteli.com
2025-08-10,ETH,68.38,bykaranteli.com
2025-08-11,BTC,36.56,bykaranteli.com
2025-08-11,ETH,69.21,bykaranteli.com
2025-08-12,BTC,36.94,bykaranteli.com
2025-08-12,ETH,69.79,bykaranteli.com
2025-08-13,BTC,39,bykaranteli.com
2025-08-13,ETH,70.88,bykaranteli.com
2025-08-14,BTC,36.95,bykaranteli.com
2025-08-14,ETH,71.24,bykaranteli.com
2025-08-15,BTC,35.37,bykaranteli.com
2025-08-15,ETH,71.64,bykaranteli.com
2025-08-16,BTC,35.38,bykaranteli.com
2025-08-16,ETH,71.72,bykaranteli.com
2025-08-17,BTC,35.83,bykaranteli.com
2025-08-17,ETH,72.82,bykaranteli.com
2025-08-18,BTC,35.99,bykaranteli.com
2025-08-18,ETH,70.58,bykaranteli.com
2025-08-19,BTC,37.87,bykaranteli.com
2025-08-19,ETH,72.92,bykaranteli.com
2025-08-20,BTC,36.02,bykaranteli.com
2025-08-20,ETH,70.55,bykaranteli.com
2025-08-21,BTC,37.25,bykaranteli.com
2025-08-21,ETH,69.99,bykaranteli.com
2025-08-22,BTC,34.53,bykaranteli.com
2025-08-22,ETH,69.41,bykaranteli.com
2025-08-23,BTC,34.97,bykaranteli.com
2025-08-23,ETH,68.79,bykaranteli.com
2025-08-24,BTC,35.07,bykaranteli.com
2025-08-24,ETH,70.71,bykaranteli.com
2025-08-25,BTC,37.93,bykaranteli.com
2025-08-25,ETH,74.6,bykaranteli.com
2025-08-26,BTC,36.92,bykaranteli.com
2025-08-26,ETH,74.72,bykaranteli.com
2025-08-27,BTC,37.91,bykaranteli.com
2025-08-27,ETH,71.73,bykaranteli.com
2025-08-28,BTC,36.95,bykaranteli.com
2025-08-28,ETH,70.42,bykaranteli.com
2025-08-29,BTC,38.98,bykaranteli.com
2025-08-29,ETH,70.74,bykaranteli.com
2025-08-30,BTC,38.85,bykaranteli.com
2025-08-30,ETH,70.7,bykaranteli.com
2025-08-31,BTC,39.62,bykaranteli.com
2025-08-31,ETH,69.67,bykaranteli.com
2025-09-01,BTC,39.5,bykaranteli.com
2025-09-01,ETH,70.65,bykaranteli.com
2025-09-02,BTC,38.8,bykaranteli.com
2025-09-02,ETH,71.12,bykaranteli.com
2025-09-03,BTC,38.85,bykaranteli.com
2025-09-03,ETH,70.59,bykaranteli.com
2025-09-04,BTC,38.48,bykaranteli.com
2025-09-04,ETH,70.48,bykaranteli.com
2025-09-05,BTC,37.49,bykaranteli.com
2025-09-05,ETH,67.53,bykaranteli.com
2025-09-06,BTC,37.76,bykaranteli.com
2025-09-06,ETH,67.41,bykaranteli.com
2025-09-07,BTC,37.9,bykaranteli.com
2025-09-07,ETH,67.1,bykaranteli.com
2025-09-08,BTC,37.08,bykaranteli.com
2025-09-08,ETH,65.13,bykaranteli.com
2025-09-09,BTC,37.36,bykaranteli.com
2025-09-09,ETH,65.15,bykaranteli.com
2025-09-10,BTC,36.95,bykaranteli.com
2025-09-10,ETH,65.1,bykaranteli.com
2025-09-11,BTC,35.26,bykaranteli.com
2025-09-11,ETH,64.15,bykaranteli.com
2025-09-12,BTC,34.66,bykaranteli.com
2025-09-12,ETH,63.78,bykaranteli.com
2025-09-13,BTC,34.28,bykaranteli.com
2025-09-13,ETH,61.8,bykaranteli.com
2025-09-14,BTC,34.41,bykaranteli.com
2025-09-14,ETH,61.68,bykaranteli.com
2025-09-15,BTC,35.56,bykaranteli.com
2025-09-15,ETH,62.78,bykaranteli.com
2025-09-16,BTC,36.52,bykaranteli.com
2025-09-16,ETH,63.5,bykaranteli.com
2025-09-17,BTC,35.55,bykaranteli.com
2025-09-17,ETH,63.67,bykaranteli.com
2025-09-18,BTC,33.81,bykaranteli.com
2025-09-18,ETH,61.91,bykaranteli.com
2025-09-19,BTC,34.78,bykaranteli.com
2025-09-19,ETH,60.79,bykaranteli.com
2025-09-20,BTC,34.48,bykaranteli.com
2025-09-20,ETH,60.3,bykaranteli.com
2025-09-21,BTC,34.51,bykaranteli.com
2025-09-21,ETH,60.57,bykaranteli.com
2025-09-22,BTC,35.17,bykaranteli.com
2025-09-22,ETH,63.28,bykaranteli.com
2025-09-23,BTC,37.14,bykaranteli.com
2025-09-23,ETH,64.12,bykaranteli.com
2025-09-24,BTC,36.17,bykaranteli.com
2025-09-24,ETH,63.57,bykaranteli.com
2025-09-25,BTC,37.69,bykaranteli.com
2025-09-25,ETH,66.7,bykaranteli.com
2025-09-26,BTC,36.55,bykaranteli.com
2025-09-26,ETH,63.6,bykaranteli.com
2025-09-27,BTC,36.42,bykaranteli.com
2025-09-27,ETH,63.5,bykaranteli.com
2025-09-28,BTC,35.86,bykaranteli.com
2025-09-28,ETH,63.86,bykaranteli.com
2025-09-29,BTC,36.39,bykaranteli.com
2025-09-29,ETH,63.14,bykaranteli.com
2025-09-30,BTC,36.61,bykaranteli.com
2025-09-30,ETH,62.38,bykaranteli.com
2025-10-01,BTC,37.12,bykaranteli.com
2025-10-01,ETH,63.03,bykaranteli.com
2025-10-02,BTC,37.39,bykaranteli.com
2025-10-02,ETH,63.54,bykaranteli.com
2025-10-03,BTC,38.03,bykaranteli.com
2025-10-03,ETH,62.42,bykaranteli.com
2025-10-04,BTC,38.03,bykaranteli.com
2025-10-04,ETH,62.52,bykaranteli.com
2025-10-05,BTC,37.95,bykaranteli.com
2025-10-05,ETH,63.15,bykaranteli.com
2025-10-06,BTC,39.26,bykaranteli.com
2025-10-06,ETH,63.1,bykaranteli.com
2025-10-07,BTC,39.28,bykaranteli.com
2025-10-07,ETH,63.84,bykaranteli.com
2025-10-08,BTC,39.44,bykaranteli.com
2025-10-08,ETH,62.74,bykaranteli.com
2025-10-09,BTC,39.73,bykaranteli.com
2025-10-09,ETH,64.69,bykaranteli.com
2025-10-10,BTC,44.11,bykaranteli.com
2025-10-10,ETH,67.63,bykaranteli.com
2025-10-11,BTC,46.15,bykaranteli.com
2025-10-11,ETH,71.71,bykaranteli.com
2025-10-12,BTC,46.24,bykaranteli.com
2025-10-12,ETH,71.31,bykaranteli.com
2025-10-13,BTC,43.38,bykaranteli.com
2025-10-13,ETH,70.58,bykaranteli.com
2025-10-14,BTC,45.01,bykaranteli.com
2025-10-14,ETH,73.13,bykaranteli.com
2025-10-15,BTC,45.25,bykaranteli.com
2025-10-15,ETH,72.34,bykaranteli.com
2025-10-16,BTC,47.78,bykaranteli.com
2025-10-16,ETH,73.59,bykaranteli.com
2025-10-17,BTC,50,bykaranteli.com
2025-10-17,ETH,75.49,bykaranteli.com
2025-10-18,BTC,49.08,bykaranteli.com
2025-10-18,ETH,73.49,bykaranteli.com
2025-10-19,BTC,47.68,bykaranteli.com
2025-10-19,ETH,72.99,bykaranteli.com
2025-10-20,BTC,45.95,bykaranteli.com
2025-10-20,ETH,73.24,bykaranteli.com
2025-10-21,BTC,49.27,bykaranteli.com
2025-10-21,ETH,74.68,bykaranteli.com
2025-10-22,BTC,50.7,bykaranteli.com
2025-10-22,ETH,75.91,bykaranteli.com
2025-10-23,BTC,45.13,bykaranteli.com
2025-10-23,ETH,72.97,bykaranteli.com
2025-10-24,BTC,42.84,bykaranteli.com
2025-10-24,ETH,69.47,bykaranteli.com
2025-10-25,BTC,42.9,bykaranteli.com
2025-10-25,ETH,69.21,bykaranteli.com
2025-10-26,BTC,43.91,bykaranteli.com
2025-10-26,ETH,69.47,bykaranteli.com
2025-10-27,BTC,42.82,bykaranteli.com
2025-10-27,ETH,68.75,bykaranteli.com
2025-10-28,BTC,42.39,bykaranteli.com
2025-10-28,ETH,69.85,bykaranteli.com
2025-10-29,BTC,45.07,bykaranteli.com
2025-10-29,ETH,71.45,bykaranteli.com
2025-10-30,BTC,44.85,bykaranteli.com
2025-10-30,ETH,70.04,bykaranteli.com
2025-10-31,BTC,43.31,bykaranteli.com
2025-10-31,ETH,68.53,bykaranteli.com
2025-11-01,BTC,43.49,bykaranteli.com
2025-11-01,ETH,68.6,bykaranteli.com
2025-11-02,BTC,44.12,bykaranteli.com
2025-11-02,ETH,67.84,bykaranteli.com
2025-11-03,BTC,45.73,bykaranteli.com
2025-11-03,ETH,70.28,bykaranteli.com
2025-11-04,BTC,47.79,bykaranteli.com
2025-11-04,ETH,74.76,bykaranteli.com
2025-11-05,BTC,46.55,bykaranteli.com
2025-11-05,ETH,70.65,bykaranteli.com
2025-11-06,BTC,46.94,bykaranteli.com
2025-11-06,ETH,72.82,bykaranteli.com
2025-11-07,BTC,44.61,bykaranteli.com
2025-11-07,ETH,71.6,bykaranteli.com
2025-11-08,BTC,44.88,bykaranteli.com
2025-11-08,ETH,71.8,bykaranteli.com
2025-11-09,BTC,45.11,bykaranteli.com
2025-11-09,ETH,73.01,bykaranteli.com
2025-11-10,BTC,44.3,bykaranteli.com
2025-11-10,ETH,72.13,bykaranteli.com
2025-11-11,BTC,46.61,bykaranteli.com
2025-11-11,ETH,74.73,bykaranteli.com
2025-11-12,BTC,46.07,bykaranteli.com
2025-11-12,ETH,73.05,bykaranteli.com
2025-11-13,BTC,46.52,bykaranteli.com
2025-11-13,ETH,74.48,bykaranteli.com
2025-11-14,BTC,49.71,bykaranteli.com
2025-11-14,ETH,77.94,bykaranteli.com
2025-11-15,BTC,48.5,bykaranteli.com
2025-11-15,ETH,75.56,bykaranteli.com
2025-11-16,BTC,49.64,bykaranteli.com
2025-11-16,ETH,77.2,bykaranteli.com
2025-11-17,BTC,50.62,bykaranteli.com
2025-11-17,ETH,77.94,bykaranteli.com
2025-11-18,BTC,50.52,bykaranteli.com
2025-11-18,ETH,75.43,bykaranteli.com
2025-11-19,BTC,51.04,bykaranteli.com
2025-11-19,ETH,76.67,bykaranteli.com
2025-11-20,BTC,54.65,bykaranteli.com
2025-11-20,ETH,79.04,bykaranteli.com
2025-11-21,BTC,57.38,bykaranteli.com
2025-11-21,ETH,80.53,bykaranteli.com
2025-11-22,BTC,59.16,bykaranteli.com
2025-11-22,ETH,80.38,bykaranteli.com
2025-11-23,BTC,56.5,bykaranteli.com
2025-11-23,ETH,79.79,bykaranteli.com
2025-11-24,BTC,53.31,bykaranteli.com
2025-11-24,ETH,77.36,bykaranteli.com
2025-11-25,BTC,52.56,bykaranteli.com
2025-11-25,ETH,74.59,bykaranteli.com
2025-11-26,BTC,49.92,bykaranteli.com
2025-11-26,ETH,72.66,bykaranteli.com
2025-11-27,BTC,49.31,bykaranteli.com
2025-11-27,ETH,71.68,bykaranteli.com
2025-11-28,BTC,48.7,bykaranteli.com
2025-11-28,ETH,70.62,bykaranteli.com
2025-11-29,BTC,49.13,bykaranteli.com
2025-11-29,ETH,71.24,bykaranteli.com
2025-11-30,BTC,48.78,bykaranteli.com
2025-11-30,ETH,72.21,bykaranteli.com
2025-12-01,BTC,53.13,bykaranteli.com
2025-12-01,ETH,74.22,bykaranteli.com
2025-12-02,BTC,49.24,bykaranteli.com
2025-12-02,ETH,70.56,bykaranteli.com
2025-12-03,BTC,47.44,bykaranteli.com
2025-12-03,ETH,69.75,bykaranteli.com
2025-12-04,BTC,48.03,bykaranteli.com
2025-12-04,ETH,69.48,bykaranteli.com
2025-12-05,BTC,48.94,bykaranteli.com
2025-12-05,ETH,73.21,bykaranteli.com
2025-12-06,BTC,49,bykaranteli.com
2025-12-06,ETH,73.28,bykaranteli.com
2025-12-07,BTC,49.65,bykaranteli.com
2025-12-07,ETH,75.68,bykaranteli.com
2025-12-08,BTC,49.01,bykaranteli.com
2025-12-08,ETH,72.94,bykaranteli.com
2025-12-09,BTC,46.44,bykaranteli.com
2025-12-09,ETH,72.22,bykaranteli.com
2025-12-10,BTC,44.92,bykaranteli.com
2025-12-10,ETH,69.64,bykaranteli.com
2025-12-11,BTC,44.46,bykaranteli.com
2025-12-11,ETH,69.75,bykaranteli.com
2025-12-12,BTC,44.22,bykaranteli.com
2025-12-12,ETH,68.59,bykaranteli.com
2025-12-13,BTC,44.65,bykaranteli.com
2025-12-13,ETH,69.09,bykaranteli.com
2025-12-14,BTC,46.74,bykaranteli.com
2025-12-14,ETH,70.9,bykaranteli.com
2025-12-15,BTC,46.68,bykaranteli.com
2025-12-15,ETH,69.15,bykaranteli.com
2025-12-16,BTC,45.69,bykaranteli.com
2025-12-16,ETH,69.06,bykaranteli.com
2025-12-17,BTC,47,bykaranteli.com
2025-12-17,ETH,69.58,bykaranteli.com
2025-12-18,BTC,47.48,bykaranteli.com
2025-12-18,ETH,69.74,bykaranteli.com
2025-12-19,BTC,45.06,bykaranteli.com
2025-12-19,ETH,68.63,bykaranteli.com
2025-12-20,BTC,45.11,bykaranteli.com
2025-12-20,ETH,68.51,bykaranteli.com
2025-12-21,BTC,45.07,bykaranteli.com
2025-12-21,ETH,68.81,bykaranteli.com
2025-12-22,BTC,45.09,bykaranteli.com
2025-12-22,ETH,68.12,bykaranteli.com
2025-12-23,BTC,43.4,bykaranteli.com
2025-12-23,ETH,66.94,bykaranteli.com
2025-12-24,BTC,42.81,bykaranteli.com
2025-12-24,ETH,65.7,bykaranteli.com
2025-12-25,BTC,42.55,bykaranteli.com
2025-12-25,ETH,65.15,bykaranteli.com
2025-12-26,BTC,41.04,bykaranteli.com
2025-12-26,ETH,60.04,bykaranteli.com
2025-12-27,BTC,41.83,bykaranteli.com
2025-12-27,ETH,61.01,bykaranteli.com
2025-12-28,BTC,42.11,bykaranteli.com
2025-12-28,ETH,61.89,bykaranteli.com
2025-12-29,BTC,42.25,bykaranteli.com
2025-12-29,ETH,61.31,bykaranteli.com
2025-12-30,BTC,42.79,bykaranteli.com
2025-12-30,ETH,60.69,bykaranteli.com
2025-12-31,BTC,43.01,bykaranteli.com
2025-12-31,ETH,60.79,bykaranteli.com
2026-01-01,BTC,42.22,bykaranteli.com
2026-01-01,ETH,58.82,bykaranteli.com
2026-01-02,BTC,43.43,bykaranteli.com
2026-01-02,ETH,59.82,bykaranteli.com
2026-01-03,BTC,44.4,bykaranteli.com
2026-01-03,ETH,60.96,bykaranteli.com
2026-01-04,BTC,44.39,bykaranteli.com
2026-01-04,ETH,61.43,bykaranteli.com
2026-01-05,BTC,43.94,bykaranteli.com
2026-01-05,ETH,61.57,bykaranteli.com
2026-01-06,BTC,44.09,bykaranteli.com
2026-01-06,ETH,61.6,bykaranteli.com
2026-01-07,BTC,44.64,bykaranteli.com
2026-01-07,ETH,59.83,bykaranteli.com
2026-01-08,BTC,43.24,bykaranteli.com
2026-01-08,ETH,59.01,bykaranteli.com
2026-01-09,BTC,40.52,bykaranteli.com
2026-01-09,ETH,57.08,bykaranteli.com
2026-01-10,BTC,41.03,bykaranteli.com
2026-01-10,ETH,57.04,bykaranteli.com
2026-01-11,BTC,41.68,bykaranteli.com
2026-01-11,ETH,58.24,bykaranteli.com
2026-01-12,BTC,41.27,bykaranteli.com
2026-01-12,ETH,57.56,bykaranteli.com
2026-01-13,BTC,41.69,bykaranteli.com
2026-01-13,ETH,58.6,bykaranteli.com
2026-01-14,BTC,40.81,bykaranteli.com
2026-01-14,ETH,57.09,bykaranteli.com
2026-01-15,BTC,40.61,bykaranteli.com
2026-01-15,ETH,56.42,bykaranteli.com
2026-01-16,BTC,38.27,bykaranteli.com
2026-01-16,ETH,53.97,bykaranteli.com
2026-01-17,BTC,39.08,bykaranteli.com
2026-01-17,ETH,54.21,bykaranteli.com
2026-01-18,BTC,40.23,bykaranteli.com
2026-01-18,ETH,55.68,bykaranteli.com
2026-01-19,BTC,39.7,bykaranteli.com
2026-01-19,ETH,55.02,bykaranteli.com
2026-01-20,BTC,42.23,bykaranteli.com
2026-01-20,ETH,56.39,bykaranteli.com
2026-01-21,BTC,40.14,bykaranteli.com
2026-01-21,ETH,54.11,bykaranteli.com
2026-01-22,BTC,38.88,bykaranteli.com
2026-01-22,ETH,54.79,bykaranteli.com
2026-01-23,BTC,38.06,bykaranteli.com
2026-01-23,ETH,53.4,bykaranteli.com
2026-01-24,BTC,38.27,bykaranteli.com
2026-01-24,ETH,54.44,bykaranteli.com
2026-01-25,BTC,41.16,bykaranteli.com
2026-01-25,ETH,55.58,bykaranteli.com
2026-01-26,BTC,38.75,bykaranteli.com
2026-01-26,ETH,54.22,bykaranteli.com
2026-01-27,BTC,38.2,bykaranteli.com
2026-01-27,ETH,54.22,bykaranteli.com
2026-01-28,BTC,38,bykaranteli.com
2026-01-28,ETH,53.67,bykaranteli.com
2026-01-29,BTC,41.55,bykaranteli.com
2026-01-29,ETH,54.69,bykaranteli.com
2026-01-30,BTC,40.45,bykaranteli.com
2026-01-30,ETH,59.15,bykaranteli.com
2026-01-31,BTC,47.58,bykaranteli.com
2026-01-31,ETH,62.78,bykaranteli.com
2026-02-01,BTC,48.27,bykaranteli.com
2026-02-01,ETH,66.29,bykaranteli.com
2026-02-02,BTC,46.29,bykaranteli.com
2026-02-02,ETH,64.24,bykaranteli.com
2026-02-03,BTC,51.74,bykaranteli.com
2026-02-03,ETH,72.26,bykaranteli.com
2026-02-04,BTC,53.47,bykaranteli.com
2026-02-04,ETH,78.02,bykaranteli.com
2026-02-05,BTC,82.62,bykaranteli.com
2026-02-05,ETH,95.78,bykaranteli.com
2026-02-06,BTC,58.85,bykaranteli.com
2026-02-06,ETH,76.89,bykaranteli.com
2026-02-07,BTC,59.35,bykaranteli.com
2026-02-07,ETH,79.46,bykaranteli.com
2026-02-08,BTC,57.29,bykaranteli.com
2026-02-08,ETH,79.41,bykaranteli.com
2026-02-09,BTC,54.46,bykaranteli.com
2026-02-09,ETH,76.89,bykaranteli.com
2026-02-10,BTC,54.84,bykaranteli.com
2026-02-10,ETH,73.92,bykaranteli.com
2026-02-11,BTC,55.29,bykaranteli.com
2026-02-11,ETH,74.62,bykaranteli.com
2026-02-12,BTC,55.28,bykaranteli.com
2026-02-12,ETH,70.23,bykaranteli.com
2026-02-13,BTC,52.04,bykaranteli.com
2026-02-13,ETH,68.22,bykaranteli.com
2026-02-14,BTC,49.89,bykaranteli.com
2026-02-14,ETH,68.95,bykaranteli.com
2026-02-15,BTC,51.28,bykaranteli.com
2026-02-15,ETH,71.58,bykaranteli.com
2026-02-16,BTC,52.19,bykaranteli.com
2026-02-16,ETH,69.43,bykaranteli.com
2026-02-17,BTC,52.01,bykaranteli.com
2026-02-17,ETH,70.18,bykaranteli.com
2026-02-18,BTC,53.67,bykaranteli.com
2026-02-18,ETH,70.78,bykaranteli.com
2026-02-19,BTC,52.66,bykaranteli.com
2026-02-19,ETH,69.78,bykaranteli.com
2026-02-20,BTC,51.43,bykaranteli.com
2026-02-20,ETH,68.03,bykaranteli.com
2026-02-21,BTC,51.7,bykaranteli.com
2026-02-21,ETH,68.45,bykaranteli.com
2026-02-22,BTC,52,bykaranteli.com
2026-02-22,ETH,69.13,bykaranteli.com
2026-02-23,BTC,56.1,bykaranteli.com
2026-02-23,ETH,72.71,bykaranteli.com
2026-02-24,BTC,57.77,bykaranteli.com
2026-02-24,ETH,70.78,bykaranteli.com
2026-02-25,BTC,53.59,bykaranteli.com
2026-02-25,ETH,71.1,bykaranteli.com
2026-02-26,BTC,52.19,bykaranteli.com
2026-02-26,ETH,70.51,bykaranteli.com
2026-02-27,BTC,52.55,bykaranteli.com
2026-02-27,ETH,71.23,bykaranteli.com
2026-02-28,BTC,55.21,bykaranteli.com
2026-02-28,ETH,72.38,bykaranteli.com
2026-03-01,BTC,55.07,bykaranteli.com
2026-03-01,ETH,72.6,bykaranteli.com
2026-03-02,BTC,53.38,bykaranteli.com
2026-03-02,ETH,73.13,bykaranteli.com
2026-03-03,BTC,55.41,bykaranteli.com
2026-03-03,ETH,73.82,bykaranteli.com
2026-03-04,BTC,55.5,bykaranteli.com
2026-03-04,ETH,75.02,bykaranteli.com
2026-03-05,BTC,54.71,bykaranteli.com
2026-03-05,ETH,76.21,bykaranteli.com
2026-03-06,BTC,55.52,bykaranteli.com
2026-03-06,ETH,76.22,bykaranteli.com
2026-03-07,BTC,58.63,bykaranteli.com
2026-03-07,ETH,76.99,bykaranteli.com
2026-03-08,BTC,60.45,bykaranteli.com
2026-03-08,ETH,78.42,bykaranteli.com
2026-03-09,BTC,55.49,bykaranteli.com
2026-03-09,ETH,74.92,bykaranteli.com
2026-03-10,BTC,55.04,bykaranteli.com
2026-03-10,ETH,75.51,bykaranteli.com
2026-03-11,BTC,53.93,bykaranteli.com
2026-03-11,ETH,74.76,bykaranteli.com
2026-03-12,BTC,54.26,bykaranteli.com
2026-03-12,ETH,74.38,bykaranteli.com
2026-03-13,BTC,52.98,bykaranteli.com
2026-03-13,ETH,74.8,bykaranteli.com
2026-03-14,BTC,53.26,bykaranteli.com
2026-03-14,ETH,75.83,bykaranteli.com
2026-03-15,BTC,52.89,bykaranteli.com
2026-03-15,ETH,76.1,bykaranteli.com
2026-03-16,BTC,52.81,bykaranteli.com
2026-03-16,ETH,75.67,bykaranteli.com
2026-03-17,BTC,51.42,bykaranteli.com
2026-03-17,ETH,75.88,bykaranteli.com
2026-03-18,BTC,53.77,bykaranteli.com
2026-03-18,ETH,78.01,bykaranteli.com
2026-03-19,BTC,54.27,bykaranteli.com
2026-03-19,ETH,79.33,bykaranteli.com
2026-03-20,BTC,54.44,bykaranteli.com
2026-03-20,ETH,78.53,bykaranteli.com
2026-03-21,BTC,55.22,bykaranteli.com
2026-03-21,ETH,79.06,bykaranteli.com
2026-03-22,BTC,56.74,bykaranteli.com
2026-03-22,ETH,79.11,bykaranteli.com
2026-03-23,BTC,53.53,bykaranteli.com
2026-03-23,ETH,75.53,bykaranteli.com
2026-03-24,BTC,52.68,bykaranteli.com
2026-03-24,ETH,74.99,bykaranteli.com
2026-03-25,BTC,51.04,bykaranteli.com
2026-03-25,ETH,73.94,bykaranteli.com
2026-03-26,BTC,52.54,bykaranteli.com
2026-03-26,ETH,75.08,bykaranteli.com
2026-03-27,BTC,53.71,bykaranteli.com
2026-03-27,ETH,73.49,bykaranteli.com
2026-03-28,BTC,53.74,bykaranteli.com
2026-03-28,ETH,74.53,bykaranteli.com
2026-03-29,BTC,54.56,bykaranteli.com
2026-03-29,ETH,74.49,bykaranteli.com
2026-03-30,BTC,55.3,bykaranteli.com
2026-03-30,ETH,74.58,bykaranteli.com
2026-03-31,BTC,52.25,bykaranteli.com
2026-03-31,ETH,72.37,bykaranteli.com
2026-04-01,BTC,51.49,bykaranteli.com
2026-04-01,ETH,72.02,bykaranteli.com
2026-04-02,BTC,50.85,bykaranteli.com
2026-04-02,ETH,71.13,bykaranteli.com
2026-04-03,BTC,47.41,bykaranteli.com
2026-04-03,ETH,68.3,bykaranteli.com
2026-04-04,BTC,47.37,bykaranteli.com
2026-04-04,ETH,68.74,bykaranteli.com
2026-04-05,BTC,47.53,bykaranteli.com
2026-04-05,ETH,69.94,bykaranteli.com
2026-04-06,BTC,48.99,bykaranteli.com
2026-04-06,ETH,69.1,bykaranteli.com
2026-04-07,BTC,47.37,bykaranteli.com
2026-04-07,ETH,69.49,bykaranteli.com
2026-04-08,BTC,44.35,bykaranteli.com
2026-04-08,ETH,65.06,bykaranteli.com
2026-04-09,BTC,44.52,bykaranteli.com
2026-04-09,ETH,63.51,bykaranteli.com
2026-04-10,BTC,43.14,bykaranteli.com
2026-04-10,ETH,64.32,bykaranteli.com
2026-04-11,BTC,44.61,bykaranteli.com
2026-04-11,ETH,66.86,bykaranteli.com
2026-04-12,BTC,45.43,bykaranteli.com
2026-04-12,ETH,66.44,bykaranteli.com
2026-04-13,BTC,44.01,bykaranteli.com
2026-04-13,ETH,66.67,bykaranteli.com
2026-04-14,BTC,44.1,bykaranteli.com
2026-04-14,ETH,65.71,bykaranteli.com
2026-04-15,BTC,43.92,bykaranteli.com
2026-04-15,ETH,65.88,bykaranteli.com
2026-04-16,BTC,42.33,bykaranteli.com
2026-04-16,ETH,65.68,bykaranteli.com
2026-04-17,BTC,42.83,bykaranteli.com
2026-04-17,ETH,64.88,bykaranteli.com
2026-04-18,BTC,44.1,bykaranteli.com
2026-04-18,ETH,67.59,bykaranteli.com
2026-04-19,BTC,43.44,bykaranteli.com
2026-04-19,ETH,68.39,bykaranteli.com
2026-04-20,BTC,42.03,bykaranteli.com
2026-04-20,ETH,65.42,bykaranteli.com
2026-04-21,BTC,42.13,bykaranteli.com
2026-04-21,ETH,64.84,bykaranteli.com
2026-04-22,BTC,43.18,bykaranteli.com
2026-04-22,ETH,63.81,bykaranteli.com
2026-04-23,BTC,42.83,bykaranteli.com
2026-04-23,ETH,64.46,bykaranteli.com
2026-04-24,BTC,40.16,bykaranteli.com
2026-04-24,ETH,60.65,bykaranteli.com
2026-04-25,BTC,40.77,bykaranteli.com
2026-04-25,ETH,60.82,bykaranteli.com
2026-04-26,BTC,40.34,bykaranteli.com
2026-04-26,ETH,61.58,bykaranteli.com
2026-04-27,BTC,40.62,bykaranteli.com
2026-04-27,ETH,59.24,bykaranteli.com
2026-04-28,BTC,40.58,bykaranteli.com
2026-04-28,ETH,57.63,bykaranteli.com
2026-04-29,BTC,39.62,bykaranteli.com
2026-04-29,ETH,57.24,bykaranteli.com
2026-04-30,BTC,38.88,bykaranteli.com
2026-04-30,ETH,56.02,bykaranteli.com
2026-05-01,BTC,38.52,bykaranteli.com
2026-05-01,ETH,54.74,bykaranteli.com
2026-05-02,BTC,39.31,bykaranteli.com
2026-05-02,ETH,54.86,bykaranteli.com
2026-05-03,BTC,39.05,bykaranteli.com
2026-05-03,ETH,55.28,bykaranteli.com
2026-05-04,BTC,41,bykaranteli.com
2026-05-04,ETH,55.86,bykaranteli.com
2026-05-05,BTC,40.28,bykaranteli.com
2026-05-05,ETH,55.03,bykaranteli.com
2026-05-06,BTC,39.41,bykaranteli.com
2026-05-06,ETH,55.56,bykaranteli.com
2026-05-07,BTC,38.85,bykaranteli.com
2026-05-07,ETH,54.22,bykaranteli.com
2026-05-08,BTC,37.66,bykaranteli.com
2026-05-08,ETH,53.45,bykaranteli.com
2026-05-09,BTC,38.61,bykaranteli.com
2026-05-09,ETH,53.79,bykaranteli.com
2026-05-10,BTC,38.72,bykaranteli.com
2026-05-10,ETH,54.61,bykaranteli.com
2026-05-11,BTC,38.33,bykaranteli.com
2026-05-11,ETH,53.53,bykaranteli.com
2026-05-12,BTC,38.55,bykaranteli.com
2026-05-12,ETH,53.33,bykaranteli.com
2026-05-13,BTC,39.83,bykaranteli.com
2026-05-13,ETH,54.2,bykaranteli.com
2026-05-14,BTC,39.02,bykaranteli.com
2026-05-14,ETH,54.21,bykaranteli.com
2026-05-15,BTC,39.05,bykaranteli.com
2026-05-15,ETH,53.33,bykaranteli.com
2026-05-16,BTC,40.21,bykaranteli.com
2026-05-16,ETH,54.13,bykaranteli.com
2026-05-17,BTC,40.24,bykaranteli.com
2026-05-17,ETH,55.63,bykaranteli.com
2026-05-18,BTC,39.93,bykaranteli.com
2026-05-18,ETH,52.99,bykaranteli.com
2026-05-19,BTC,39.76,bykaranteli.com
2026-05-19,ETH,52.15,bykaranteli.com
2026-05-20,BTC,38.47,bykaranteli.com
2026-05-20,ETH,52,bykaranteli.com
2026-05-21,BTC,36.62,bykaranteli.com
2026-05-21,ETH,49.43,bykaranteli.com
2026-05-22,BTC,37.09,bykaranteli.com
2026-05-22,ETH,50.29,bykaranteli.com
2026-05-23,BTC,36.7,bykaranteli.com
2026-05-23,ETH,50.83,bykaranteli.com
2026-05-24,BTC,36.03,bykaranteli.com
2026-05-24,ETH,51.3,bykaranteli.com
2026-05-25,BTC,34.44,bykaranteli.com
2026-05-25,ETH,47.66,bykaranteli.com
2026-05-26,BTC,35.86,bykaranteli.com
2026-05-26,ETH,48.78,bykaranteli.com
2026-05-27,BTC,37.19,bykaranteli.com
2026-05-27,ETH,49.29,bykaranteli.com
2026-05-28,BTC,37.27,bykaranteli.com
2026-05-28,ETH,49.24,bykaranteli.com
2026-05-29,BTC,35.99,bykaranteli.com
2026-05-29,ETH,48.59,bykaranteli.com
2026-05-30,BTC,35.28,bykaranteli.com
2026-05-30,ETH,48.91,bykaranteli.com
2026-05-31,BTC,36.4,bykaranteli.com
2026-05-31,ETH,49.63,bykaranteli.com
2026-06-01,BTC,37.27,bykaranteli.com
2026-06-01,ETH,49.25,bykaranteli.com
2026-06-02,BTC,43.28,bykaranteli.com
2026-06-02,ETH,55.62,bykaranteli.com
2026-06-03,BTC,47.9,bykaranteli.com
2026-06-03,ETH,60.4,bykaranteli.com
2026-06-04,BTC,46.17,bykaranteli.com
2026-06-04,ETH,59.46,bykaranteli.com
2026-06-05,BTC,49.14,bykaranteli.com
2026-06-05,ETH,68.3,bykaranteli.com
2026-06-06,BTC,48.62,bykaranteli.com
2026-06-06,ETH,69.23,bykaranteli.com
2026-06-07,BTC,49.37,bykaranteli.com
2026-06-07,ETH,67.21,bykaranteli.com
2026-06-08,BTC,45.64,bykaranteli.com
2026-06-08,ETH,61.26,bykaranteli.com
2026-06-09,BTC,46.24,bykaranteli.com
2026-06-09,ETH,61.31,bykaranteli.com
2026-06-10,BTC,46.96,bykaranteli.com
2026-06-10,ETH,61.15,bykaranteli.com
2026-06-11,BTC,43.27,bykaranteli.com
2026-06-11,ETH,56.84,bykaranteli.com
2026-06-12,BTC,40.47,bykaranteli.com
2026-06-12,ETH,55.52,bykaranteli.com
2026-06-13,BTC,40.77,bykaranteli.com
2026-06-13,ETH,55.59,bykaranteli.com
2026-06-14,BTC,40.33,bykaranteli.com
2026-06-14,ETH,55.49,bykaranteli.com
2026-06-15,BTC,38.72,bykaranteli.com
2026-06-15,ETH,54.25,bykaranteli.com
2026-06-16,BTC,37.67,bykaranteli.com
2026-06-16,ETH,54.02,bykaranteli.com
2026-06-17,BTC,39.54,bykaranteli.com
2026-06-17,ETH,55.98,bykaranteli.com
2026-06-18,BTC,42.47,bykaranteli.com
2026-06-18,ETH,58.18,bykaranteli.com
2026-06-19,BTC,40.54,bykaranteli.com
2026-06-19,ETH,57.13,bykaranteli.com
2026-06-20,BTC,39.85,bykaranteli.com
2026-06-20,ETH,56.39,bykaranteli.com
2026-06-21,BTC,41.76,bykaranteli.com
2026-06-21,ETH,58.17,bykaranteli.com
2026-06-22,BTC,40.41,bykaranteli.com
2026-06-22,ETH,55.82,bykaranteli.com
2026-06-23,BTC,41.56,bykaranteli.com
2026-06-23,ETH,56.18,bykaranteli.com
2026-06-24,BTC,45.12,bykaranteli.com
2026-06-24,ETH,58.83,bykaranteli.com
2026-06-25,BTC,46.56,bykaranteli.com
2026-06-25,ETH,60.76,bykaranteli.com
2026-06-26,BTC,45.5,bykaranteli.com
2026-06-26,ETH,59.77,bykaranteli.com
2026-06-27,BTC,45.17,bykaranteli.com
2026-06-27,ETH,59.87,bykaranteli.com
2026-06-28,BTC,47.66,bykaranteli.com
2026-06-28,ETH,61.32,bykaranteli.com
2026-06-29,BTC,42.65,bykaranteli.com
2026-06-29,ETH,57.93,bykaranteli.com
2026-06-30,BTC,44.54,bykaranteli.com
2026-06-30,ETH,58.98,bykaranteli.com
2026-07-01,BTC,42.91,bykaranteli.com
2026-07-01,ETH,56.89,bykaranteli.com
2026-07-02,BTC,40.45,bykaranteli.com
2026-07-02,ETH,55.11,bykaranteli.com
2026-07-03,BTC,39.47,bykaranteli.com
2026-07-03,ETH,53.55,bykaranteli.com
2026-07-04,BTC,39.18,bykaranteli.com
2026-07-04,ETH,52.97,bykaranteli.com
2026-07-05,BTC,38.67,bykaranteli.com
2026-07-05,ETH,53.08,bykaranteli.com
2026-07-06,BTC,37.26,bykaranteli.com
2026-07-06,ETH,52.63,bykaranteli.com
2026-07-07,BTC,38.87,bykaranteli.com
2026-07-07,ETH,53.27,bykaranteli.com
2026-07-08,BTC,39.53,bykaranteli.com
2026-07-08,ETH,53.37,bykaranteli.com
2026-07-09,BTC,37.29,bykaranteli.com
2026-07-09,ETH,51.99,bykaranteli.com
2026-07-10,BTC,36.23,bykaranteli.com
2026-07-10,ETH,49.81,bykaranteli.com
2026-07-11,BTC,36.78,bykaranteli.com
2026-07-11,ETH,50.58,bykaranteli.com
2026-07-12,BTC,37.2,bykaranteli.com
2026-07-12,ETH,50.99,bykaranteli.com
2026-07-13,BTC,37.78,bykaranteli.com
2026-07-13,ETH,51.07,bykaranteli.com
2026-07-14,BTC,36.48,bykaranteli.com
2026-07-14,ETH,49.52,bykaranteli.com
2026-07-15,BTC,35.98,bykaranteli.com
2026-07-15,ETH,49.03,bykaranteli.com
2026-07-16,BTC,36.37,bykaranteli.com
2026-07-16,ETH,49.2,bykaranteli.com
2026-07-17,BTC,36.33,bykaranteli.com
2026-07-17,ETH,48.96,bykaranteli.com
2026-07-18,BTC,35.72,bykaranteli.com
2026-07-18,ETH,49.28,bykaranteli.com
2026-07-19,BTC,36.11,bykaranteli.com
2026-07-19,ETH,49.74,bykaranteli.com
2026-07-20,BTC,36.26,bykaranteli.com
2026-07-20,ETH,50.42,bykaranteli.com
2026-07-21,BTC,37.32,bykaranteli.com
2026-07-21,ETH,50.99,bykaranteli.com
2026-07-22,BTC,38.01,bykaranteli.com
2026-07-22,ETH,51.6,bykaranteli.com
2026-07-23,BTC,38.47,bykaranteli.com
2026-07-23,ETH,51.63,bykaranteli.com
2026-07-24,BTC,37.02,bykaranteli.com
2026-07-24,ETH,50.52,bykaranteli.com
2026-07-25,BTC,37.71,bykaranteli.com
2026-07-25,ETH,51.52,bykaranteli.com
2026-07-26,BTC,37.34,bykaranteli.com
2026-07-26,ETH,51.7,bykaranteli.com
2026-07-27,BTC,37.45,bykaranteli.com
2026-07-27,ETH,51.87,bykaranteli.com
2026-07-28,BTC,37.24,bykaranteli.com
2026-07-28,ETH,53.02,bykaranteli.com
2026-07-29,BTC,37.45,bykaranteli.com
2026-07-29,ETH,52.46,bykaranteli.com
2026-07-30,BTC,35.55,bykaranteli.com
2026-07-30,ETH,50.71,bykaranteli.com
2026-07-31,BTC,35.64,bykaranteli.com
2026-07-31,ETH,50.21,bykaranteli.com
2026-08-01,BTC,35.55,bykaranteli.com
2026-08-01,ETH,50.8,bykaranteli.com
2026-08-02,BTC,35.05,bykaranteli.com
2026-08-02,ETH,49.74,bykaranteli.com
2026-08-03,BTC,34.76,bykaranteli.com
2026-08-03,ETH,49.18,bykaranteli.com
2026-08-04,BTC,34.04,bykaranteli.com
2026-08-04,ETH,47.81,bykaranteli.com
2026-08-05,BTC,34.66,bykaranteli.com
2026-08-05,ETH,48.04,bykaranteli.com
2026-08-06,BTC,34.61,bykaranteli.com
2026-08-06,ETH,47.85,bykaranteli.com
2026-08-07,BTC,34.93,bykaranteli.com
2026-08-07,ETH,47.94,bykaranteli.com
2026-08-08,BTC,33.92,bykaranteli.com
2026-08-08,ETH,47.49,bykaranteli.com
2026-08-09,BTC,34.18,bykaranteli.com
2026-08-09,ETH,48.11,bykaranteli.com
2026-08-10,BTC,34.77,bykaranteli.com
2026-08-10,ETH,49.04,bykaranteli.com
2026-08-11,BTC,36.32,bykaranteli.com
2026-08-11,ETH,49.71,bykaranteli.com
2026-08-12,BTC,36.09,bykaranteli.com
2026-08-12,ETH,49.28,bykaranteli.com
2026-08-13,BTC,35.68,bykaranteli.com
2026-08-13,ETH,49.36,bykaranteli.com
2026-08-14,BTC,34.79,bykaranteli.com
2026-08-14,ETH,48.53,bykaranteli.com
2026-08-15,BTC,34.74,bykaranteli.com
2026-08-15,ETH,47.13,bykaranteli.com
2026-08-16,BTC,34.99,bykaranteli.com
2026-08-16,ETH,47.56,bykaranteli.com
2026-08-17,BTC,35.11,bykaranteli.com
2026-08-17,ETH,47.59,bykaranteli.com
2026-08-18,BTC,34.69,bykaranteli.com
2026-08-18,ETH,46.26,bykaranteli.com
2026-08-19,BTC,34.98,bykaranteli.com
2026-08-19,ETH,46.12,bykaranteli.com
2026-08-20,BTC,37.79,bykaranteli.com
2026-08-20,ETH,52.49,bykaranteli.com
2026-08-21,BTC,39.28,bykaranteli.com
2026-08-21,ETH,52.74,bykaranteli.com
2026-08-22,BTC,43.33,bykaranteli.com
2026-08-22,ETH,57.13,bykaranteli.com
2026-08-23,BTC,42.22,bykaranteli.com
2026-08-23,ETH,56.98,bykaranteli.com
2026-08-24,BTC,43.13,bykaranteli.com
2026-08-24,ETH,60.22,bykaranteli.com
2026-08-25,BTC,43.47,bykaranteli.com
2026-08-25,ETH,58.43,bykaranteli.com
2026-08-26,BTC,43.13,bykaranteli.com
2026-08-26,ETH,58.08,bykaranteli.com
2026-08-27,BTC,40.4,bykaranteli.com
2026-08-27,ETH,56.05,bykaranteli.com
2026-08-28,BTC,41.6,bykaranteli.com
2026-08-28,ETH,56.84,bykaranteli.com
2026-08-29,BTC,38.37,bykaranteli.com
2026-08-29,ETH,51.01,bykaranteli.com
2026-08-30,BTC,37.43,bykaranteli.com
2026-08-30,ETH,51.03,bykaranteli.com
2026-08-31,BTC,36.9,bykaranteli.com
2026-08-31,ETH,51.64,bykaranteli.com
2026-09-01,BTC,37.56,bykaranteli.com
2026-09-01,ETH,51.34,bykaranteli.com
2026-09-02,BTC,38.03,bykaranteli.com
2026-09-02,ETH,51.83,bykaranteli.com
2026-09-03,BTC,37.18,bykaranteli.com
2026-09-03,ETH,50.87,bykaranteli.com
2026-09-04,BTC,39.72,bykaranteli.com
2026-09-04,ETH,53.28,bykaranteli.com
