date,currency,instrument,expiry,strike,type,open_interest,mark_iv,underlying_usd
2026-08-07,BTC,BTC-10AUG26-57000-P,10AUG26,57000,put,0,47.34,64234.43
2026-08-07,BTC,BTC-10AUG26-57000-C,10AUG26,57000,call,0,47.34,64234.6
2026-08-07,BTC,BTC-10AUG26-58000-C,10AUG26,58000,call,0,42.56,64234.6
2026-08-07,BTC,BTC-10AUG26-58000-P,10AUG26,58000,put,1.1,42.56,64234.6
2026-08-07,BTC,BTC-10AUG26-59000-C,10AUG26,59000,call,0,39.47,64234.6
2026-08-07,BTC,BTC-10AUG26-59000-P,10AUG26,59000,put,54.9,39.47,64234.6
2026-08-07,BTC,BTC-10AUG26-60000-C,10AUG26,60000,call,0,34.91,64234.6
2026-08-07,BTC,BTC-10AUG26-60000-P,10AUG26,60000,put,2.4,34.91,64234.6
2026-08-07,BTC,BTC-10AUG26-61000-C,10AUG26,61000,call,0,31.48,64234.6
2026-08-07,BTC,BTC-10AUG26-61000-P,10AUG26,61000,put,8.7,31.48,64234.6
2026-08-07,BTC,BTC-10AUG26-62000-C,10AUG26,62000,call,0,28.6,64234.6
2026-08-07,BTC,BTC-10AUG26-62000-P,10AUG26,62000,put,2.2,28.6,64234.6
2026-08-07,BTC,BTC-10AUG26-62500-C,10AUG26,62500,call,0,27.36,64234.6
2026-08-07,BTC,BTC-10AUG26-62500-P,10AUG26,62500,put,2.8,27.36,64234.43
2026-08-07,BTC,BTC-10AUG26-63000-C,10AUG26,63000,call,0,26.31,64234.43
2026-08-07,BTC,BTC-10AUG26-63000-P,10AUG26,63000,put,552.7,26.31,64234.6
2026-08-07,BTC,BTC-10AUG26-63500-C,10AUG26,63500,call,0,25.76,64234.43
2026-08-07,BTC,BTC-10AUG26-63500-P,10AUG26,63500,put,7.5,25.76,64234.6
2026-08-07,BTC,BTC-10AUG26-64000-C,10AUG26,64000,call,0.1,24.91,64234.6
2026-08-07,BTC,BTC-10AUG26-64000-P,10AUG26,64000,put,1,24.91,64234.6
2026-08-07,BTC,BTC-10AUG26-64500-C,10AUG26,64500,call,0,24.38,64234.6
2026-08-07,BTC,BTC-10AUG26-64500-P,10AUG26,64500,put,0,24.38,64234.6
2026-08-07,BTC,BTC-10AUG26-65000-C,10AUG26,65000,call,30,24.2,64234.6
2026-08-07,BTC,BTC-10AUG26-65000-P,10AUG26,65000,put,0,24.2,64234.6
2026-08-07,BTC,BTC-10AUG26-65500-C,10AUG26,65500,call,0,24.43,64234.6
2026-08-07,BTC,BTC-10AUG26-65500-P,10AUG26,65500,put,0,24.43,64234.6
2026-08-07,BTC,BTC-10AUG26-66000-C,10AUG26,66000,call,202.1,24.9,64234.6
2026-08-07,BTC,BTC-10AUG26-66000-P,10AUG26,66000,put,0,24.9,64234.43
2026-08-07,BTC,BTC-10AUG26-66500-C,10AUG26,66500,call,0.6,25.76,64234.43
2026-08-07,BTC,BTC-10AUG26-66500-P,10AUG26,66500,put,0,25.76,64234.6
2026-08-07,BTC,BTC-10AUG26-67000-C,10AUG26,67000,call,540.1,26.81,64234.6
2026-08-07,BTC,BTC-10AUG26-67000-P,10AUG26,67000,put,0,26.81,64234.6
2026-08-07,BTC,BTC-10AUG26-68000-C,10AUG26,68000,call,0.4,29.81,64234.6
2026-08-07,BTC,BTC-10AUG26-68000-P,10AUG26,68000,put,0,29.81,64234.43
2026-08-07,BTC,BTC-10AUG26-69000-C,10AUG26,69000,call,2,33.36,64234.6
2026-08-07,BTC,BTC-10AUG26-69000-P,10AUG26,69000,put,0,33.36,64234.6
2026-08-07,BTC,BTC-10AUG26-70000-C,10AUG26,70000,call,35,33.7,64234.6
2026-08-07,BTC,BTC-10AUG26-70000-P,10AUG26,70000,put,0,33.7,64234.6
2026-08-07,BTC,BTC-10AUG26-71000-C,10AUG26,71000,call,30,36.3,64234.43
2026-08-07,BTC,BTC-10AUG26-71000-P,10AUG26,71000,put,0,36.3,64234.6
2026-08-07,BTC,BTC-10AUG26-72000-C,10AUG26,72000,call,0,40.53,64234.6
2026-08-07,BTC,BTC-10AUG26-72000-P,10AUG26,72000,put,0,40.53,64234.6
2026-08-07,BTC,BTC-14AUG26-50000-C,14AUG26,50000,call,0,62.14,64255.93
2026-08-07,BTC,BTC-14AUG26-50000-P,14AUG26,50000,put,153.5,62.14,64255.74
2026-08-07,BTC,BTC-14AUG26-52000-C,14AUG26,52000,call,0,59.3,64255.93
2026-08-07,BTC,BTC-14AUG26-52000-P,14AUG26,52000,put,226.1,59.3,64255.93
2026-08-07,BTC,BTC-14AUG26-55000-C,14AUG26,55000,call,0,48.35,64255.93
2026-08-07,BTC,BTC-14AUG26-55000-P,14AUG26,55000,put,523.5,48.35,64255.93
2026-08-07,BTC,BTC-14AUG26-58000-C,14AUG26,58000,call,0,39.57,64255.93
2026-08-07,BTC,BTC-14AUG26-58000-P,14AUG26,58000,put,1637.2,39.57,64255.93
2026-08-07,BTC,BTC-14AUG26-59000-C,14AUG26,59000,call,0,37.19,64255.74
2026-08-07,BTC,BTC-14AUG26-59000-P,14AUG26,59000,put,118.8,37.19,64255.93
2026-08-07,BTC,BTC-14AUG26-60000-C,14AUG26,60000,call,1,35.14,64255.93
2026-08-07,BTC,BTC-14AUG26-60000-P,14AUG26,60000,put,2035,35.14,64255.92
2026-08-07,BTC,BTC-14AUG26-61000-C,14AUG26,61000,call,8,33.21,64255.93
2026-08-07,BTC,BTC-14AUG26-61000-P,14AUG26,61000,put,291.7,33.21,64255.93
2026-08-07,BTC,BTC-14AUG26-62000-C,14AUG26,62000,call,6.6,31.83,64255.74
2026-08-07,BTC,BTC-14AUG26-62000-P,14AUG26,62000,put,312.5,31.83,64255.93
2026-08-07,BTC,BTC-14AUG26-63000-C,14AUG26,63000,call,52.1,30.33,64255.74
2026-08-07,BTC,BTC-14AUG26-63000-P,14AUG26,63000,put,369,30.33,64255.93
2026-08-07,BTC,BTC-14AUG26-64000-C,14AUG26,64000,call,220.3,29.2,64255.93
2026-08-07,BTC,BTC-14AUG26-64000-P,14AUG26,64000,put,315.3,29.2,64255.74
2026-08-07,BTC,BTC-14AUG26-65000-C,14AUG26,65000,call,553.2,28.21,64255.92
2026-08-07,BTC,BTC-14AUG26-65000-P,14AUG26,65000,put,62.1,28.21,64255.93
2026-08-07,BTC,BTC-14AUG26-66000-C,14AUG26,66000,call,584,27.73,64255.74
2026-08-07,BTC,BTC-14AUG26-66000-P,14AUG26,66000,put,3.2,27.73,64255.93
2026-08-07,BTC,BTC-14AUG26-67000-C,14AUG26,67000,call,656.5,27.53,64255.93
2026-08-07,BTC,BTC-14AUG26-67000-P,14AUG26,67000,put,0.1,27.53,64255.93
2026-08-07,BTC,BTC-14AUG26-68000-C,14AUG26,68000,call,1866.2,27.96,64255.93
2026-08-07,BTC,BTC-14AUG26-68000-P,14AUG26,68000,put,0.2,27.96,64255.93
2026-08-07,BTC,BTC-14AUG26-70000-C,14AUG26,70000,call,1423.6,31.4,64255.92
2026-08-07,BTC,BTC-14AUG26-70000-P,14AUG26,70000,put,0.3,31.4,64255.93
2026-08-07,BTC,BTC-14AUG26-72000-C,14AUG26,72000,call,1436.1,36,64255.93
2026-08-07,BTC,BTC-14AUG26-72000-P,14AUG26,72000,put,0,36,64255.74
2026-08-07,BTC,BTC-14AUG26-75000-C,14AUG26,75000,call,626.9,43.75,64255.74
2026-08-07,BTC,BTC-14AUG26-75000-P,14AUG26,75000,put,0.2,43.75,64255.93
2026-08-07,BTC,BTC-14AUG26-80000-C,14AUG26,80000,call,905.1,51.26,64255.74
2026-08-07,BTC,BTC-14AUG26-80000-P,14AUG26,80000,put,0.1,51.26,64255.93
2026-08-07,BTC,BTC-21AUG26-53000-P,21AUG26,53000,put,64.3,47.11,64302.28
2026-08-07,BTC,BTC-21AUG26-53000-C,21AUG26,53000,call,0,47.11,64302.09
2026-08-07,BTC,BTC-21AUG26-55000-C,21AUG26,55000,call,0,43.19,64302.09
2026-08-07,BTC,BTC-21AUG26-55000-P,21AUG26,55000,put,58.9,43.19,64302.28
2026-08-07,BTC,BTC-21AUG26-56000-C,21AUG26,56000,call,0,41.49,64302.28
2026-08-07,BTC,BTC-21AUG26-56000-P,21AUG26,56000,put,20.3,41.49,64302.28
2026-08-07,BTC,BTC-21AUG26-58000-C,21AUG26,58000,call,0,38.14,64302.28
2026-08-07,BTC,BTC-21AUG26-58000-P,21AUG26,58000,put,289.2,38.14,64302.28
2026-08-07,BTC,BTC-21AUG26-59000-C,21AUG26,59000,call,0,36.56,64302.28
2026-08-07,BTC,BTC-21AUG26-59000-P,21AUG26,59000,put,123.3,36.56,64302.28
2026-08-07,BTC,BTC-21AUG26-60000-C,21AUG26,60000,call,0,34.93,64302.28
2026-08-07,BTC,BTC-21AUG26-60000-P,21AUG26,60000,put,589.4,34.93,64302.09
2026-08-07,BTC,BTC-21AUG26-61000-C,21AUG26,61000,call,2,33.8,64302.09
2026-08-07,BTC,BTC-21AUG26-61000-P,21AUG26,61000,put,404.1,33.8,64302.28
2026-08-07,BTC,BTC-21AUG26-62000-C,21AUG26,62000,call,26.1,32.24,64302.28
2026-08-07,BTC,BTC-21AUG26-62000-P,21AUG26,62000,put,121.8,32.24,64302.28
2026-08-07,BTC,BTC-21AUG26-63000-C,21AUG26,63000,call,16.5,31.18,64302.28
2026-08-07,BTC,BTC-21AUG26-63000-P,21AUG26,63000,put,76.2,31.18,64302.28
2026-08-07,BTC,BTC-21AUG26-64000-C,21AUG26,64000,call,43.9,30.13,64302.09
2026-08-07,BTC,BTC-21AUG26-64000-P,21AUG26,64000,put,56.2,30.13,64302.28
2026-08-07,BTC,BTC-21AUG26-65000-C,21AUG26,65000,call,204.7,29.34,64302.28
2026-08-07,BTC,BTC-21AUG26-65000-P,21AUG26,65000,put,38.3,29.34,64302.28
2026-08-07,BTC,BTC-21AUG26-66000-C,21AUG26,66000,call,383.6,28.63,64302.09
2026-08-07,BTC,BTC-21AUG26-66000-P,21AUG26,66000,put,2,28.63,64302.09
2026-08-07,BTC,BTC-21AUG26-67000-C,21AUG26,67000,call,942.7,28.16,64302.28
2026-08-07,BTC,BTC-21AUG26-67000-P,21AUG26,67000,put,10.2,28.16,64302.28
2026-08-07,BTC,BTC-21AUG26-68000-C,21AUG26,68000,call,1745.5,28.26,64302.28
2026-08-07,BTC,BTC-21AUG26-68000-P,21AUG26,68000,put,0,28.26,64302.28
2026-08-07,BTC,BTC-21AUG26-69000-C,21AUG26,69000,call,426.7,28.37,64302.09
2026-08-07,BTC,BTC-21AUG26-69000-P,21AUG26,69000,put,0,28.37,64302.09
2026-08-07,BTC,BTC-21AUG26-70000-C,21AUG26,70000,call,1366.8,28.63,64302.28
2026-08-07,BTC,BTC-21AUG26-70000-P,21AUG26,70000,put,0,28.63,64302.09
2026-08-07,BTC,BTC-21AUG26-72000-C,21AUG26,72000,call,162,30.65,64302.28
2026-08-07,BTC,BTC-21AUG26-72000-P,21AUG26,72000,put,0,30.65,64302.09
2026-08-07,BTC,BTC-21AUG26-75000-C,21AUG26,75000,call,1501.9,34.97,64302.28
2026-08-07,BTC,BTC-21AUG26-75000-P,21AUG26,75000,put,0,34.97,64302.09
2026-08-07,BTC,BTC-25DEC26-20000-C,25DEC26,20000,call,2.7,87.45,65319.86
2026-08-07,BTC,BTC-25DEC26-20000-P,25DEC26,20000,put,106.1,87.45,65319.67
2026-08-07,BTC,BTC-25DEC26-30000-C,25DEC26,30000,call,291,69.84,65319.86
2026-08-07,BTC,BTC-25DEC26-30000-P,25DEC26,30000,put,2136.4,69.84,65319.8
2026-08-07,BTC,BTC-25DEC26-35000-P,25DEC26,35000,put,2328.7,62.82,65319.86
2026-08-07,BTC,BTC-25DEC26-35000-C,25DEC26,35000,call,77.8,62.82,65319.86
2026-08-07,BTC,BTC-25DEC26-40000-C,25DEC26,40000,call,250.9,56.8,65319.86
2026-08-07,BTC,BTC-25DEC26-40000-P,25DEC26,40000,put,4330.4,56.8,65319.86
2026-08-07,BTC,BTC-25DEC26-45000-C,25DEC26,45000,call,54.3,51.14,65319.86
2026-08-07,BTC,BTC-25DEC26-45000-P,25DEC26,45000,put,2915.8,51.14,65319.86
2026-08-07,BTC,BTC-25DEC26-50000-C,25DEC26,50000,call,260.8,46.58,65319.86
2026-08-07,BTC,BTC-25DEC26-50000-P,25DEC26,50000,put,1901.7,46.58,65319.86
2026-08-07,BTC,BTC-25DEC26-52000-C,25DEC26,52000,call,0.1,45.12,65319.86
2026-08-07,BTC,BTC-25DEC26-52000-P,25DEC26,52000,put,196.7,45.12,65319.8
2026-08-07,BTC,BTC-25DEC26-54000-C,25DEC26,54000,call,33.1,43.89,65319.67
2026-08-07,BTC,BTC-25DEC26-54000-P,25DEC26,54000,put,1808.3,43.89,65319.67
2026-08-07,BTC,BTC-25DEC26-55000-C,25DEC26,55000,call,44.9,43.32,65319.86
2026-08-07,BTC,BTC-25DEC26-55000-P,25DEC26,55000,put,1058.7,43.32,65319.86
2026-08-07,BTC,BTC-25DEC26-56000-C,25DEC26,56000,call,41.4,42.81,65319.86
2026-08-07,BTC,BTC-25DEC26-56000-P,25DEC26,56000,put,462.3,42.81,65319.86
2026-08-07,BTC,BTC-25DEC26-58000-P,25DEC26,58000,put,2137.2,41.81,65319.86
2026-08-07,BTC,BTC-25DEC26-58000-C,25DEC26,58000,call,41.8,41.81,65319.86
2026-08-07,BTC,BTC-25DEC26-60000-P,25DEC26,60000,put,6441.6,41.05,65319.86
2026-08-07,BTC,BTC-25DEC26-60000-C,25DEC26,60000,call,786.9,41.05,65319.86
2026-08-07,BTC,BTC-25DEC26-62000-C,25DEC26,62000,call,255.1,40.37,65319.86
2026-08-07,BTC,BTC-25DEC26-62000-P,25DEC26,62000,put,719.8,40.37,65319.86
2026-08-07,BTC,BTC-25DEC26-64000-P,25DEC26,64000,put,268.9,39.81,65319.86
2026-08-07,BTC,BTC-25DEC26-64000-C,25DEC26,64000,call,420.2,39.81,65319.86
2026-08-07,BTC,BTC-25DEC26-65000-P,25DEC26,65000,put,742.1,39.55,65319.67
2026-08-07,BTC,BTC-25DEC26-65000-C,25DEC26,65000,call,843.4,39.55,65319.86
2026-08-07,BTC,BTC-25DEC26-66000-P,25DEC26,66000,put,363.7,39.32,65319.86
2026-08-07,BTC,BTC-25DEC26-66000-C,25DEC26,66000,call,263.4,39.32,65319.86
2026-08-07,BTC,BTC-25DEC26-68000-P,25DEC26,68000,put,355.9,39.01,65319.86
2026-08-07,BTC,BTC-25DEC26-68000-C,25DEC26,68000,call,576,39.01,65319.86
2026-08-07,BTC,BTC-25DEC26-70000-C,25DEC26,70000,call,1546.4,38.71,65319.86
2026-08-07,BTC,BTC-25DEC26-70000-P,25DEC26,70000,put,1034.6,38.71,65319.86
2026-08-07,BTC,BTC-25DEC26-72000-C,25DEC26,72000,call,1137.8,38.46,65319.86
2026-08-07,BTC,BTC-25DEC26-72000-P,25DEC26,72000,put,330.5,38.46,65319.67
2026-08-07,BTC,BTC-25DEC26-74000-C,25DEC26,74000,call,146.3,38.36,65319.8
2026-08-07,BTC,BTC-25DEC26-74000-P,25DEC26,74000,put,106,38.36,65319.67
2026-08-07,BTC,BTC-25DEC26-75000-C,25DEC26,75000,call,1916.4,38.3,65319.67
2026-08-07,BTC,BTC-25DEC26-75000-P,25DEC26,75000,put,896.2,38.3,65319.86
2026-08-07,BTC,BTC-25DEC26-76000-C,25DEC26,76000,call,382.1,38.3,65319.86
2026-08-07,BTC,BTC-25DEC26-76000-P,25DEC26,76000,put,142.1,38.3,65319.86
2026-08-07,BTC,BTC-25DEC26-78000-P,25DEC26,78000,put,234.6,38.24,65319.67
2026-08-07,BTC,BTC-25DEC26-78000-C,25DEC26,78000,call,422.7,38.24,65319.86
2026-08-07,BTC,BTC-25DEC26-80000-C,25DEC26,80000,call,8172.7,38.31,65319.86
2026-08-07,BTC,BTC-25DEC26-80000-P,25DEC26,80000,put,951.8,38.31,65319.86
2026-08-07,BTC,BTC-25DEC26-82000-C,25DEC26,82000,call,509.4,38.33,65319.67
2026-08-07,BTC,BTC-25DEC26-82000-P,25DEC26,82000,put,158.8,38.33,65319.67
2026-08-07,BTC,BTC-25DEC26-84000-P,25DEC26,84000,put,47.1,38.33,65319.86
2026-08-07,BTC,BTC-25DEC26-84000-C,25DEC26,84000,call,768.6,38.33,65319.86
2026-08-07,BTC,BTC-25DEC26-85000-P,25DEC26,85000,put,548.4,38.42,65319.86
2026-08-07,BTC,BTC-25DEC26-85000-C,25DEC26,85000,call,2236.5,38.42,65319.67
2026-08-07,BTC,BTC-25DEC26-86000-C,25DEC26,86000,call,320.1,38.44,65319.86
2026-08-07,BTC,BTC-25DEC26-86000-P,25DEC26,86000,put,23.4,38.44,65319.86
2026-08-07,BTC,BTC-25DEC26-88000-P,25DEC26,88000,put,4.2,38.49,65319.86
2026-08-07,BTC,BTC-25DEC26-88000-C,25DEC26,88000,call,2587.9,38.49,65319.86
2026-08-07,BTC,BTC-25DEC26-90000-C,25DEC26,90000,call,3304.6,38.58,65319.86
2026-08-07,BTC,BTC-25DEC26-90000-P,25DEC26,90000,put,590.6,38.58,65319.67
2026-08-07,BTC,BTC-25DEC26-92000-C,25DEC26,92000,call,252.9,38.87,65319.86
2026-08-07,BTC,BTC-25DEC26-92000-P,25DEC26,92000,put,4.6,38.87,65319.86
2026-08-07,BTC,BTC-25DEC26-94000-P,25DEC26,94000,put,5.3,39.13,65319.86
2026-08-07,BTC,BTC-25DEC26-94000-C,25DEC26,94000,call,117.4,39.13,65319.86
2026-08-07,BTC,BTC-25DEC26-95000-P,25DEC26,95000,put,85.9,39.39,65319.86
2026-08-07,BTC,BTC-25DEC26-95000-C,25DEC26,95000,call,1299.8,39.39,65319.86
2026-08-07,BTC,BTC-25DEC26-96000-P,25DEC26,96000,put,11.3,39.44,65319.67
2026-08-07,BTC,BTC-25DEC26-96000-C,25DEC26,96000,call,1311.1,39.44,65319.86
2026-08-07,BTC,BTC-25DEC26-98000-P,25DEC26,98000,put,1.2,39.75,65319.86
2026-08-07,BTC,BTC-25DEC26-98000-C,25DEC26,98000,call,210.1,39.75,65319.67
2026-08-07,BTC,BTC-25DEC26-100000-C,25DEC26,100000,call,3652.1,40.15,65319.67
2026-08-07,BTC,BTC-25DEC26-100000-P,25DEC26,100000,put,303.3,40.15,65319.86
2026-08-07,BTC,BTC-25DEC26-102000-C,25DEC26,102000,call,214.3,40.35,65319.8
2026-08-07,BTC,BTC-25DEC26-102000-P,25DEC26,102000,put,7.8,40.35,65319.86
2026-08-07,BTC,BTC-25DEC26-104000-C,25DEC26,104000,call,86,40.71,65319.86
2026-08-07,BTC,BTC-25DEC26-104000-P,25DEC26,104000,put,0.1,40.71,65319.86
2026-08-07,BTC,BTC-25DEC26-105000-C,25DEC26,105000,call,834.3,40.93,65319.86
2026-08-07,BTC,BTC-25DEC26-105000-P,25DEC26,105000,put,109.4,40.93,65319.86
2026-08-07,BTC,BTC-25DEC26-106000-C,25DEC26,106000,call,320.2,41.03,65319.67
2026-08-07,BTC,BTC-25DEC26-106000-P,25DEC26,106000,put,0.2,41.03,65319.67
2026-08-07,BTC,BTC-25DEC26-108000-C,25DEC26,108000,call,123.1,41.45,65319.86
2026-08-07,BTC,BTC-25DEC26-108000-P,25DEC26,108000,put,0.1,41.45,65319.67
2026-08-07,BTC,BTC-25DEC26-110000-C,25DEC26,110000,call,2640.1,41.87,65319.86
2026-08-07,BTC,BTC-25DEC26-110000-P,25DEC26,110000,put,54.2,41.87,65319.67
2026-08-07,BTC,BTC-25DEC26-115000-P,25DEC26,115000,put,0.7,42.84,65319.86
2026-08-07,BTC,BTC-25DEC26-115000-C,25DEC26,115000,call,2339.9,42.84,65319.86
2026-08-07,BTC,BTC-25DEC26-120000-P,25DEC26,120000,put,35.6,43.73,65319.86
2026-08-07,BTC,BTC-25DEC26-120000-C,25DEC26,120000,call,6033.2,43.73,65319.86
2026-08-07,BTC,BTC-25DEC26-125000-C,25DEC26,125000,call,594.4,44.73,65319.86
2026-08-07,BTC,BTC-25DEC26-125000-P,25DEC26,125000,put,9.1,44.73,65319.86
2026-08-07,BTC,BTC-25DEC26-130000-P,25DEC26,130000,put,54,45.42,65319.86
2026-08-07,BTC,BTC-25DEC26-130000-C,25DEC26,130000,call,1574.4,45.42,65319.86
2026-08-07,BTC,BTC-25DEC26-135000-C,25DEC26,135000,call,1107.8,46.51,65319.86
2026-08-07,BTC,BTC-25DEC26-135000-P,25DEC26,135000,put,0.6,46.51,65319.86
2026-08-07,BTC,BTC-25DEC26-140000-P,25DEC26,140000,put,0.2,47.73,65319.86
2026-08-07,BTC,BTC-25DEC26-140000-C,25DEC26,140000,call,1475,47.73,65319.67
2026-08-07,BTC,BTC-25DEC26-150000-P,25DEC26,150000,put,2,50.19,65319.67
2026-08-07,BTC,BTC-25DEC26-150000-C,25DEC26,150000,call,1626.2,50.19,65319.86
2026-08-07,BTC,BTC-25DEC26-160000-C,25DEC26,160000,call,1224,51.44,65319.86
2026-08-07,BTC,BTC-25DEC26-160000-P,25DEC26,160000,put,0,51.44,65319.86
2026-08-07,BTC,BTC-25DEC26-170000-P,25DEC26,170000,put,0,52.9,65319.86
2026-08-07,BTC,BTC-25DEC26-170000-C,25DEC26,170000,call,2384.5,52.9,65319.67
2026-08-07,BTC,BTC-25DEC26-180000-P,25DEC26,180000,put,0,54.46,65319.67
2026-08-07,BTC,BTC-25DEC26-180000-C,25DEC26,180000,call,923.8,54.46,65319.86
2026-08-07,BTC,BTC-25DEC26-190000-P,25DEC26,190000,put,0,56.59,65319.86
2026-08-07,BTC,BTC-25DEC26-190000-C,25DEC26,190000,call,990.7,56.59,65319.86
2026-08-07,BTC,BTC-25DEC26-200000-C,25DEC26,200000,call,951.5,58.2,65319.67
2026-08-07,BTC,BTC-25DEC26-200000-P,25DEC26,200000,put,0,58.2,65319.67
2026-08-07,BTC,BTC-25DEC26-210000-C,25DEC26,210000,call,151.7,58.2,65319.86
2026-08-07,BTC,BTC-25DEC26-210000-P,25DEC26,210000,put,0,58.2,65319.67
2026-08-07,BTC,BTC-25DEC26-220000-P,25DEC26,220000,put,0,59.49,65319.86
2026-08-07,BTC,BTC-25DEC26-220000-C,25DEC26,220000,call,252.8,59.49,65319.67
2026-08-07,BTC,BTC-25DEC26-230000-C,25DEC26,230000,call,195.9,62.41,65319.86
2026-08-07,BTC,BTC-25DEC26-230000-P,25DEC26,230000,put,0,62.41,65319.86
2026-08-07,BTC,BTC-25DEC26-240000-P,25DEC26,240000,put,0,62.53,65319.86
2026-08-07,BTC,BTC-25DEC26-240000-C,25DEC26,240000,call,874.4,62.53,65319.86
2026-08-07,BTC,BTC-25DEC26-250000-C,25DEC26,250000,call,1120.9,62.95,65319.86
2026-08-07,BTC,BTC-25DEC26-250000-P,25DEC26,250000,put,10,62.95,65319.86
2026-08-07,BTC,BTC-25JUN27-30000-P,25JUN27,30000,put,308,60.25,66741.12
2026-08-07,BTC,BTC-25JUN27-30000-C,25JUN27,30000,call,36.9,60.25,66741.12
2026-08-07,BTC,BTC-25JUN27-40000-C,25JUN27,40000,call,17,51.67,66741.33
2026-08-07,BTC,BTC-25JUN27-40000-P,25JUN27,40000,put,504.7,51.67,66741.12
2026-08-07,BTC,BTC-25JUN27-45000-C,25JUN27,45000,call,0.6,48.79,66741.12
2026-08-07,BTC,BTC-25JUN27-45000-P,25JUN27,45000,put,247.6,48.79,66741.12
2026-08-07,BTC,BTC-25JUN27-50000-P,25JUN27,50000,put,285.1,46.53,66741.12
2026-08-07,BTC,BTC-25JUN27-50000-C,25JUN27,50000,call,17.1,46.53,66741.12
2026-08-07,BTC,BTC-25JUN27-52000-P,25JUN27,52000,put,17.7,45.78,66741.33
2026-08-07,BTC,BTC-25JUN27-52000-C,25JUN27,52000,call,1.1,45.78,66741.33
2026-08-07,BTC,BTC-25JUN27-54000-C,25JUN27,54000,call,0.7,45.16,66741.12
2026-08-07,BTC,BTC-25JUN27-54000-P,25JUN27,54000,put,20.2,45.16,66741.33
2026-08-07,BTC,BTC-25JUN27-55000-P,25JUN27,55000,put,7.4,44.86,66741.12
2026-08-07,BTC,BTC-25JUN27-55000-C,25JUN27,55000,call,0.9,44.86,66741.12
2026-08-07,BTC,BTC-25JUN27-56000-P,25JUN27,56000,put,41.6,44.55,66741.33
2026-08-07,BTC,BTC-25JUN27-56000-C,25JUN27,56000,call,2,44.55,66741.12
2026-08-07,BTC,BTC-25JUN27-58000-P,25JUN27,58000,put,15,44.04,66741.33
2026-08-07,BTC,BTC-25JUN27-58000-C,25JUN27,58000,call,5.1,44.04,66741.12
2026-08-07,BTC,BTC-25JUN27-60000-C,25JUN27,60000,call,943.4,43.59,66741.12
2026-08-07,BTC,BTC-25JUN27-60000-P,25JUN27,60000,put,74.7,43.59,66741.33
2026-08-07,BTC,BTC-25JUN27-62000-C,25JUN27,62000,call,94.3,43.15,66741.12
2026-08-07,BTC,BTC-25JUN27-62000-P,25JUN27,62000,put,34.8,43.15,66741.33
2026-08-07,BTC,BTC-25JUN27-64000-C,25JUN27,64000,call,18.6,42.75,66741.33
2026-08-07,BTC,BTC-25JUN27-64000-P,25JUN27,64000,put,13.5,42.75,66741.33
2026-08-07,BTC,BTC-25JUN27-66000-C,25JUN27,66000,call,23.7,42.41,66741.33
2026-08-07,BTC,BTC-25JUN27-66000-P,25JUN27,66000,put,31.8,42.41,66741.33
2026-08-07,BTC,BTC-25JUN27-68000-P,25JUN27,68000,put,8.1,42.09,66741.33
2026-08-07,BTC,BTC-25JUN27-68000-C,25JUN27,68000,call,9.7,42.09,66741.33
2026-08-07,BTC,BTC-25JUN27-70000-P,25JUN27,70000,put,9.5,41.83,66741.33
2026-08-07,BTC,BTC-25JUN27-70000-C,25JUN27,70000,call,186.5,41.83,66741.12
2026-08-07,BTC,BTC-25JUN27-72000-C,25JUN27,72000,call,24.8,41.62,66741.12
2026-08-07,BTC,BTC-25JUN27-72000-P,25JUN27,72000,put,1.3,41.62,66741.33
2026-08-07,BTC,BTC-25JUN27-74000-P,25JUN27,74000,put,0.1,41.44,66741.33
2026-08-07,BTC,BTC-25JUN27-74000-C,25JUN27,74000,call,13.3,41.44,66741.33
2026-08-07,BTC,BTC-25JUN27-76000-P,25JUN27,76000,put,0.2,41.26,66741.12
2026-08-07,BTC,BTC-25JUN27-76000-C,25JUN27,76000,call,18.6,41.26,66741.12
2026-08-07,BTC,BTC-25JUN27-78000-C,25JUN27,78000,call,9,41.14,66741.33
2026-08-07,BTC,BTC-25JUN27-78000-P,25JUN27,78000,put,0.4,41.14,66741.12
2026-08-07,BTC,BTC-25JUN27-80000-C,25JUN27,80000,call,68.5,41.01,66741.33
2026-08-07,BTC,BTC-25JUN27-80000-P,25JUN27,80000,put,0.5,41.01,66741.33
2026-08-07,BTC,BTC-25JUN27-82000-P,25JUN27,82000,put,0.2,40.93,66741.12
2026-08-07,BTC,BTC-25JUN27-82000-C,25JUN27,82000,call,62,40.93,66741.33
2026-08-07,BTC,BTC-25JUN27-84000-P,25JUN27,84000,put,0.1,40.85,66741.12
2026-08-07,BTC,BTC-25JUN27-84000-C,25JUN27,84000,call,2.7,40.85,66741.33
2026-08-07,BTC,BTC-25JUN27-85000-C,25JUN27,85000,call,8.1,40.87,66741.33
2026-08-07,BTC,BTC-25JUN27-85000-P,25JUN27,85000,put,6.8,40.87,66741.33
2026-08-07,BTC,BTC-25JUN27-86000-P,25JUN27,86000,put,0.1,40.82,66741.33
2026-08-07,BTC,BTC-25JUN27-86000-C,25JUN27,86000,call,2.7,40.82,66741.12
2026-08-07,BTC,BTC-25JUN27-88000-P,25JUN27,88000,put,0.1,40.79,66741.12
2026-08-07,BTC,BTC-25JUN27-88000-C,25JUN27,88000,call,2.9,40.79,66741.12
2026-08-07,BTC,BTC-25JUN27-90000-P,25JUN27,90000,put,0.5,40.78,66741.33
2026-08-07,BTC,BTC-25JUN27-90000-C,25JUN27,90000,call,76.5,40.78,66741.33
2026-08-07,BTC,BTC-25JUN27-92000-C,25JUN27,92000,call,3.5,40.77,66741.12
2026-08-07,BTC,BTC-25JUN27-92000-P,25JUN27,92000,put,0.1,40.77,66741.33
2026-08-07,BTC,BTC-25JUN27-95000-C,25JUN27,95000,call,17,40.81,66741.12
2026-08-07,BTC,BTC-25JUN27-95000-P,25JUN27,95000,put,20.1,40.81,66741.12
2026-08-07,BTC,BTC-25JUN27-100000-C,25JUN27,100000,call,89.4,40.88,66741.12
2026-08-07,BTC,BTC-25JUN27-100000-P,25JUN27,100000,put,0.1,40.88,66741.12
2026-08-07,BTC,BTC-25JUN27-105000-P,25JUN27,105000,put,0.1,41.04,66741.33
2026-08-07,BTC,BTC-25JUN27-105000-C,25JUN27,105000,call,99.5,41.04,66741.33
2026-08-07,BTC,BTC-25JUN27-110000-P,25JUN27,110000,put,0.3,41.18,66741.33
2026-08-07,BTC,BTC-25JUN27-110000-C,25JUN27,110000,call,213,41.18,66741.33
2026-08-07,BTC,BTC-25JUN27-120000-C,25JUN27,120000,call,97.6,41.65,66741.33
2026-08-07,BTC,BTC-25JUN27-120000-P,25JUN27,120000,put,0.1,41.65,66741.12
2026-08-07,BTC,BTC-25JUN27-130000-C,25JUN27,130000,call,84.3,42.42,66741.12
2026-08-07,BTC,BTC-25JUN27-130000-P,25JUN27,130000,put,1.3,42.42,66741.12
2026-08-07,BTC,BTC-25JUN27-140000-C,25JUN27,140000,call,207.8,43.15,66741.33
2026-08-07,BTC,BTC-25JUN27-140000-P,25JUN27,140000,put,0,43.15,66741.33
2026-08-07,BTC,BTC-25JUN27-150000-C,25JUN27,150000,call,89.2,44.24,66741.33
2026-08-07,BTC,BTC-25JUN27-150000-P,25JUN27,150000,put,0,44.24,66741.12
2026-08-07,BTC,BTC-25JUN27-160000-P,25JUN27,160000,put,0,44.82,66741.33
2026-08-07,BTC,BTC-25JUN27-160000-C,25JUN27,160000,call,513.6,44.82,66741.33
2026-08-07,BTC,BTC-25JUN27-170000-C,25JUN27,170000,call,20.8,45.75,66741.33
2026-08-07,BTC,BTC-25JUN27-170000-P,25JUN27,170000,put,14.6,45.75,66741.33
2026-08-07,BTC,BTC-25SEP26-30000-P,25SEP26,30000,put,2585,86.7,64589.61
2026-08-07,BTC,BTC-25SEP26-30000-C,25SEP26,30000,call,134,86.7,64589.81
2026-08-07,BTC,BTC-25SEP26-35000-C,25SEP26,35000,call,29.3,75.25,64589.81
2026-08-07,BTC,BTC-25SEP26-35000-P,25SEP26,35000,put,896.1,75.25,64589.61
2026-08-07,BTC,BTC-25SEP26-40000-C,25SEP26,40000,call,34.4,65.26,64589.81
2026-08-07,BTC,BTC-25SEP26-40000-P,25SEP26,40000,put,2245.3,65.26,64589.82
2026-08-07,BTC,BTC-25SEP26-45000-C,25SEP26,45000,call,144.2,56.47,64589.81
2026-08-07,BTC,BTC-25SEP26-45000-P,25SEP26,45000,put,2176.5,56.47,64589.81
2026-08-07,BTC,BTC-25SEP26-50000-C,25SEP26,50000,call,30.5,48.45,64589.81
2026-08-07,BTC,BTC-25SEP26-50000-P,25SEP26,50000,put,3718.8,48.45,64589.82
2026-08-07,BTC,BTC-25SEP26-52000-C,25SEP26,52000,call,75,46.2,64589.61
2026-08-07,BTC,BTC-25SEP26-52000-P,25SEP26,52000,put,1240.5,46.2,64589.82
2026-08-07,BTC,BTC-25SEP26-54000-P,25SEP26,54000,put,529.7,43.31,64589.81
2026-08-07,BTC,BTC-25SEP26-54000-C,25SEP26,54000,call,7.2,43.31,64589.61
2026-08-07,BTC,BTC-25SEP26-55000-P,25SEP26,55000,put,2611.2,42.07,64589.81
2026-08-07,BTC,BTC-25SEP26-55000-C,25SEP26,55000,call,83.8,42.07,64589.61
2026-08-07,BTC,BTC-25SEP26-56000-P,25SEP26,56000,put,1285.8,40.88,64589.81
2026-08-07,BTC,BTC-25SEP26-56000-C,25SEP26,56000,call,12.2,40.88,64589.81
2026-08-07,BTC,BTC-25SEP26-58000-P,25SEP26,58000,put,1202.6,38.85,64589.81
2026-08-07,BTC,BTC-25SEP26-58000-C,25SEP26,58000,call,460.8,38.85,64589.81
2026-08-07,BTC,BTC-25SEP26-60000-P,25SEP26,60000,put,4636.4,37.22,64589.61
2026-08-07,BTC,BTC-25SEP26-60000-C,25SEP26,60000,call,847.4,37.22,64589.81
2026-08-07,BTC,BTC-25SEP26-62000-P,25SEP26,62000,put,1153.1,35.86,64589.81
2026-08-07,BTC,BTC-25SEP26-62000-C,25SEP26,62000,call,680.5,35.86,64589.61
2026-08-07,BTC,BTC-25SEP26-64000-P,25SEP26,64000,put,640.8,34.75,64589.81
2026-08-07,BTC,BTC-25SEP26-64000-C,25SEP26,64000,call,598.9,34.75,64589.82
2026-08-07,BTC,BTC-25SEP26-65000-C,25SEP26,65000,call,1266.6,34.3,64589.81
2026-08-07,BTC,BTC-25SEP26-65000-P,25SEP26,65000,put,643.9,34.3,64589.81
2026-08-07,BTC,BTC-25SEP26-66000-C,25SEP26,66000,call,1010.4,33.88,64589.81
2026-08-07,BTC,BTC-25SEP26-66000-P,25SEP26,66000,put,871.9,33.88,64589.81
2026-08-07,BTC,BTC-25SEP26-68000-C,25SEP26,68000,call,835.1,33.25,64589.82
2026-08-07,BTC,BTC-25SEP26-68000-P,25SEP26,68000,put,633.9,33.25,64589.81
2026-08-07,BTC,BTC-25SEP26-70000-P,25SEP26,70000,put,1519.2,32.84,64589.61
2026-08-07,BTC,BTC-25SEP26-70000-C,25SEP26,70000,call,6331,32.84,64589.82
2026-08-07,BTC,BTC-25SEP26-72000-C,25SEP26,72000,call,2745.9,32.7,64589.82
2026-08-07,BTC,BTC-25SEP26-72000-P,25SEP26,72000,put,274.7,32.7,64589.61
2026-08-07,BTC,BTC-25SEP26-74000-C,25SEP26,74000,call,800,32.78,64589.82
2026-08-07,BTC,BTC-25SEP26-74000-P,25SEP26,74000,put,110.7,32.78,64589.61
2026-08-07,BTC,BTC-25SEP26-75000-C,25SEP26,75000,call,3512.8,32.9,64589.82
2026-08-07,BTC,BTC-25SEP26-75000-P,25SEP26,75000,put,2967.5,32.9,64589.81
2026-08-07,BTC,BTC-25SEP26-76000-C,25SEP26,76000,call,2286.1,33.01,64589.61
2026-08-07,BTC,BTC-25SEP26-76000-P,25SEP26,76000,put,599.6,33.01,64589.61
2026-08-07,BTC,BTC-25SEP26-78000-C,25SEP26,78000,call,4745.4,33.53,64589.81
2026-08-07,BTC,BTC-25SEP26-78000-P,25SEP26,78000,put,629.3,33.53,64589.81
2026-08-07,BTC,BTC-25SEP26-80000-C,25SEP26,80000,call,3209.8,34.32,64589.81
2026-08-07,BTC,BTC-25SEP26-80000-P,25SEP26,80000,put,612.6,34.32,64589.81
2026-08-07,BTC,BTC-25SEP26-82000-C,25SEP26,82000,call,2529.9,35.62,64589.61
2026-08-07,BTC,BTC-25SEP26-82000-P,25SEP26,82000,put,194.1,35.62,64589.81
2026-08-07,BTC,BTC-25SEP26-84000-C,25SEP26,84000,call,1592.7,36.55,64589.61
2026-08-07,BTC,BTC-25SEP26-84000-P,25SEP26,84000,put,34.7,36.55,64589.81
2026-08-07,BTC,BTC-25SEP26-85000-C,25SEP26,85000,call,1193.8,36.92,64589.61
2026-08-07,BTC,BTC-25SEP26-85000-P,25SEP26,85000,put,453,36.92,64589.81
2026-08-07,BTC,BTC-25SEP26-86000-C,25SEP26,86000,call,663,37.5,64589.61
2026-08-07,BTC,BTC-25SEP26-86000-P,25SEP26,86000,put,11.6,37.5,64589.61
2026-08-07,BTC,BTC-25SEP26-88000-P,25SEP26,88000,put,5.7,38.45,64589.61
2026-08-07,BTC,BTC-25SEP26-88000-C,25SEP26,88000,call,655,38.45,64589.81
2026-08-07,BTC,BTC-25SEP26-90000-C,25SEP26,90000,call,3017.9,39.53,64589.81
2026-08-07,BTC,BTC-25SEP26-90000-P,25SEP26,90000,put,586.2,39.53,64589.81
2026-08-07,BTC,BTC-25SEP26-92000-C,25SEP26,92000,call,489.9,40.89,64589.61
2026-08-07,BTC,BTC-25SEP26-92000-P,25SEP26,92000,put,4,40.89,64589.81
2026-08-07,BTC,BTC-25SEP26-94000-C,25SEP26,94000,call,169,42.31,64589.81
2026-08-07,BTC,BTC-25SEP26-94000-P,25SEP26,94000,put,1.9,42.31,64589.61
2026-08-07,BTC,BTC-25SEP26-95000-C,25SEP26,95000,call,1862.7,42.67,64589.81
2026-08-07,BTC,BTC-25SEP26-95000-P,25SEP26,95000,put,147.6,42.67,64589.81
2026-08-07,BTC,BTC-25SEP26-96000-C,25SEP26,96000,call,306.6,43.19,64589.61
2026-08-07,BTC,BTC-25SEP26-96000-P,25SEP26,96000,put,1,43.19,64589.61
2026-08-07,BTC,BTC-25SEP26-98000-C,25SEP26,98000,call,343.7,45.08,64589.61
2026-08-07,BTC,BTC-25SEP26-98000-P,25SEP26,98000,put,0.1,45.08,64589.81
2026-08-07,BTC,BTC-25SEP26-100000-C,25SEP26,100000,call,3631.1,46.02,64589.81
2026-08-07,BTC,BTC-25SEP26-100000-P,25SEP26,100000,put,365.8,46.02,64589.61
2026-08-07,BTC,BTC-25SEP26-102000-C,25SEP26,102000,call,91.3,47.82,64589.81
2026-08-07,BTC,BTC-25SEP26-102000-P,25SEP26,102000,put,0.4,47.82,64589.81
2026-08-07,BTC,BTC-25SEP26-105000-C,25SEP26,105000,call,1207,49.39,64589.81
2026-08-07,BTC,BTC-25SEP26-105000-P,25SEP26,105000,put,104.6,49.39,64589.61
2026-08-07,BTC,BTC-25SEP26-110000-C,25SEP26,110000,call,1293.7,51.74,64589.81
2026-08-07,BTC,BTC-25SEP26-110000-P,25SEP26,110000,put,116.1,51.74,64589.81
2026-08-07,BTC,BTC-25SEP26-115000-P,25SEP26,115000,put,92.4,55.27,64589.81
2026-08-07,BTC,BTC-25SEP26-115000-C,25SEP26,115000,call,2175.8,55.27,64589.61
2026-08-07,BTC,BTC-25SEP26-120000-P,25SEP26,120000,put,174.5,58.8,64589.81
2026-08-07,BTC,BTC-25SEP26-120000-C,25SEP26,120000,call,1138.6,58.8,64589.81
2026-08-07,BTC,BTC-25SEP26-125000-C,25SEP26,125000,call,2323.7,62.19,64589.61
2026-08-07,BTC,BTC-25SEP26-125000-P,25SEP26,125000,put,21.8,62.19,64589.81
2026-08-07,BTC,BTC-25SEP26-130000-P,25SEP26,130000,put,21.4,63.55,64589.81
2026-08-07,BTC,BTC-25SEP26-130000-C,25SEP26,130000,call,1431.8,63.55,64589.81
2026-08-07,BTC,BTC-25SEP26-135000-C,25SEP26,135000,call,271.8,66.59,64589.81
2026-08-07,BTC,BTC-25SEP26-135000-P,25SEP26,135000,put,11.5,66.59,64589.61
2026-08-07,BTC,BTC-25SEP26-140000-C,25SEP26,140000,call,1184.3,67.84,64589.81
2026-08-07,BTC,BTC-25SEP26-140000-P,25SEP26,140000,put,1.4,67.84,64589.81
2026-08-07,BTC,BTC-25SEP26-145000-P,25SEP26,145000,put,0.2,70.52,64589.61
2026-08-07,BTC,BTC-25SEP26-145000-C,25SEP26,145000,call,493.2,70.52,64589.61
2026-08-07,BTC,BTC-25SEP26-150000-C,25SEP26,150000,call,736.7,70.97,64589.61
2026-08-07,BTC,BTC-25SEP26-150000-P,25SEP26,150000,put,0.7,70.97,64589.81
2026-08-07,BTC,BTC-25SEP26-155000-P,25SEP26,155000,put,0.1,70.97,64589.81
2026-08-07,BTC,BTC-25SEP26-155000-C,25SEP26,155000,call,363,70.97,64589.61
2026-08-07,BTC,BTC-25SEP26-160000-P,25SEP26,160000,put,0.6,71.81,64589.81
2026-08-07,BTC,BTC-25SEP26-160000-C,25SEP26,160000,call,1444.3,71.81,64589.81
2026-08-07,BTC,BTC-25SEP26-165000-C,25SEP26,165000,call,184.2,71.81,64589.81
2026-08-07,BTC,BTC-25SEP26-165000-P,25SEP26,165000,put,0,71.81,64589.81
2026-08-07,BTC,BTC-25SEP26-170000-P,25SEP26,170000,put,0,71.81,64589.81
2026-08-07,BTC,BTC-25SEP26-170000-C,25SEP26,170000,call,359.5,71.81,64589.61
2026-08-07,BTC,BTC-25SEP26-175000-C,25SEP26,175000,call,1355.3,71.81,64589.81
2026-08-07,BTC,BTC-25SEP26-175000-P,25SEP26,175000,put,0.2,71.81,64589.81
2026-08-07,BTC,BTC-25SEP26-180000-C,25SEP26,180000,call,748.1,71.81,64589.81
2026-08-07,BTC,BTC-25SEP26-180000-P,25SEP26,180000,put,7.3,71.81,64589.81
2026-08-07,BTC,BTC-25SEP26-190000-C,25SEP26,190000,call,772.5,72.99,64589.61
2026-08-07,BTC,BTC-25SEP26-190000-P,25SEP26,190000,put,0,72.99,64589.61
2026-08-07,BTC,BTC-25SEP26-200000-P,25SEP26,200000,put,0.1,72.99,64589.81
2026-08-07,BTC,BTC-25SEP26-200000-C,25SEP26,200000,call,1009.2,72.99,64589.81
2026-08-07,BTC,BTC-25SEP26-220000-P,25SEP26,220000,put,1.8,72.99,64589.61
2026-08-07,BTC,BTC-25SEP26-220000-C,25SEP26,220000,call,230.1,72.99,64589.61
2026-08-07,BTC,BTC-25SEP26-240000-C,25SEP26,240000,call,220.1,75.03,64589.81
2026-08-07,BTC,BTC-25SEP26-240000-P,25SEP26,240000,put,0,75.03,64589.81
2026-08-07,BTC,BTC-25SEP26-260000-P,25SEP26,260000,put,0,78.83,64589.81
2026-08-07,BTC,BTC-25SEP26-260000-C,25SEP26,260000,call,291.7,78.83,64589.81
2026-08-07,BTC,BTC-25SEP26-280000-C,25SEP26,280000,call,91.7,81.51,64589.61
2026-08-07,BTC,BTC-25SEP26-280000-P,25SEP26,280000,put,0,81.51,64589.81
2026-08-07,BTC,BTC-25SEP26-300000-C,25SEP26,300000,call,192.1,84.97,64589.61
2026-08-07,BTC,BTC-25SEP26-300000-P,25SEP26,300000,put,0,84.97,64589.81
2026-08-07,BTC,BTC-25SEP26-320000-C,25SEP26,320000,call,276.6,85.42,64589.81
2026-08-07,BTC,BTC-25SEP26-320000-P,25SEP26,320000,put,25.1,85.42,64589.81
2026-08-07,BTC,BTC-26MAR27-35000-P,26MAR27,35000,put,594.4,57.96,66007.01
2026-08-07,BTC,BTC-26MAR27-35000-C,26MAR27,35000,call,5.7,57.96,66006.88
2026-08-07,BTC,BTC-26MAR27-40000-C,26MAR27,40000,call,81.3,53.14,66007.01
2026-08-07,BTC,BTC-26MAR27-40000-P,26MAR27,40000,put,1155.3,53.14,66007.01
2026-08-07,BTC,BTC-26MAR27-45000-C,26MAR27,45000,call,3.3,49.23,66007.01
2026-08-07,BTC,BTC-26MAR27-45000-P,26MAR27,45000,put,225.9,49.23,66007.01
2026-08-07,BTC,BTC-26MAR27-50000-C,26MAR27,50000,call,20.6,46.25,66007.01
2026-08-07,BTC,BTC-26MAR27-50000-P,26MAR27,50000,put,2051.5,46.25,66007.01
2026-08-07,BTC,BTC-26MAR27-52000-C,26MAR27,52000,call,5.2,45.28,66007.01
2026-08-07,BTC,BTC-26MAR27-52000-P,26MAR27,52000,put,117.9,45.28,66007.01
2026-08-07,BTC,BTC-26MAR27-54000-C,26MAR27,54000,call,0.1,44.45,66006.88
2026-08-07,BTC,BTC-26MAR27-54000-P,26MAR27,54000,put,58.7,44.45,66007.01
2026-08-07,BTC,BTC-26MAR27-55000-P,26MAR27,55000,put,1353.8,44.06,66007.01
2026-08-07,BTC,BTC-26MAR27-55000-C,26MAR27,55000,call,28.6,44.06,66007.01
2026-08-07,BTC,BTC-26MAR27-56000-P,26MAR27,56000,put,83.2,43.67,66007.01
2026-08-07,BTC,BTC-26MAR27-56000-C,26MAR27,56000,call,16.9,43.67,66007.01
2026-08-07,BTC,BTC-26MAR27-58000-C,26MAR27,58000,call,5.2,43.03,66007.01
2026-08-07,BTC,BTC-26MAR27-58000-P,26MAR27,58000,put,109.5,43.03,66007.01
2026-08-07,BTC,BTC-26MAR27-60000-P,26MAR27,60000,put,613.1,42.43,66007.01
2026-08-07,BTC,BTC-26MAR27-60000-C,26MAR27,60000,call,718.9,42.43,66007.01
2026-08-07,BTC,BTC-26MAR27-62000-P,26MAR27,62000,put,244.2,41.89,66007.01
2026-08-07,BTC,BTC-26MAR27-62000-C,26MAR27,62000,call,42.2,41.89,66007.01
2026-08-07,BTC,BTC-26MAR27-64000-P,26MAR27,64000,put,133.1,41.42,66007.01
2026-08-07,BTC,BTC-26MAR27-64000-C,26MAR27,64000,call,135.2,41.42,66007.01
2026-08-07,BTC,BTC-26MAR27-65000-P,26MAR27,65000,put,650.5,41.22,66007.01
2026-08-07,BTC,BTC-26MAR27-65000-C,26MAR27,65000,call,261.4,41.22,66007.01
2026-08-07,BTC,BTC-26MAR27-66000-C,26MAR27,66000,call,17.7,41.07,66007.01
2026-08-07,BTC,BTC-26MAR27-66000-P,26MAR27,66000,put,123.9,41.07,66007.01
2026-08-07,BTC,BTC-26MAR27-68000-C,26MAR27,68000,call,97.9,40.77,66007.01
2026-08-07,BTC,BTC-26MAR27-68000-P,26MAR27,68000,put,75.7,40.77,66007.01
2026-08-07,BTC,BTC-26MAR27-70000-C,26MAR27,70000,call,749.6,40.51,66007.01
2026-08-07,BTC,BTC-26MAR27-70000-P,26MAR27,70000,put,211.8,40.51,66006.88
2026-08-07,BTC,BTC-26MAR27-72000-P,26MAR27,72000,put,139.1,40.24,66006.88
2026-08-07,BTC,BTC-26MAR27-72000-C,26MAR27,72000,call,68.1,40.24,66007.01
2026-08-07,BTC,BTC-26MAR27-74000-P,26MAR27,74000,put,54,40.03,66007.01
2026-08-07,BTC,BTC-26MAR27-74000-C,26MAR27,74000,call,50.1,40.03,66007.01
2026-08-07,BTC,BTC-26MAR27-76000-C,26MAR27,76000,call,366.3,39.79,66007.01
2026-08-07,BTC,BTC-26MAR27-76000-P,26MAR27,76000,put,19.2,39.79,66007.01
2026-08-07,BTC,BTC-26MAR27-78000-C,26MAR27,78000,call,415.8,39.69,66007.01
2026-08-07,BTC,BTC-26MAR27-78000-P,26MAR27,78000,put,183,39.69,66007.01
2026-08-07,BTC,BTC-26MAR27-80000-C,26MAR27,80000,call,920.7,39.66,66007.01
2026-08-07,BTC,BTC-26MAR27-80000-P,26MAR27,80000,put,139.2,39.66,66007.01
2026-08-07,BTC,BTC-26MAR27-82000-C,26MAR27,82000,call,685.8,39.58,66007.01
2026-08-07,BTC,BTC-26MAR27-82000-P,26MAR27,82000,put,3.9,39.58,66007.01
2026-08-07,BTC,BTC-26MAR27-84000-C,26MAR27,84000,call,266.3,39.63,66007.01
2026-08-07,BTC,BTC-26MAR27-84000-P,26MAR27,84000,put,55.1,39.63,66006.88
2026-08-07,BTC,BTC-26MAR27-85000-C,26MAR27,85000,call,94.1,39.67,66007.01
2026-08-07,BTC,BTC-26MAR27-85000-P,26MAR27,85000,put,0.9,39.67,66007.01
2026-08-07,BTC,BTC-26MAR27-86000-P,26MAR27,86000,put,1.8,39.67,66007.01
2026-08-07,BTC,BTC-26MAR27-86000-C,26MAR27,86000,call,122.2,39.67,66007.01
2026-08-07,BTC,BTC-26MAR27-88000-C,26MAR27,88000,call,71,39.69,66006.88
2026-08-07,BTC,BTC-26MAR27-88000-P,26MAR27,88000,put,4.5,39.69,66006.88
2026-08-07,BTC,BTC-26MAR27-90000-C,26MAR27,90000,call,506.9,39.73,66007.01
2026-08-07,BTC,BTC-26MAR27-90000-P,26MAR27,90000,put,14.1,39.73,66006.88
2026-08-07,BTC,BTC-26MAR27-92000-C,26MAR27,92000,call,127.3,39.8,66007.01
2026-08-07,BTC,BTC-26MAR27-92000-P,26MAR27,92000,put,0.6,39.8,66007.01
2026-08-07,BTC,BTC-26MAR27-94000-C,26MAR27,94000,call,145.2,39.88,66007.01
2026-08-07,BTC,BTC-26MAR27-94000-P,26MAR27,94000,put,9.1,39.88,66007.01
2026-08-07,BTC,BTC-26MAR27-95000-C,26MAR27,95000,call,344.3,39.92,66006.88
2026-08-07,BTC,BTC-26MAR27-95000-P,26MAR27,95000,put,0.6,39.92,66006.88
2026-08-07,BTC,BTC-26MAR27-96000-C,26MAR27,96000,call,132.9,39.93,66007.01
2026-08-07,BTC,BTC-26MAR27-96000-P,26MAR27,96000,put,1.6,39.93,66007.01
2026-08-07,BTC,BTC-26MAR27-98000-C,26MAR27,98000,call,102.6,39.95,66007.01
2026-08-07,BTC,BTC-26MAR27-98000-P,26MAR27,98000,put,0.2,39.95,66007.01
2026-08-07,BTC,BTC-26MAR27-100000-P,26MAR27,100000,put,12.1,40.11,66006.88
2026-08-07,BTC,BTC-26MAR27-100000-C,26MAR27,100000,call,558.9,40.11,66007.01
2026-08-07,BTC,BTC-26MAR27-102000-P,26MAR27,102000,put,0.1,40.19,66007.01
2026-08-07,BTC,BTC-26MAR27-102000-C,26MAR27,102000,call,105.8,40.19,66007.01
2026-08-07,BTC,BTC-26MAR27-104000-C,26MAR27,104000,call,101.4,40.38,66007.01
2026-08-07,BTC,BTC-26MAR27-104000-P,26MAR27,104000,put,0.1,40.38,66007.01
2026-08-07,BTC,BTC-26MAR27-105000-C,26MAR27,105000,call,183.3,40.45,66007.01
2026-08-07,BTC,BTC-26MAR27-105000-P,26MAR27,105000,put,0.3,40.45,66007.01
2026-08-07,BTC,BTC-26MAR27-106000-C,26MAR27,106000,call,43.5,40.49,66007.01
2026-08-07,BTC,BTC-26MAR27-106000-P,26MAR27,106000,put,0.1,40.49,66007.01
2026-08-07,BTC,BTC-26MAR27-108000-C,26MAR27,108000,call,57.3,40.67,66006.88
2026-08-07,BTC,BTC-26MAR27-108000-P,26MAR27,108000,put,0.1,40.67,66007.01
2026-08-07,BTC,BTC-26MAR27-110000-C,26MAR27,110000,call,531.7,40.76,66007.01
2026-08-07,BTC,BTC-26MAR27-110000-P,26MAR27,110000,put,3.1,40.76,66007.01
2026-08-07,BTC,BTC-26MAR27-112000-C,26MAR27,112000,call,62.7,41.12,66007.01
2026-08-07,BTC,BTC-26MAR27-112000-P,26MAR27,112000,put,0.1,41.12,66007.01
2026-08-07,BTC,BTC-26MAR27-115000-C,26MAR27,115000,call,761.7,41.19,66007.01
2026-08-07,BTC,BTC-26MAR27-115000-P,26MAR27,115000,put,1.2,41.19,66007.01
2026-08-07,BTC,BTC-26MAR27-120000-P,26MAR27,120000,put,1.8,41.89,66006.88
2026-08-07,BTC,BTC-26MAR27-120000-C,26MAR27,120000,call,327.7,41.89,66007.01
2026-08-07,BTC,BTC-26MAR27-125000-P,26MAR27,125000,put,0.1,42.46,66007.01
2026-08-07,BTC,BTC-26MAR27-125000-C,26MAR27,125000,call,125.5,42.46,66007.01
2026-08-07,BTC,BTC-26MAR27-130000-C,26MAR27,130000,call,1059.9,43.11,66007.01
2026-08-07,BTC,BTC-26MAR27-130000-P,26MAR27,130000,put,0.3,43.11,66007.01
2026-08-07,BTC,BTC-26MAR27-140000-P,26MAR27,140000,put,0,44.37,66007.01
2026-08-07,BTC,BTC-26MAR27-140000-C,26MAR27,140000,call,761.4,44.37,66007.01
2026-08-07,BTC,BTC-26MAR27-150000-P,26MAR27,150000,put,0.5,45.6,66006.88
2026-08-07,BTC,BTC-26MAR27-150000-C,26MAR27,150000,call,1902.1,45.6,66007.01
2026-08-07,BTC,BTC-26MAR27-160000-P,26MAR27,160000,put,0,46.52,66006.88
2026-08-07,BTC,BTC-26MAR27-160000-C,26MAR27,160000,call,860.5,46.52,66007.01
2026-08-07,BTC,BTC-26MAR27-170000-P,26MAR27,170000,put,0.1,47.68,66007.01
2026-08-07,BTC,BTC-26MAR27-170000-C,26MAR27,170000,call,249.8,47.68,66007.01
2026-08-07,BTC,BTC-26MAR27-180000-C,26MAR27,180000,call,641.6,49.14,66007.01
2026-08-07,BTC,BTC-26MAR27-180000-P,26MAR27,180000,put,0,49.14,66007.01
2026-08-07,BTC,BTC-26MAR27-190000-C,26MAR27,190000,call,883.3,50.76,66007.01
2026-08-07,BTC,BTC-26MAR27-190000-P,26MAR27,190000,put,0.9,50.76,66007.01
2026-08-07,BTC,BTC-26MAR27-200000-C,26MAR27,200000,call,502.7,51.84,66007.01
2026-08-07,BTC,BTC-26MAR27-200000-P,26MAR27,200000,put,1,51.84,66007.01
2026-08-07,BTC,BTC-28AUG26-40000-C,28AUG26,40000,call,23.4,69.36,64357.76
2026-08-07,BTC,BTC-28AUG26-40000-P,28AUG26,40000,put,749.3,69.36,64357.76
2026-08-07,BTC,BTC-28AUG26-46000-C,28AUG26,46000,call,1,58.48,64357.76
2026-08-07,BTC,BTC-28AUG26-46000-P,28AUG26,46000,put,1731.8,58.48,64357.76
2026-08-07,BTC,BTC-28AUG26-48000-C,28AUG26,48000,call,37.5,55.02,64357.76
2026-08-07,BTC,BTC-28AUG26-48000-P,28AUG26,48000,put,1611.8,55.02,64357.94
2026-08-07,BTC,BTC-28AUG26-50000-P,28AUG26,50000,put,2373,51.44,64357.76
2026-08-07,BTC,BTC-28AUG26-50000-C,28AUG26,50000,call,51,51.44,64357.76
2026-08-07,BTC,BTC-28AUG26-52000-P,28AUG26,52000,put,1295.3,48.41,64357.76
2026-08-07,BTC,BTC-28AUG26-52000-C,28AUG26,52000,call,51,48.41,64357.76
2026-08-07,BTC,BTC-28AUG26-53000-C,28AUG26,53000,call,10.9,46.64,64357.76
2026-08-07,BTC,BTC-28AUG26-53000-P,28AUG26,53000,put,492.1,46.64,64357.76
2026-08-07,BTC,BTC-28AUG26-54000-C,28AUG26,54000,call,12.2,45.07,64357.76
2026-08-07,BTC,BTC-28AUG26-54000-P,28AUG26,54000,put,1487,45.07,64357.76
2026-08-07,BTC,BTC-28AUG26-55000-C,28AUG26,55000,call,11.8,43.34,64357.76
2026-08-07,BTC,BTC-28AUG26-55000-P,28AUG26,55000,put,1200.4,43.34,64357.76
2026-08-07,BTC,BTC-28AUG26-56000-P,28AUG26,56000,put,1083.9,41.64,64357.94
2026-08-07,BTC,BTC-28AUG26-56000-C,28AUG26,56000,call,63.4,41.64,64357.76
2026-08-07,BTC,BTC-28AUG26-57000-C,28AUG26,57000,call,28.5,40.15,64357.76
2026-08-07,BTC,BTC-28AUG26-57000-P,28AUG26,57000,put,1017.4,40.15,64357.94
2026-08-07,BTC,BTC-28AUG26-58000-P,28AUG26,58000,put,959,38.79,64357.76
2026-08-07,BTC,BTC-28AUG26-58000-C,28AUG26,58000,call,155.1,38.79,64357.76
2026-08-07,BTC,BTC-28AUG26-59000-P,28AUG26,59000,put,820.3,37.09,64357.76
2026-08-07,BTC,BTC-28AUG26-59000-C,28AUG26,59000,call,214.3,37.09,64357.76
2026-08-07,BTC,BTC-28AUG26-60000-C,28AUG26,60000,call,370.6,35.92,64357.76
2026-08-07,BTC,BTC-28AUG26-60000-P,28AUG26,60000,put,1602.8,35.92,64357.94
2026-08-07,BTC,BTC-28AUG26-61000-C,28AUG26,61000,call,610.9,34.5,64357.76
2026-08-07,BTC,BTC-28AUG26-61000-P,28AUG26,61000,put,731.4,34.5,64357.76
2026-08-07,BTC,BTC-28AUG26-62000-P,28AUG26,62000,put,994.1,33.4,64357.76
2026-08-07,BTC,BTC-28AUG26-62000-C,28AUG26,62000,call,902.3,33.4,64357.76
2026-08-07,BTC,BTC-28AUG26-63000-C,28AUG26,63000,call,979.3,32.5,64357.76
2026-08-07,BTC,BTC-28AUG26-63000-P,28AUG26,63000,put,669.1,32.5,64357.76
2026-08-07,BTC,BTC-28AUG26-64000-C,28AUG26,64000,call,532,31.72,64357.76
2026-08-07,BTC,BTC-28AUG26-64000-P,28AUG26,64000,put,778.8,31.72,64357.76
2026-08-07,BTC,BTC-28AUG26-65000-C,28AUG26,65000,call,1252.9,31.09,64357.76
2026-08-07,BTC,BTC-28AUG26-65000-P,28AUG26,65000,put,854.3,31.09,64357.76
2026-08-07,BTC,BTC-28AUG26-66000-C,28AUG26,66000,call,785.2,30.55,64357.76
2026-08-07,BTC,BTC-28AUG26-66000-P,28AUG26,66000,put,229.7,30.55,64357.76
2026-08-07,BTC,BTC-28AUG26-67000-C,28AUG26,67000,call,1196.9,30.1,64357.95
2026-08-07,BTC,BTC-28AUG26-67000-P,28AUG26,67000,put,60.6,30.1,64357.76
2026-08-07,BTC,BTC-28AUG26-68000-P,28AUG26,68000,put,84.9,29.86,64357.76
2026-08-07,BTC,BTC-28AUG26-68000-C,28AUG26,68000,call,1100.9,29.86,64357.95
2026-08-07,BTC,BTC-28AUG26-69000-P,28AUG26,69000,put,49.4,29.87,64357.76
2026-08-07,BTC,BTC-28AUG26-69000-C,28AUG26,69000,call,903.9,29.87,64357.95
2026-08-07,BTC,BTC-28AUG26-70000-P,28AUG26,70000,put,181.5,30.01,64357.76
2026-08-07,BTC,BTC-28AUG26-70000-C,28AUG26,70000,call,2270.6,30.01,64357.76
2026-08-07,BTC,BTC-28AUG26-71000-C,28AUG26,71000,call,1449.7,30.19,64357.94
2026-08-07,BTC,BTC-28AUG26-71000-P,28AUG26,71000,put,11.5,30.19,64357.76
2026-08-07,BTC,BTC-28AUG26-72000-C,28AUG26,72000,call,3025.1,30.52,64357.94
2026-08-07,BTC,BTC-28AUG26-72000-P,28AUG26,72000,put,86.3,30.52,64357.76
2026-08-07,BTC,BTC-28AUG26-73000-C,28AUG26,73000,call,1734.5,31.09,64357.76
2026-08-07,BTC,BTC-28AUG26-73000-P,28AUG26,73000,put,3.4,31.09,64357.76
2026-08-07,BTC,BTC-28AUG26-74000-P,28AUG26,74000,put,3.3,31.84,64357.76
2026-08-07,BTC,BTC-28AUG26-74000-C,28AUG26,74000,call,1895,31.84,64357.76
2026-08-07,BTC,BTC-28AUG26-75000-P,28AUG26,75000,put,44.2,32.87,64357.76
2026-08-07,BTC,BTC-28AUG26-75000-C,28AUG26,75000,call,2416.4,32.87,64357.76
2026-08-07,BTC,BTC-28AUG26-76000-C,28AUG26,76000,call,924.4,33.81,64357.76
2026-08-07,BTC,BTC-28AUG26-76000-P,28AUG26,76000,put,5.4,33.81,64357.76
2026-08-07,BTC,BTC-28AUG26-77000-C,28AUG26,77000,call,225,34.57,64357.76
2026-08-07,BTC,BTC-28AUG26-77000-P,28AUG26,77000,put,3.4,34.57,64357.76
2026-08-07,BTC,BTC-28AUG26-78000-P,28AUG26,78000,put,4.1,35.86,64357.76
2026-08-07,BTC,BTC-28AUG26-78000-C,28AUG26,78000,call,1311.8,35.86,64357.76
2026-08-07,BTC,BTC-28AUG26-79000-P,28AUG26,79000,put,0.7,36.71,64357.76
2026-08-07,BTC,BTC-28AUG26-79000-C,28AUG26,79000,call,668.8,36.71,64357.76
2026-08-07,BTC,BTC-28AUG26-80000-P,28AUG26,80000,put,29.5,38.22,64357.76
2026-08-07,BTC,BTC-28AUG26-80000-C,28AUG26,80000,call,2160,38.22,64357.76
2026-08-07,BTC,BTC-28AUG26-81000-P,28AUG26,81000,put,0.1,39.52,64357.76
2026-08-07,BTC,BTC-28AUG26-81000-C,28AUG26,81000,call,1451.2,39.52,64357.76
2026-08-07,BTC,BTC-28AUG26-82000-C,28AUG26,82000,call,1509.3,40.61,64357.76
2026-08-07,BTC,BTC-28AUG26-82000-P,28AUG26,82000,put,1.5,40.61,64357.76
2026-08-07,BTC,BTC-28AUG26-83000-P,28AUG26,83000,put,0.1,42.37,64357.76
2026-08-07,BTC,BTC-28AUG26-83000-C,28AUG26,83000,call,473.8,42.37,64357.95
2026-08-07,BTC,BTC-28AUG26-84000-P,28AUG26,84000,put,0.8,43.8,64357.76
2026-08-07,BTC,BTC-28AUG26-84000-C,28AUG26,84000,call,59.9,43.8,64357.76
2026-08-07,BTC,BTC-28AUG26-85000-P,28AUG26,85000,put,0.8,44.23,64357.76
2026-08-07,BTC,BTC-28AUG26-85000-C,28AUG26,85000,call,319.2,44.23,64357.76
2026-08-07,BTC,BTC-28AUG26-86000-C,28AUG26,86000,call,191,45.86,64357.76
2026-08-07,BTC,BTC-28AUG26-86000-P,28AUG26,86000,put,0,45.86,64357.76
2026-08-07,BTC,BTC-28AUG26-88000-C,28AUG26,88000,call,184.8,47.93,64357.76
2026-08-07,BTC,BTC-28AUG26-88000-P,28AUG26,88000,put,0,47.93,64357.76
2026-08-07,BTC,BTC-28AUG26-90000-C,28AUG26,90000,call,330.1,50.96,64357.76
2026-08-07,BTC,BTC-28AUG26-90000-P,28AUG26,90000,put,11.1,50.96,64357.76
2026-08-07,BTC,BTC-28AUG26-92000-P,28AUG26,92000,put,1.5,53.9,64357.76
2026-08-07,BTC,BTC-28AUG26-92000-C,28AUG26,92000,call,63.7,53.9,64357.76
2026-08-07,BTC,BTC-28AUG26-94000-C,28AUG26,94000,call,220.7,56.72,64357.76
2026-08-07,BTC,BTC-28AUG26-94000-P,28AUG26,94000,put,0,56.72,64357.95
2026-08-07,BTC,BTC-28AUG26-95000-C,28AUG26,95000,call,59.3,58.13,64357.76
2026-08-07,BTC,BTC-28AUG26-95000-P,28AUG26,95000,put,0.3,58.13,64357.76
2026-08-07,BTC,BTC-28AUG26-96000-C,28AUG26,96000,call,25.7,58.18,64357.76
2026-08-07,BTC,BTC-28AUG26-96000-P,28AUG26,96000,put,0.2,58.18,64357.76
2026-08-07,BTC,BTC-28AUG26-98000-P,28AUG26,98000,put,0,58.65,64357.76
2026-08-07,BTC,BTC-28AUG26-98000-C,28AUG26,98000,call,161,58.65,64357.76
2026-08-07,BTC,BTC-28AUG26-100000-C,28AUG26,100000,call,189.9,59.75,64357.76
2026-08-07,BTC,BTC-28AUG26-100000-P,28AUG26,100000,put,0.5,59.75,64357.76
2026-08-07,BTC,BTC-28AUG26-105000-C,28AUG26,105000,call,169.2,63.37,64357.76
2026-08-07,BTC,BTC-28AUG26-105000-P,28AUG26,105000,put,1,63.37,64357.76
2026-08-07,BTC,BTC-28AUG26-110000-C,28AUG26,110000,call,105,65.75,64357.76
2026-08-07,BTC,BTC-28AUG26-110000-P,28AUG26,110000,put,0.2,65.75,64357.76
2026-08-07,BTC,BTC-30OCT26-40000-C,30OCT26,40000,call,0,58.98,64858.97
2026-08-07,BTC,BTC-30OCT26-40000-P,30OCT26,40000,put,5.8,58.98,64858.97
2026-08-07,BTC,BTC-30OCT26-45000-C,30OCT26,45000,call,0,52.34,64858.97
2026-08-07,BTC,BTC-30OCT26-45000-P,30OCT26,45000,put,31.4,52.34,64858.97
2026-08-07,BTC,BTC-30OCT26-48000-C,30OCT26,48000,call,0.1,48.88,64858.97
2026-08-07,BTC,BTC-30OCT26-48000-P,30OCT26,48000,put,148.2,48.88,64858.97
2026-08-07,BTC,BTC-30OCT26-50000-C,30OCT26,50000,call,0.1,46.71,64858.97
2026-08-07,BTC,BTC-30OCT26-50000-P,30OCT26,50000,put,68.7,46.71,64858.97
2026-08-07,BTC,BTC-30OCT26-52000-C,30OCT26,52000,call,0.1,44.63,64858.97
2026-08-07,BTC,BTC-30OCT26-52000-P,30OCT26,52000,put,39.6,44.63,64858.97
2026-08-07,BTC,BTC-30OCT26-54000-C,30OCT26,54000,call,0,42.76,64858.97
2026-08-07,BTC,BTC-30OCT26-54000-P,30OCT26,54000,put,30.2,42.76,64858.97
2026-08-07,BTC,BTC-30OCT26-55000-C,30OCT26,55000,call,0,41.96,64858.97
2026-08-07,BTC,BTC-30OCT26-55000-P,30OCT26,55000,put,50.6,41.96,64858.97
2026-08-07,BTC,BTC-30OCT26-56000-C,30OCT26,56000,call,0,41.27,64858.97
2026-08-07,BTC,BTC-30OCT26-56000-P,30OCT26,56000,put,31.5,41.27,64858.97
2026-08-07,BTC,BTC-30OCT26-57000-C,30OCT26,57000,call,0,40.58,64858.97
2026-08-07,BTC,BTC-30OCT26-57000-P,30OCT26,57000,put,61.7,40.58,64858.97
2026-08-07,BTC,BTC-30OCT26-58000-C,30OCT26,58000,call,0,39.99,64858.97
2026-08-07,BTC,BTC-30OCT26-58000-P,30OCT26,58000,put,17.5,39.99,64858.97
2026-08-07,BTC,BTC-30OCT26-59000-C,30OCT26,59000,call,1,39.36,64858.97
2026-08-07,BTC,BTC-30OCT26-59000-P,30OCT26,59000,put,23,39.36,64858.97
2026-08-07,BTC,BTC-30OCT26-60000-C,30OCT26,60000,call,2.5,38.88,64858.97
2026-08-07,BTC,BTC-30OCT26-60000-P,30OCT26,60000,put,37.7,38.88,64858.97
2026-08-07,BTC,BTC-30OCT26-61000-C,30OCT26,61000,call,1.2,38.38,64858.97
2026-08-07,BTC,BTC-30OCT26-61000-P,30OCT26,61000,put,102.7,38.38,64858.97
2026-08-07,BTC,BTC-30OCT26-62000-C,30OCT26,62000,call,13.5,37.96,64858.97
2026-08-07,BTC,BTC-30OCT26-62000-P,30OCT26,62000,put,22.9,37.96,64858.97
2026-08-07,BTC,BTC-30OCT26-63000-C,30OCT26,63000,call,117.3,37.54,64858.82
2026-08-07,BTC,BTC-30OCT26-63000-P,30OCT26,63000,put,287.8,37.54,64858.97
2026-08-07,BTC,BTC-30OCT26-64000-P,30OCT26,64000,put,196,37.22,64858.97
2026-08-07,BTC,BTC-30OCT26-64000-C,30OCT26,64000,call,417.8,37.22,64858.82
2026-08-07,BTC,BTC-30OCT26-65000-C,30OCT26,65000,call,294.5,36.88,64858.97
2026-08-07,BTC,BTC-30OCT26-65000-P,30OCT26,65000,put,184.3,36.88,64858.97
2026-08-07,BTC,BTC-30OCT26-66000-C,30OCT26,66000,call,119.5,36.61,64858.97
2026-08-07,BTC,BTC-30OCT26-66000-P,30OCT26,66000,put,31.6,36.61,64858.97
2026-08-07,BTC,BTC-30OCT26-67000-C,30OCT26,67000,call,20.4,36.37,64858.97
2026-08-07,BTC,BTC-30OCT26-67000-P,30OCT26,67000,put,11.2,36.37,64858.97
2026-08-07,BTC,BTC-30OCT26-68000-C,30OCT26,68000,call,65.6,36.12,64858.97
2026-08-07,BTC,BTC-30OCT26-68000-P,30OCT26,68000,put,2.1,36.12,64858.97
2026-08-07,BTC,BTC-30OCT26-69000-C,30OCT26,69000,call,35.5,35.96,64858.97
2026-08-07,BTC,BTC-30OCT26-69000-P,30OCT26,69000,put,0,35.96,64858.97
2026-08-07,BTC,BTC-30OCT26-70000-C,30OCT26,70000,call,115,35.78,64858.97
2026-08-07,BTC,BTC-30OCT26-70000-P,30OCT26,70000,put,11.3,35.78,64858.82
2026-08-07,BTC,BTC-30OCT26-71000-C,30OCT26,71000,call,134.5,35.65,64858.97
2026-08-07,BTC,BTC-30OCT26-71000-P,30OCT26,71000,put,0,35.65,64858.97
2026-08-07,BTC,BTC-30OCT26-72000-C,30OCT26,72000,call,199.3,35.49,64858.97
2026-08-07,BTC,BTC-30OCT26-72000-P,30OCT26,72000,put,5.1,35.49,64858.97
2026-08-07,BTC,BTC-30OCT26-73000-C,30OCT26,73000,call,28.8,35.41,64858.97
2026-08-07,BTC,BTC-30OCT26-73000-P,30OCT26,73000,put,0,35.41,64858.97
2026-08-07,BTC,BTC-30OCT26-74000-C,30OCT26,74000,call,112,35.37,64858.97
2026-08-07,BTC,BTC-30OCT26-74000-P,30OCT26,74000,put,0,35.37,64858.97
2026-08-07,BTC,BTC-30OCT26-75000-C,30OCT26,75000,call,81.3,35.41,64858.97
2026-08-07,BTC,BTC-30OCT26-75000-P,30OCT26,75000,put,1.1,35.41,64858.97
2026-08-07,BTC,BTC-30OCT26-76000-C,30OCT26,76000,call,27.2,35.42,64858.97
2026-08-07,BTC,BTC-30OCT26-76000-P,30OCT26,76000,put,0,35.42,64858.82
2026-08-07,BTC,BTC-30OCT26-78000-C,30OCT26,78000,call,157.5,35.44,64858.97
2026-08-07,BTC,BTC-30OCT26-78000-P,30OCT26,78000,put,0.1,35.44,64858.97
2026-08-07,BTC,BTC-30OCT26-80000-C,30OCT26,80000,call,139.5,35.49,64858.97
2026-08-07,BTC,BTC-30OCT26-80000-P,30OCT26,80000,put,0.5,35.49,64858.97
2026-08-07,BTC,BTC-30OCT26-82000-C,30OCT26,82000,call,7.9,35.63,64858.97
2026-08-07,BTC,BTC-30OCT26-82000-P,30OCT26,82000,put,0,35.63,64858.97
2026-08-07,BTC,BTC-30OCT26-84000-C,30OCT26,84000,call,24.8,36.19,64858.97
2026-08-07,BTC,BTC-30OCT26-84000-P,30OCT26,84000,put,0,36.19,64858.82
2026-08-07,BTC,BTC-30OCT26-85000-C,30OCT26,85000,call,5.3,36.32,64858.97
2026-08-07,BTC,BTC-30OCT26-85000-P,30OCT26,85000,put,0,36.32,64858.97
2026-08-07,BTC,BTC-30OCT26-86000-C,30OCT26,86000,call,8.1,36.48,64858.97
2026-08-07,BTC,BTC-30OCT26-86000-P,30OCT26,86000,put,0.1,36.48,64858.97
2026-08-07,BTC,BTC-30OCT26-88000-C,30OCT26,88000,call,3.6,36.91,64858.97
2026-08-07,BTC,BTC-30OCT26-88000-P,30OCT26,88000,put,0,36.91,64858.97
2026-08-07,BTC,BTC-30OCT26-90000-C,30OCT26,90000,call,27.6,37.48,64858.97
2026-08-07,BTC,BTC-30OCT26-90000-P,30OCT26,90000,put,0.1,37.48,64858.97
2026-08-07,BTC,BTC-30OCT26-95000-C,30OCT26,95000,call,22.8,38.79,64858.97
2026-08-07,BTC,BTC-30OCT26-95000-P,30OCT26,95000,put,0.1,38.79,64858.97
2026-08-07,BTC,BTC-7AUG26-53000-C,7AUG26,53000,call,0,71.83,64208.74
2026-08-07,BTC,BTC-7AUG26-53000-P,7AUG26,53000,put,73.8,71.83,64208.89
2026-08-07,BTC,BTC-7AUG26-55000-C,7AUG26,55000,call,0,67.29,64208.74
2026-08-07,BTC,BTC-7AUG26-55000-P,7AUG26,55000,put,263.9,67.29,64208.74
2026-08-07,BTC,BTC-7AUG26-58000-C,7AUG26,58000,call,0,67.12,64208.89
2026-08-07,BTC,BTC-7AUG26-58000-P,7AUG26,58000,put,1325.9,67.12,64208.74
2026-08-07,BTC,BTC-7AUG26-60000-C,7AUG26,60000,call,11.3,43.78,64208.74
2026-08-07,BTC,BTC-7AUG26-60000-P,7AUG26,60000,put,1729.9,43.78,64208.74
2026-08-07,BTC,BTC-7AUG26-61000-C,7AUG26,61000,call,42.5,43.78,64208.74
2026-08-07,BTC,BTC-7AUG26-61000-P,7AUG26,61000,put,575.4,43.78,64208.74
2026-08-07,BTC,BTC-7AUG26-61500-C,7AUG26,61500,call,4.7,43.78,64208.74
2026-08-07,BTC,BTC-7AUG26-61500-P,7AUG26,61500,put,52,43.78,64208.74
2026-08-07,BTC,BTC-7AUG26-62000-C,7AUG26,62000,call,158.8,35.13,64208.74
2026-08-07,BTC,BTC-7AUG26-62000-P,7AUG26,62000,put,1419.7,35.13,64208.74
2026-08-07,BTC,BTC-7AUG26-62500-C,7AUG26,62500,call,21.1,35.13,64208.74
2026-08-07,BTC,BTC-7AUG26-62500-P,7AUG26,62500,put,108.5,35.13,64208.74
2026-08-07,BTC,BTC-7AUG26-63000-C,7AUG26,63000,call,183.1,32.86,64208.74
2026-08-07,BTC,BTC-7AUG26-63000-P,7AUG26,63000,put,322,32.86,64208.89
2026-08-07,BTC,BTC-7AUG26-63500-C,7AUG26,63500,call,133.7,26.72,64208.89
2026-08-07,BTC,BTC-7AUG26-63500-P,7AUG26,63500,put,185,26.72,64208.84
2026-08-07,BTC,BTC-7AUG26-64000-C,7AUG26,64000,call,715,23.11,64208.89
2026-08-07,BTC,BTC-7AUG26-64000-P,7AUG26,64000,put,290,23.1,64208.84
2026-08-07,BTC,BTC-7AUG26-64500-C,7AUG26,64500,call,191.5,22.59,64208.89
2026-08-07,BTC,BTC-7AUG26-64500-P,7AUG26,64500,put,73.8,22.59,64208.89
2026-08-07,BTC,BTC-7AUG26-65000-C,7AUG26,65000,call,431.7,24.98,64208.74
2026-08-07,BTC,BTC-7AUG26-65000-P,7AUG26,65000,put,89.8,24.98,64208.74
2026-08-07,BTC,BTC-7AUG26-65500-C,7AUG26,65500,call,66.1,30.44,64208.74
2026-08-07,BTC,BTC-7AUG26-65500-P,7AUG26,65500,put,0,30.44,64208.89
2026-08-07,BTC,BTC-7AUG26-66000-C,7AUG26,66000,call,1008.6,34.41,64208.74
2026-08-07,BTC,BTC-7AUG26-66000-P,7AUG26,66000,put,60.7,34.41,64208.89
2026-08-07,BTC,BTC-7AUG26-67000-C,7AUG26,67000,call,1970,36.51,64208.74
2026-08-07,BTC,BTC-7AUG26-67000-P,7AUG26,67000,put,53.4,36.51,64208.74
2026-08-07,BTC,BTC-7AUG26-68000-C,7AUG26,68000,call,1282,50.19,64208.74
2026-08-07,BTC,BTC-7AUG26-68000-P,7AUG26,68000,put,6.2,50.19,64208.74
2026-08-07,BTC,BTC-7AUG26-69000-C,7AUG26,69000,call,1394.2,53.56,64208.74
2026-08-07,BTC,BTC-7AUG26-69000-P,7AUG26,69000,put,3.3,53.56,64208.74
2026-08-07,BTC,BTC-7AUG26-70000-C,7AUG26,70000,call,6508.7,54.67,64208.89
2026-08-07,BTC,BTC-7AUG26-70000-P,7AUG26,70000,put,0.4,54.67,64208.74
2026-08-07,BTC,BTC-7AUG26-71000-C,7AUG26,71000,call,1407.8,54.67,64208.74
2026-08-07,BTC,BTC-7AUG26-71000-P,7AUG26,71000,put,0,54.67,64208.74
2026-08-07,BTC,BTC-7AUG26-72000-C,7AUG26,72000,call,5627.5,54.68,64208.89
2026-08-07,BTC,BTC-7AUG26-72000-P,7AUG26,72000,put,0,54.68,64208.74
2026-08-07,BTC,BTC-7AUG26-75000-C,7AUG26,75000,call,2584.7,54.77,64208.74
2026-08-07,BTC,BTC-7AUG26-75000-P,7AUG26,75000,put,0.6,54.77,64208.89
2026-08-07,BTC,BTC-7AUG26-77000-C,7AUG26,77000,call,1090,56.54,64208.74
2026-08-07,BTC,BTC-7AUG26-77000-P,7AUG26,77000,put,0,56.54,64208.74
2026-08-07,BTC,BTC-7AUG26-80000-C,7AUG26,80000,call,573.7,59.05,64208.89
2026-08-07,BTC,BTC-7AUG26-80000-P,7AUG26,80000,put,0.1,59.05,64208.74
2026-08-07,BTC,BTC-8AUG26-56000-C,8AUG26,56000,call,0,61.8,64220.17
2026-08-07,BTC,BTC-8AUG26-56000-P,8AUG26,56000,put,31.4,61.8,64220.17
2026-08-07,BTC,BTC-8AUG26-57000-C,8AUG26,57000,call,0,56.67,64220.17
2026-08-07,BTC,BTC-8AUG26-57000-P,8AUG26,57000,put,5.5,56.67,64220.17
2026-08-07,BTC,BTC-8AUG26-58000-C,8AUG26,58000,call,0,55.73,64220.32
2026-08-07,BTC,BTC-8AUG26-58000-P,8AUG26,58000,put,88,55.73,64220.17
2026-08-07,BTC,BTC-8AUG26-59000-C,8AUG26,59000,call,0,50.79,64220.17
2026-08-07,BTC,BTC-8AUG26-59000-P,8AUG26,59000,put,89,50.79,64220.32
2026-08-07,BTC,BTC-8AUG26-60000-C,8AUG26,60000,call,0,41.85,64220.17
2026-08-07,BTC,BTC-8AUG26-60000-P,8AUG26,60000,put,38.7,41.85,64220.17
2026-08-07,BTC,BTC-8AUG26-61000-C,8AUG26,61000,call,0,39.72,64220.32
2026-08-07,BTC,BTC-8AUG26-61000-P,8AUG26,61000,put,22.2,39.72,64220.17
2026-08-07,BTC,BTC-8AUG26-61500-C,8AUG26,61500,call,0,36.78,64220.32
2026-08-07,BTC,BTC-8AUG26-61500-P,8AUG26,61500,put,29.2,36.78,64220.17
2026-08-07,BTC,BTC-8AUG26-62000-C,8AUG26,62000,call,0,34.07,64220.17
2026-08-07,BTC,BTC-8AUG26-62000-P,8AUG26,62000,put,15.5,34.07,64220.32
2026-08-07,BTC,BTC-8AUG26-62500-C,8AUG26,62500,call,0,31.85,64220.17
2026-08-07,BTC,BTC-8AUG26-62500-P,8AUG26,62500,put,49.7,31.85,64220.32
2026-08-07,BTC,BTC-8AUG26-63000-C,8AUG26,63000,call,25,29.86,64220.32
2026-08-07,BTC,BTC-8AUG26-63000-P,8AUG26,63000,put,23.3,29.86,64220.17
2026-08-07,BTC,BTC-8AUG26-63500-C,8AUG26,63500,call,33.8,28.52,64220.32
2026-08-07,BTC,BTC-8AUG26-63500-P,8AUG26,63500,put,32.9,28.52,64220.17
2026-08-07,BTC,BTC-8AUG26-64000-P,8AUG26,64000,put,20.2,28.07,64220.32
2026-08-07,BTC,BTC-8AUG26-64000-C,8AUG26,64000,call,14.1,28.07,64220.17
2026-08-07,BTC,BTC-8AUG26-64500-C,8AUG26,64500,call,178.3,27.75,64220.17
2026-08-07,BTC,BTC-8AUG26-64500-P,8AUG26,64500,put,45.1,27.75,64220.17
2026-08-07,BTC,BTC-8AUG26-65000-C,8AUG26,65000,call,20.4,27.58,64220.17
2026-08-07,BTC,BTC-8AUG26-65000-P,8AUG26,65000,put,4.6,27.58,64220.17
2026-08-07,BTC,BTC-8AUG26-65500-C,8AUG26,65500,call,39.3,28.14,64220.32
2026-08-07,BTC,BTC-8AUG26-65500-P,8AUG26,65500,put,0.2,28.14,64220.17
2026-08-07,BTC,BTC-8AUG26-66000-C,8AUG26,66000,call,63.8,29.45,64220.17
2026-08-07,BTC,BTC-8AUG26-66000-P,8AUG26,66000,put,0,29.45,64220.17
2026-08-07,BTC,BTC-8AUG26-66500-C,8AUG26,66500,call,6.4,31.68,64220.17
2026-08-07,BTC,BTC-8AUG26-66500-P,8AUG26,66500,put,0,31.68,64220.17
2026-08-07,BTC,BTC-8AUG26-67000-C,8AUG26,67000,call,43.9,33.75,64220.32
2026-08-07,BTC,BTC-8AUG26-67000-P,8AUG26,67000,put,0,33.75,64220.32
2026-08-07,BTC,BTC-8AUG26-68000-C,8AUG26,68000,call,115.4,38.87,64220.17
2026-08-07,BTC,BTC-8AUG26-68000-P,8AUG26,68000,put,0.1,38.87,64220.17
2026-08-07,BTC,BTC-8AUG26-69000-C,8AUG26,69000,call,37,39.03,64220.17
2026-08-07,BTC,BTC-8AUG26-69000-P,8AUG26,69000,put,0,39.03,64220.17
2026-08-07,BTC,BTC-8AUG26-70000-C,8AUG26,70000,call,0.4,42.6,64220.17
2026-08-07,BTC,BTC-8AUG26-70000-P,8AUG26,70000,put,0,42.6,64220.17
2026-08-07,BTC,BTC-8AUG26-71000-C,8AUG26,71000,call,2.2,47.87,64220.17
2026-08-07,BTC,BTC-8AUG26-71000-P,8AUG26,71000,put,0,47.87,64220.17
2026-08-07,BTC,BTC-9AUG26-57000-C,9AUG26,57000,call,0,53.89,64228.09
2026-08-07,BTC,BTC-9AUG26-57000-P,9AUG26,57000,put,30,53.89,64228.09
2026-08-07,BTC,BTC-9AUG26-58000-C,9AUG26,58000,call,0,51.29,64228.09
2026-08-07,BTC,BTC-9AUG26-58000-P,9AUG26,58000,put,196.5,51.29,64228.22
2026-08-07,BTC,BTC-9AUG26-59000-C,9AUG26,59000,call,0,44.29,64228.09
2026-08-07,BTC,BTC-9AUG26-59000-P,9AUG26,59000,put,38.2,44.29,64228.09
2026-08-07,BTC,BTC-9AUG26-60000-C,9AUG26,60000,call,0,38.61,64228.09
2026-08-07,BTC,BTC-9AUG26-60000-P,9AUG26,60000,put,19.1,38.61,64228.09
2026-08-07,BTC,BTC-9AUG26-61000-C,9AUG26,61000,call,0,32.48,64228.22
2026-08-07,BTC,BTC-9AUG26-61000-P,9AUG26,61000,put,66.6,32.48,64228.09
2026-08-07,BTC,BTC-9AUG26-62000-C,9AUG26,62000,call,0,28.83,64228.09
2026-08-07,BTC,BTC-9AUG26-62000-P,9AUG26,62000,put,11.4,28.83,64228.22
2026-08-07,BTC,BTC-9AUG26-62500-C,9AUG26,62500,call,0,27.22,64228.22
2026-08-07,BTC,BTC-9AUG26-62500-P,9AUG26,62500,put,82.1,27.22,64228.22
2026-08-07,BTC,BTC-9AUG26-63000-C,9AUG26,63000,call,0,25.95,64228.09
2026-08-07,BTC,BTC-9AUG26-63000-P,9AUG26,63000,put,6.8,25.95,64228.09
2026-08-07,BTC,BTC-9AUG26-63500-C,9AUG26,63500,call,0,24.96,64228.09
2026-08-07,BTC,BTC-9AUG26-63500-P,9AUG26,63500,put,8.2,24.96,64228.22
2026-08-07,BTC,BTC-9AUG26-64000-C,9AUG26,64000,call,0.1,24.44,64228.22
2026-08-07,BTC,BTC-9AUG26-64000-P,9AUG26,64000,put,33.8,24.44,64228.22
2026-08-07,BTC,BTC-9AUG26-64500-C,9AUG26,64500,call,12.8,23.61,64228.09
2026-08-07,BTC,BTC-9AUG26-64500-P,9AUG26,64500,put,4.3,23.61,64228.09
2026-08-07,BTC,BTC-9AUG26-65000-C,9AUG26,65000,call,33.8,23.76,64228.22
2026-08-07,BTC,BTC-9AUG26-65000-P,9AUG26,65000,put,5.8,23.76,64228.09
2026-08-07,BTC,BTC-9AUG26-65500-C,9AUG26,65500,call,60.8,24.2,64228.09
2026-08-07,BTC,BTC-9AUG26-65500-P,9AUG26,65500,put,0,24.2,64228.09
2026-08-07,BTC,BTC-9AUG26-66000-C,9AUG26,66000,call,397.1,25.15,64228.22
2026-08-07,BTC,BTC-9AUG26-66000-P,9AUG26,66000,put,0,25.15,64228.09
2026-08-07,BTC,BTC-9AUG26-66500-C,9AUG26,66500,call,12,26.6,64228.22
2026-08-07,BTC,BTC-9AUG26-66500-P,9AUG26,66500,put,0,26.6,64228.22
2026-08-07,BTC,BTC-9AUG26-67000-C,9AUG26,67000,call,50.4,28.8,64228.09
2026-08-07,BTC,BTC-9AUG26-67000-P,9AUG26,67000,put,0,28.8,64228.09
2026-08-07,BTC,BTC-9AUG26-68000-C,9AUG26,68000,call,41.8,32.83,64228.09
2026-08-07,BTC,BTC-9AUG26-68000-P,9AUG26,68000,put,0,32.83,64228.09
2026-08-07,BTC,BTC-9AUG26-69000-C,9AUG26,69000,call,1.5,39.92,64228.09
2026-08-07,BTC,BTC-9AUG26-69000-P,9AUG26,69000,put,0,39.92,64228.22
2026-08-07,BTC,BTC-9AUG26-70000-C,9AUG26,70000,call,3.3,40.18,64228.22
2026-08-07,BTC,BTC-9AUG26-70000-P,9AUG26,70000,put,0,40.18,64228.09
2026-08-07,BTC,BTC-9AUG26-71000-C,9AUG26,71000,call,0.3,40.24,64228.09
2026-08-07,BTC,BTC-9AUG26-71000-P,9AUG26,71000,put,0,40.24,64228.09
2026-08-07,BTC,BTC-9AUG26-72000-C,9AUG26,72000,call,0,41.57,64228.09
2026-08-07,BTC,BTC-9AUG26-72000-P,9AUG26,72000,put,0,41.57,64228.09
2026-08-07,ETH,ETH-10AUG26-1600-C,10AUG26,1600,call,0,73.1,1899.74
2026-08-07,ETH,ETH-10AUG26-1600-P,10AUG26,1600,put,0,73.1,1899.74
2026-08-07,ETH,ETH-10AUG26-1700-C,10AUG26,1700,call,0,51.33,1899.74
2026-08-07,ETH,ETH-10AUG26-1700-P,10AUG26,1700,put,101,51.33,1899.74
2026-08-07,ETH,ETH-10AUG26-1750-C,10AUG26,1750,call,0,46.11,1899.74
2026-08-07,ETH,ETH-10AUG26-1750-P,10AUG26,1750,put,123,46.11,1899.96
2026-08-07,ETH,ETH-10AUG26-1760-C,10AUG26,1760,call,0,44.91,1899.96
2026-08-07,ETH,ETH-10AUG26-1760-P,10AUG26,1760,put,3,44.91,1899.74
2026-08-07,ETH,ETH-10AUG26-1780-C,10AUG26,1780,call,0,42.73,1899.74
2026-08-07,ETH,ETH-10AUG26-1780-P,10AUG26,1780,put,22,42.73,1899.74
2026-08-07,ETH,ETH-10AUG26-1800-C,10AUG26,1800,call,0,40.74,1899.74
2026-08-07,ETH,ETH-10AUG26-1800-P,10AUG26,1800,put,2,40.74,1899.96
2026-08-07,ETH,ETH-10AUG26-1820-C,10AUG26,1820,call,88,38.97,1899.74
2026-08-07,ETH,ETH-10AUG26-1820-P,10AUG26,1820,put,0,38.97,1899.96
2026-08-07,ETH,ETH-10AUG26-1840-C,10AUG26,1840,call,0,37.51,1899.74
2026-08-07,ETH,ETH-10AUG26-1840-P,10AUG26,1840,put,4,37.51,1899.96
2026-08-07,ETH,ETH-10AUG26-1860-C,10AUG26,1860,call,100,36.44,1899.74
2026-08-07,ETH,ETH-10AUG26-1860-P,10AUG26,1860,put,16,36.44,1899.96
2026-08-07,ETH,ETH-10AUG26-1880-C,10AUG26,1880,call,0,35.89,1899.96
2026-08-07,ETH,ETH-10AUG26-1880-P,10AUG26,1880,put,0,35.89,1899.96
2026-08-07,ETH,ETH-10AUG26-1900-C,10AUG26,1900,call,0,35.73,1899.74
2026-08-07,ETH,ETH-10AUG26-1900-P,10AUG26,1900,put,181,35.73,1899.96
2026-08-07,ETH,ETH-10AUG26-1920-C,10AUG26,1920,call,13,35.78,1899.96
2026-08-07,ETH,ETH-10AUG26-1920-P,10AUG26,1920,put,54,35.78,1899.74
2026-08-07,ETH,ETH-10AUG26-1940-C,10AUG26,1940,call,101,36.48,1899.74
2026-08-07,ETH,ETH-10AUG26-1940-P,10AUG26,1940,put,0,36.48,1899.74
2026-08-07,ETH,ETH-10AUG26-1960-P,10AUG26,1960,put,6,37.18,1899.74
2026-08-07,ETH,ETH-10AUG26-1960-C,10AUG26,1960,call,30,37.18,1899.74
2026-08-07,ETH,ETH-10AUG26-1980-P,10AUG26,1980,put,10,38.44,1899.74
2026-08-07,ETH,ETH-10AUG26-1980-C,10AUG26,1980,call,9,38.44,1899.74
2026-08-07,ETH,ETH-10AUG26-2000-C,10AUG26,2000,call,4,40.3,1899.74
2026-08-07,ETH,ETH-10AUG26-2000-P,10AUG26,2000,put,80,40.3,1899.74
2026-08-07,ETH,ETH-10AUG26-2020-C,10AUG26,2020,call,8,41.5,1899.74
2026-08-07,ETH,ETH-10AUG26-2020-P,10AUG26,2020,put,0,41.5,1899.74
2026-08-07,ETH,ETH-10AUG26-2040-C,10AUG26,2040,call,4,43.4,1899.74
2026-08-07,ETH,ETH-10AUG26-2040-P,10AUG26,2040,put,0,43.4,1899.74
2026-08-07,ETH,ETH-10AUG26-2050-C,10AUG26,2050,call,0,44.36,1899.74
2026-08-07,ETH,ETH-10AUG26-2050-P,10AUG26,2050,put,0,44.36,1899.74
2026-08-07,ETH,ETH-10AUG26-2060-C,10AUG26,2060,call,0,45.21,1899.74
2026-08-07,ETH,ETH-10AUG26-2060-P,10AUG26,2060,put,0,45.21,1899.74
2026-08-07,ETH,ETH-10AUG26-2100-C,10AUG26,2100,call,22,49.09,1899.74
2026-08-07,ETH,ETH-10AUG26-2100-P,10AUG26,2100,put,0,49.09,1899.74
2026-08-07,ETH,ETH-10AUG26-2200-C,10AUG26,2200,call,1,60.18,1899.96
2026-08-07,ETH,ETH-10AUG26-2200-P,10AUG26,2200,put,0,60.18,1899.96
2026-08-07,ETH,ETH-14AUG26-1600-C,14AUG26,1600,call,0,59.85,1900.37
2026-08-07,ETH,ETH-14AUG26-1600-P,14AUG26,1600,put,4392,59.85,1900.37
2026-08-07,ETH,ETH-14AUG26-1700-C,14AUG26,1700,call,5,51.22,1900.37
2026-08-07,ETH,ETH-14AUG26-1700-P,14AUG26,1700,put,1124,51.22,1900.12
2026-08-07,ETH,ETH-14AUG26-1750-C,14AUG26,1750,call,50,47.01,1900.12
2026-08-07,ETH,ETH-14AUG26-1750-P,14AUG26,1750,put,6713,47.01,1900.12
2026-08-07,ETH,ETH-14AUG26-1800-C,14AUG26,1800,call,61,43.83,1900.12
2026-08-07,ETH,ETH-14AUG26-1800-P,14AUG26,1800,put,2591,43.83,1900.12
2026-08-07,ETH,ETH-14AUG26-1820-C,14AUG26,1820,call,123,42.89,1900.12
2026-08-07,ETH,ETH-14AUG26-1820-P,14AUG26,1820,put,710,42.89,1900.12
2026-08-07,ETH,ETH-14AUG26-1850-C,14AUG26,1850,call,868,41.71,1900.12
2026-08-07,ETH,ETH-14AUG26-1850-P,14AUG26,1850,put,1604,41.71,1900.12
2026-08-07,ETH,ETH-14AUG26-1880-C,14AUG26,1880,call,1041,40.91,1900.12
2026-08-07,ETH,ETH-14AUG26-1880-P,14AUG26,1880,put,920,40.91,1900.12
2026-08-07,ETH,ETH-14AUG26-1900-C,14AUG26,1900,call,1948,40.65,1900.12
2026-08-07,ETH,ETH-14AUG26-1900-P,14AUG26,1900,put,1350,40.65,1900.12
2026-08-07,ETH,ETH-14AUG26-1920-C,14AUG26,1920,call,550,40.41,1900.12
2026-08-07,ETH,ETH-14AUG26-1920-P,14AUG26,1920,put,221,40.41,1900.12
2026-08-07,ETH,ETH-14AUG26-1950-C,14AUG26,1950,call,3341,40.71,1900.12
2026-08-07,ETH,ETH-14AUG26-1950-P,14AUG26,1950,put,1677,40.71,1900.12
2026-08-07,ETH,ETH-14AUG26-2000-C,14AUG26,2000,call,4978,41.69,1900.12
2026-08-07,ETH,ETH-14AUG26-2000-P,14AUG26,2000,put,43,41.69,1900.12
2026-08-07,ETH,ETH-14AUG26-2050-C,14AUG26,2050,call,2799,43.3,1900.12
2026-08-07,ETH,ETH-14AUG26-2050-P,14AUG26,2050,put,166,43.3,1900.12
2026-08-07,ETH,ETH-14AUG26-2100-C,14AUG26,2100,call,2961,45.75,1900.12
2026-08-07,ETH,ETH-14AUG26-2100-P,14AUG26,2100,put,1,45.75,1900.12
2026-08-07,ETH,ETH-14AUG26-2200-C,14AUG26,2200,call,2240,52.02,1900.12
2026-08-07,ETH,ETH-14AUG26-2200-P,14AUG26,2200,put,0,52.02,1900.12
2026-08-07,ETH,ETH-14AUG26-2400-P,14AUG26,2400,put,2,66.23,1900.12
2026-08-07,ETH,ETH-14AUG26-2400-C,14AUG26,2400,call,1039,66.23,1900.12
2026-08-07,ETH,ETH-21AUG26-1400-C,21AUG26,1400,call,0,70.33,1900.91
2026-08-07,ETH,ETH-21AUG26-1400-P,21AUG26,1400,put,87,70.33,1900.92
2026-08-07,ETH,ETH-21AUG26-1500-C,21AUG26,1500,call,0,62.29,1900.91
2026-08-07,ETH,ETH-21AUG26-1500-P,21AUG26,1500,put,593,62.29,1900.92
2026-08-07,ETH,ETH-21AUG26-1600-C,21AUG26,1600,call,0,55.13,1900.91
2026-08-07,ETH,ETH-21AUG26-1600-P,21AUG26,1600,put,139,55.12,1900.92
2026-08-07,ETH,ETH-21AUG26-1650-C,21AUG26,1650,call,1,51.86,1900.91
2026-08-07,ETH,ETH-21AUG26-1650-P,21AUG26,1650,put,119,51.86,1900.92
2026-08-07,ETH,ETH-21AUG26-1700-C,21AUG26,1700,call,50,48.7,1900.91
2026-08-07,ETH,ETH-21AUG26-1700-P,21AUG26,1700,put,119,48.7,1900.92
2026-08-07,ETH,ETH-21AUG26-1750-C,21AUG26,1750,call,50,46.64,1900.91
2026-08-07,ETH,ETH-21AUG26-1750-P,21AUG26,1750,put,166,46.64,1900.92
2026-08-07,ETH,ETH-21AUG26-1800-C,21AUG26,1800,call,51,44.57,1900.91
2026-08-07,ETH,ETH-21AUG26-1800-P,21AUG26,1800,put,251,44.57,1900.92
2026-08-07,ETH,ETH-21AUG26-1850-C,21AUG26,1850,call,397,43.31,1900.91
2026-08-07,ETH,ETH-21AUG26-1850-P,21AUG26,1850,put,714,43.31,1900.92
2026-08-07,ETH,ETH-21AUG26-1900-C,21AUG26,1900,call,400,42.42,1900.92
2026-08-07,ETH,ETH-21AUG26-1900-P,21AUG26,1900,put,636,42.42,1900.92
2026-08-07,ETH,ETH-21AUG26-1950-C,21AUG26,1950,call,1009,41.91,1900.92
2026-08-07,ETH,ETH-21AUG26-1950-P,21AUG26,1950,put,508,41.91,1900.92
2026-08-07,ETH,ETH-21AUG26-2000-C,21AUG26,2000,call,5126,42.1,1900.92
2026-08-07,ETH,ETH-21AUG26-2000-P,21AUG26,2000,put,0,42.1,1900.91
2026-08-07,ETH,ETH-21AUG26-2050-C,21AUG26,2050,call,1896,42.8,1900.92
2026-08-07,ETH,ETH-21AUG26-2050-P,21AUG26,2050,put,0,42.8,1900.91
2026-08-07,ETH,ETH-21AUG26-2100-C,21AUG26,2100,call,594,43.69,1900.92
2026-08-07,ETH,ETH-21AUG26-2100-P,21AUG26,2100,put,10,43.69,1900.91
2026-08-07,ETH,ETH-21AUG26-2200-C,21AUG26,2200,call,1673,46.66,1900.92
2026-08-07,ETH,ETH-21AUG26-2200-P,21AUG26,2200,put,11,46.66,1900.91
2026-08-07,ETH,ETH-21AUG26-2400-C,21AUG26,2400,call,1131,53.62,1900.92
2026-08-07,ETH,ETH-21AUG26-2400-P,21AUG26,2400,put,0,53.62,1900.91
2026-08-07,ETH,ETH-25DEC26-800-C,25DEC26,800,call,171,76.7,1918.97
2026-08-07,ETH,ETH-25DEC26-800-P,25DEC26,800,put,6189,76.7,1918.97
2026-08-07,ETH,ETH-25DEC26-1000-P,25DEC26,1000,put,19218,69,1918.97
2026-08-07,ETH,ETH-25DEC26-1000-C,25DEC26,1000,call,54,69,1918.97
2026-08-07,ETH,ETH-25DEC26-1200-C,25DEC26,1200,call,341,62.42,1918.97
2026-08-07,ETH,ETH-25DEC26-1200-P,25DEC26,1200,put,7160,62.42,1918.97
2026-08-07,ETH,ETH-25DEC26-1300-C,25DEC26,1300,call,50,59.9,1918.97
2026-08-07,ETH,ETH-25DEC26-1300-P,25DEC26,1300,put,1964,59.9,1918.75
2026-08-07,ETH,ETH-25DEC26-1400-C,25DEC26,1400,call,946,57.77,1918.97
2026-08-07,ETH,ETH-25DEC26-1400-P,25DEC26,1400,put,13752,57.77,1918.97
2026-08-07,ETH,ETH-25DEC26-1500-P,25DEC26,1500,put,16392,56.1,1918.97
2026-08-07,ETH,ETH-25DEC26-1500-C,25DEC26,1500,call,833,56.1,1918.97
2026-08-07,ETH,ETH-25DEC26-1600-C,25DEC26,1600,call,621,54.87,1918.97
2026-08-07,ETH,ETH-25DEC26-1600-P,25DEC26,1600,put,7409,54.87,1918.75
2026-08-07,ETH,ETH-25DEC26-1700-C,25DEC26,1700,call,368,53.97,1918.97
2026-08-07,ETH,ETH-25DEC26-1700-P,25DEC26,1700,put,14097,53.97,1918.97
2026-08-07,ETH,ETH-25DEC26-1800-C,25DEC26,1800,call,2476,53.35,1918.97
2026-08-07,ETH,ETH-25DEC26-1800-P,25DEC26,1800,put,4771,53.35,1918.97
2026-08-07,ETH,ETH-25DEC26-1900-C,25DEC26,1900,call,3859,52.94,1918.97
2026-08-07,ETH,ETH-25DEC26-1900-P,25DEC26,1900,put,4216,52.94,1918.97
2026-08-07,ETH,ETH-25DEC26-2000-P,25DEC26,2000,put,7935,52.66,1918.75
2026-08-07,ETH,ETH-25DEC26-2000-C,25DEC26,2000,call,10494,52.66,1918.75
2026-08-07,ETH,ETH-25DEC26-2100-C,25DEC26,2100,call,1446,52.49,1918.75
2026-08-07,ETH,ETH-25DEC26-2100-P,25DEC26,2100,put,3037,52.49,1918.97
2026-08-07,ETH,ETH-25DEC26-2200-P,25DEC26,2200,put,9286,52.44,1918.75
2026-08-07,ETH,ETH-25DEC26-2200-C,25DEC26,2200,call,52993,52.44,1918.97
2026-08-07,ETH,ETH-25DEC26-2300-C,25DEC26,2300,call,7647,52.53,1918.97
2026-08-07,ETH,ETH-25DEC26-2300-P,25DEC26,2300,put,5186,52.53,1918.97
2026-08-07,ETH,ETH-25DEC26-2400-P,25DEC26,2400,put,1716,52.67,1918.75
2026-08-07,ETH,ETH-25DEC26-2400-C,25DEC26,2400,call,12073,52.67,1918.97
2026-08-07,ETH,ETH-25DEC26-2500-C,25DEC26,2500,call,27249,52.83,1918.97
2026-08-07,ETH,ETH-25DEC26-2500-P,25DEC26,2500,put,1075,52.83,1918.97
2026-08-07,ETH,ETH-25DEC26-2600-P,25DEC26,2600,put,1065,53.09,1918.75
2026-08-07,ETH,ETH-25DEC26-2600-C,25DEC26,2600,call,6519,53.09,1918.97
2026-08-07,ETH,ETH-25DEC26-2700-C,25DEC26,2700,call,3079,53.37,1918.97
2026-08-07,ETH,ETH-25DEC26-2700-P,25DEC26,2700,put,446,53.37,1918.97
2026-08-07,ETH,ETH-25DEC26-2800-P,25DEC26,2800,put,2205,53.72,1918.97
2026-08-07,ETH,ETH-25DEC26-2800-C,25DEC26,2800,call,9143,53.72,1918.97
2026-08-07,ETH,ETH-25DEC26-2900-C,25DEC26,2900,call,1948,54.13,1918.97
2026-08-07,ETH,ETH-25DEC26-2900-P,25DEC26,2900,put,173,54.13,1918.97
2026-08-07,ETH,ETH-25DEC26-3000-C,25DEC26,3000,call,5157,54.54,1918.75
2026-08-07,ETH,ETH-25DEC26-3000-P,25DEC26,3000,put,781,54.54,1918.75
2026-08-07,ETH,ETH-25DEC26-3100-P,25DEC26,3100,put,0,55.03,1918.75
2026-08-07,ETH,ETH-25DEC26-3100-C,25DEC26,3100,call,2325,55.03,1918.97
2026-08-07,ETH,ETH-25DEC26-3200-C,25DEC26,3200,call,67558,55.33,1918.97
2026-08-07,ETH,ETH-25DEC26-3200-P,25DEC26,3200,put,251,55.33,1918.97
2026-08-07,ETH,ETH-25DEC26-3300-P,25DEC26,3300,put,10,55.99,1918.97
2026-08-07,ETH,ETH-25DEC26-3300-C,25DEC26,3300,call,1853,55.99,1918.97
2026-08-07,ETH,ETH-25DEC26-3400-C,25DEC26,3400,call,13044,56.38,1918.97
2026-08-07,ETH,ETH-25DEC26-3400-P,25DEC26,3400,put,89,56.38,1918.97
2026-08-07,ETH,ETH-25DEC26-3500-P,25DEC26,3500,put,51,56.81,1918.97
2026-08-07,ETH,ETH-25DEC26-3500-C,25DEC26,3500,call,28522,56.81,1918.97
2026-08-07,ETH,ETH-25DEC26-3600-C,25DEC26,3600,call,2230,57.43,1918.97
2026-08-07,ETH,ETH-25DEC26-3600-P,25DEC26,3600,put,93,57.43,1918.75
2026-08-07,ETH,ETH-25DEC26-3800-P,25DEC26,3800,put,26,58.36,1918.97
2026-08-07,ETH,ETH-25DEC26-3800-C,25DEC26,3800,call,2892,58.36,1918.97
2026-08-07,ETH,ETH-25DEC26-4000-C,25DEC26,4000,call,16458,59.42,1918.97
2026-08-07,ETH,ETH-25DEC26-4000-P,25DEC26,4000,put,223,59.42,1918.97
2026-08-07,ETH,ETH-25DEC26-4200-P,25DEC26,4200,put,62,60.34,1918.97
2026-08-07,ETH,ETH-25DEC26-4200-C,25DEC26,4200,call,4088,60.34,1918.97
2026-08-07,ETH,ETH-25DEC26-4400-P,25DEC26,4400,put,20,61.3,1918.75
2026-08-07,ETH,ETH-25DEC26-4400-C,25DEC26,4400,call,2519,61.3,1918.97
2026-08-07,ETH,ETH-25DEC26-4500-C,25DEC26,4500,call,2677,61.78,1918.75
2026-08-07,ETH,ETH-25DEC26-4500-P,25DEC26,4500,put,2,61.78,1918.97
2026-08-07,ETH,ETH-25DEC26-4600-C,25DEC26,4600,call,10539,62.3,1918.97
2026-08-07,ETH,ETH-25DEC26-4600-P,25DEC26,4600,put,0,62.3,1918.97
2026-08-07,ETH,ETH-25DEC26-4800-C,25DEC26,4800,call,2770,63.57,1918.97
2026-08-07,ETH,ETH-25DEC26-4800-P,25DEC26,4800,put,77,63.57,1918.97
2026-08-07,ETH,ETH-25DEC26-5000-P,25DEC26,5000,put,2,64.4,1918.97
2026-08-07,ETH,ETH-25DEC26-5000-C,25DEC26,5000,call,4539,64.4,1918.75
2026-08-07,ETH,ETH-25DEC26-5200-C,25DEC26,5200,call,8859,65.29,1918.75
2026-08-07,ETH,ETH-25DEC26-5200-P,25DEC26,5200,put,0,65.29,1918.75
2026-08-07,ETH,ETH-25DEC26-5500-P,25DEC26,5500,put,0,66.59,1918.97
2026-08-07,ETH,ETH-25DEC26-5500-C,25DEC26,5500,call,1657,66.59,1918.75
2026-08-07,ETH,ETH-25DEC26-6000-C,25DEC26,6000,call,10385,69.31,1918.75
2026-08-07,ETH,ETH-25DEC26-6000-P,25DEC26,6000,put,0,69.31,1918.97
2026-08-07,ETH,ETH-25DEC26-6500-P,25DEC26,6500,put,0,70.54,1918.97
2026-08-07,ETH,ETH-25DEC26-6500-C,25DEC26,6500,call,1765,70.54,1918.75
2026-08-07,ETH,ETH-25DEC26-7000-C,25DEC26,7000,call,2825,72.68,1918.97
2026-08-07,ETH,ETH-25DEC26-7000-P,25DEC26,7000,put,0,72.68,1918.97
2026-08-07,ETH,ETH-25DEC26-8000-P,25DEC26,8000,put,0,75.1,1918.97
2026-08-07,ETH,ETH-25DEC26-8000-C,25DEC26,8000,call,2428,75.1,1918.75
2026-08-07,ETH,ETH-25DEC26-9000-C,25DEC26,9000,call,1905,79.35,1918.97
2026-08-07,ETH,ETH-25DEC26-9000-P,25DEC26,9000,put,0,79.35,1918.97
2026-08-07,ETH,ETH-25DEC26-10000-C,25DEC26,10000,call,1663,83.13,1918.97
2026-08-07,ETH,ETH-25DEC26-10000-P,25DEC26,10000,put,0,83.13,1918.97
2026-08-07,ETH,ETH-25DEC26-11000-P,25DEC26,11000,put,109,87.18,1918.75
2026-08-07,ETH,ETH-25DEC26-11000-C,25DEC26,11000,call,2143,87.18,1918.97
2026-08-07,ETH,ETH-25JUN27-800-P,25JUN27,800,put,669,70.61,1957.11
2026-08-07,ETH,ETH-25JUN27-800-C,25JUN27,800,call,117,70.61,1957.11
2026-08-07,ETH,ETH-25JUN27-900-C,25JUN27,900,call,2,67.99,1957.11
2026-08-07,ETH,ETH-25JUN27-900-P,25JUN27,900,put,668,67.99,1957.11
2026-08-07,ETH,ETH-25JUN27-1000-C,25JUN27,1000,call,57,65.49,1957.11
2026-08-07,ETH,ETH-25JUN27-1000-P,25JUN27,1000,put,4492,65.49,1957.11
2026-08-07,ETH,ETH-25JUN27-1200-C,25JUN27,1200,call,55,61.95,1957.11
2026-08-07,ETH,ETH-25JUN27-1200-P,25JUN27,1200,put,464,61.95,1956.86
2026-08-07,ETH,ETH-25JUN27-1300-C,25JUN27,1300,call,108,60.62,1956.86
2026-08-07,ETH,ETH-25JUN27-1300-P,25JUN27,1300,put,1591,60.62,1957.11
2026-08-07,ETH,ETH-25JUN27-1400-C,25JUN27,1400,call,50,59.64,1957.11
2026-08-07,ETH,ETH-25JUN27-1400-P,25JUN27,1400,put,1717,59.64,1957.11
2026-08-07,ETH,ETH-25JUN27-1500-C,25JUN27,1500,call,52,58.93,1956.86
2026-08-07,ETH,ETH-25JUN27-1500-P,25JUN27,1500,put,435,58.93,1957.11
2026-08-07,ETH,ETH-25JUN27-1600-C,25JUN27,1600,call,367,58.35,1956.86
2026-08-07,ETH,ETH-25JUN27-1600-P,25JUN27,1600,put,1274,58.35,1957.11
2026-08-07,ETH,ETH-25JUN27-1700-C,25JUN27,1700,call,659,57.86,1956.86
2026-08-07,ETH,ETH-25JUN27-1700-P,25JUN27,1700,put,2966,57.86,1957.11
2026-08-07,ETH,ETH-25JUN27-1800-P,25JUN27,1800,put,300,57.5,1957.11
2026-08-07,ETH,ETH-25JUN27-1800-C,25JUN27,1800,call,1254,57.5,1956.86
2026-08-07,ETH,ETH-25JUN27-1900-P,25JUN27,1900,put,3072,57.12,1957.11
2026-08-07,ETH,ETH-25JUN27-1900-C,25JUN27,1900,call,76,57.12,1957.11
2026-08-07,ETH,ETH-25JUN27-2000-C,25JUN27,2000,call,1852,56.91,1956.86
2026-08-07,ETH,ETH-25JUN27-2000-P,25JUN27,2000,put,53,56.91,1957.11
2026-08-07,ETH,ETH-25JUN27-2100-C,25JUN27,2100,call,10,56.74,1957.11
2026-08-07,ETH,ETH-25JUN27-2100-P,25JUN27,2100,put,87,56.74,1957.11
2026-08-07,ETH,ETH-25JUN27-2200-P,25JUN27,2200,put,110,56.61,1957.11
2026-08-07,ETH,ETH-25JUN27-2200-C,25JUN27,2200,call,1059,56.61,1957.11
2026-08-07,ETH,ETH-25JUN27-2300-C,25JUN27,2300,call,215,56.56,1957.11
2026-08-07,ETH,ETH-25JUN27-2300-P,25JUN27,2300,put,85,56.56,1957.11
2026-08-07,ETH,ETH-25JUN27-2400-P,25JUN27,2400,put,2,56.53,1956.86
2026-08-07,ETH,ETH-25JUN27-2400-C,25JUN27,2400,call,646,56.53,1957.11
2026-08-07,ETH,ETH-25JUN27-2500-C,25JUN27,2500,call,2980,56.53,1956.86
2026-08-07,ETH,ETH-25JUN27-2500-P,25JUN27,2500,put,6,56.53,1957.11
2026-08-07,ETH,ETH-25JUN27-2600-C,25JUN27,2600,call,288,56.56,1957.11
2026-08-07,ETH,ETH-25JUN27-2600-P,25JUN27,2600,put,0,56.56,1957.11
2026-08-07,ETH,ETH-25JUN27-2700-P,25JUN27,2700,put,0,56.6,1957.11
2026-08-07,ETH,ETH-25JUN27-2700-C,25JUN27,2700,call,295,56.6,1957.11
2026-08-07,ETH,ETH-25JUN27-2800-P,25JUN27,2800,put,0,56.66,1957.11
2026-08-07,ETH,ETH-25JUN27-2800-C,25JUN27,2800,call,1081,56.66,1957.11
2026-08-07,ETH,ETH-25JUN27-2900-C,25JUN27,2900,call,61,56.75,1957.11
2026-08-07,ETH,ETH-25JUN27-2900-P,25JUN27,2900,put,3,56.75,1956.86
2026-08-07,ETH,ETH-25JUN27-3000-P,25JUN27,3000,put,63,56.83,1957.11
2026-08-07,ETH,ETH-25JUN27-3000-C,25JUN27,3000,call,470,56.83,1957.11
2026-08-07,ETH,ETH-25JUN27-3200-C,25JUN27,3200,call,233,57.07,1957.11
2026-08-07,ETH,ETH-25JUN27-3200-P,25JUN27,3200,put,0,57.07,1957.11
2026-08-07,ETH,ETH-25JUN27-3400-C,25JUN27,3400,call,204,57.36,1957.11
2026-08-07,ETH,ETH-25JUN27-3400-P,25JUN27,3400,put,2,57.36,1957.11
2026-08-07,ETH,ETH-25JUN27-3500-P,25JUN27,3500,put,303,57.49,1957.11
2026-08-07,ETH,ETH-25JUN27-3500-C,25JUN27,3500,call,2218,57.49,1956.86
2026-08-07,ETH,ETH-25JUN27-3600-C,25JUN27,3600,call,2,57.69,1956.86
2026-08-07,ETH,ETH-25JUN27-3600-P,25JUN27,3600,put,0,57.69,1957.11
2026-08-07,ETH,ETH-25JUN27-3800-P,25JUN27,3800,put,2,57.97,1957.11
2026-08-07,ETH,ETH-25JUN27-3800-C,25JUN27,3800,call,479,57.97,1957.11
2026-08-07,ETH,ETH-25JUN27-4000-P,25JUN27,4000,put,0,58.33,1957.11
2026-08-07,ETH,ETH-25JUN27-4000-C,25JUN27,4000,call,4055,58.33,1956.86
2026-08-07,ETH,ETH-25JUN27-4500-C,25JUN27,4500,call,1235,59.33,1957.11
2026-08-07,ETH,ETH-25JUN27-4500-P,25JUN27,4500,put,1,59.33,1956.86
2026-08-07,ETH,ETH-25JUN27-5000-P,25JUN27,5000,put,0,60.33,1957.11
2026-08-07,ETH,ETH-25JUN27-5000-C,25JUN27,5000,call,571,60.33,1957.11
2026-08-07,ETH,ETH-25SEP26-1000-C,25SEP26,1000,call,125,79.48,1904.95
2026-08-07,ETH,ETH-25SEP26-1000-P,25SEP26,1000,put,9682,79.48,1904.73
2026-08-07,ETH,ETH-25SEP26-1200-P,25SEP26,1200,put,13731,67.96,1904.73
2026-08-07,ETH,ETH-25SEP26-1200-C,25SEP26,1200,call,138,67.96,1904.95
2026-08-07,ETH,ETH-25SEP26-1300-P,25SEP26,1300,put,2987,63.3,1904.95
2026-08-07,ETH,ETH-25SEP26-1300-C,25SEP26,1300,call,69,63.3,1904.95
2026-08-07,ETH,ETH-25SEP26-1400-C,25SEP26,1400,call,1550,59.04,1904.73
2026-08-07,ETH,ETH-25SEP26-1400-P,25SEP26,1400,put,9750,59.04,1904.73
2026-08-07,ETH,ETH-25SEP26-1500-P,25SEP26,1500,put,12621,55.21,1904.73
2026-08-07,ETH,ETH-25SEP26-1500-C,25SEP26,1500,call,976,55.21,1904.73
2026-08-07,ETH,ETH-25SEP26-1600-C,25SEP26,1600,call,3575,52.14,1904.73
2026-08-07,ETH,ETH-25SEP26-1600-P,25SEP26,1600,put,8164,52.14,1904.73
2026-08-07,ETH,ETH-25SEP26-1700-P,25SEP26,1700,put,4413,49.89,1904.95
2026-08-07,ETH,ETH-25SEP26-1700-C,25SEP26,1700,call,2271,49.89,1904.73
2026-08-07,ETH,ETH-25SEP26-1800-P,25SEP26,1800,put,9764,48.38,1904.73
2026-08-07,ETH,ETH-25SEP26-1800-C,25SEP26,1800,call,6571,48.38,1904.73
2026-08-07,ETH,ETH-25SEP26-1850-C,25SEP26,1850,call,1187,47.89,1904.73
2026-08-07,ETH,ETH-25SEP26-1850-P,25SEP26,1850,put,1360,47.89,1904.95
2026-08-07,ETH,ETH-25SEP26-1900-C,25SEP26,1900,call,10685,47.59,1904.73
2026-08-07,ETH,ETH-25SEP26-1900-P,25SEP26,1900,put,17500,47.59,1904.73
2026-08-07,ETH,ETH-25SEP26-1950-C,25SEP26,1950,call,338,47.37,1904.73
2026-08-07,ETH,ETH-25SEP26-1950-P,25SEP26,1950,put,40,47.37,1904.95
2026-08-07,ETH,ETH-25SEP26-2000-C,25SEP26,2000,call,15109,47.25,1904.95
2026-08-07,ETH,ETH-25SEP26-2000-P,25SEP26,2000,put,13159,47.25,1904.73
2026-08-07,ETH,ETH-25SEP26-2100-C,25SEP26,2100,call,6326,47.27,1904.73
2026-08-07,ETH,ETH-25SEP26-2100-P,25SEP26,2100,put,2716,47.27,1904.95
2026-08-07,ETH,ETH-25SEP26-2200-C,25SEP26,2200,call,7118,47.52,1904.73
2026-08-07,ETH,ETH-25SEP26-2200-P,25SEP26,2200,put,5506,47.52,1904.73
2026-08-07,ETH,ETH-25SEP26-2300-C,25SEP26,2300,call,12136,48.14,1904.73
2026-08-07,ETH,ETH-25SEP26-2300-P,25SEP26,2300,put,1089,48.14,1904.73
2026-08-07,ETH,ETH-25SEP26-2400-C,25SEP26,2400,call,11974,49,1904.73
2026-08-07,ETH,ETH-25SEP26-2400-P,25SEP26,2400,put,2064,49,1904.95
2026-08-07,ETH,ETH-25SEP26-2500-C,25SEP26,2500,call,24333,50.06,1904.95
2026-08-07,ETH,ETH-25SEP26-2500-P,25SEP26,2500,put,3082,50.06,1904.73
2026-08-07,ETH,ETH-25SEP26-2600-P,25SEP26,2600,put,8390,51.5,1904.73
2026-08-07,ETH,ETH-25SEP26-2600-C,25SEP26,2600,call,9762,51.5,1904.73
2026-08-07,ETH,ETH-25SEP26-2700-P,25SEP26,2700,put,527,52.88,1904.73
2026-08-07,ETH,ETH-25SEP26-2700-C,25SEP26,2700,call,4382,52.88,1904.73
2026-08-07,ETH,ETH-25SEP26-2800-P,25SEP26,2800,put,1287,54.26,1904.73
2026-08-07,ETH,ETH-25SEP26-2800-C,25SEP26,2800,call,7321,54.26,1904.73
2026-08-07,ETH,ETH-25SEP26-2900-C,25SEP26,2900,call,5450,55.84,1904.73
2026-08-07,ETH,ETH-25SEP26-2900-P,25SEP26,2900,put,49,55.84,1904.73
2026-08-07,ETH,ETH-25SEP26-3000-P,25SEP26,3000,put,7526,57.18,1904.73
2026-08-07,ETH,ETH-25SEP26-3000-C,25SEP26,3000,call,28573,57.18,1904.73
2026-08-07,ETH,ETH-25SEP26-3100-C,25SEP26,3100,call,2164,58.7,1904.73
2026-08-07,ETH,ETH-25SEP26-3100-P,25SEP26,3100,put,0,58.7,1904.73
2026-08-07,ETH,ETH-25SEP26-3200-P,25SEP26,3200,put,1323,60.36,1904.73
2026-08-07,ETH,ETH-25SEP26-3200-C,25SEP26,3200,call,7859,60.36,1904.73
2026-08-07,ETH,ETH-25SEP26-3300-C,25SEP26,3300,call,17691,61.93,1904.95
2026-08-07,ETH,ETH-25SEP26-3300-P,25SEP26,3300,put,3,61.93,1904.95
2026-08-07,ETH,ETH-25SEP26-3400-P,25SEP26,3400,put,870,63.7,1904.73
2026-08-07,ETH,ETH-25SEP26-3400-C,25SEP26,3400,call,7116,63.7,1904.73
2026-08-07,ETH,ETH-25SEP26-3500-P,25SEP26,3500,put,1133,65.17,1904.73
2026-08-07,ETH,ETH-25SEP26-3500-C,25SEP26,3500,call,15555,65.17,1904.73
2026-08-07,ETH,ETH-25SEP26-3600-C,25SEP26,3600,call,2713,65.83,1904.73
2026-08-07,ETH,ETH-25SEP26-3600-P,25SEP26,3600,put,907,65.83,1904.73
2026-08-07,ETH,ETH-25SEP26-3800-P,25SEP26,3800,put,954,69.16,1904.73
2026-08-07,ETH,ETH-25SEP26-3800-C,25SEP26,3800,call,2047,69.16,1904.95
2026-08-07,ETH,ETH-25SEP26-4000-P,25SEP26,4000,put,140,72.83,1904.73
2026-08-07,ETH,ETH-25SEP26-4000-C,25SEP26,4000,call,12144,72.83,1904.73
2026-08-07,ETH,ETH-25SEP26-4200-C,25SEP26,4200,call,2515,74.13,1904.95
2026-08-07,ETH,ETH-25SEP26-4200-P,25SEP26,4200,put,551,74.13,1904.95
2026-08-07,ETH,ETH-25SEP26-4400-C,25SEP26,4400,call,4355,77.73,1904.73
2026-08-07,ETH,ETH-25SEP26-4400-P,25SEP26,4400,put,281,77.73,1904.95
2026-08-07,ETH,ETH-25SEP26-4500-C,25SEP26,4500,call,8441,78.54,1904.73
2026-08-07,ETH,ETH-25SEP26-4500-P,25SEP26,4500,put,6,78.54,1904.73
2026-08-07,ETH,ETH-25SEP26-4600-C,25SEP26,4600,call,3405,80.16,1904.95
2026-08-07,ETH,ETH-25SEP26-4600-P,25SEP26,4600,put,38,80.16,1904.95
2026-08-07,ETH,ETH-25SEP26-4800-C,25SEP26,4800,call,2195,83.54,1904.95
2026-08-07,ETH,ETH-25SEP26-4800-P,25SEP26,4800,put,110,83.54,1904.73
2026-08-07,ETH,ETH-25SEP26-5000-C,25SEP26,5000,call,4100,86.76,1904.95
2026-08-07,ETH,ETH-25SEP26-5000-P,25SEP26,5000,put,2,86.76,1904.95
2026-08-07,ETH,ETH-25SEP26-5200-C,25SEP26,5200,call,1681,89.84,1904.73
2026-08-07,ETH,ETH-25SEP26-5200-P,25SEP26,5200,put,3,89.84,1904.73
2026-08-07,ETH,ETH-25SEP26-5400-C,25SEP26,5400,call,1178,92.78,1904.73
2026-08-07,ETH,ETH-25SEP26-5400-P,25SEP26,5400,put,4,92.78,1904.95
2026-08-07,ETH,ETH-25SEP26-5500-C,25SEP26,5500,call,2065,93.22,1904.95
2026-08-07,ETH,ETH-25SEP26-5500-P,25SEP26,5500,put,1,93.22,1904.95
2026-08-07,ETH,ETH-25SEP26-5600-P,25SEP26,5600,put,0,93.43,1904.73
2026-08-07,ETH,ETH-25SEP26-5600-C,25SEP26,5600,call,7164,93.43,1904.73
2026-08-07,ETH,ETH-25SEP26-5800-P,25SEP26,5800,put,0,93.43,1904.95
2026-08-07,ETH,ETH-25SEP26-5800-C,25SEP26,5800,call,4885,93.43,1904.73
2026-08-07,ETH,ETH-25SEP26-6000-C,25SEP26,6000,call,3183,93.43,1904.95
2026-08-07,ETH,ETH-25SEP26-6000-P,25SEP26,6000,put,0,93.43,1904.73
2026-08-07,ETH,ETH-25SEP26-6200-C,25SEP26,6200,call,2026,93.43,1904.95
2026-08-07,ETH,ETH-25SEP26-6200-P,25SEP26,6200,put,0,93.43,1904.95
2026-08-07,ETH,ETH-25SEP26-6400-C,25SEP26,6400,call,1918,93.43,1904.73
2026-08-07,ETH,ETH-25SEP26-6400-P,25SEP26,6400,put,0,93.43,1904.73
2026-08-07,ETH,ETH-25SEP26-6500-P,25SEP26,6500,put,0,93.43,1904.95
2026-08-07,ETH,ETH-25SEP26-6500-C,25SEP26,6500,call,1337,93.43,1904.73
2026-08-07,ETH,ETH-25SEP26-6600-C,25SEP26,6600,call,1414,93.43,1904.73
2026-08-07,ETH,ETH-25SEP26-6600-P,25SEP26,6600,put,0,93.43,1904.73
2026-08-07,ETH,ETH-25SEP26-6800-C,25SEP26,6800,call,1462,93.43,1904.95
2026-08-07,ETH,ETH-25SEP26-6800-P,25SEP26,6800,put,0,93.43,1904.95
2026-08-07,ETH,ETH-25SEP26-7000-P,25SEP26,7000,put,0,93.43,1904.73
2026-08-07,ETH,ETH-25SEP26-7000-C,25SEP26,7000,call,2033,93.43,1904.73
2026-08-07,ETH,ETH-25SEP26-7200-P,25SEP26,7200,put,0,93.43,1904.73
2026-08-07,ETH,ETH-25SEP26-7200-C,25SEP26,7200,call,1160,93.43,1904.95
2026-08-07,ETH,ETH-25SEP26-7400-C,25SEP26,7400,call,1019,93.43,1904.95
2026-08-07,ETH,ETH-25SEP26-7400-P,25SEP26,7400,put,0,93.43,1904.73
2026-08-07,ETH,ETH-25SEP26-7500-P,25SEP26,7500,put,0,93.43,1904.73
2026-08-07,ETH,ETH-25SEP26-7500-C,25SEP26,7500,call,1322,93.43,1904.73
2026-08-07,ETH,ETH-25SEP26-8000-C,25SEP26,8000,call,1092,94.35,1904.73
2026-08-07,ETH,ETH-25SEP26-8000-P,25SEP26,8000,put,0,94.35,1904.73
2026-08-07,ETH,ETH-25SEP26-8500-C,25SEP26,8500,call,1253,97.73,1904.95
2026-08-07,ETH,ETH-25SEP26-8500-P,25SEP26,8500,put,0,97.73,1904.73
2026-08-07,ETH,ETH-25SEP26-9000-C,25SEP26,9000,call,1519,100.09,1904.73
2026-08-07,ETH,ETH-25SEP26-9000-P,25SEP26,9000,put,0,100.09,1904.73
2026-08-07,ETH,ETH-25SEP26-10000-C,25SEP26,10000,call,1561,105.8,1904.73
2026-08-07,ETH,ETH-25SEP26-10000-P,25SEP26,10000,put,0,105.8,1904.73
2026-08-07,ETH,ETH-25SEP26-11000-C,25SEP26,11000,call,2766,110.93,1904.95
2026-08-07,ETH,ETH-25SEP26-11000-P,25SEP26,11000,put,0,110.93,1904.73
2026-08-07,ETH,ETH-25SEP26-12000-P,25SEP26,12000,put,0,115.57,1904.73
2026-08-07,ETH,ETH-25SEP26-12000-C,25SEP26,12000,call,1341,115.57,1904.73
2026-08-07,ETH,ETH-25SEP26-13000-C,25SEP26,13000,call,1873,119.8,1904.73
2026-08-07,ETH,ETH-25SEP26-13000-P,25SEP26,13000,put,0,119.8,1904.73
2026-08-07,ETH,ETH-25SEP26-14000-C,25SEP26,14000,call,1212,123.7,1904.73
2026-08-07,ETH,ETH-25SEP26-14000-P,25SEP26,14000,put,0,123.7,1904.73
2026-08-07,ETH,ETH-25SEP26-15000-P,25SEP26,15000,put,0,127.3,1904.73
2026-08-07,ETH,ETH-25SEP26-15000-C,25SEP26,15000,call,878,127.3,1904.73
2026-08-07,ETH,ETH-25SEP26-16000-P,25SEP26,16000,put,30,130.17,1904.73
2026-08-07,ETH,ETH-25SEP26-16000-C,25SEP26,16000,call,7426,130.17,1904.73
2026-08-07,ETH,ETH-26MAR27-800-C,26MAR27,800,call,0,72.89,1937.91
2026-08-07,ETH,ETH-26MAR27-800-P,26MAR27,800,put,2792,72.89,1938.13
2026-08-07,ETH,ETH-26MAR27-900-C,26MAR27,900,call,68,69.68,1938.13
2026-08-07,ETH,ETH-26MAR27-900-P,26MAR27,900,put,767,69.68,1937.91
2026-08-07,ETH,ETH-26MAR27-1000-C,26MAR27,1000,call,270,66.6,1938.13
2026-08-07,ETH,ETH-26MAR27-1000-P,26MAR27,1000,put,7537,66.6,1938.13
2026-08-07,ETH,ETH-26MAR27-1200-C,26MAR27,1200,call,69,61.85,1938.13
2026-08-07,ETH,ETH-26MAR27-1200-P,26MAR27,1200,put,1237,61.85,1938.13
2026-08-07,ETH,ETH-26MAR27-1300-C,26MAR27,1300,call,50,60.19,1938.13
2026-08-07,ETH,ETH-26MAR27-1300-P,26MAR27,1300,put,1364,60.19,1938.13
2026-08-07,ETH,ETH-26MAR27-1400-C,26MAR27,1400,call,56,58.83,1938.13
2026-08-07,ETH,ETH-26MAR27-1400-P,26MAR27,1400,put,1538,58.83,1938.13
2026-08-07,ETH,ETH-26MAR27-1500-C,26MAR27,1500,call,244,57.77,1938.13
2026-08-07,ETH,ETH-26MAR27-1500-P,26MAR27,1500,put,3977,57.77,1938.13
2026-08-07,ETH,ETH-26MAR27-1600-C,26MAR27,1600,call,933,56.93,1938.13
2026-08-07,ETH,ETH-26MAR27-1600-P,26MAR27,1600,put,1538,56.93,1938.13
2026-08-07,ETH,ETH-26MAR27-1700-C,26MAR27,1700,call,1337,56.31,1938.13
2026-08-07,ETH,ETH-26MAR27-1700-P,26MAR27,1700,put,1511,56.31,1938.13
2026-08-07,ETH,ETH-26MAR27-1800-C,26MAR27,1800,call,3788,55.85,1938.13
2026-08-07,ETH,ETH-26MAR27-1800-P,26MAR27,1800,put,3907,55.85,1938.13
2026-08-07,ETH,ETH-26MAR27-1900-C,26MAR27,1900,call,2363,55.55,1937.91
2026-08-07,ETH,ETH-26MAR27-1900-P,26MAR27,1900,put,2553,55.55,1938.13
2026-08-07,ETH,ETH-26MAR27-2000-C,26MAR27,2000,call,1861,55.33,1938.13
2026-08-07,ETH,ETH-26MAR27-2000-P,26MAR27,2000,put,1508,55.33,1938.13
2026-08-07,ETH,ETH-26MAR27-2100-C,26MAR27,2100,call,482,55.2,1937.91
2026-08-07,ETH,ETH-26MAR27-2100-P,26MAR27,2100,put,486,55.2,1938.13
2026-08-07,ETH,ETH-26MAR27-2200-C,26MAR27,2200,call,2986,55.1,1938.13
2026-08-07,ETH,ETH-26MAR27-2200-P,26MAR27,2200,put,1707,55.1,1938.13
2026-08-07,ETH,ETH-26MAR27-2300-C,26MAR27,2300,call,5096,55.07,1938.13
2026-08-07,ETH,ETH-26MAR27-2300-P,26MAR27,2300,put,1583,55.07,1938.13
2026-08-07,ETH,ETH-26MAR27-2400-P,26MAR27,2400,put,357,55.09,1938.13
2026-08-07,ETH,ETH-26MAR27-2400-C,26MAR27,2400,call,1877,55.09,1938.13
2026-08-07,ETH,ETH-26MAR27-2500-P,26MAR27,2500,put,560,55.13,1938.13
2026-08-07,ETH,ETH-26MAR27-2500-C,26MAR27,2500,call,9257,55.13,1938.13
2026-08-07,ETH,ETH-26MAR27-2600-P,26MAR27,2600,put,626,55.21,1938.13
2026-08-07,ETH,ETH-26MAR27-2600-C,26MAR27,2600,call,3019,55.21,1938.13
2026-08-07,ETH,ETH-26MAR27-2700-P,26MAR27,2700,put,147,55.34,1938.13
2026-08-07,ETH,ETH-26MAR27-2700-C,26MAR27,2700,call,3100,55.34,1938.13
2026-08-07,ETH,ETH-26MAR27-2800-C,26MAR27,2800,call,4821,55.47,1938.13
2026-08-07,ETH,ETH-26MAR27-2800-P,26MAR27,2800,put,12,55.47,1937.91
2026-08-07,ETH,ETH-26MAR27-2900-P,26MAR27,2900,put,258,55.6,1937.91
2026-08-07,ETH,ETH-26MAR27-2900-C,26MAR27,2900,call,1948,55.6,1937.91
2026-08-07,ETH,ETH-26MAR27-3000-C,26MAR27,3000,call,4701,55.79,1938.13
2026-08-07,ETH,ETH-26MAR27-3000-P,26MAR27,3000,put,352,55.79,1938.13
2026-08-07,ETH,ETH-26MAR27-3100-C,26MAR27,3100,call,1656,55.99,1938.13
2026-08-07,ETH,ETH-26MAR27-3100-P,26MAR27,3100,put,99,55.99,1938.13
2026-08-07,ETH,ETH-26MAR27-3200-C,26MAR27,3200,call,1244,56.19,1938.13
2026-08-07,ETH,ETH-26MAR27-3200-P,26MAR27,3200,put,20,56.19,1938.13
2026-08-07,ETH,ETH-26MAR27-3300-C,26MAR27,3300,call,1921,56.39,1938.13
2026-08-07,ETH,ETH-26MAR27-3300-P,26MAR27,3300,put,1,56.39,1938.13
2026-08-07,ETH,ETH-26MAR27-3400-C,26MAR27,3400,call,1869,56.67,1938.13
2026-08-07,ETH,ETH-26MAR27-3400-P,26MAR27,3400,put,6,56.67,1938.13
2026-08-07,ETH,ETH-26MAR27-3500-C,26MAR27,3500,call,4526,56.94,1938.13
2026-08-07,ETH,ETH-26MAR27-3500-P,26MAR27,3500,put,23,56.94,1938.13
2026-08-07,ETH,ETH-26MAR27-3600-C,26MAR27,3600,call,2214,57.13,1938.13
2026-08-07,ETH,ETH-26MAR27-3600-P,26MAR27,3600,put,1,57.13,1938.13
2026-08-07,ETH,ETH-26MAR27-3700-C,26MAR27,3700,call,1475,57.54,1938.13
2026-08-07,ETH,ETH-26MAR27-3700-P,26MAR27,3700,put,0,57.54,1938.13
2026-08-07,ETH,ETH-26MAR27-3800-P,26MAR27,3800,put,1,57.84,1938.13
2026-08-07,ETH,ETH-26MAR27-3800-C,26MAR27,3800,call,1161,57.84,1938.13
2026-08-07,ETH,ETH-26MAR27-4000-P,26MAR27,4000,put,0,58.36,1938.13
2026-08-07,ETH,ETH-26MAR27-4000-C,26MAR27,4000,call,2185,58.36,1938.13
2026-08-07,ETH,ETH-26MAR27-4200-P,26MAR27,4200,put,1,58.89,1938.13
2026-08-07,ETH,ETH-26MAR27-4200-C,26MAR27,4200,call,2781,58.89,1938.13
2026-08-07,ETH,ETH-26MAR27-4400-P,26MAR27,4400,put,0,59.4,1938.13
2026-08-07,ETH,ETH-26MAR27-4400-C,26MAR27,4400,call,1083,59.4,1938.13
2026-08-07,ETH,ETH-26MAR27-4500-C,26MAR27,4500,call,2399,59.83,1937.91
2026-08-07,ETH,ETH-26MAR27-4500-P,26MAR27,4500,put,0,59.83,1938.13
2026-08-07,ETH,ETH-26MAR27-4600-P,26MAR27,4600,put,0,60.16,1938.13
2026-08-07,ETH,ETH-26MAR27-4600-C,26MAR27,4600,call,956,60.16,1938.13
2026-08-07,ETH,ETH-26MAR27-4800-P,26MAR27,4800,put,0,60.68,1938.13
2026-08-07,ETH,ETH-26MAR27-4800-C,26MAR27,4800,call,2856,60.68,1938.13
2026-08-07,ETH,ETH-26MAR27-5000-P,26MAR27,5000,put,0,61.16,1938.13
2026-08-07,ETH,ETH-26MAR27-5000-C,26MAR27,5000,call,1446,61.16,1938.13
2026-08-07,ETH,ETH-26MAR27-5500-C,26MAR27,5500,call,2464,62.73,1937.91
2026-08-07,ETH,ETH-26MAR27-5500-P,26MAR27,5500,put,0,62.73,1938.13
2026-08-07,ETH,ETH-26MAR27-6000-P,26MAR27,6000,put,1,64.28,1938.13
2026-08-07,ETH,ETH-26MAR27-6000-C,26MAR27,6000,call,4884,64.28,1938.13
2026-08-07,ETH,ETH-28AUG26-1000-C,28AUG26,1000,call,50,96.24,1901.87
2026-08-07,ETH,ETH-28AUG26-1000-P,28AUG26,1000,put,2978,96.24,1901.63
2026-08-07,ETH,ETH-28AUG26-1100-C,28AUG26,1100,call,50,87.58,1901.87
2026-08-07,ETH,ETH-28AUG26-1100-P,28AUG26,1100,put,2187,87.58,1901.63
2026-08-07,ETH,ETH-28AUG26-1200-P,28AUG26,1200,put,7230,80.21,1901.87
2026-08-07,ETH,ETH-28AUG26-1200-C,28AUG26,1200,call,69,80.21,1901.87
2026-08-07,ETH,ETH-28AUG26-1300-C,28AUG26,1300,call,51,72.87,1901.63
2026-08-07,ETH,ETH-28AUG26-1300-P,28AUG26,1300,put,9055,72.87,1901.63
2026-08-07,ETH,ETH-28AUG26-1400-C,28AUG26,1400,call,100,65.79,1901.87
2026-08-07,ETH,ETH-28AUG26-1400-P,28AUG26,1400,put,7282,65.79,1901.87
2026-08-07,ETH,ETH-28AUG26-1450-C,28AUG26,1450,call,51,62.33,1901.87
2026-08-07,ETH,ETH-28AUG26-1450-P,28AUG26,1450,put,8764,62.33,1901.63
2026-08-07,ETH,ETH-28AUG26-1500-C,28AUG26,1500,call,443,59.27,1901.63
2026-08-07,ETH,ETH-28AUG26-1500-P,28AUG26,1500,put,5815,59.27,1901.63
2026-08-07,ETH,ETH-28AUG26-1550-C,28AUG26,1550,call,149,56.36,1901.63
2026-08-07,ETH,ETH-28AUG26-1550-P,28AUG26,1550,put,5565,56.36,1901.87
2026-08-07,ETH,ETH-28AUG26-1600-C,28AUG26,1600,call,885,53.92,1901.87
2026-08-07,ETH,ETH-28AUG26-1600-P,28AUG26,1600,put,13252,53.92,1901.63
2026-08-07,ETH,ETH-28AUG26-1650-C,28AUG26,1650,call,1604,50.88,1901.63
2026-08-07,ETH,ETH-28AUG26-1650-P,28AUG26,1650,put,6993,50.88,1901.87
2026-08-07,ETH,ETH-28AUG26-1700-C,28AUG26,1700,call,1020,48.68,1901.63
2026-08-07,ETH,ETH-28AUG26-1700-P,28AUG26,1700,put,8642,48.68,1901.87
2026-08-07,ETH,ETH-28AUG26-1750-C,28AUG26,1750,call,4211,46.79,1901.63
2026-08-07,ETH,ETH-28AUG26-1750-P,28AUG26,1750,put,22780,46.79,1901.63
2026-08-07,ETH,ETH-28AUG26-1800-C,28AUG26,1800,call,6080,45.44,1901.87
2026-08-07,ETH,ETH-28AUG26-1800-P,28AUG26,1800,put,4052,45.44,1901.87
2026-08-07,ETH,ETH-28AUG26-1850-C,28AUG26,1850,call,4166,44.52,1901.87
2026-08-07,ETH,ETH-28AUG26-1850-P,28AUG26,1850,put,2572,44.52,1901.87
2026-08-07,ETH,ETH-28AUG26-1900-C,28AUG26,1900,call,6784,43.91,1901.87
2026-08-07,ETH,ETH-28AUG26-1900-P,28AUG26,1900,put,6688,43.91,1901.87
2026-08-07,ETH,ETH-28AUG26-1950-C,28AUG26,1950,call,4436,43.71,1901.87
2026-08-07,ETH,ETH-28AUG26-1950-P,28AUG26,1950,put,2524,43.71,1901.87
2026-08-07,ETH,ETH-28AUG26-2000-C,28AUG26,2000,call,7791,43.73,1901.87
2026-08-07,ETH,ETH-28AUG26-2000-P,28AUG26,2000,put,505,43.73,1901.87
2026-08-07,ETH,ETH-28AUG26-2050-C,28AUG26,2050,call,4327,43.93,1901.63
2026-08-07,ETH,ETH-28AUG26-2050-P,28AUG26,2050,put,180,43.93,1901.63
2026-08-07,ETH,ETH-28AUG26-2100-C,28AUG26,2100,call,8986,44.49,1901.87
2026-08-07,ETH,ETH-28AUG26-2100-P,28AUG26,2100,put,1161,44.49,1901.87
2026-08-07,ETH,ETH-28AUG26-2150-C,28AUG26,2150,call,5304,45.1,1901.87
2026-08-07,ETH,ETH-28AUG26-2150-P,28AUG26,2150,put,66,45.1,1901.63
2026-08-07,ETH,ETH-28AUG26-2200-C,28AUG26,2200,call,8766,46.3,1901.63
2026-08-07,ETH,ETH-28AUG26-2200-P,28AUG26,2200,put,681,46.3,1901.63
2026-08-07,ETH,ETH-28AUG26-2250-C,28AUG26,2250,call,2911,47.37,1901.87
2026-08-07,ETH,ETH-28AUG26-2250-P,28AUG26,2250,put,14,47.37,1901.63
2026-08-07,ETH,ETH-28AUG26-2300-C,28AUG26,2300,call,5566,48.72,1901.87
2026-08-07,ETH,ETH-28AUG26-2300-P,28AUG26,2300,put,1003,48.72,1901.63
2026-08-07,ETH,ETH-28AUG26-2350-C,28AUG26,2350,call,4933,50.13,1901.87
2026-08-07,ETH,ETH-28AUG26-2350-P,28AUG26,2350,put,100,50.13,1901.63
2026-08-07,ETH,ETH-28AUG26-2400-C,28AUG26,2400,call,17784,51.64,1901.63
2026-08-07,ETH,ETH-28AUG26-2400-P,28AUG26,2400,put,2,51.64,1901.63
2026-08-07,ETH,ETH-28AUG26-2500-C,28AUG26,2500,call,29019,54.56,1901.63
2026-08-07,ETH,ETH-28AUG26-2500-P,28AUG26,2500,put,4,54.56,1901.87
2026-08-07,ETH,ETH-28AUG26-2600-C,28AUG26,2600,call,6151,57.52,1901.63
2026-08-07,ETH,ETH-28AUG26-2600-P,28AUG26,2600,put,3,57.52,1901.63
2026-08-07,ETH,ETH-28AUG26-2800-C,28AUG26,2800,call,5427,63.4,1901.63
2026-08-07,ETH,ETH-28AUG26-2800-P,28AUG26,2800,put,0,63.4,1901.87
2026-08-07,ETH,ETH-28AUG26-3000-C,28AUG26,3000,call,1528,67.89,1901.63
2026-08-07,ETH,ETH-28AUG26-3000-P,28AUG26,3000,put,5,67.89,1901.87
2026-08-07,ETH,ETH-28AUG26-3200-C,28AUG26,3200,call,1072,74.42,1901.63
2026-08-07,ETH,ETH-28AUG26-3200-P,28AUG26,3200,put,5,74.42,1901.63
2026-08-07,ETH,ETH-28AUG26-3400-C,28AUG26,3400,call,560,76.49,1901.87
2026-08-07,ETH,ETH-28AUG26-3400-P,28AUG26,3400,put,1,76.49,1901.87
2026-08-07,ETH,ETH-28AUG26-3600-C,28AUG26,3600,call,1218,80.02,1901.63
2026-08-07,ETH,ETH-28AUG26-3600-P,28AUG26,3600,put,18,80.02,1901.87
2026-08-07,ETH,ETH-28AUG26-3800-C,28AUG26,3800,call,398,81.7,1901.87
2026-08-07,ETH,ETH-28AUG26-3800-P,28AUG26,3800,put,0,81.7,1901.63
2026-08-07,ETH,ETH-30OCT26-1000-C,30OCT26,1000,call,0,72.36,1910.27
2026-08-07,ETH,ETH-30OCT26-1000-P,30OCT26,1000,put,1303,72.36,1910.27
2026-08-07,ETH,ETH-30OCT26-1200-C,30OCT26,1200,call,0,64.22,1910.27
2026-08-07,ETH,ETH-30OCT26-1200-P,30OCT26,1200,put,859,64.22,1909.99
2026-08-07,ETH,ETH-30OCT26-1400-C,30OCT26,1400,call,50,57.6,1910.27
2026-08-07,ETH,ETH-30OCT26-1400-P,30OCT26,1400,put,1619,57.6,1910.27
2026-08-07,ETH,ETH-30OCT26-1500-C,30OCT26,1500,call,50,55.14,1910.27
2026-08-07,ETH,ETH-30OCT26-1500-P,30OCT26,1500,put,1360,55.14,1910.27
2026-08-07,ETH,ETH-30OCT26-1600-C,30OCT26,1600,call,50,53.17,1910.27
2026-08-07,ETH,ETH-30OCT26-1600-P,30OCT26,1600,put,1365,53.17,1909.99
2026-08-07,ETH,ETH-30OCT26-1700-C,30OCT26,1700,call,50,51.74,1910.27
2026-08-07,ETH,ETH-30OCT26-1700-P,30OCT26,1700,put,866,51.74,1909.99
2026-08-07,ETH,ETH-30OCT26-1750-C,30OCT26,1750,call,52,51.19,1909.99
2026-08-07,ETH,ETH-30OCT26-1750-P,30OCT26,1750,put,28,51.19,1910.27
2026-08-07,ETH,ETH-30OCT26-1800-C,30OCT26,1800,call,102,50.75,1909.99
2026-08-07,ETH,ETH-30OCT26-1800-P,30OCT26,1800,put,543,50.75,1910.27
2026-08-07,ETH,ETH-30OCT26-1850-C,30OCT26,1850,call,104,50.37,1909.99
2026-08-07,ETH,ETH-30OCT26-1850-P,30OCT26,1850,put,344,50.37,1910.27
2026-08-07,ETH,ETH-30OCT26-1900-C,30OCT26,1900,call,250,50.15,1909.99
2026-08-07,ETH,ETH-30OCT26-1900-P,30OCT26,1900,put,408,50.15,1910.27
2026-08-07,ETH,ETH-30OCT26-1950-C,30OCT26,1950,call,150,50,1909.99
2026-08-07,ETH,ETH-30OCT26-1950-P,30OCT26,1950,put,110,50,1909.99
2026-08-07,ETH,ETH-30OCT26-2000-C,30OCT26,2000,call,338,49.85,1910.27
2026-08-07,ETH,ETH-30OCT26-2000-P,30OCT26,2000,put,12,49.85,1910.27
2026-08-07,ETH,ETH-30OCT26-2050-C,30OCT26,2050,call,397,49.77,1910.27
2026-08-07,ETH,ETH-30OCT26-2050-P,30OCT26,2050,put,0,49.77,1910.27
2026-08-07,ETH,ETH-30OCT26-2100-C,30OCT26,2100,call,945,49.77,1909.99
2026-08-07,ETH,ETH-30OCT26-2100-P,30OCT26,2100,put,1,49.77,1910.27
2026-08-07,ETH,ETH-30OCT26-2150-C,30OCT26,2150,call,816,49.78,1909.99
2026-08-07,ETH,ETH-30OCT26-2150-P,30OCT26,2150,put,0,49.78,1909.99
2026-08-07,ETH,ETH-30OCT26-2200-C,30OCT26,2200,call,171,49.8,1910.27
2026-08-07,ETH,ETH-30OCT26-2200-P,30OCT26,2200,put,0,49.8,1910.27
2026-08-07,ETH,ETH-30OCT26-2250-C,30OCT26,2250,call,56,49.88,1910.27
2026-08-07,ETH,ETH-30OCT26-2250-P,30OCT26,2250,put,1,49.88,1909.99
2026-08-07,ETH,ETH-30OCT26-2300-C,30OCT26,2300,call,302,49.98,1909.99
2026-08-07,ETH,ETH-30OCT26-2300-P,30OCT26,2300,put,0,49.98,1910.27
2026-08-07,ETH,ETH-30OCT26-2400-C,30OCT26,2400,call,624,50.32,1909.99
2026-08-07,ETH,ETH-30OCT26-2400-P,30OCT26,2400,put,10,50.32,1910.27
2026-08-07,ETH,ETH-30OCT26-2500-C,30OCT26,2500,call,60,50.8,1909.99
2026-08-07,ETH,ETH-30OCT26-2500-P,30OCT26,2500,put,1,50.8,1909.99
2026-08-07,ETH,ETH-30OCT26-2600-C,30OCT26,2600,call,520,51.36,1909.99
2026-08-07,ETH,ETH-30OCT26-2600-P,30OCT26,2600,put,95,51.36,1909.99
2026-08-07,ETH,ETH-30OCT26-2800-C,30OCT26,2800,call,295,53,1909.99
2026-08-07,ETH,ETH-30OCT26-2800-P,30OCT26,2800,put,0,53,1910.27
2026-08-07,ETH,ETH-30OCT26-3000-C,30OCT26,3000,call,703,54.19,1910.27
2026-08-07,ETH,ETH-30OCT26-3000-P,30OCT26,3000,put,72,54.19,1910.27
2026-08-07,ETH,ETH-30OCT26-3200-C,30OCT26,3200,call,511,56.19,1909.99
2026-08-07,ETH,ETH-30OCT26-3200-P,30OCT26,3200,put,0,56.19,1910.27
2026-08-07,ETH,ETH-30OCT26-3400-C,30OCT26,3400,call,796,57.9,1910.27
2026-08-07,ETH,ETH-30OCT26-3400-P,30OCT26,3400,put,0,57.9,1910.27
2026-08-07,ETH,ETH-30OCT26-3600-C,30OCT26,3600,call,494,59.77,1910.27
2026-08-07,ETH,ETH-30OCT26-3600-P,30OCT26,3600,put,0,59.77,1910.27
2026-08-07,ETH,ETH-30OCT26-4000-C,30OCT26,4000,call,389,62.97,1910.27
2026-08-07,ETH,ETH-30OCT26-4000-P,30OCT26,4000,put,0,62.97,1910.27
2026-08-07,ETH,ETH-7AUG26-1400-C,7AUG26,1400,call,0,91.44,1899.41
2026-08-07,ETH,ETH-7AUG26-1400-P,7AUG26,1400,put,3409,91.44,1899.63
2026-08-07,ETH,ETH-7AUG26-1600-C,7AUG26,1600,call,0,85.31,1899.63
2026-08-07,ETH,ETH-7AUG26-1600-P,7AUG26,1600,put,22869,85.31,1899.41
2026-08-07,ETH,ETH-7AUG26-1700-C,7AUG26,1700,call,50,81.31,1899.63
2026-08-07,ETH,ETH-7AUG26-1700-P,7AUG26,1700,put,13102,81.31,1899.41
2026-08-07,ETH,ETH-7AUG26-1750-C,7AUG26,1750,call,62,70.31,1899.63
2026-08-07,ETH,ETH-7AUG26-1750-P,7AUG26,1750,put,3331,70.31,1899.63
2026-08-07,ETH,ETH-7AUG26-1800-C,7AUG26,1800,call,175,66.22,1899.63
2026-08-07,ETH,ETH-7AUG26-1800-P,7AUG26,1800,put,17429,66.22,1899.41
2026-08-07,ETH,ETH-7AUG26-1820-C,7AUG26,1820,call,90,61.18,1899.63
2026-08-07,ETH,ETH-7AUG26-1820-P,7AUG26,1820,put,2630,61.18,1899.41
2026-08-07,ETH,ETH-7AUG26-1840-C,7AUG26,1840,call,204,51.04,1899.63
2026-08-07,ETH,ETH-7AUG26-1840-P,7AUG26,1840,put,3691,51.04,1899.41
2026-08-07,ETH,ETH-7AUG26-1850-C,7AUG26,1850,call,1181,48.57,1899.63
2026-08-07,ETH,ETH-7AUG26-1850-P,7AUG26,1850,put,4680,48.57,1899.63
2026-08-07,ETH,ETH-7AUG26-1860-C,7AUG26,1860,call,349,43.15,1899.63
2026-08-07,ETH,ETH-7AUG26-1860-P,7AUG26,1860,put,882,43.15,1899.63
2026-08-07,ETH,ETH-7AUG26-1880-C,7AUG26,1880,call,1187,34.41,1899.63
2026-08-07,ETH,ETH-7AUG26-1880-P,7AUG26,1880,put,599,34.41,1899.63
2026-08-07,ETH,ETH-7AUG26-1900-C,7AUG26,1900,call,4741,31.17,1899.63
2026-08-07,ETH,ETH-7AUG26-1900-P,7AUG26,1900,put,2673,31.17,1899.63
2026-08-07,ETH,ETH-7AUG26-1920-C,7AUG26,1920,call,140,34.37,1899.63
2026-08-07,ETH,ETH-7AUG26-1920-P,7AUG26,1920,put,381,34.37,1899.63
2026-08-07,ETH,ETH-7AUG26-1940-C,7AUG26,1940,call,310,41.99,1899.63
2026-08-07,ETH,ETH-7AUG26-1940-P,7AUG26,1940,put,0,41.99,1899.63
2026-08-07,ETH,ETH-7AUG26-1950-C,7AUG26,1950,call,7944,46.98,1899.41
2026-08-07,ETH,ETH-7AUG26-1950-P,7AUG26,1950,put,515,46.98,1899.63
2026-08-07,ETH,ETH-7AUG26-2000-C,7AUG26,2000,call,32735,65.03,1899.41
2026-08-07,ETH,ETH-7AUG26-2000-P,7AUG26,2000,put,396,65.03,1899.63
2026-08-07,ETH,ETH-7AUG26-2050-C,7AUG26,2050,call,6647,73.66,1899.63
2026-08-07,ETH,ETH-7AUG26-2050-P,7AUG26,2050,put,52,73.66,1899.41
2026-08-07,ETH,ETH-7AUG26-2100-C,7AUG26,2100,call,29052,82.58,1899.41
2026-08-07,ETH,ETH-7AUG26-2100-P,7AUG26,2100,put,2,82.58,1899.41
2026-08-07,ETH,ETH-7AUG26-2200-C,7AUG26,2200,call,14534,86.66,1899.63
2026-08-07,ETH,ETH-7AUG26-2200-P,7AUG26,2200,put,11,86.66,1899.63
2026-08-07,ETH,ETH-7AUG26-2400-C,7AUG26,2400,call,1838,86.7,1899.63
2026-08-07,ETH,ETH-7AUG26-2400-P,7AUG26,2400,put,0,86.7,1899.63
2026-08-07,ETH,ETH-8AUG26-1600-C,8AUG26,1600,call,0,80.51,1899.52
2026-08-07,ETH,ETH-8AUG26-1600-P,8AUG26,1600,put,566,80.51,1899.52
2026-08-07,ETH,ETH-8AUG26-1700-C,8AUG26,1700,call,0,69.06,1899.74
2026-08-07,ETH,ETH-8AUG26-1700-P,8AUG26,1700,put,143,69.06,1899.74
2026-08-07,ETH,ETH-8AUG26-1720-C,8AUG26,1720,call,0,66.99,1899.74
2026-08-07,ETH,ETH-8AUG26-1720-P,8AUG26,1720,put,44,66.99,1899.52
2026-08-07,ETH,ETH-8AUG26-1740-C,8AUG26,1740,call,0,64.09,1899.52
2026-08-07,ETH,ETH-8AUG26-1740-P,8AUG26,1740,put,162,64.09,1899.52
2026-08-07,ETH,ETH-8AUG26-1750-C,8AUG26,1750,call,0,60.46,1899.74
2026-08-07,ETH,ETH-8AUG26-1750-P,8AUG26,1750,put,20,60.46,1899.74
2026-08-07,ETH,ETH-8AUG26-1760-C,8AUG26,1760,call,0,57.28,1899.74
2026-08-07,ETH,ETH-8AUG26-1760-P,8AUG26,1760,put,121,57.28,1899.74
2026-08-07,ETH,ETH-8AUG26-1780-C,8AUG26,1780,call,0,53.56,1899.52
2026-08-07,ETH,ETH-8AUG26-1780-P,8AUG26,1780,put,138,53.56,1899.74
2026-08-07,ETH,ETH-8AUG26-1800-C,8AUG26,1800,call,0,49.26,1899.74
2026-08-07,ETH,ETH-8AUG26-1800-P,8AUG26,1800,put,420,49.26,1899.74
2026-08-07,ETH,ETH-8AUG26-1820-C,8AUG26,1820,call,130,45.83,1899.74
2026-08-07,ETH,ETH-8AUG26-1820-P,8AUG26,1820,put,1219,45.83,1899.52
2026-08-07,ETH,ETH-8AUG26-1840-C,8AUG26,1840,call,68,42.67,1899.74
2026-08-07,ETH,ETH-8AUG26-1840-P,8AUG26,1840,put,259,42.67,1899.52
2026-08-07,ETH,ETH-8AUG26-1860-C,8AUG26,1860,call,84,40.65,1899.74
2026-08-07,ETH,ETH-8AUG26-1860-P,8AUG26,1860,put,92,40.65,1899.74
2026-08-07,ETH,ETH-8AUG26-1880-C,8AUG26,1880,call,551,39.8,1899.74
2026-08-07,ETH,ETH-8AUG26-1880-P,8AUG26,1880,put,171,39.8,1899.74
2026-08-07,ETH,ETH-8AUG26-1900-C,8AUG26,1900,call,165,39.59,1899.74
2026-08-07,ETH,ETH-8AUG26-1900-P,8AUG26,1900,put,108,39.59,1899.52
2026-08-07,ETH,ETH-8AUG26-1920-C,8AUG26,1920,call,1254,40,1899.74
2026-08-07,ETH,ETH-8AUG26-1920-P,8AUG26,1920,put,52,40,1899.52
2026-08-07,ETH,ETH-8AUG26-1940-C,8AUG26,1940,call,157,41.31,1899.74
2026-08-07,ETH,ETH-8AUG26-1940-P,8AUG26,1940,put,243,41.31,1899.74
2026-08-07,ETH,ETH-8AUG26-1960-C,8AUG26,1960,call,11,43.3,1899.74
2026-08-07,ETH,ETH-8AUG26-1960-P,8AUG26,1960,put,0,43.3,1899.74
2026-08-07,ETH,ETH-8AUG26-1980-C,8AUG26,1980,call,4045,45.9,1899.52
2026-08-07,ETH,ETH-8AUG26-1980-P,8AUG26,1980,put,0,45.9,1899.74
2026-08-07,ETH,ETH-8AUG26-2000-C,8AUG26,2000,call,4219,48.91,1899.74
2026-08-07,ETH,ETH-8AUG26-2000-P,8AUG26,2000,put,0,48.91,1899.74
2026-08-07,ETH,ETH-8AUG26-2020-C,8AUG26,2020,call,764,52.42,1899.74
2026-08-07,ETH,ETH-8AUG26-2020-P,8AUG26,2020,put,0,52.42,1899.74
2026-08-07,ETH,ETH-8AUG26-2040-C,8AUG26,2040,call,284,56.82,1899.52
2026-08-07,ETH,ETH-8AUG26-2040-P,8AUG26,2040,put,0,56.82,1899.74
2026-08-07,ETH,ETH-8AUG26-2050-C,8AUG26,2050,call,1528,57.61,1899.74
2026-08-07,ETH,ETH-8AUG26-2050-P,8AUG26,2050,put,0,57.61,1899.74
2026-08-07,ETH,ETH-8AUG26-2100-C,8AUG26,2100,call,580,68.58,1899.52
2026-08-07,ETH,ETH-8AUG26-2100-P,8AUG26,2100,put,0,68.58,1899.74
2026-08-07,ETH,ETH-9AUG26-1600-C,9AUG26,1600,call,0,83.06,1899.64
2026-08-07,ETH,ETH-9AUG26-1600-P,9AUG26,1600,put,242,83.06,1899.64
2026-08-07,ETH,ETH-9AUG26-1700-C,9AUG26,1700,call,0,59.75,1899.64
2026-08-07,ETH,ETH-9AUG26-1700-P,9AUG26,1700,put,233,59.75,1899.64
2026-08-07,ETH,ETH-9AUG26-1720-C,9AUG26,1720,call,0,56.43,1899.86
2026-08-07,ETH,ETH-9AUG26-1720-P,9AUG26,1720,put,56,56.43,1899.64
2026-08-07,ETH,ETH-9AUG26-1740-C,9AUG26,1740,call,0,52.11,1899.64
2026-08-07,ETH,ETH-9AUG26-1740-P,9AUG26,1740,put,8,52.11,1899.64
2026-08-07,ETH,ETH-9AUG26-1750-C,9AUG26,1750,call,0,49.58,1899.86
2026-08-07,ETH,ETH-9AUG26-1750-P,9AUG26,1750,put,0,49.58,1899.64
2026-08-07,ETH,ETH-9AUG26-1760-C,9AUG26,1760,call,0,48.04,1899.64
2026-08-07,ETH,ETH-9AUG26-1760-P,9AUG26,1760,put,1,48.04,1899.86
2026-08-07,ETH,ETH-9AUG26-1780-C,9AUG26,1780,call,0,44.59,1899.64
2026-08-07,ETH,ETH-9AUG26-1780-P,9AUG26,1780,put,193,44.59,1899.86
2026-08-07,ETH,ETH-9AUG26-1800-C,9AUG26,1800,call,0,41.52,1899.64
2026-08-07,ETH,ETH-9AUG26-1800-P,9AUG26,1800,put,11,41.52,1899.86
2026-08-07,ETH,ETH-9AUG26-1820-C,9AUG26,1820,call,42,38.91,1899.64
2026-08-07,ETH,ETH-9AUG26-1820-P,9AUG26,1820,put,75,38.91,1899.86
2026-08-07,ETH,ETH-9AUG26-1840-C,9AUG26,1840,call,15,37.16,1899.64
2026-08-07,ETH,ETH-9AUG26-1840-P,9AUG26,1840,put,114,37.16,1899.64
2026-08-07,ETH,ETH-9AUG26-1860-C,9AUG26,1860,call,31,35.53,1899.64
2026-08-07,ETH,ETH-9AUG26-1860-P,9AUG26,1860,put,634,35.53,1899.86
2026-08-07,ETH,ETH-9AUG26-1880-C,9AUG26,1880,call,20,34.61,1899.64
2026-08-07,ETH,ETH-9AUG26-1880-P,9AUG26,1880,put,192,34.61,1899.64
2026-08-07,ETH,ETH-9AUG26-1900-C,9AUG26,1900,call,91,34.65,1899.86
2026-08-07,ETH,ETH-9AUG26-1900-P,9AUG26,1900,put,28,34.65,1899.86
2026-08-07,ETH,ETH-9AUG26-1920-C,9AUG26,1920,call,137,34.68,1899.64
2026-08-07,ETH,ETH-9AUG26-1920-P,9AUG26,1920,put,55,34.68,1899.64
2026-08-07,ETH,ETH-9AUG26-1940-C,9AUG26,1940,call,40,35.67,1899.86
2026-08-07,ETH,ETH-9AUG26-1940-P,9AUG26,1940,put,0,35.67,1899.64
2026-08-07,ETH,ETH-9AUG26-1960-C,9AUG26,1960,call,2170,37.08,1899.86
2026-08-07,ETH,ETH-9AUG26-1960-P,9AUG26,1960,put,0,37.08,1899.86
2026-08-07,ETH,ETH-9AUG26-1980-C,9AUG26,1980,call,1399,38.45,1899.64
2026-08-07,ETH,ETH-9AUG26-1980-P,9AUG26,1980,put,0,38.45,1899.64
2026-08-07,ETH,ETH-9AUG26-2000-C,9AUG26,2000,call,158,40.43,1899.86
2026-08-07,ETH,ETH-9AUG26-2000-P,9AUG26,2000,put,0,40.43,1899.86
2026-08-07,ETH,ETH-9AUG26-2020-C,9AUG26,2020,call,74,42.57,1899.64
2026-08-07,ETH,ETH-9AUG26-2020-P,9AUG26,2020,put,0,42.57,1899.64
2026-08-07,ETH,ETH-9AUG26-2040-C,9AUG26,2040,call,495,44.67,1899.64
2026-08-07,ETH,ETH-9AUG26-2040-P,9AUG26,2040,put,0,44.67,1899.86
2026-08-07,ETH,ETH-9AUG26-2050-C,9AUG26,2050,call,311,46.49,1899.64
2026-08-07,ETH,ETH-9AUG26-2050-P,9AUG26,2050,put,0,46.49,1899.64
2026-08-07,ETH,ETH-9AUG26-2060-C,9AUG26,2060,call,0,47.87,1899.64
2026-08-07,ETH,ETH-9AUG26-2060-P,9AUG26,2060,put,0,47.87,1899.64
2026-08-07,ETH,ETH-9AUG26-2100-C,9AUG26,2100,call,1032,53.5,1899.64
2026-08-07,ETH,ETH-9AUG26-2100-P,9AUG26,2100,put,0,53.5,1899.64
2026-08-07,ETH,ETH-9AUG26-2200-C,9AUG26,2200,call,95,63.3,1899.86
2026-08-07,ETH,ETH-9AUG26-2200-P,9AUG26,2200,put,0,63.3,1899.64
