date,symbol,venue,mid_usd,bid_usd_2pct,ask_usd_2pct,cover_bid_pct,cover_ask_pct,levels,bids_usd_0p1pct_bins,asks_usd_0p1pct_bins,source
2026-09-03,ADA,binance,0.2013,526217,407063,5,5,6086,"[42075,58038,64503,33194,35356,55304,80855,54365,11401,5952,7458,22058,4744,5528,13472,12370,5770,2412,9668,1693,2266,3591,8337,2561,6685,3006,11224,8211,6112,216,7511,66864,492,27799,312,1069,93866,308,810,9473,14384,360,123,12425,908,8291,320,532,359,74465]","[49496,52957,36869,92022,29142,25524,33186,24020,6684,3885,12609,2825,2138,3479,10181,1813,1193,5671,12550,817,1212,5348,24042,2655,766,266,2010,1762,1003,744,628,632,330,1466,669,1693,419,1131,7614,23246,1469,261,6095,25936,609,5378,694,2084,1455,1121]",bykaranteli-depth-snapshot
2026-09-03,ADA,bybit,0.2013,208128,269616,5,5,400,"[7214,81566,37498,10728,21345,4742,10873,9619,3804,6866,1823,1096,3462,782,428,1570,1252,1461,1232,766,40381,870,955,1319,101,182,147,49,76,51,36,438,13,40,62,44,158,124,129,193,1209,46,15,12689,24,2587,44,340,38,139]","[17995,76872,45157,7778,5976,4214,74730,3114,5477,2202,875,3065,35,7040,2773,68,594,463,11070,117,30,476,141,293,149,45,171,77,182,283,78,203,175,656,26,91,191,50,328,148,122,714,144,548,253,84,2715,660,234,285]",bykaranteli-depth-snapshot
2026-09-03,ADA,coinbase,0.2012,703725,404109,5,5,8301,"[21010,163704,28280,76339,51462,46408,72975,57053,51337,42896,89037,82,0,12,14,4,100,202,2798,12,1102,1,15,16,7,1789,2,77,18,4,797,25,0,1016,146,50802,11,11,18,3050,29544,9,116,2054,788,197,1070,12,101,1380]","[23360,212266,78261,34484,30177,1961,2325,5265,50,605,4,12,814,18,1504,3124,451,423,1143,7862,74,1686,867,380,382,24,271,39,71,48806,46,379,129,702,65,85,135,1951,431,18,4,326,74,3892,30,11,74,16,4794,156]",bykaranteli-depth-snapshot
2026-09-03,ADA,kraken,0.2011,1001222,774573,5,5,1000,"[59136,34967,71506,108582,106701,168536,133289,64431,117274,49176,21153,60383,485,502,1740,0,466,0,2889,5,3751,4,8934,1286,9,2297,0,0,6292,5121,35871,9,0,276,0,1907,0,0,13,0,2865,3260,17,0,0,7350,1352,20,0,12490]","[50998,75727,55312,50074,64784,102564,81409,129278,87031,49534,10859,1141,43,0,3950,48,291,105,6374,5051,2550,8352,9421,49,213,445,253,667,122,18292,21854,140,0,132,1403,44,364,30,4645,461,9,6,820,0,2776,0,1294,1318,9,0]",bykaranteli-depth-snapshot
2026-09-03,ADA,okx,0.2013,403709,404846,5,5,800,"[12503,45721,31368,46720,88054,19408,15772,6797,32932,4194,26830,57226,463,199,392,416,12619,1094,504,496,44,1234,303,1259,45,22,492,243,125,114,59,1127,30,211,515,42,3018,766,1900,486,1286,11296,46,1054,67,1472,42,561,300,463]","[18287,54372,39351,20111,19042,23307,23876,3778,34323,3575,145372,4049,135,1998,11136,191,32,26,1499,386,534,1579,754,2579,49,523,344,1543,1299,66,70,188,161,564,14,172,1284,404,3533,32,11149,159,391,3546,60,84,123,149,5253,664]",bykaranteli-depth-snapshot
2026-09-03,AVAX,binance,7.1895,302679,425568,5,5,6443,"[35248,53430,45459,22941,42505,11449,43493,837,414,6336,2199,813,4945,2427,359,718,3966,12569,3631,8940,4194,341,6047,8098,12318,780,36621,1487,2081,8434,1067,5168,3893,3044,8175,52,2641,9289,20354,195,7046,30726,5632,11991,414,387,540,12077,588,269]","[55151,86830,39132,69909,12586,48975,7156,60121,4515,5691,179,2554,705,6706,617,2777,597,68,16214,5086,1268,197,3999,626,1862,8707,4155,5426,1825,21185,90,999,1758,272,927,7381,4010,28517,4794,2398,2961,460,352,9609,375,1012,393,356,146,714]",bykaranteli-depth-snapshot
2026-09-03,AVAX,bybit,7.1895,159033,105643,4.21,3.97,400,"[14741,19477,15397,6361,184,1013,67,38779,572,593,3713,93,14490,1712,296,101,39,78,101,41223,2460,16,148,315,912,82,1876,59,17,90,93,267,71,4628,54,30,93,1285,47,226,1166,368,203,0,0,0,0,0,0,0]","[10392,17022,14154,4770,8840,3419,729,40013,478,132,94,195,443,177,1055,301,331,126,2828,143,1109,148,572,258,93,538,51,183,32,469,668,31,1241,207,66,160,521,134,258,408,0,0,0,0,0,0,0,0,0,0]",bykaranteli-depth-snapshot
2026-09-03,AVAX,coinbase,7.1855,650214,461741,5,5,5806,"[36313,47810,104871,68523,70750,67272,30278,70009,31202,95838,22004,4,873,787,1838,78,66,63,174,1459,290,1366,1106,1845,446,13013,21,2716,1474,99,1,1377,3880,560,168,1512,2686,3,19,1665,8,5346,144,75,49,172,5068,125,0,1204]","[15513,76134,70698,36561,9607,76224,23134,24331,16669,84708,1225,23256,243,1246,598,42,54,796,670,33,4642,144,4173,7,103,7,22,5619,486,167344,14,39,5208,7,7,162,46701,9,318,50,184,351,274,22716,592,11,59,103,273,43]",bykaranteli-depth-snapshot
2026-09-03,AVAX,kraken,7.186,1106722,590983,5,5,1000,"[55214,61767,86986,171636,59764,107171,10384,9751,27773,215697,130127,8337,0,39409,417,120901,10,1248,98,31,134,23,10,2185,18214,4155,0,25721,379,14519,269343,1043,5192,83,38,50,244,15,170,3985,53,256,85,150,164,287,46,98,52,1039]","[35484,48120,33253,44988,91821,70880,13396,20007,8313,10065,52976,115518,18702,38,10098,17231,71,19,5,0,34,7566,48,120,60,0,7,49,9132,64,21547,23732,45,436,0,67,46,0,109,51,0,0,59,8188,692,35,0,1079,10407,409]",bykaranteli-depth-snapshot
2026-09-03,AVAX,okx,7.1895,305474,373360,5,5,800,"[21853,31063,22770,25543,48131,16484,22561,14874,35,51662,46256,213,2867,92,24,76,259,127,562,23,4607,12,87,178,9412,386,1442,1562,147,355,309,277,1710,183,57,107,3326,1814,24,153,17906,5026,48,374,131,3356,121,268,1108,383]","[19197,18627,23019,9858,55211,15108,877,53064,1307,564,112967,47280,1979,1053,110,725,926,215,10344,932,266,267,26,40,223,47,290,1178,68,28,121,361,238,55,851,7,2117,68,104,23,365,128,15,5038,64,1103,12,431,52,57]",bykaranteli-depth-snapshot
2026-09-03,BNB,binance,688.715,4268455,6602363,5,5,10000,"[242409,177837,262473,411952,117356,394570,477311,193722,393026,24755,181493,21444,215761,87430,17476,216438,5219,433756,245559,148467,43194,56131,84380,38888,138051,64894,26089,258757,167607,22910,101476,24843,139551,7469,53018,29823,7325,56962,24894,17584,47793,263092,12150,74568,137272,11127,70192,75981,121812,4986]","[408585,698210,155656,477270,193812,144870,356961,526570,286940,360930,270309,10939,112256,180509,744502,14398,857319,150217,592488,59620,51177,25878,85207,112990,14576,51333,21957,9509,117132,54199,421213,18873,79589,70396,14836,60452,42569,8081,607481,38175,28468,19265,316711,158102,89282,924690,67168,15555,73372,35664]",bykaranteli-depth-snapshot
2026-09-03,BNB,bybit,688.75,270065,281182,3.64,3.58,400,"[38398,178136,13741,9741,894,10739,417,38,582,195,10851,1037,923,517,548,903,806,426,170,1001,483,763,1318,1076,596,21190,1587,2243,1313,522,1126,202,67135,415,1657,1501,101,0,0,0,0,0,0,0,0,0,0,0,0,0]","[29574,187126,13652,6294,3317,4388,7006,1687,1417,18271,577,1596,405,1442,1013,509,868,537,544,959,5979,352,284,5406,1798,995,1574,869,166,368,2078,899,338,717,379,613,0,0,0,0,0,0,0,0,0,0,0,0,0,0]",bykaranteli-depth-snapshot
2026-09-03,BNB,okx,688.75,528643,796258,5,5,800,"[137395,73093,67982,55676,9575,26891,5708,15103,31101,66942,2231,5533,3097,989,3657,725,1254,6130,11438,4122,1620,1937,7960,694,4937,3296,317,22268,6506,694,4262,1568,881,3254,2715,2147,1630,3274,1186,1924,972,7755,826,2108,2683,364,935,3094,286,20905]","[132739,93605,75918,20097,33559,26189,793,26948,1169,20249,218179,712,3219,4757,422,2034,18906,101598,7578,7584,2370,1824,4276,5005,11858,2134,1475,5452,2355,2474,8174,1158,2286,3942,410,39487,23140,2487,15118,1072,525,5184,3891,6586,4130,31845,1542,1176,615,2619]",bykaranteli-depth-snapshot
2026-09-03,BTC,binance,77317.695,24443287,22558131,1.35,1.07,10000,"[6550650,3341982,1275428,1626706,1657849,541662,583591,542080,960200,687661,3614440,603064,1321294,1136680,0,0,0,0,0,0,0,0,0,0,0,0,0,0,0,0,0,0,0,0,0,0,0,0,0,0,0,0,0,0,0,0,0,0,0,0]","[8209454,1964487,2154688,2409186,1533835,580671,949856,1288172,2480281,332692,654809,0,0,0,0,0,0,0,0,0,0,0,0,0,0,0,0,0,0,0,0,0,0,0,0,0,0,0,0,0,0,0,0,0,0,0,0,0,0,0]",bykaranteli-depth-snapshot
2026-09-03,BTC,bybit,77314.15,2219720,1683242,0.19,0.13,400,"[1402132,817588,0,0,0,0,0,0,0,0,0,0,0,0,0,0,0,0,0,0,0,0,0,0,0,0,0,0,0,0,0,0,0,0,0,0,0,0,0,0,0,0,0,0,0,0,0,0,0,0]","[1241680,441562,0,0,0,0,0,0,0,0,0,0,0,0,0,0,0,0,0,0,0,0,0,0,0,0,0,0,0,0,0,0,0,0,0,0,0,0,0,0,0,0,0,0,0,0,0,0,0,0]",bykaranteli-depth-snapshot
2026-09-03,BTC,coinbase,77287.085,26836194,19071508,5,5,44290,"[2215492,4002278,1926854,2035348,4284942,301971,147666,258163,147752,212766,837191,86525,509838,674004,1123089,862829,6119910,171229,564641,353707,137409,381932,473330,898202,199605,140062,191854,557000,917859,4535919,311723,389288,386080,192617,324247,190532,707305,256013,273785,655559,344547,195012,1598555,207996,222359,358898,111138,196907,180890,1731828]","[1871438,3854694,935372,3005240,5762553,72176,483405,51593,123200,519609,333485,216689,138047,197366,96673,343551,230893,125155,57082,653287,2435479,22143,8670181,188710,438782,320574,330208,82453,1221117,135742,62120,3119700,78482,698417,233474,2796515,35182,278256,581284,21062,156262,484783,89537,72741,90525,83792,324625,33452,4550019,395798]",bykaranteli-depth-snapshot
2026-09-03,BTC,kraken,77281.35,22801052,24175077,1.81,1.16,1000,"[3761454,3887412,3993098,1719407,1715500,214389,470354,440107,185615,28640,2028793,203072,190682,324199,10280,199563,3363888,55189,9410,0,0,0,0,0,0,0,0,0,0,0,0,0,0,0,0,0,0,0,0,0,0,0,0,0,0,0,0,0,0,0]","[5985917,4008051,1812605,2298937,6952095,1198971,324203,519192,571224,87600,187746,228536,0,0,0,0,0,0,0,0,0,0,0,0,0,0,0,0,0,0,0,0,0,0,0,0,0,0,0,0,0,0,0,0,0,0,0,0,0,0]",bykaranteli-depth-snapshot
2026-09-03,BTC,okx,77316.65,5043721,2993500,0.27,0.15,800,"[2451880,2418207,173634,0,0,0,0,0,0,0,0,0,0,0,0,0,0,0,0,0,0,0,0,0,0,0,0,0,0,0,0,0,0,0,0,0,0,0,0,0,0,0,0,0,0,0,0,0,0,0]","[2220375,773125,0,0,0,0,0,0,0,0,0,0,0,0,0,0,0,0,0,0,0,0,0,0,0,0,0,0,0,0,0,0,0,0,0,0,0,0,0,0,0,0,0,0,0,0,0,0,0,0]",bykaranteli-depth-snapshot
2026-09-03,DOGE,binance,0.0817,1378577,1147855,5,5,8284,"[117519,228119,159306,222939,20645,41492,115056,8808,21664,125053,25364,5068,12986,6482,72927,24798,5123,10316,20967,133944,84519,755529,72448,110763,19777,52788,17467,126949,16551,3887,18116,95864,149736,53496,16554,332186,28503,38695,9384,19492,7211,2181,22191,15844,33112,161763,15637,7673,94333,12968]","[140876,191192,180285,119408,128692,42815,13285,3523,101233,108862,3651,2615,3549,20894,2230,26578,3409,4483,44514,5760,21990,33032,63122,10896,4853,4848,14532,52082,2125,5117,158244,869,4110,4343,681,8249,49519,13424,2828,25628,1827,13872,753,8119,1017,1588,54819,6652,3395,3354]",bykaranteli-depth-snapshot
2026-09-03,DOGE,bybit,0.0817,819748,668374,2.73,2.58,400,"[38839,274110,29485,235571,12939,7164,3009,307,213417,40,426,974,498,672,744,634,192,190,203,334,2329,80850,137,1439,484,297,189,1771,0,0,0,0,0,0,0,0,0,0,0,0,0,0,0,0,0,0,0,0,0,0]","[45508,274493,49395,250445,19728,4666,911,686,614,694,401,139,105,262,202,1532,133,1618,3642,13200,7075,782,1259,165,451,264,0,0,0,0,0,0,0,0,0,0,0,0,0,0,0,0,0,0,0,0,0,0,0,0]",bykaranteli-depth-snapshot
2026-09-03,DOGE,coinbase,0.0817,1322511,611141,5,5,9664,"[26907,238899,125201,66998,166048,95274,40668,315526,147704,184,39143,4,40855,10958,533,502,3,607,4,6494,49439,1605,340,2362,2930,252,12722,1130,259,1993,3546,31473,110456,5368,2023,201,287,6245,87,8115,1017,183,404,4511,1236,11053,381,1506,20997,1163]","[27207,201650,93876,6725,11346,68953,816,115050,55292,666,23,47,769,72,4106,23150,625,572,109,88,8,44,6523,1202,853,81,27,63,833,682,4,778,252,366,75,2289,171,46,896,25,4858,525,202,55,25,940,1926,1016,346,139]",bykaranteli-depth-snapshot
2026-09-03,DOGE,kraken,0.0817,2099256,1693759,5,5,1000,"[78178,244539,181715,169887,141763,175060,250382,354449,103849,171783,54073,51989,65900,18579,11,8294,2341,11683,30,14747,21234,149,773,138,723,477,3155,8397,3630,16183,24743,57,112,8470,8833,277,0,25,0,4132,2000,12,342961,2347,9897,2572,24,188,0,212]","[165886,176000,58137,105983,140305,254594,66877,405676,92010,42393,91329,28338,16435,23611,134,4989,12038,15,8993,17,198,29,0,100,27,8608,120,122,2368,850,39819,398,36,214,160,8454,136,4253,11,8296,21,726,0,917,11,276,1077,151,86,4]",bykaranteli-depth-snapshot
2026-09-03,DOGE,okx,0.0817,1169679,1525924,4.89,4.89,800,"[64623,68132,146608,260814,58287,12437,65794,43297,17026,10077,272614,11221,23881,5536,4264,41526,4101,6324,46782,6333,56668,528978,15599,23333,14501,2622,72266,448306,2957,11505,7924,4886,18150,82857,26156,13082,6241,9133,52461,20528,4366,14590,29165,27955,11821,155578,4104,34006,24870,0]","[69297,155015,88088,292774,33388,48421,28445,58791,1872,624726,4601,7699,9551,22592,2071,56297,2455,2284,8957,8600,4104,51431,8978,3066,9551,50480,39478,16366,4136,4885,6847,2420,4918,13878,2342,18319,4733,15371,47358,25509,1110,7423,2517,11497,1675,1311,9396,1465,4161,0]",bykaranteli-depth-snapshot
2026-09-03,ETH,binance,2391.705,13784985,13524582,3.73,3.43,10000,"[2748905,1998906,467653,963060,572920,250144,111007,48372,103883,238876,338181,83112,296536,666840,313555,1184699,173743,2178237,751022,295334,86185,570931,486281,219621,607343,583232,191953,543815,68534,607223,230315,177135,425956,589044,552218,128086,428207,109158,0,0,0,0,0,0,0,0,0,0,0,0]","[2600598,2006340,631435,984282,372463,198279,48707,316705,143574,202640,658191,240322,80780,763256,3134487,156054,448755,225178,169962,142573,657231,2250024,1060761,1950455,2790227,1874443,200326,57241,2758610,56566,879144,1026029,1226920,131205,7427,0,0,0,0,0,0,0,0,0,0,0,0,0,0,0]",bykaranteli-depth-snapshot
2026-09-03,ETH,bybit,2391.405,1656681,1098378,0.39,0.23,400,"[390177,804904,431274,30326,0,0,0,0,0,0,0,0,0,0,0,0,0,0,0,0,0,0,0,0,0,0,0,0,0,0,0,0,0,0,0,0,0,0,0,0,0,0,0,0,0,0,0,0,0,0]","[409413,609296,79669,0,0,0,0,0,0,0,0,0,0,0,0,0,0,0,0,0,0,0,0,0,0,0,0,0,0,0,0,0,0,0,0,0,0,0,0,0,0,0,0,0,0,0,0,0,0,0]",bykaranteli-depth-snapshot
2026-09-03,ETH,coinbase,2390.445,9522110,4102995,5,5,20603,"[579653,1659433,641000,482262,552594,1780890,337273,130065,416338,89034,154022,265249,408724,355859,362748,236904,732764,32310,68523,236467,16059,55063,17663,20003,67048,119659,83319,111339,9846,68470,54140,16019,81080,535641,63486,196595,78420,463864,9512,72344,5210,85240,277088,114754,625284,24674,99215,21739,20707,37390]","[634745,502992,287397,266672,78991,417493,420449,208711,196458,23959,46641,111784,161428,91880,92088,192426,102509,243308,18285,4778,168837,6624,29279,11409,197954,55753,30173,26657,3131,22401,19001,19543,17813,101519,104032,28485,52518,77098,49846,25067,47630,68345,79516,72144,1419453,346759,16277,112980,17005,4447]",bykaranteli-depth-snapshot
2026-09-03,ETH,kraken,2390.535,13386988,13755029,4.32,3.78,1000,"[2150885,2173227,3379933,1477440,1626351,177887,558435,48625,91033,74319,577191,127776,89728,1917,93280,520649,171444,11185,15527,20157,2499472,14450,131595,42007,27147,539368,14683,9783,47805,360989,15658,19758,28090,18382,13146,9088,9317,256411,14744,102460,56978,3350,93165,2912,0,0,0,0,0,0]","[2295271,1435704,3153983,1202857,738306,1096000,1040901,260543,166157,500205,40261,134055,524864,47285,500448,42396,4006,1671,68990,501124,1982441,9507,1496,25945,518340,33578,432,10353,18852,7941,96117,688,8407,10915,2271,13640,37191,2825,0,0,0,0,0,0,0,0,0,0,0,0]",bykaranteli-depth-snapshot
2026-09-03,ETH,okx,2391.545,3094887,2448922,0.39,0.26,800,"[716667,1469546,586705,321970,0,0,0,0,0,0,0,0,0,0,0,0,0,0,0,0,0,0,0,0,0,0,0,0,0,0,0,0,0,0,0,0,0,0,0,0,0,0,0,0,0,0,0,0,0,0]","[783852,1571029,94041,0,0,0,0,0,0,0,0,0,0,0,0,0,0,0,0,0,0,0,0,0,0,0,0,0,0,0,0,0,0,0,0,0,0,0,0,0,0,0,0,0,0,0,0,0,0,0]",bykaranteli-depth-snapshot
2026-09-03,LINK,binance,11.1055,457317,974347,5,5,8147,"[53565,64194,47766,35930,39956,35403,14745,15801,6803,44331,5248,7629,3631,6783,21816,3963,10574,564,29443,9173,25008,4417,4902,12973,4569,3136,17216,74919,82803,13513,6721,7114,8918,7852,1874,2432,23669,1070,95179,4123,2091,3170,645,4578,1997,54605,808,38104,9458,3973]","[46860,47042,52605,564149,21241,16153,17273,16953,69017,16832,12525,5462,7800,59431,5791,6519,917,4987,1705,1085,4985,3622,4904,1854,2855,2826,6869,365,3431,2168,2787,13333,2736,26424,8050,58564,3811,2031,1974,1685,3281,9316,1873,2373,19951,19556,8438,873,15787,4459]",bykaranteli-depth-snapshot
2026-09-03,LINK,bybit,11.1055,451836,427276,2.17,2.07,400,"[20598,13584,21160,8119,718,2575,168050,3305,518,62614,535,673,2572,1008,772,100392,553,455,42879,754,4171,1434,0,0,0,0,0,0,0,0,0,0,0,0,0,0,0,0,0,0,0,0,0,0,0,0,0,0,0,0]","[5773,11627,14311,15008,15894,3640,1604,163781,57946,106469,568,3990,3648,6652,3474,540,1202,9421,570,1158,347,0,0,0,0,0,0,0,0,0,0,0,0,0,0,0,0,0,0,0,0,0,0,0,0,0,0,0,0,0]",bykaranteli-depth-snapshot
2026-09-03,LINK,coinbase,11.101,829653,602254,5,5,8224,"[88419,203821,95317,60336,35991,588,60734,164440,2841,15684,879,662,585,694,1604,24522,546,15207,48932,7848,20801,1413,4752,2600,23492,4319,31939,11102,5960,4048,3412,3452,390,2143,6309,3307,5690,66358,6953,475,2331,143,3600,22127,31535,28065,19079,4401,1351,50905]","[30560,128976,19198,77313,58733,108829,39161,41561,81152,974,1220,189,598,3614,232,782,2225,3649,188,3102,39269,316,415,1182,417,477,21671,750,2671,321,866,265,137,115,7925,12842,148,938,529,1343,1360,901,3110,355,1679,680,564,5225,1686,3223]",bykaranteli-depth-snapshot
2026-09-03,LINK,kraken,11.1005,1780240,1486145,5,5,1000,"[88345,68399,87986,104233,95307,555085,196910,179507,147008,78436,60897,3939,2075,429,526,1895,1030,3851,4343,100037,1326,181,526,288,0,4052,123,4096,6658,741,775,2446,3705,40,30,4426,4626,0,356,29900,5121,133,4372,16890,2958,3670,0,63,2234,546]","[24198,116451,15761,53589,117608,15198,65235,758220,49689,88905,158998,4470,3990,285,100,8652,4482,150,121,43,253,4067,278,131,0,78,11,42,63,4014,516826,85192,111,1175,0,3769,0,273,250,4580,6,274,235,279,459,0,228,7840,923,2067]",bykaranteli-depth-snapshot
2026-09-03,LINK,okx,11.1055,387039,470724,4.17,4.07,800,"[43418,35784,77751,13329,68913,35872,6181,23037,2153,53492,2918,7404,2707,1899,3196,2027,181,620,5888,270,1015,1226,902,71992,206,1064,20557,17216,693,1248,1439,782,655,751,396,790,3331,132,1002,4035,1549,668,0,0,0,0,0,0,0,0]","[31895,39691,54001,27947,44779,12156,2492,4157,4430,1956,226922,2168,8578,1609,2415,3939,65,218,1073,233,1286,649,120,3562,1674,2594,201,105,1109,66,537,755,338,160,2953,2965,1189,6970,357,1790,108,0,0,0,0,0,0,0,0,0]",bykaranteli-depth-snapshot
2026-09-03,LTC,binance,49.685,544822,548635,5,5,6511,"[40877,65146,89049,27806,19471,20839,31697,8248,104504,7000,2714,2667,1061,104036,5016,8865,693,509,225,4398,4509,18793,1356,27922,212,22717,126,20527,322,1105,344,1344,877,45271,160,2016,214,10029,1440,2161,318,4321,2773,7854,1247,1972,1944,143,2275,1053]","[40346,88931,35511,61038,41301,23901,37018,23228,135323,28164,3003,1271,1457,1765,4526,2477,6518,648,11846,363,1231,508,620,9322,4606,578,101909,2284,571,258,883,812,4023,498,286,914,7164,381,516,772,92546,12154,1639,3971,3156,222,13484,2229,1204,341]",bykaranteli-depth-snapshot
2026-09-03,LTC,bybit,49.685,207912,212775,4.06,4.06,400,"[16988,81660,41990,17329,10258,10126,12583,2884,1508,1054,214,1417,5668,1604,407,120,91,188,105,1717,95,252,361,1782,113,77,55,226,54,400,202,828,69,1877,259,1656,1785,444,86,71,120,0,0,0,0,0,0,0,0,0]","[6794,96016,39364,16446,14546,13732,8325,1516,4844,1471,1377,1348,951,1184,234,916,2417,461,624,206,253,387,702,401,558,113,3100,925,74,131,382,202,178,168,708,581,1384,681,172,90,76,0,0,0,0,0,0,0,0,0]",bykaranteli-depth-snapshot
2026-09-03,LTC,coinbase,49.6625,609682,524307,5,5,5441,"[32721,76582,77627,98446,52017,34516,69033,60455,26125,10,60320,18,993,8,1,24,70,109,0,20606,9,52,1001,609,230,279,20597,439,1460,102,335,1279,179,2760,1221,294,135,424,115,101,164,129,327,481,111,114,172,152,1334,56]","[15812,86294,63657,48008,57396,67712,57900,77457,16539,2765,2454,1008,396,48,98,0,24400,172,1347,848,577,151,23,21496,4379,25,5112,8071,10,33,1106,464,168,21,14,9,14804,100,24,1994,0,124,37115,547,0,28,147,575,32,70]",bykaranteli-depth-snapshot
2026-09-03,LTC,kraken,49.67,985461,909764,5,5,1000,"[21720,86570,92211,102089,61834,123569,59456,57819,11898,283434,51526,0,3067,701,25391,22,0,3176,271,708,0,543,9,9918,138,3527,55,67,0,289110,39733,0,3459,1035,137,0,1011,49,749,10,608,31,2759,82,830,47,20,165,72,30]","[28515,46636,72548,62614,71288,52156,105991,95885,65424,5885,279625,18447,25,2938,787,22,9,968,0,0,3668,121,112,992,0,51,4598,806,1118,211,368268,19,0,127,759,265,955,630,80,29,760,21,0,26,19,51,525,23072,652,21]",bykaranteli-depth-snapshot
2026-09-03,LTC,okx,49.685,487836,540590,5,5,800,"[27311,105431,92529,38547,32968,14250,18090,23198,341,52654,208,5120,1084,6373,307,828,195,61803,5700,898,1013,1359,624,10260,1116,986,648,859,899,2674,2864,7932,1328,6328,220,1227,623,1766,637,1672,1416,1211,22689,10078,829,1027,796,201,1766,923]","[45607,107256,193640,19984,34368,593,17327,25404,28756,48,21916,2278,2749,785,1684,427,30956,645,5623,541,3047,209,1258,675,608,241,95159,226,1788,229,941,445,2871,292,873,828,2819,318,788,231,1255,629,1019,130,466,1168,8529,165,388,430]",bykaranteli-depth-snapshot
2026-09-03,SOL,binance,100.375,3669725,5157604,5,5,10000,"[819431,1296236,230387,168504,133535,258107,32949,23879,15829,178689,15387,144292,62716,85115,20194,51607,31714,25054,30203,45898,164245,42831,15094,236782,147956,49261,31258,24256,110053,80009,51207,5668597,36588,873807,320016,60897,47173,69605,114359,72770,29095,33254,39240,1192279,16829,57959,106932,163298,131569,170233]","[381532,1271275,1150993,443922,168781,150446,340491,70654,97315,261164,17550,69567,19307,22280,33054,75127,424818,26400,93883,39045,71009,73460,51292,8191,32255,89721,523601,49121,64226,51514,25807,41630,35127,37886,201951,24492,423832,65959,62604,35935,27919,78648,109059,18644,66555,101939,682634,51519,30662,26767]",bykaranteli-depth-snapshot
2026-09-03,SOL,bybit,100.375,2006322,1543918,2.02,1.99,400,"[102744,610358,242634,5935,15157,258739,31438,3363,22008,2417,22415,12698,3329,4950,3952,642067,1550,7069,4525,8972,5459,0,0,0,0,0,0,0,0,0,0,0,0,0,0,0,0,0,0,0,0,0,0,0,0,0,0,0,0,0]","[87529,281063,296568,7755,188484,4295,178355,268310,3549,25106,18702,66773,9605,3764,2788,2359,15836,24828,55081,3169,0,0,0,0,0,0,0,0,0,0,0,0,0,0,0,0,0,0,0,0,0,0,0,0,0,0,0,0,0,0]",bykaranteli-depth-snapshot
2026-09-03,SOL,coinbase,100.35,7342253,4053140,5,5,13762,"[309671,522512,627137,376070,361045,401805,629822,973001,98283,92003,202306,1091,398012,418700,471117,397566,646304,407347,6718,1742,46563,1464,2512,180871,8921,26574,1509,24021,2265,7022,3450,28086,6056,57004,17803,22540,120331,42884,34797,15635,91037,59037,1867,160286,5938,41699,13192,21280,15618,4725]","[345246,336974,548162,419258,365999,344447,70821,851338,169704,73577,24930,67591,8583,1271,251866,6799,152460,5546,530,8036,1080,20776,2793,20543,12929,17155,33864,11420,2617,1802,145560,13016,989,1117,105409,8680,63645,686,177,133147,1758,1008911,83134,17571,19927,12202,276468,11085,51724,42673]",bykaranteli-depth-snapshot
2026-09-03,SOL,kraken,100.345,3549907,3135683,5,5,1000,"[460708,479064,548864,37365,412254,416407,86357,32064,77223,693637,2882,69257,42574,185088,972,1009,2822,424,741,197,661,10,0,199973,12982,5571,80,650,5484,29898,3927541,4461,124581,17948,24159,1048,49720,102887,38598,3273,22651,39130,16285,26190,177,13939,20241,17686,5853,3030]","[593655,424099,279788,459737,454887,377241,35815,132527,16484,220,334027,464,507,426,2155,1949,4566,1834,376,14928,540,10985,381,649,758,5436,2078723,162,6878,12924,41063,1396,3795,2806,2143,4108,33542,399,627,206,4783,26642,13348,287,781,2239,59532,3329,937,663]",bykaranteli-depth-snapshot
2026-09-03,SOL,okx,100.395,1927075,2186621,3.98,3.98,800,"[154144,146317,377808,218134,121099,304651,265305,98996,4608,47061,61713,10708,10771,14312,3735,8142,4141,13091,55393,6944,6790,10924,8865,70775,51110,47627,7464,11295,77736,9504,26288,19458,49117,130675,78097,21366,8055,32943,156961,6682,0,0,0,0,0,0,0,0,0,0]","[203421,161747,358691,43308,113561,14470,61930,17311,269285,12621,690295,51490,22918,18663,39407,59228,13909,8675,17569,8123,38639,5304,14190,30316,6934,50619,8669,13893,14564,14664,35183,25296,15029,17361,17324,183650,178544,50693,33611,11913,0,0,0,0,0,0,0,0,0,0]",bykaranteli-depth-snapshot
2026-09-03,XRP,binance,1.3498,1979031,2205539,5,5,10000,"[255946,258587,160764,93691,167065,279061,233813,138699,10391,85753,722,19147,1915,31620,23718,59562,118745,8217,27469,4145,10748,42695,84465,19028,10422,44011,29831,5104,64257,345607,14838,8480,24070,100904,41598,22650,603085,42729,8272,771294,58892,14316,34703,10828,211652,19034,10066,46259,91912,57586]","[195710,201527,314348,89228,20768,262419,284441,390266,131943,4102,56133,54345,19393,69057,32737,27218,11573,17003,19115,4215,34204,16501,102799,37655,39558,7007,64300,3535,25228,584350,7209,19010,18812,66232,19943,3666,48927,486224,4434,31964,289850,15424,8799,34175,202397,334985,4369,3368,13339,9041]",bykaranteli-depth-snapshot
2026-09-03,XRP,bybit,1.3499,768045,450307,1.73,1.53,400,"[50006,211865,14884,3664,1957,3964,83054,216164,805,2036,2197,5424,1526,207,168453,1024,670,144,0,0,0,0,0,0,0,0,0,0,0,0,0,0,0,0,0,0,0,0,0,0,0,0,0,0,0,0,0,0,0,0]","[32502,214290,34252,14744,13386,84669,9093,6613,5160,20921,910,2651,4057,586,6274,198,0,0,0,0,0,0,0,0,0,0,0,0,0,0,0,0,0,0,0,0,0,0,0,0,0,0,0,0,0,0,0,0,0,0]",bykaranteli-depth-snapshot
2026-09-03,XRP,coinbase,1.3497,7474397,4787050,5,5,14971,"[215727,310861,587264,360436,164747,347797,443784,462593,1005763,424948,88763,2238,598739,709618,416998,407211,409877,400513,114852,1667,40588,2798,136696,11702,25394,112106,581,121506,5634,315098,6752,47768,136139,32516,7593,11192,1872080,9117,94725,4921,26208,22270,20314,101898,267639,61937,16039,41284,241176,66858]","[344931,486639,198988,501307,463358,213175,146349,397833,27372,724622,81354,282100,84022,161206,88039,198583,88372,93108,153318,52374,15501,2360,19462,15521,15585,44165,9564,1121,2415,65532,16135,2121,5627,225773,12313,4168,5874,108847,3278,1577,63625,3456,6215,3822,28719,25190,3114,9685,75670,3431]",bykaranteli-depth-snapshot
2026-09-03,XRP,kraken,1.3497,6325747,5318139,5,5,1000,"[428513,724046,657392,1091053,1332659,477897,261476,740658,213457,138540,62,39524,123877,39968,13534,9400,3370,21982,7596,743,3473,631,6240,138,17,26232,6282,4648,44,51946,3079029,3650,21050,98550,11226,4502,377721,844,66782,27705,77079,32783,26933,18334,28509,78011,16215,48445,175,273]","[273339,495196,389450,874734,1329136,899572,300966,170374,197185,43590,29978,85232,128801,49977,45800,4015,314,229,70,182,36459,59,17701,1080,133,169,23701,37699,18443,27401,33806,910,1178,14096,9111,32195,376,48589,621,11293,1872,1051,984,144,1632010,431,6084,216,707,82]",bykaranteli-depth-snapshot
2026-09-03,XRP,okx,1.35,1116543,1907152,3.13,3.03,800,"[245696,134992,307394,43746,43379,9097,3979,3380,213949,52476,1513,6838,19469,627,11937,294,2192,2438,12660,486,1065,2300,23633,2519,534,3527,2783,4879,3491,20272,2241,1865,0,0,0,0,0,0,0,0,0,0,0,0,0,0,0,0,0,0]","[86236,115339,62916,704446,10500,20658,6443,43538,212785,9817,571029,1512,44230,807,5045,272,772,1977,7091,1741,703,42896,113272,606,1002,4794,1060,1974,4996,17732,459,0,0,0,0,0,0,0,0,0,0,0,0,0,0,0,0,0,0,0]",bykaranteli-depth-snapshot
2026-09-04,ADA,binance,0.2212,484691,618462,20,20,6297,"[22083,73824,66127,24602,68625,58145,33405,21112,22604,15384,2667,33680,14525,2224,15168,1993,3186,2115,1872,1351,33556,8532,210,8106,718,5022,1390,22996,176,507,1375,288,8579,375,6307,426,18152,1032,119,13234,407,6313,6283,2982,12327,9389,343,344,254,4393,102211,700,682,509,4647,1708,162,1049,1242,18165,2016,1310,238,5330,7541,481,1886,2681,17006,205,882,271,775,14676,426,618,4895,3343,287,1431,907,402,9917,10316,64989,24735,8557,2668,502,2220,1782,3856,313,841,174,94999,2764,303,6307,408,3018,1251,1742,19953,6151,1109,872,223,529,869,168,1597,967,23687,2860,5157,576,7566,86292,352,28321,746,8361,1391,1501,460,681,4213,2260,10219,1738,26582,847,427,74099,1018,4406,768,2033,1866,137921,1008,12750,1967,4318,5613,3590,4539,258,6250,362,1806,6520,4136,7618,710,6365,24983,44889,1493,4503,1852,295,39737,2130,1108,882,1531,552,1276,688,358,18970,903,6515,799,2259,13484,1230,426,736,39238,5906,1972,5184,710,220723,330,5639,212,11380,6385,7618,127,432,8784,26204,3032,1152,3062]","[47875,105002,83586,49241,61621,62114,28829,38819,24806,2915,6633,4091,4178,2303,10468,70870,3968,7999,270,2876,33525,42767,3938,2452,9414,1018,23129,895,2415,7224,15703,2279,784,1371,1272,10517,1154,576,8951,6582,313147,9019,1858,1266,6168,978,1574,624,3125,37316,1133,861,19579,1093,2496,1571,1203,1382,3388,2014,993,12714,37874,2587,956,422,820,14196,7099,1635,656,978,524,21476,235,4821,1510,689,2642,13580,4858,806,1732,472,4533,175123,1201,509,2334,21588,660,868,5859,962,3299,1190,1020,444,29086,676,803,1369,630,1882,981,1077,1224,57099,606,644,4120,542,2362,397,220,2465,74008,351,1584,552,7244,4915,7653,2045,909,16949,329,5402,2821,2684,380141,499,6870,277,17410,3070,1224,853,609,5995,2357,9419,492,993,3493,1614,3345,28375,22332,479,6779,1022,2562,46960,12776,17711,4391,4087,2121,900,613,6279,5950,1937,1272,886,77091,7320,11191,770,3146,108001,6104,291,1400,99997,4670,635,408,2613,1143,2042,3468,1298,4009,4814,15614,7804,858,3311,397,356,278,18969,501,712,1470,362,33419,4202]",bykaranteli-depth-snapshot
2026-09-04,ADA,bybit,0.2212,196837,175570,20,20,2000,"[22385,105111,35735,6069,4389,2946,3879,4080,2417,1835,1913,1292,808,1340,1067,463,569,134,310,94,411,648,652,236,54,264,117,571,45,63,196,39,263,52,271,138,224,1453,25,101,146,246,193,133,66,199,189,15,80,445,6234,311,81,37,419,41,24,186,72,223,99,170,90,210,163,330,75,68,1578,93,92,76,331,371,64,29,86,255,267,150,26,37,248,182,79,46,3512,105,43,121,310,275,254,55,78,10350,322,55,57,60,136,246,28,28,206,230,702,90,129,167,96,84,114,200,20,112,85,36,403,16,106,190,196,189,110,108,36,122,37,72,75,2305,32,292,67,81,383,35,54,323,13394,215,47,78,519,559,770,50,121,150,126,90,10751,53,892,29,23,287,310,101,198,42,264,3902,54,14,310,1202,94,5220,23,140,165,244,399,85,167,227,130,43,367,598,498,210,36,27,26538,38,1468,193,707,67,142,5282,203,880,38,35,280,126]","[7269,98620,27449,4179,3274,2961,2884,4385,2217,1293,1315,593,6074,851,10823,436,576,221,44,106,450,1780,1696,152,1659,122,251,232,165,175,784,73,96,113,115,210,63,104,245,84,8094,36,81,536,1094,90,53,81,2018,2809,20037,181,103,311,640,229,1195,734,172,703,442,57,1772,169,907,6058,133,335,137,281,53,414,153,275,191,24524,280,18,140,248,293,101,120,175,403,9615,250,249,99,112,1420,81,649,297,3026,118,373,50,297,161,186,5783,116,223,36,89,1926,670,329,102,289,140,148,167,191,1298,170,251,17,273,148,1707,234,108,195,1435,36,532,555,132,5018,20,122,149,1504,100,188,66,83,4105,182,157,56,62,699,203,53,661,618,54,224,148,253,13461,175,69,28,911,112,164,30,1431,554,260,463,297,1884,739,600,2027,174,216,314,60,348,38569,148,261,527,855,521,390,3495,86,2478,239,346,532,250,259,70,5850,212,164,229,155,109,225,4921,55]",bykaranteli-depth-snapshot
2026-09-04,ADA,coinbase,0.2212,631843,473969,20,20,8162,"[33361,141607,64477,81659,76378,66432,1326,47682,94103,37,55,48,21,16285,183,23,1082,1640,5324,120,28,1766,79,11104,82,39,5346,5136,2175,138,221,34,317,1993,1348,139,55,104,2048,36,5544,145,2168,98,459,489,156,992,16,1137,3012,228,1507,12,181,272,185,131,65,1332,41,43,155,228,244,7,131,360,114393,348,1004,216,130,4507,225,195,980,89,10,338,130,8,1678,11,545,2199,159,147,651,50,75,155,426,16,23411,8112,2770,122,463,89,338,18,19,78,26562,77,145,84,58,27,71,16,181,1098,47,76,12,8,29424,218,786,4,453,13,2,16,2279,27157,4,1185,754,2394,6269,64,44,23,6407,8,41,106,46662,19,314,214,357,540,4680,104,230,675,14,138,152,30,166,18,1427,904,3125,26,34,88,148,12804,11,997,25,4447,216,45,103,565,531737,10,27,4,0,3886,323,264,2330,1532,4216,292,907,93,29177,9,10,1485,3286,5464,9,515,546,137009,43,233,7,4302]","[16848,272838,46435,75707,2219,278,111,6764,25,85,8,4,6713,54,105,73,3373,2134,206,39987,33276,3310,58,206,1146,89,1660,1655,12815,502,673,3,4479,61,167,350,468,567,327,96654,22901,711,158,112,269,20,3260,239,34,168,62,9125,264,7503,277,628,0,20,1882,193,435,350,4823,40,116,117,7,1612,22,3423,8827,68,83,108,10,40,276,215,158,75,56405,103,298,3,21,12994,237,91,88,49,14,132,665,5,527,20,6389,189,870,67,6173,224,102,190,1058,235,269,9933,108,5298,191,208,161,382,251,153,1370,146,96,485,160,274,141,76,1433,2712,97,83,11148,100,72666,143,159,226,243,98,177,14,202,128,179,328,155,78,2352,40,66,219,95,0,5760,9113,69,13411,1365,681,22,19049,6,63,69,847,5492,319,34,9,26754,109089,2963,380,357,3239,1931,1272,1216,57590,0,94,25,5,91,99,252,103,83,11,3679,169,306,6,84,4798,63,174,6,106,0,41,1777,327]",bykaranteli-depth-snapshot
2026-09-04,ADA,kraken,0.2211,957638,753411,11.38,20,1000,"[87783,91515,63311,149239,83570,145790,98472,5144,112376,44002,67145,562,604,33,380,1931,4038,1637,17,87,31,8763,2550,2604,112,234,60,510,60,533,42008,112,172,335,482,60,235,80,128,94,3277,694,10915,2677,99,59,438,76,59,823,105,37,17,95,6077,150,38,25,313,2447,17,17,17,36,42,17,17,198,525,16,23,25,371654,149,1516,16,37,1101,25,16,33,298,24,146,7275,25,520,10377,250,33,16,722,599,166,179,5588,160,267,334,0,67,41,25283,0,377,25,0,0,5,181,0,53,62,22,0,0,0,0,0,0,0,0,0,0,0,0,0,0,0,0,0,0,0,0,0,0,0,0,0,0,0,0,0,0,0,0,0,0,0,0,0,0,0,0,0,0,0,0,0,0,0,0,0,0,0,0,0,0,0,0,0,0,0,0,0,0,0,0,0,0,0,0,0,0,0,0,0,0,0,0,0,0,0,0,0,0,0,0,0,0]","[66870,84488,48477,142390,20,115734,129847,51856,49030,52651,1710,86,9,190,2484,402,221,1460,3338,2149,79,932,18406,710,5267,92,93,543,130,23153,17080,4251,7,17059,85,11730,27,366,503,157,7018,159,14,476,13,25,35,47,252,291,0,12191,51,256,0,47,17,21567,2032,2523,0,273,537,136,23,11894,5,9,0,121,301,132,68,63,13,27,806,0,42212,38,72,0,0,826,18,3515,0,0,0,0,0,9,0,17,199,13,12128,251,50,9,0,11,0,356,60291,0,0,1954,9,7,0,0,244,0,18,0,99,40,0,0,318,30,0,20773,27,18,31,0,0,13,29448,0,291,9,18,0,74,0,0,34909,0,12649,0,178,29,0,0,0,2540,1427,381579,0,0,7469,18,0,0,85920,0,20,578,7300,7783,0,330,18,169,9,103,327,2794,38,21,109,60,30268,9,0,21,0,0,56,20,0,13,42,18,13128,0,0,0,321,0,51,9,20,18,0,123942,30]",bykaranteli-depth-snapshot
2026-09-04,ADA,okx,0.2213,365631,449852,20,20,6517,"[25636,69161,87429,29900,27760,27886,31271,7481,28914,1756,1420,10454,922,11969,627,212,2502,131,174,25,257,333,66,1690,32,3674,201,24,417,440,1466,126,2464,87,330,738,1970,1542,35,613,190,1096,11502,188,1771,466,492,266,345,64,2658,895,33,157,100,3685,405,1181,4093,4188,162,109,202,300,12785,409,1005,635,304,113,80,1159,106,7569,30,1038,118,1604,40,39,54,247,242,1316,1116,90,128,205,295,2163,664,1195,95,72,78,1077,8806,226,1059,413,2896,2841,24,46,672,3005,68,139,193,1004,431,1233,65,77,1745,3256,169,131,1824,43,211,237,49,4009,872,1213,209,1134,36,223,944,113,3635,27,150,655,1111,84,115506,365,276,10218,107,354,233,1072,3457,1028,118,77,1219,20,1336,357,58,149,701,376,14,1220,4494,87,184,4580,515,41,1018,208,305,84,324,541,1062,408,18,339,124,2482,648,1078,44,3293,1222,414,87,179,41913,26,33,67,4657,522,26,949,22,1160,83,203,16,89]","[20806,52199,46528,52147,32909,8023,44979,40042,3589,1690,131167,822,270,675,11898,40,1481,57,34,497,165,993,158,1206,478,1438,155,114,133,17,7327,27,2396,350,5699,371,64,1230,151,5545,11499,409,59,428,1340,94,303,48,2075,329,1327,600,368,174,479,87,223,1416,98,301,21,46,350,316,2617,92,103,61,657,4138,69,1396,454,462,264,737,28,1333,41,185,665,36,125,154,28874,151,201,855,170,107,98,1402,15,349,52,842,1110,4552,1362,237,146,611,1405,59,75,1389,367,87742,35,241,108,2778,165,287,217,169,233,423,1386,54,628,78,142,115,423,1523,35,92,375,19328,98,151,1375,58,148,197,75,34,2985,630,43,262,47,80,247,1460,99,687,120,7776,273,40,8637,49,163,92,1859,506,54,2265,9646,187,123,298,490,22,4146,227,4955,5264,202,515,1382,53,211,10766,82,105,68,2020,27,4778,354,97,83,100,3008,70,73,22,228,31,101,1759,78,225,106,510,60,103]",bykaranteli-depth-snapshot
2026-09-04,AVAX,binance,7.5175,239847,385021,20,20,6640,"[50247,31714,46473,11508,9781,51626,1036,1485,8660,3799,350,354,7765,166,262,3232,224,294,3302,7569,240,204,10575,84,1542,101,408,3490,6574,69,447,296,2241,6098,366,3422,39451,831,3914,856,152,451,12214,3025,5136,91,25728,38,10162,75,7641,1304,4984,366,15879,33402,51,1037,356,371,757,1147,30338,1174,102,4663,13942,11950,37373,616,1281,10131,1194,123,1042,2131,2286,76,2468,1923,20320,147,8946,30548,16905,14,368,588,10401,956,594,530,3051,25577,11371,35003,273,2169,9096,824,1074,331,9729,3725,829,2262,966,3542,13951,517,303,1833,405,118,14981,906,782,219,77,30,49058,2562,66880,788,1852,188,328,269,10150,64,2960,4394,8065,437,54747,260370,190,44,10249,41540,1447,4911,6622,111,391,3147,112,2165,13838,2295,1330,1048,133,200,124,17003,7757,9075,3959,459,190270,37341,817,3983,1540,6540,281,2120,16461,162,7216,55,14246,1055,318,23874,34,1469,536,5346,401,4895,38,3653,2043,10021,797,1369,14425,562,206,569,940,848,445,1439,758,1413,514,985]","[54710,40777,47576,45215,19441,38872,54456,16222,567,12002,13723,793,723,4445,21241,126,7848,5118,835,329,1357,15218,882,91,27456,290,11530,2307,619,1992,1990,218,691,1343,1397,905,553,25993,4571,304,2265,391,406,200,573,245,166,81,259,484,4571,227,372,422,6204,101,724,4559,290,541,182,192,13323,275,30912,72,350,83,196,101,2862,159,466,502,5977,33,3727,13200,392,104,3335,99,3232,547,884,427,1069,61,1995,88,19832,163,80,36091,73,13,815,13988,465,300,152,857,4147,317,15477,2858,29815,107,410,320,875,26,703,2632,6266,3177,184,12942,1776,163,96,234,162,81,9684,149,1778,207,189,172,43275,3188,2620,56,433,65,233,493,1376,308,1193,4609,222,3760,0,151,713,315,6,2568,484,192,142,101,137,145,163,18704,2600,2121,44,2541,86,320,323,963,125,705,6,156,4095,145,114,112,746,10507,690,41737,183,533,475,2301,91637,6911,53,189,93,1511,20127,352,2225,122,56,1238,77179,51208,2422,31451,1654,2759]",bykaranteli-depth-snapshot
2026-09-04,AVAX,bybit,7.5205,99993,103146,20,20,2000,"[11921,16952,12740,9414,3800,1951,967,39029,614,707,540,211,54,50,286,83,222,85,182,185,101,64,166,12,778,137,313,49,19,172,157,145,34,23,87,330,12,141,114,87,160,455,223,80,43,52,544,131,2701,248,1846,58,122,251,92,1056,80,104,83,40,31,96,156,179,13,258,178,931,9,1631,65,47,81,82,193,4525,209,120,84,133,52,214,230,111,378,220,3108,200,145,4815,1126,275,40,338,54,884,125,351,80,35,189,205,148,615,466,1274,320,25,94,1687,219,51,144,160,87,1015,30,34,91,221,67,1264,752,184,49,103,90,265,8,2062,226,412,682,217,5,3065,10,89,73,179,23,75,51821,100,657,55,405,236,663,15,49,151,642,84,25,770,101,20,676,100,710,31,1691,77,1436,82,103,813,188,61,151,179,169,182,252,928,35,15,79,654,223,52,703,22,52,68,3421,322,45,149,780,81,9,12,128,2821,1086,5,88,30]","[15359,9377,13785,5078,7678,565,39540,89,695,42,3024,566,294,776,617,195,1675,770,286,2735,438,185,94,154,1073,43,137,57,479,440,137,134,97,65,242,11632,31,219,373,70,72,186,139,277,89,98,213,101,193,116,128,43,115,46,59,131,12,43,929,75,189,169,34,1090,65,21,104,94,46,255,140,52,15,95,168,21,236,33124,2386,314,17,25,52,1720,9,284,19,357,26,109,366,43,0,95,233,209,82,40,48,35,680,113,137,685,371,429,62,234,170,3,295,77,258,122,121,23,259,123,42,57,26,176,115,76,107,168,27,111,134,11,1885,134,81,184,52,138,134,21,77,89,40,13,234,169,219,142,14,172,149,20,120,76,128,12,67,196,258,7,822,74,212,173,16,136,71,39,92,37,116,9,260,118,99,24,110,49,180,11,324,10,143,861,112,523,525,73,46,130,52,249,1129,210,159,12,46,117,2084,261,39,178]",bykaranteli-depth-snapshot
2026-09-04,AVAX,coinbase,7.5185,684132,405768,20,20,5838,"[52608,74258,111508,27420,96475,31256,635,83211,40352,127380,25919,118,5545,739,127,243,277,1220,4806,35,5,1451,167,642,37,258,23,1031,787,287,80,53,5,1121,23,5125,198,40,21,81,2,31,109,52,11,440,36,78,1079,112,23,42,61,166,123022,4654,755,37,1876,175,70,48,417,1484,456,1029,10397,544,13415,367,2563,0,71,29,57,3259,88,222,368,503,15,72,701,2411,152,0,15,152,5086,50,5,1169,80,0,56,15684,114,189,217,586,672,45,1880,245,373,0,4231,42,10473,2202,3218,38,4,0,84,286,137,0,26,626,401,0,6603,673,149,6,122,200,401,0,77206,37,40,71,62,23186,679,0,506,160,502,3019,32,1,574,26,5,250,1661,20,139,31,26,20,37,146,20,2,667,0,49,57,27437,315,0,6,2,2,401,32,2,37,213,19,104,510,0,0,283,45,686,56,4952,625,5,35,1101,216,11644,990,808,426,416,2,0,1415,91,1520,0,284]","[28210,62182,73368,23563,31471,43416,793,32713,3115,32798,69878,174,564,523,267,47,228,153,608,1696,614,3,43,9,131,0,5053,57,22,26,2748,255,5,89,347,62314,123976,940,3230,11,72,303,239,3,93,11,4382,414,54,907,449,40,101,1650,433,5,7,61,1679,1274,38,108,79,0,8031,46,324,325,69,0,6,32,20731,76,3,4,70,3378,26,0,120,31,2,67,2,3,11,3744,16,64,1812,35,26,76,24,264,13,6056,7,5,26,3206,63,5149,10,25,442,36,341,8,1352,71,0,16,75,6877,24,1271,3,54,0,23225,20,2349,1,903,33,0,18,16,885,64,32,428,1931,0,1,5722,0,295,0,40,13,46,32,459,16,3,4,28,4598,817,0,0,64,2,18,1704,5,1195,0,2,24,117,0,11,39,0,18,446,3673,4,0,2,22,442,0,471,255,35,18,16,473,517,7077,19,131,20,0,172,77,1397,0,9,53,43,4,14369,20,0]",bykaranteli-depth-snapshot
2026-09-04,AVAX,kraken,7.518,1097202,489863,20,20,1000,"[41486,65039,74703,100970,83812,143429,0,28217,137365,44873,115484,120315,8407,0,420,132569,41,72,0,0,249,0,326,7,0,28,86,0,10,17733,280592,19,352,0,0,8920,21,0,0,0,63,112,12436,5,6692,87,19,173,15040,830,16,98,289,9831,36,454,14,0,22425,10057,163,98,5514,2087,0,33,1140,18151,4078,0,25744,381,140,0,43,5104,38,5,157,15,123,69,3303,0,341,50,164,234,54,98,52,250,63,22,36,7000,50,71,126,165,270,18,10,80,30,769,0,21,3216,715,12,233,37,0,1069,24,87,0,0,0,300,28,6066,1001,40,63,63,7,115,94,6,228,7,6,0,67612,20,7,99,100,43,21,5090,13,761,0,0,6,1521,0,0,259,6,7,544,2858,5,303,221,37,4,14,3000,335,0,6,16,821,58,0,718,5,120,1734,14,4395,20,0,1005,43,0,923,0,0,14,9614,11,48,1508,0,1750,43,0,300,6,0,0,0,0,47]","[30316,41500,36632,40105,60377,45689,8115,0,28420,33937,132486,14382,169,8409,62,77,8733,271,183,0,107,0,18,7,2127,106,151,274,227,98,44207,14,155,17,6,66,88,614,0,1379,98,0,2588,34,107,185,32,275,0,35,693,316,218,0,2643,0,22,57,41,0,0,98,0,149,395,6,375,0,4,0,152,0,98,0,35,0,27,483,0,64,3654,0,0,133,0,6,285,63,0,0,316,101,0,0,332,0,0,263,22,0,4,0,27,5,1020,7,425,0,22,6,88,110,0,0,0,99,0,148,280,97,0,0,111,37,0,7,296,0,0,105,1139,0,7,0,7,0,0,6,0,44,98,22,322799,300,0,5619,308,66,0,875,0,0,120,7,0,41,38,0,78,0,7,0,81,278,120,0,306,14,0,0,10,65,0,38,0,29,98,66,0,0,0,0,7,3828,0,0,312,168,98,7,2685,39,0,0,125,9790,0,1217,6,60]",bykaranteli-depth-snapshot
2026-09-04,AVAX,okx,7.5185,292437,399355,20,20,7188,"[45508,22907,22332,27841,48719,22610,23515,15758,32,9626,48519,233,1767,176,23,738,60,121,208,1746,620,137,244,96,64,137,145,191,28,388,721,197,37,21,102,590,206,73,21,47,179,1122,875,40,16,208,197,105,169,32,263,123,49,85,209,3367,96,49,261,288,13008,33,1278,174,91,29,222,7923,1048,44,148,357,183,68,1903,116,62,42,113,1572,25,70,5000,5027,98,92,44,3364,238,581,634,53,4976,41,136,1015,73,68,117,65,44,17,175,78,55,71,38,15,5336,169,159,59,22,30,500,294,101,80,25,14,42,99,1636,252,90,24,135,58,7655,60,403,76,216,154,1964,14640,59,77,7,140,171,47,36,8,60,5501,80,2249,3411,88,274,441,54,8,46,1065,8,461,76,9,26,75,2277,23,7,39,26,17,4232,58,53,9,37,16,898,224,33,7,21,78,55,31,491,15,513,93,26,3557,760,291,9,924,114,164,16,203,27,114,27,2036]","[23114,31355,39093,11689,41479,23315,23663,587,16256,104,168894,122,2299,3195,223,43,12666,565,677,14,195,42,1215,351,681,71,86,203,331,104,1329,184,117,114,169,21,238,1371,11,272,201,1215,45,161,542,313,33,64,235,1096,684,96,1997,169,154,19,52,146,43,70,210,1648,96,36,2401,1568,31,64,56,53,208,15,140,29,381,27,1238,658,464,208,869,221,47,58,7,173,48,128,9148,17,3084,1295,49,96,14,22,21,191,35,61,23,157,51,2040,6,58,1086,115,3,95,159,124,100,23,132,1118,31,262,16,19,5,88,25,1017,5,91,50,711,362,122,677,72,30,25,24,16,31,20,57,201,41,66,29,450,32,39,86,465,36,697,70,68,6,45,14,53,48,49,188,36,12,113,266,190,8,59,44,43,16,59,44339,13763,44,143,29,18,40,47,70,52,23,56,17,59,4,45,48,36,9,230,17,65,13,711,55,38,35,10168,104,24]",bykaranteli-depth-snapshot
2026-09-04,BNB,binance,725.215,4182679,7302543,20,20,10867,"[211576,259411,112058,424771,85451,374544,298375,571600,176668,316573,11360,322800,93573,113544,101619,15621,47050,9803,593757,42525,57386,3478,13929,111620,137789,7900,28794,113441,4940,22138,51625,9804,34305,94169,276008,10935,25557,11618,29656,45578,29930,244905,3808,18201,66936,29468,8310,34208,503849,198195,40815,63826,29656,6914,22077,243369,18343,67910,47462,29226,52691,20548,734249,23359,12002,122703,30276,20164,11135,232849,74927,56034,8477,113752,72516,22970,278167,136818,64444,13561,24737,65972,8079,47500,22427,58855,9979,18017,33251,446101,7741,69098,113975,7918,67784,30124,108173,257,2943,99317,46854,29475,26216,384355,1586,1160,13786,5789,79,24,83211,2678,377,851,500,2494,17,213014,7553,240,21549,409,3267,88,52067,11,15,20127,8743,22318,110,219321,2626,255,24137,65079,2477,316350,347427,1222,2535,138,31729,19512,2759,692010,50131,158,12957,3220,12285,53605,1481,8059,17129,1781,4059,10541,180731,1007,55,2715,229,25,482,75871,7,10311,31,4535,278,35184,451497,2360,15935,241,2359,296,179,17,2262,553,24,808,2328,609,134051,1149,2248,487,0,386,2922,31615,85,11439,2219,8124,286,289]","[701738,348583,132264,796124,139283,617766,1786349,375388,101132,317979,301045,178548,32886,463989,123482,12722,151497,361502,249504,110764,669629,67865,11881,30512,167110,61822,6134,365908,123054,27909,39922,129153,127151,47100,1211329,109062,15004,72723,15239,27464,10696,73292,22872,9774,13119,208371,64717,465227,6580,11509,71462,3082,5381,17989,129683,33352,59995,24380,33617,5329,52846,220374,6418,7121,43318,14850,2307,12195,127738,3736,14125,156291,31133,12906,25306,331967,11790,6093,31679,98839,24421,9235,46884,9404,3640,39069,31557,85110,84929,142076,40370,9173,16381,3614,9308,48306,33003,50977,27294,27640,44271,252534,0,1135654,6,7097,0,862,0,24,132638,0,0,32,0,150,0,0,204,0,387,24,0,5521,19,1297,8,34,183,0,84818,0,0,31,5774,0,0,26624,0,1130,389,0,0,0,106953,0,24,0,795,0,0,9271,1336,0,1461,0,0,0,54757,23,153,0,186,84,24,118229,219,0,77,0,1867,0,568597,0,0,0,0,24,22962,0,2351,0,0,184,1368,0,0,0,0,24,126,0,18497,93,0,0,5987,121,31,54558]",bykaranteli-depth-snapshot
2026-09-04,BNB,bybit,725.25,318787,273357,17.56,20,2000,"[36935,223550,14780,11936,2115,10789,1253,1110,268,672,10609,442,889,295,524,191,1099,605,372,354,1816,1750,141,335,146,5560,3322,1020,139,448,564,1227,351129,164,1900,230,3501,657,268,132,734,945,999,224,351,578,302,320,926,156,4034,12275,749,243,157,1015,542,195,452,104,541,784,801,345,109,869,834,346,236,1352,148,627,338,328,1352,832,1600,296,702,642,192,67177,496,562,1071,288,903,241,831,2746,355,598,617,185,939,4071,1191,669,1586,65554,627,1637,561,8505,731,11171,4269,283,478,139,639,146,580,64624,314,31070,351,2635,293,4608,3434,332,441,1127,632,173,426,69886,865,486,102,2680,1992,408,1069,334,756,334,342,335,718,276,592,290,247,8093,350,31405,6580,156,4160,1026,1766,627,212,194,1043,149,4629,508,278,209,243,4432,684,523,304,418,514,842,266,2377,6246,511,525,180,0,0,0,0,0,0,0,0,0,0,0,0,0,0,0,0,0,0,0,0,0,0,0,0]","[25285,185900,17733,6851,2373,4886,17791,1932,470,510,1625,367,948,2356,447,927,404,1943,271,336,11792,209,269,340,199,12508,71,1233,3739,227,1043,387,4185,320,9424,107,1096,113,236,128,40,1084,2099,61,240,189,221,1825,99,88,359,865,75,89,777,83,223,360,126,56,938,1299,232,326,6697,162,152,4785,344,260,139,184,479,285,63,10295,226,199,643,1219,1489,532,646,257,24,104,105,130,266,5095,252,237,444,265,176,257,4335,209,163,258,3054,6755,144,19625,196,77,32,179,125,399,378,77,92,60,178,81,459,167,123,136,105,74,16062,1075,198,202,232,91,51,25,745,40,696,275,48,119,71,963,75,39,144,118,132,171,1053,1640,54,271,78,184,82,371,188,146,375,15,75,79,861,116,63,141,42,289,142,350,499,102,39,1323,260,289,11971,2432,210,126,88,94,492,147,352,142,18,88,475,1248,127,86,279,115,87,1241,329,45,20063,163,167,227,62,917]",bykaranteli-depth-snapshot
2026-09-04,BNB,okx,725.15,505508,786730,20,20,8232,"[78644,98963,108168,50010,8232,40270,33203,12556,9962,22900,8425,782,6457,5388,1833,6178,1362,3857,3561,4754,9864,3803,8326,4539,1475,1671,4705,8201,1480,12051,7172,5224,1819,5931,10850,1568,963,6622,2483,263,5284,6790,3901,3871,1418,3136,1032,5639,11472,762,787,1909,240,3519,2645,13956,2530,1460,1277,1073,4105,1855,36329,8764,825,5102,6514,5460,2841,8767,1296,7298,387,4942,3039,564,13472,2872,8363,3577,215,1327,3240,1873,1324,9840,1333,2611,607,8589,822,1802,20902,680,98,2891,21163,831,1881,1626,1112,198,34816,19988,2164,3848,6470,1307,559,312,1464,1477,1469,2414,1833,628,911,8094,1927,232,3159,2918,201,600,3458,1091,355,748,863,5261,803,3602,192,3062,1641,721,3814,82,1614,62577,159,502,349,2470,1739,67850,5543,440,171,107,1672,63752,573,2558,1014,218,3965,498,3468,2077,15467,14461,1923,52,1734,15595,533,2870,816,248,152,2411,53595,796,1833,5402,913,666,817,7573,269,247,1812,1702,83,132,10076,310,45,2889,144,346,179,1171,441,310,5317,4034,88,83]","[101471,97418,82534,17212,878,53095,58925,4776,2028,19485,225944,1563,1855,10486,3364,333,95201,5159,874,4128,8893,583,3754,1685,557,2014,218,18216,2744,2292,6418,31109,1565,1362,44512,933,2238,3881,941,3043,390,4574,1996,1552,1201,3362,639,1004,20500,3083,990,1279,3460,502,842,2231,1889,38505,1349,2855,2232,6340,339,973,1301,2550,2323,588,4265,850,255,13057,2506,90,1373,15762,567,3257,3281,209,1330,322,1622,2984,540,1182,1037,752,2831,236322,2577,924,12210,759,944,86,3734,2126,3101,2500,99850,14589,855,14314,678,4941,934,2926,691,622,1065,99,187,2919,272,78,765,3906,284,701,144,2149,663,625,404,677,4263,73,4586,584,2414,789,535,331,766,659,4766,1123,821,1539,455,278,525,3533,880,2722,79,468,697,338,217,2798,687,207,393,2956,506,390,1276,2847,220,636,99,340,752,4139,2279,881,560,314,139,935,9211,521,5044,248,249,992,255,1837,690,8019,174,434,3412,4003,5392,3015,1509,2368,1369,5791,3833,889,4521,1753,4304,75,311,666]",bykaranteli-depth-snapshot
2026-09-04,BTC,binance,81265.005,22774556,38385249,20,20,23531,"[5400596,2558826,1853278,2358725,610299,410659,369940,880726,398228,1539185,380378,1027716,449040,530433,1176431,1962866,206156,133174,286018,241884,335111,1627788,264225,165546,784053,244897,195700,2860022,77359,201357,310024,477656,160645,243254,884214,228955,99640,481381,372756,25911,2667354,549365,451201,224179,47798,7898749,1833529,120726,212142,83854,403433,410555,3373093,495345,359570,62986,653300,552433,6437912,362286,65748,680441,1035243,1278991,6940271,33810,2497775,881331,629212,1454936,3295794,205427,421436,519556,1350365,1192260,1173142,10158311,885570,2707010,833406,184591,847158,3638449,230907,353963,381469,64008,456713,4762710,1846814,475660,93872,1401831,456285,3405711,539794,337194,406763,351842,763549,5980526,162720,567399,423323,1995982,561683,3458993,364602,120028,232666,454169,479434,211212,8316393,247093,225351,139782,282231,210688,1315316,62526,114858,2007638,122351,528811,3605136,239537,281446,361176,454963,364149,1113877,198063,263632,62657,421483,313942,9742117,397972,21794,405403,267515,257861,786167,82657,109298,369175,203654,115983,3465207,24917,836419,121713,18831,254293,3724,805603,713501,4456,19693,215684,273861,3309365,276296,148199,9411,14290,160962,776830,49909,95966,11168,256099,230402,3359722,59362,136915,10941,171684,293196,473063,12514,16531,77808,72519,54282,2066345,712,54240,252093,45286,297952,1781902,47139,426650,95369,209156,468802,48061]","[9653948,2787841,2230169,1351936,1112431,419512,245246,280566,872884,1264265,512198,2077593,1112722,1738156,424324,6839175,1154828,1665457,1929026,712973,879277,12681542,309607,393859,187567,1101063,376557,3276810,488989,319775,234096,1020257,1094113,6879200,132440,6722,382888,656831,584565,1033398,98233,272665,260809,544828,2079058,42580018,23622,44516,134501,105054,43668,65587,1926492,61643,14672,175271,204086,103150,1694660,20544,73182,7411,183935,224117,556397,148338,193439,9169,179836,604866,2282407,33349,2892,28014,135850,1073913,264153,13772,970856,5455,23212,55307,5359282,3971,18012,132029,4235,206106,1675,332314,32666,9966,340460,911159,3999,2137675,20448,30058,4685,1494,23490,824946,12506,31599,3692,217621,790098,7553670,11625,40029,6,8610,399,128098,14361,3183,132215,218427,150128,836173,160,3087,7328,1830,1108,176455,1046,7728,1100,36858,67748,1289,2619844,7479,1050,0,9996,15640,166216,2217,1766,1102,138,674497,1362625,176,18020,1864,4359,112486,564725,15537,1126,3182,220349,49870,498457,2620,2067,38580,43,10747,4150,180,6307,3481,596811,142487,1315,3315397,149,1501,3174,2357,12253,691854,2616,1056,7987,3124,1117,730654,1176,1604,1408,2937,10233,174263,44,5107,8080,46,101843,1530750,2834,1268,65398,2796,29210,2326]",bykaranteli-depth-snapshot
2026-09-04,BTC,bybit,81264.55,4985087,6942287,0.83,0.86,2000,"[1699862,1037942,1350664,64216,49514,271287,206305,286571,18725,0,0,0,0,0,0,0,0,0,0,0,0,0,0,0,0,0,0,0,0,0,0,0,0,0,0,0,0,0,0,0,0,0,0,0,0,0,0,0,0,0,0,0,0,0,0,0,0,0,0,0,0,0,0,0,0,0,0,0,0,0,0,0,0,0,0,0,0,0,0,0,0,0,0,0,0,0,0,0,0,0,0,0,0,0,0,0,0,0,0,0,0,0,0,0,0,0,0,0,0,0,0,0,0,0,0,0,0,0,0,0,0,0,0,0,0,0,0,0,0,0,0,0,0,0,0,0,0,0,0,0,0,0,0,0,0,0,0,0,0,0,0,0,0,0,0,0,0,0,0,0,0,0,0,0,0,0,0,0,0,0,0,0,0,0,0,0,0,0,0,0,0,0,0,0,0,0,0,0,0,0,0,0,0,0,0,0,0,0,0,0]","[4035779,887385,1431729,112495,230108,172975,27113,27897,16807,0,0,0,0,0,0,0,0,0,0,0,0,0,0,0,0,0,0,0,0,0,0,0,0,0,0,0,0,0,0,0,0,0,0,0,0,0,0,0,0,0,0,0,0,0,0,0,0,0,0,0,0,0,0,0,0,0,0,0,0,0,0,0,0,0,0,0,0,0,0,0,0,0,0,0,0,0,0,0,0,0,0,0,0,0,0,0,0,0,0,0,0,0,0,0,0,0,0,0,0,0,0,0,0,0,0,0,0,0,0,0,0,0,0,0,0,0,0,0,0,0,0,0,0,0,0,0,0,0,0,0,0,0,0,0,0,0,0,0,0,0,0,0,0,0,0,0,0,0,0,0,0,0,0,0,0,0,0,0,0,0,0,0,0,0,0,0,0,0,0,0,0,0,0,0,0,0,0,0,0,0,0,0,0,0,0,0,0,0,0,0]",bykaranteli-depth-snapshot
2026-09-04,BTC,coinbase,81263.595,12454847,21543815,20,20,43196,"[1439630,4839146,2128368,603349,252752,186634,105661,122147,255301,437361,283586,30621,19975,107690,94514,626221,682458,24869,14403,200161,9241,309011,706794,86829,34468,200780,54706,354023,78010,144090,165228,8632,69665,8032,337421,44172,118639,93693,42747,18258,708540,68319,31527,170803,19167,71148,413012,67854,149891,40298,445375,154075,6295104,123544,648368,29220,171890,202078,1131098,194779,32117,469733,642693,405685,9388688,118950,401923,248979,133593,348476,1238674,75969,131604,57303,294186,1115660,67624,4489000,327800,357044,277445,249783,108216,556798,173819,276130,609542,199858,149599,1468242,351210,317853,113549,243081,114325,1611749,436063,419161,142507,245022,573888,1273799,192613,157873,276884,26416,196239,1693318,41759,177657,525563,319846,857176,6915989,487744,130084,138903,279027,236650,54036,945256,420254,126981,316349,373607,1515850,1160130,241394,218239,957440,62417,242590,1107635,133707,140611,247618,607498,685401,4213019,207246,160572,170727,180994,103585,1111962,135675,34098,117610,462064,244247,1050057,31437,94514,262895,9426,114691,110913,2768651,24867,15110,132102,246296,28090,2620450,95788,87048,15677,47411,967773,1245066,67680,184690,193937,92593,571494,2785549,95912,140211,74663,247376,27584,898368,35623,440825,102988,137482,261265,2280904,29479,14430,87640,94566,201123,711481,13161,54496,134924,367284,652482,20402]","[1705441,3893060,2061539,2131715,4743780,74002,181443,98629,256333,470365,191668,228945,158985,2353678,235689,1035245,626356,158645,710662,227633,191189,11277516,969609,144162,155241,191046,293170,842125,84088,203137,337243,182595,223433,1919042,42470,119795,205893,192621,84167,1059694,10620,31856,136862,102640,437697,6058756,152775,123615,29648,32460,40083,16498,463042,55221,77778,105029,96190,48790,1130461,238874,78950,23140,19869,84688,137877,160567,175065,60779,91532,132617,554031,12378,28982,42775,78929,27233,368641,38695,34376,48351,51320,82723,1186604,66847,106665,55021,112161,67143,98774,171132,79766,291717,97206,376782,33364,996067,243701,30977,117993,28522,28429,265763,63462,89262,151428,175503,610580,3608820,306466,272388,28081,41793,33737,42460,143347,28976,6897,31763,27106,262625,165480,18082,52785,6162,19213,108271,5519,296352,11050,40339,46363,46523,827636,19942,10304,42313,22809,26263,247504,34050,15537,35976,62154,36771,1085322,48781,72652,88711,318136,79105,30518,52331,91863,55356,81394,177281,566722,3815,15232,27475,15029,96614,336975,100201,45568,495806,63145,47882,80001,2379204,33368,46027,496353,18584,10907,172681,10976,17775,39634,203910,17118,310809,30672,15307,3858,56006,33432,136929,60840,11522,44395,112332,78909,499523,54308,168518,42030,87605,102095,237659]",bykaranteli-depth-snapshot
2026-09-04,BTC,kraken,81263.55,46737442,23461052,1.94,1.93,1000,"[28488809,7231682,2659860,3305899,402688,711848,712684,176772,471622,48378,242351,193212,729325,341451,76504,569772,25979,326032,14203,8369,0,0,0,0,0,0,0,0,0,0,0,0,0,0,0,0,0,0,0,0,0,0,0,0,0,0,0,0,0,0,0,0,0,0,0,0,0,0,0,0,0,0,0,0,0,0,0,0,0,0,0,0,0,0,0,0,0,0,0,0,0,0,0,0,0,0,0,0,0,0,0,0,0,0,0,0,0,0,0,0,0,0,0,0,0,0,0,0,0,0,0,0,0,0,0,0,0,0,0,0,0,0,0,0,0,0,0,0,0,0,0,0,0,0,0,0,0,0,0,0,0,0,0,0,0,0,0,0,0,0,0,0,0,0,0,0,0,0,0,0,0,0,0,0,0,0,0,0,0,0,0,0,0,0,0,0,0,0,0,0,0,0,0,0,0,0,0,0,0,0,0,0,0,0,0,0,0,0,0,0]","[5704247,4523681,2438828,2541597,2472296,228047,1755274,742612,96620,58888,820663,176163,112290,365978,62094,959525,44113,75579,279243,3313,0,0,0,0,0,0,0,0,0,0,0,0,0,0,0,0,0,0,0,0,0,0,0,0,0,0,0,0,0,0,0,0,0,0,0,0,0,0,0,0,0,0,0,0,0,0,0,0,0,0,0,0,0,0,0,0,0,0,0,0,0,0,0,0,0,0,0,0,0,0,0,0,0,0,0,0,0,0,0,0,0,0,0,0,0,0,0,0,0,0,0,0,0,0,0,0,0,0,0,0,0,0,0,0,0,0,0,0,0,0,0,0,0,0,0,0,0,0,0,0,0,0,0,0,0,0,0,0,0,0,0,0,0,0,0,0,0,0,0,0,0,0,0,0,0,0,0,0,0,0,0,0,0,0,0,0,0,0,0,0,0,0,0,0,0,0,0,0,0,0,0,0,0,0,0,0,0,0,0,0]",bykaranteli-depth-snapshot
2026-09-04,BTC,okx,81263.25,9028747,12487691,1.2,1.24,10000,"[2364269,2694131,1872914,915444,72391,158510,114554,185894,233351,236447,119962,60880,0,0,0,0,0,0,0,0,0,0,0,0,0,0,0,0,0,0,0,0,0,0,0,0,0,0,0,0,0,0,0,0,0,0,0,0,0,0,0,0,0,0,0,0,0,0,0,0,0,0,0,0,0,0,0,0,0,0,0,0,0,0,0,0,0,0,0,0,0,0,0,0,0,0,0,0,0,0,0,0,0,0,0,0,0,0,0,0,0,0,0,0,0,0,0,0,0,0,0,0,0,0,0,0,0,0,0,0,0,0,0,0,0,0,0,0,0,0,0,0,0,0,0,0,0,0,0,0,0,0,0,0,0,0,0,0,0,0,0,0,0,0,0,0,0,0,0,0,0,0,0,0,0,0,0,0,0,0,0,0,0,0,0,0,0,0,0,0,0,0,0,0,0,0,0,0,0,0,0,0,0,0,0,0,0,0,0,0]","[3459206,2536974,2107738,1554586,173834,244157,1281622,202218,135280,510017,35815,227359,18886,0,0,0,0,0,0,0,0,0,0,0,0,0,0,0,0,0,0,0,0,0,0,0,0,0,0,0,0,0,0,0,0,0,0,0,0,0,0,0,0,0,0,0,0,0,0,0,0,0,0,0,0,0,0,0,0,0,0,0,0,0,0,0,0,0,0,0,0,0,0,0,0,0,0,0,0,0,0,0,0,0,0,0,0,0,0,0,0,0,0,0,0,0,0,0,0,0,0,0,0,0,0,0,0,0,0,0,0,0,0,0,0,0,0,0,0,0,0,0,0,0,0,0,0,0,0,0,0,0,0,0,0,0,0,0,0,0,0,0,0,0,0,0,0,0,0,0,0,0,0,0,0,0,0,0,0,0,0,0,0,0,0,0,0,0,0,0,0,0,0,0,0,0,0,0,0,0,0,0,0,0,0,0,0,0,0,0]",bykaranteli-depth-snapshot
2026-09-04,DOGE,binance,0.0878,1300547,1166757,20,20,9061,"[189079,141213,250942,107135,44772,14327,7150,120823,125933,138514,15181,2503,23245,19039,12105,1229,3309,49197,22451,12401,99445,2670,13379,5656,8564,20167,88349,6746,2674,36466,13301,10739,237220,5538,1667,8027,897,4521,2419,1141,4684,4947,1870,167735,5772,2323,112747,3497,814,13045,2097,24332,19865,3407,66026,3643,7907,6384,3424,6475,17357,5163,3713,11063,14846,1440,151868,125843,2149,7474,5339,96047,4790,8168,8572,3271,16676,149100,20514,210246,3641,17219,9390,87728,2832,11709,8860,52995,1247405,2409,105990,778,38886,3718,28526,3025,2666,18325,9094,32606,52981,51633,211535,6025,22719,6394,14008,3317,5560,21426,23827,126330,15763,7525,6528,13279,2298,7978,1418,852,3721,5878,10950,297300,10856,13910,10613,8261,13066,16256,4707,5794,1436,6150,23704,7721,1182,3298,11024,64986,8410,3190,151949,8923,15175,362388,805,1579,18149,10251,10254,26233,5968,1036,564,456,4378,81333,8191,8654,8491,21947,6872,25216,6288,2503,50181,1448,171614,1193,1674,6258,8971,1669,38446,882,4256,9650,9869,7561,51539,4859,8489,10843,6489,18383,355,6487,11990,3032,149792,99756,3822,1571,44909,3208,3303,29344,4382,2093]","[156760,276316,194091,78477,115328,34491,2263,77411,103978,1774,4035,3967,17195,22663,2508,1194,989,12048,53151,8116,2540,42095,6561,6558,234595,870,7213,7306,2997,1082,11486,1896,2224,14366,8172,1461,177471,1737,55229,4308,2221,12285,11007,2184,5647,4406,15159,194457,2382,4655,13499,4074,4293,19565,5755,28265,6085,7086,15718,286914,9512,6283,4891,308027,65492,58317,1651,3823,20292,3380,127690,3489,5539,42772,2807,3768,25297,57327,1665,31570,18102,279171,22121,8208,3588,1258,2644,7250,37834,15788,4657,4357,3114,120814,3668,4005,560,995,7102,35628,11644,8901,8255,18056,54976,1818,2856,661,457,12265,3340,527,2020,10262,4024,165975,4612,1272,80362,2309,6187,6466,63800,3076,23059,9858,13973,105902,134980,4964,1629,4364,5312,24029,39293,3481,2574,23504,2153243,2776,904,8233,3114,762,39934,6821,7400,142716,3812,1766,45368,1712,11115,10878,2764,4818,2285,4395,1709,2051,737,117213,2448,6732,5070,10063,1285,8065,2187,2612,1529,3202,58579,1251,787,822,4687,4296,3634,4935,4354,2450,1582,5212,22992,5137,3745,4368,1451,8170,2435,7198,1290,2980,229491,246609,55478,3819,2174,3493]",bykaranteli-depth-snapshot
2026-09-04,DOGE,bybit,0.0878,769492,524498,12.02,11.68,2000,"[23794,223916,26835,227244,12905,7981,7981,14404,174,215896,291,469,1689,468,715,295,450,2270,380,1336,3019,2112,5840,10993,8496,735,328,107,218,457,317,16959,311,357,383,115,311,484,1690,429,216,223,100,5557,177,514,11706,268,134,327,136,574,354,130,4028,100,227,299,111,713,1260,237,4530,292,265,154,19633,696,374,245,152,290,145,174,365,1671,144,2322,3896,5298,104,218,245,635,181,508,181,711,76149,264,328,1168,181,151,565,612,4777,340,120,330,141949,2115,158,1215,167,188,44,246,245,357,1210,1949,370,1038,315,224,218,306,1131,420,160,0,0,0,0,0,0,0,0,0,0,0,0,0,0,0,0,0,0,0,0,0,0,0,0,0,0,0,0,0,0,0,0,0,0,0,0,0,0,0,0,0,0,0,0,0,0,0,0,0,0,0,0,0,0,0,0,0,0,0,0,0,0,0,0,0,0,0,0,0,0,0,0,0,0,0,0,0,0,0]","[11789,222853,33531,216819,5354,1681,403,371,839,293,231,251,1067,1316,388,354,5320,12301,6524,2812,611,254,1646,343,2652,87,231,1382,784,1328,900,283,447,415,1611,505,11860,465,340,552,215,551,45883,439,197,396,2205,16118,283,1949,261,291,320,901,1195,1288,4215,402,394,8007,344,412,693,275,2747,747,336,743,565,605,3209,2855,392,489,661,442,484,5330,4136,1515,302,21842,772,256,690,1165,1401,1018,283,552,570,235,271,6790,320,1008,1474,998,209,435,371,1350,280,459,10551,390,294,338,1398,1305,558,339,551,183,5979,309,6207,0,0,0,0,0,0,0,0,0,0,0,0,0,0,0,0,0,0,0,0,0,0,0,0,0,0,0,0,0,0,0,0,0,0,0,0,0,0,0,0,0,0,0,0,0,0,0,0,0,0,0,0,0,0,0,0,0,0,0,0,0,0,0,0,0,0,0,0,0,0,0,0,0,0,0,0,0,0,0,0,0,0,0]",bykaranteli-depth-snapshot
2026-09-04,DOGE,coinbase,0.0878,767903,915323,20,20,9379,"[19195,183555,253264,92467,53426,33403,1082,10430,41669,40001,36899,210,438,517,708,86,248,22,264,19,53,1625,41,233,237,32,1936,1963,137,947,8670,30083,138,100,1632,26,33,84,31,101,1667,17,60,19,135,30,8,787,360,894,509,34,53,26,35592,4,117,5510,166,26184,640,27,104,32,119,71,796,1035,87,1047,105,24,148,1298,55,45,45,6788,270,653,12,7410,212925,19,26,620,115,8207,88149,64968,257,791,4058,1054,4334,7,358,2899,31761,223,104261,2304,244,144,830,4066,6959,92,149,501,1821,11287,31,207,0,18680,1664,648,307,1012,126,17,745,1636,9,116,92,514,9793,0,2,34,6,56,2712,683,7,93,1985,9,22044,135,761,535,315,42521,32262,10,688,107,288,457,5523,23,247,2997,116,2749,1519,204,1526,15,104,8416,1217,942,77,678,1582,630,5,5,92,213,13840,1303,16,44,2318,81,344145,873,1,342,145,2543,888,5,638,129,17,106464,1413,594,44,457,9976,776,3,659]","[52630,238272,72158,48127,47103,43378,614,41310,80472,0,69,0,1004,611,4562,283197,1,31,2,1783,10,38,67,27,37262,620,1111,798,161,16667,1552,827,984,31513,889,67,1863,427,217,178,648,1136,653,289,10253,231,283,16244,695,72,9838,123,1,734,451,823,42,1372,14721,1,2192,684,1258,1504,621,680,38,15,14,955,32648,82,766,23817,172,80,570,6115,224,214,383,39875,404,154,1131,2792,22,3277,113,50,36336,40950,6310,1392,272,436,713,419,511,799,15,174,129,25278,754,89,65,617,114,832,23002,73,293,29,10345,345064,1089,23,2,88,198,607,612,93,17,1398,1643,36086,1029,24,611,152,18374,113,274,10,10094,5783,244767,2,12101,123,28,4,1684,536,3909,143,37,141,13891,944,204,640,113,673,203,528,5,5352,306,61382,168,26,10,127,55,886,111,19608,82,713,1665,780,488,1550,10546,1079,1076,417,686,408,197,5,652,962,1865,1044,8,636,16,171,1192,0,617,41708,98,68,345,24]",bykaranteli-depth-snapshot
2026-09-04,DOGE,kraken,0.0878,3306628,3124441,18.79,15.07,1000,"[94660,245662,107701,243724,64598,499904,950695,238920,28113,575831,125983,17660,96508,34,26,8971,6981,53,424,179,344,228,9020,214,679,367,43,3524,138,36371,13554,8616,43,150,220,106,34,0,10,0,8405,0,2043,14648,134,373510,21,43,0,4,854,80,42,24,3236,73,22,4,304,21,0,50,59,103,0,13,20,10,17,17,22,329,140,0,0,211,17,818,73,0,12,97,10,6,26,58,444,329,21153,149,238,151,773,26,2318,350,166,37,8,119,8487,1008,67,0,25,8031,0,24,94,17,18,1848,24,16,0,252,23,97,27,0,4,0,69950,165,177,56,110,16,0,122,4,8,226,17,112,92,5786,140,0,8,8776,0,64,91,92099,27945,8,0,0,37,270,147,1090,16,46,0,0,129,0,598,89,45,31,22,44181,15,22,45,151,0,25,17,2100,750,1158,280,12,389,587,1028,15,812,0,8,8,252,0,30,0,0,0,0,0,0,0,0,0,0,0,0]","[177939,206267,246555,145911,259522,948651,356971,221548,96910,351152,46998,11,33121,16838,119,8888,6534,44,262,201,609,320,26,12285,1342,3014,685,403,11,7684,44011,160,540,877,12268,6,5242,380,6534,8768,9166,183,11414,8,14871,858,90,6850,172,53,571,75,96,106,8,170,9,0,197,6103,1352,53,0,314,168,171,265,6,6272,18,104,42,0,0,6,272,118,223,306,538,244,409272,7952,20,61,30,58,442,169,199,0,295,22,5099,9,47,448,376,285,0,0,97,46,42,3439,93,8,39,169,122,12,1060,14,0,135,18,5062,5,14,177,161,30,0,0,0,112,954,58411,952,262,241,119,75,10,12117,8,18,43,56030,25,39221,8,3645,5,42,18,18,1071,47,1702,5864,0,0,0,0,0,0,0,0,0,0,0,0,0,0,0,0,0,0,0,0,0,0,0,0,0,0,0,0,0,0,0,0,0,0,0,0,0,0,0,0,0,0,0,0,0,0,0,0,0]",bykaranteli-depth-snapshot
2026-09-04,DOGE,okx,0.0878,1280279,1863568,20,20,10000,"[98558,145247,161000,312664,84715,9117,57888,31042,42283,47074,14078,218470,9294,9141,5498,14416,2566,3999,11059,2170,23747,1471,3026,31733,2944,4790,6605,1638,6633,15317,1751,6340,174947,5271,912,5374,5979,20589,4510,1319,8768,8699,1279,43734,5439,3900,18168,2558,3553,16389,1542,15909,12630,2789,4511,69907,2892,13713,3573,2280,17906,1028,7447,8422,10766,6087,45320,33820,1070,4707,160320,2978,18939,274642,15525,15067,2304,312971,7522,1896,38040,5631,8461,48384,3462,13321,45040,13555,45332,533890,13135,7756,15110,53120,463630,1737,4199,5894,2287,6802,64928,26440,8271,5692,9081,51948,19531,5266,1777,11918,16939,143886,4080,34192,21526,7469,805,30451,1894,2006,6665,647,32829,31627,2112,4280,15879,1627,11345,5282,1698,7354,35189,8810,135305,5190,95637,15331,4093,33241,18180,10048,1559,9820,5091,3167,274992,3119,15267,20944,2389,13144,23426,858,9829,25074,1381,23716,2210,10444,8366,1735,4764,6977,2072,21796,6037,7449,60570,492,5879,12264,5314,5251,15368,3812,7803,6732,7258,7257,78940,18103,1184,33826,7375,6401,3361,27195,24322,2786,29581,101694,1496,2276,7001,2020,68864,11307,987,10388]","[153624,202239,132186,268425,164165,8038,89863,9874,8767,617296,11789,915,2566,166322,2610,1252,7966,3021,11152,1498,9085,10124,1722,93681,130759,4401,5446,5898,1651,43817,47341,4996,2116,7909,7295,1473,32600,8438,11498,4819,2998,11953,5979,8667,7389,6463,5065,81225,2859,15724,9367,3980,6729,19863,1460,9881,3400,17430,188775,1856,6439,9248,5463,5260,39877,2573,3311,12373,9387,8677,21953,6523,4727,8439,5447,11646,6504,1925,7325,7511,94510,278602,11083,6301,11116,3150,7493,44937,34521,15675,26173,16525,92848,3045,1684,11462,948,5398,8603,2638,13124,5635,10443,2338,125230,4496,2194,7516,6288,1409,17131,1840,6764,6261,3682,92263,5750,1173,12929,2302,1518,14796,2760,7360,20423,32639,7179,45142,38771,12142,8969,4782,6922,18803,16041,6856,2179,12263,850036,7804,1109,8577,5096,2330,43754,3675,1609,14816,5753,68646,5021,14848,15547,2814,1274,17370,1543,4624,10255,880,6536,22507,21673,5200,6724,5863,10300,29936,6316,5340,4249,5737,79598,4750,13328,5512,15584,1100,13888,5538,8090,13785,2235,1318,17312,2420,6963,5851,2406,10778,1552,1811,11752,2936,4943,122852,20179,5565,9536,2627]",bykaranteli-depth-snapshot
2026-09-04,ETH,binance,2507.445,14676104,25718440,20,20,16848,"[1894783,1541887,1025225,819643,228811,22969,389665,49237,120995,239288,234058,187568,204480,83948,383269,213861,157344,109022,3215584,3554466,211718,2120514,1535149,113575,355007,87215,386557,191030,158464,232678,787205,160531,290465,286610,741545,130949,402580,13784,624609,77466,708758,39684,2662713,85927,63172,26824,531263,624360,264985,22819,751233,150483,888888,67755,533237,90408,137615,126319,953363,405894,1333120,26486,1468194,651769,225538,52123,294959,74961,112840,149855,560955,226918,306634,39722,353079,99197,93142,307062,329116,68289,250174,51778,2316892,69418,5631,124149,64197,168478,785771,13444,505565,43732,300313,48372,393162,174496,448552,79335,499000,92384,382105,99399,1320382,65656,65995,110775,114136,15489,4537,132012,231370,194447,129402,277928,425398,82035,109866,33682,193240,24724,5326,13310,4379262,16327,13720,7568,82255,992110,636787,1752,2866368,397,74907,2403,263806,77667,1328,4689,304237,252490,118350,3225,1031072,1414,26380,11994,152851,41527,88178,97910,141187,58641,72968,215098,255594,12694,105327,15880,789141,9792,167241,144170,1882071,146422,9628,930,290443,195356,17130,2670,380281,58132,21458,30058,64650,29967,1137,965,217483,54459,316,13344,1821768,9853,17202,116,89519,3639,22870,3119,121529,282,33095,42426,6196991,92791,29511,155894,154019,136455]","[3089461,2260975,1289737,811307,669655,533703,237996,289567,3424979,2188452,1581482,149750,1727608,193557,399315,545482,3308559,699018,1566022,751815,1724982,488965,880362,992577,598306,616801,805260,533482,1209437,471731,389177,412527,1181836,336847,882494,371522,7222073,107765,115642,3746,146111,3564,482722,33464,531510,10027,72383,30719,371722,8682,125888,20634,462826,4710,25534,77013,2916303,4314,107717,10929,79155,2983,10518,219561,360586,8686,71589,223934,315506,237,50515,269283,354577,7312,43083,79227,2752396,200026,11960,11441,84578,44507,37865,17998,266155,75999,130618,25160,136512,81895,9566,7038,50588,9098,1756,299396,1581370,83805,65883,18151,51442,2143,10491,183637,43175,27532,49822,20040,428085,16074,36727,244448,93229,19686,129456,10,2369655,6,6538,57119,101799,536,510,9402,213341,85,50446,41678,288868,231220,53703,295568,66278,655,299636,24,816802,71,31470,246265,30916,0,0,13,141052,8822,91718,1972,195915,458,21203,204424,266677,39,96242,22247,2056255,514,10663,131,28233,0,0,529,64579,18201,23977,0,35323,521,25359,0,62141,0,321143,1952,1552072,15839,53561,0,63959,505,1964,16187,5555260,0,43197,36102,117118,0,3308,1360,388940,505,3094,99713,4609248,13950,77744,14637]",bykaranteli-depth-snapshot
2026-09-04,ETH,bybit,2507.105,3604418,4691771,1.25,1.01,2000,"[607692,1257455,457659,22188,284559,9646,30897,795075,15284,8252,102777,9656,3280,0,0,0,0,0,0,0,0,0,0,0,0,0,0,0,0,0,0,0,0,0,0,0,0,0,0,0,0,0,0,0,0,0,0,0,0,0,0,0,0,0,0,0,0,0,0,0,0,0,0,0,0,0,0,0,0,0,0,0,0,0,0,0,0,0,0,0,0,0,0,0,0,0,0,0,0,0,0,0,0,0,0,0,0,0,0,0,0,0,0,0,0,0,0,0,0,0,0,0,0,0,0,0,0,0,0,0,0,0,0,0,0,0,0,0,0,0,0,0,0,0,0,0,0,0,0,0,0,0,0,0,0,0,0,0,0,0,0,0,0,0,0,0,0,0,0,0,0,0,0,0,0,0,0,0,0,0,0,0,0,0,0,0,0,0,0,0,0,0,0,0,0,0,0,0,0,0,0,0,0,0,0,0,0,0,0,0]","[685435,2037692,140363,141946,309033,49197,38055,1046204,74322,165741,3784,0,0,0,0,0,0,0,0,0,0,0,0,0,0,0,0,0,0,0,0,0,0,0,0,0,0,0,0,0,0,0,0,0,0,0,0,0,0,0,0,0,0,0,0,0,0,0,0,0,0,0,0,0,0,0,0,0,0,0,0,0,0,0,0,0,0,0,0,0,0,0,0,0,0,0,0,0,0,0,0,0,0,0,0,0,0,0,0,0,0,0,0,0,0,0,0,0,0,0,0,0,0,0,0,0,0,0,0,0,0,0,0,0,0,0,0,0,0,0,0,0,0,0,0,0,0,0,0,0,0,0,0,0,0,0,0,0,0,0,0,0,0,0,0,0,0,0,0,0,0,0,0,0,0,0,0,0,0,0,0,0,0,0,0,0,0,0,0,0,0,0,0,0,0,0,0,0,0,0,0,0,0,0,0,0,0,0,0,0]",bykaranteli-depth-snapshot
2026-09-04,ETH,coinbase,2507.095,5490359,10258015,20,20,20284,"[677491,1687274,503982,510144,128434,327518,237330,293216,444416,178579,55774,21894,26500,108311,213124,17239,831,940,8740,48621,1787,4431,99595,1938,14142,46141,25066,25663,3303,87434,77836,1597,1234,2496,34633,46374,35953,105307,48688,17185,21519,11064,425634,3284,9269,5859,11613,159309,13392,129110,4222,16454,128235,1248,87090,5960,7178,22403,616757,52146,14307,12920,455115,23034,83864,226765,266460,119875,14826,66283,103843,233965,81071,9565,66471,5480,23691,205771,365897,36732,190805,14883,488570,9366,20970,4625,101669,94601,157719,11684,101409,16811,12856,11805,220209,4515,44637,3995,55027,15767,101581,353254,233825,19435,5656,10169,22214,13152,65072,12376,18508,5727,87265,165927,150836,4175,125704,13537,88117,1273,16141,12564,951236,2619,25473,1722,10706,122204,7844,2227,158813,17854,7840,14936,12159,11027,8540,3663,8711,10349,5502,19238,178310,17214,18660,3369,26936,3331,32588,2907,20263,6155,34560,3788,1088473,4026,5256,13003,106157,18888,138019,165053,505572,15290,12841,3409,24440,16182,25869,1612,51096,10675,31958,1062,6272,18246,2273,3311,5827,23137,19376,1636,94307,1460,9114,15969,18802,28318,4644,51815,6075,5912,111636,22843,7913,2478,1885,18780,75380,21502]","[507784,808735,813460,1502232,805474,261807,1564353,983779,224251,612844,572800,146181,137333,154716,108729,167883,141273,532898,16465,195019,33622,101241,62205,71457,18136,80489,19341,290829,11003,55615,3075,35813,367402,141434,4155,442960,103216,682126,3486,948,32743,47561,9607,18554,22661,66065,4775,41643,18367,23953,3016,19951,16287,77417,6826,18551,101349,384704,9707,5584,122792,2845,708,19821,7707,5488,54701,5333,36536,7699,4795,638,100703,326,709020,385,842620,13577,978,43788,55770,11831,14683,37178,12117,6584,50647,55171,968,14359,39370,2935,3448,1426,58625,19682,904989,2404,35001,13888,43949,4294,16855,495,14672,7945,126411,9093,67174,3602,42267,3300,42493,12980,350151,56065,566300,2224,1971,10544,35259,432,4771,130,23973,784,40365,29162,17436,24478,223,2182,6463,1617,14679,96475,285731,197,4339,526,16864,7796,3565,4981,5219,1073,21295,2902,44526,5417,7311,66274,74542,11003,94623,22126,440234,536,26,23,56579,25115,98,25418,94496,5994,34724,380,13430,845,19605,2375,16001,3164,19216,3879,319914,1904,5687,10395,62950,11347,28389,3721,71550,9471,61177,151518,64491,996,15820,40047,124589,12943,158381,47112,1850602,55953,34226,467]",bykaranteli-depth-snapshot
2026-09-04,ETH,kraken,2507.235,12401061,13148687,5.04,3.12,1000,"[1983744,1887054,3198306,1026547,1459326,474899,244442,91173,54109,553224,221659,100698,36925,10132,517081,3305,20273,3973,10168,504023,1810289,3023,15545,507415,15562,848,66443,16753,13567,59823,69878,4933,26474,15675,243646,128266,4014,463,11291,23686,10342,15168,332461,484,599,13001,13683,5577,492,39075,3236,0,0,0,0,0,0,0,0,0,0,0,0,0,0,0,0,0,0,0,0,0,0,0,0,0,0,0,0,0,0,0,0,0,0,0,0,0,0,0,0,0,0,0,0,0,0,0,0,0,0,0,0,0,0,0,0,0,0,0,0,0,0,0,0,0,0,0,0,0,0,0,0,0,0,0,0,0,0,0,0,0,0,0,0,0,0,0,0,0,0,0,0,0,0,0,0,0,0,0,0,0,0,0,0,0,0,0,0,0,0,0,0,0,0,0,0,0,0,0,0,0,0,0,0,0,0,0,0,0,0,0,0,0,0,0,0,0,0,0,0,0,0,0,0,0,0,0,0,0]","[2362132,1113348,3655256,1552005,589334,815717,421024,51571,642247,35265,501803,164149,72253,67055,20984,516633,7004,82077,385322,93509,2306683,35029,183431,72620,21891,9416,503191,232911,7479,231454,86510,8404,0,0,0,0,0,0,0,0,0,0,0,0,0,0,0,0,0,0,0,0,0,0,0,0,0,0,0,0,0,0,0,0,0,0,0,0,0,0,0,0,0,0,0,0,0,0,0,0,0,0,0,0,0,0,0,0,0,0,0,0,0,0,0,0,0,0,0,0,0,0,0,0,0,0,0,0,0,0,0,0,0,0,0,0,0,0,0,0,0,0,0,0,0,0,0,0,0,0,0,0,0,0,0,0,0,0,0,0,0,0,0,0,0,0,0,0,0,0,0,0,0,0,0,0,0,0,0,0,0,0,0,0,0,0,0,0,0,0,0,0,0,0,0,0,0,0,0,0,0,0,0,0,0,0,0,0,0,0,0,0,0,0,0,0,0,0,0,0]",bykaranteli-depth-snapshot
2026-09-04,ETH,okx,2506.925,7017009,9362338,2.65,2.53,10000,"[960104,1760874,573362,802992,596057,40929,239334,62787,113331,56172,297447,36081,96673,107649,380819,70088,91178,130655,544659,55818,100210,78206,1616225,36943,114386,82961,40698,0,0,0,0,0,0,0,0,0,0,0,0,0,0,0,0,0,0,0,0,0,0,0,0,0,0,0,0,0,0,0,0,0,0,0,0,0,0,0,0,0,0,0,0,0,0,0,0,0,0,0,0,0,0,0,0,0,0,0,0,0,0,0,0,0,0,0,0,0,0,0,0,0,0,0,0,0,0,0,0,0,0,0,0,0,0,0,0,0,0,0,0,0,0,0,0,0,0,0,0,0,0,0,0,0,0,0,0,0,0,0,0,0,0,0,0,0,0,0,0,0,0,0,0,0,0,0,0,0,0,0,0,0,0,0,0,0,0,0,0,0,0,0,0,0,0,0,0,0,0,0,0,0,0,0,0,0,0,0,0,0,0,0,0,0,0,0,0,0,0,0,0,0]","[990429,1645986,735375,173652,1176817,247395,49010,115733,266030,604322,294944,354066,114949,312218,130624,653051,335192,811967,160130,190449,156398,308536,67614,304348,328501,105299,0,0,0,0,0,0,0,0,0,0,0,0,0,0,0,0,0,0,0,0,0,0,0,0,0,0,0,0,0,0,0,0,0,0,0,0,0,0,0,0,0,0,0,0,0,0,0,0,0,0,0,0,0,0,0,0,0,0,0,0,0,0,0,0,0,0,0,0,0,0,0,0,0,0,0,0,0,0,0,0,0,0,0,0,0,0,0,0,0,0,0,0,0,0,0,0,0,0,0,0,0,0,0,0,0,0,0,0,0,0,0,0,0,0,0,0,0,0,0,0,0,0,0,0,0,0,0,0,0,0,0,0,0,0,0,0,0,0,0,0,0,0,0,0,0,0,0,0,0,0,0,0,0,0,0,0,0,0,0,0,0,0,0,0,0,0,0,0,0,0,0,0,0,0]",bykaranteli-depth-snapshot
2026-09-04,LINK,binance,11.8325,426577,545570,20,20,8572,"[54662,69867,45351,30840,45146,26908,43361,10899,9964,12395,1850,9409,4084,4692,442,50167,682,1307,1121,3431,1202,5790,11458,3677,3930,1492,3107,11385,17561,1475,2653,994,834,2219,3755,754,11597,6080,613,3626,20641,276,2496,5335,154,12985,554,11898,4590,2346,1459,6007,2261,6376,2851,2952,370,2964,1021,2590,581,33081,1764,1154,2521,467,13238,1935,9293,16021,53801,3406,87779,1742,8986,49505,748,2760,15250,9307,3061,9827,5046,3194,6433,7176,1122,67930,55593,1042,6329,9164,2245,6659,3563,19656,1693,95319,8005,4390,2718,605,1110,483,48629,1227,14737,3050,2222,8132,14157,7077,124581,1720,31580,925,4121,2722,3031,5095,8085,122495,2171,332,1332,4030,16749,2246,1467,33029,923,1135,1103,7240,447,5318,31714,25465,215,982,895,1712,1328,4426,656,3511,46701,1833,5313,734,1243,1345,622,2016,137958,875,10210,3576,4211,3159,517,40786,16498,25089,12055,3566,189520,14082,1006,758,18684,127409,2867,59067,10077,17982,6248,796,1041,1168,20523,413693,701,3660,9527,18091,1744,2411,32109,504,2818,3515,199606,2838,6388,698,2374,94059,17666,9908]","[68691,73316,31462,35996,31231,15545,18735,11350,13388,8507,13754,5337,11433,32817,147839,6008,1130,1347,16498,1188,4273,910,5446,4249,641,4995,2941,3955,639,2896,2875,26887,3280,318,735,6595,13464,2452,597,13036,3316,5273,1172,12058,969,23650,3526,108879,735,1871,6535,723,1914,3844,5974,5985,157525,284,1942,294,4553,14901,19839,21950,186498,33530,81355,24076,265,27384,282,15598,994,20613,326,1942,835,1530,1285,2888,1172,40813,1877,3727,1237,5821,886,9374,35723,271,9902,4291,1168,539,147513,7023,13916,2272,77644,7257,834,160,1159,14879,3727,3862,260,23641,1294,4141,3139,2107,171,584,1017,60838,3052,1852,408,1997,5055,394,1393,258,18388,6778,2576,14201,498,5326,4348,477,5406,613,121,1213,2254,2937,532,2400,170360,556,3728,376,2212,386,144,1101,394,30405,96,17541,95,1574,525,793,3351,35647,431,263,3335,43987,2897,180,90,1193,21970,3283,305,1308,13697,533,5424,8594,67519,744,11719,12713,1515,2596,2134,2481,3555,224916,1062,350,386,8519,2443,947,539,1607,1251,182,423,8543,655,1582,352,2778]",bykaranteli-depth-snapshot
2026-09-04,LINK,bybit,11.8325,670593,522712,9.98,11.2,2000,"[11736,29377,15903,23549,6256,4676,270524,2338,2211,100912,193491,1053,1791,621,805,598,891,2218,641,1003,1137,589,372,3379,881,774,3492,274,2528,660,2816,836,633,312,732,626,748,501,450,1166,874,1859,520,2060,894,2512,430,2454,11604,1138,455,750,485,2926,559,746,419,823,619,635,415,905,3154,959,417,329,845,547,539,7306,1469,583,6123,859,926,563,2047,730,3339,864,1064,893,663,6035,588,664,254,14844,689,373,562,1556,413,542,276,10462,295,538,391,1335,0,0,0,0,0,0,0,0,0,0,0,0,0,0,0,0,0,0,0,0,0,0,0,0,0,0,0,0,0,0,0,0,0,0,0,0,0,0,0,0,0,0,0,0,0,0,0,0,0,0,0,0,0,0,0,0,0,0,0,0,0,0,0,0,0,0,0,0,0,0,0,0,0,0,0,0,0,0,0,0,0,0,0,0,0,0,0,0,0,0,0,0,0,0,0,0,0,0,0,0]","[7721,25827,23047,14416,7551,4953,2144,162144,2891,116175,790,4187,3789,6124,136886,748,290,887,872,1270,859,551,924,230,1231,1256,426,2101,534,346,984,1600,502,546,3249,565,1204,2497,643,1700,826,913,724,12305,304,335,283,12245,365,1099,312,1075,2526,5871,7250,696,11920,435,1146,549,1178,855,810,660,4100,1626,603,282,1238,1352,272,328,824,6043,435,1131,384,1948,1240,117,247,1965,147,254,460,553,477,1439,644,203,639,66383,214,1181,299,358,496,318,85312,182,10551,301,718,224,670,548,395,656,374,106,695,351,64,0,0,0,0,0,0,0,0,0,0,0,0,0,0,0,0,0,0,0,0,0,0,0,0,0,0,0,0,0,0,0,0,0,0,0,0,0,0,0,0,0,0,0,0,0,0,0,0,0,0,0,0,0,0,0,0,0,0,0,0,0,0,0,0,0,0,0,0,0,0,0,0,0,0,0,0,0,0,0,0,0,0,0,0,0,0,0]",bykaranteli-depth-snapshot
2026-09-04,LINK,coinbase,11.824,559767,699029,20,20,8191,"[36370,124617,133947,88449,1665,49649,1265,3596,44364,47525,364,167,1190,150,137,21712,1065,1440,730,1363,1358,992,2774,246,523,115,1022,3068,1262,7177,185,1118,591,14915,1127,5096,28794,80198,333,2473,2072,281,136,378,1822,2308,4916,100,201,89,477,72,54743,196,6708,120,225,451,25,2,12736,1762,6640,20,2362,81191,72,360,1668,10360,2061,538,904,333,322,205606,518,15041,50941,3814,4469,1359,4326,2543,25381,2407,9510,1680,5879,3870,3703,90,2343,6007,2118,70681,2888,6980,458,11641,382,3804,403,59040,2510,17638,8093,27161,822,115,78,99960,307,20193,420,247,3462,5337,7215,674,17650,2179,453,10152,16955,123,6856,288,43903,6034,1091,6158,562,40456,234,2814,115,7522,211,11253,205,188,2302,1682,30971,6937,1122,16670,763,277,538,4433,899,10874,138471,3695,484,980,417,3918,9930,114,4716,6874,205,324,9662,5083,86,1354,283,45750,764,477,383,11237,188,3067,312,878,56,110431,128969,19365,341,2597,661,667,44981,10432,409,10100,18630,4108,7967,15016,42967,388,5822,1251]","[58894,185558,34913,21739,89272,1696,88669,2753,6359,81400,15143,404,2322,907,94196,4351,4787,238,174,5255,574,997,215,37999,408,10421,2121,1392,1633,543,5057,2272,689,11809,195,306,56087,695,576,164,5774,11732,767,2542,11846,19135,20,12287,3300,20798,1557,29,2331,2521,518,72296,5891,91163,443,376,711,621,2157,1831,1150,12424,630,2108,1700,639,35,90,15,65,14860,2539,411,395,6740,52,326,2127,9442,170899,1391,150,100803,3455,48,496,1961,10290,149,200,239,7971,2859,461,915,248582,1311,9517,1309,1802,2044,34,243,190,220,180,2484,506,24830,628,61,66,37279,9,5008,148,6784,94,637,70,12215,57,34,2,100,218,93,135,25,3356,171,0,40,354,92,0,4674,25587,0,39057,794,1189,86,481,2202,132,28876,76,0,5291,20,2,2006,13909,2520,6,1195,71,1235,79,74,0,141,13722,3723,18,35,1668,1,206,5010,4928,28,0,8827,1330,28,1263,1584,4174,76977,7253,2411,1,33,15543,0,5398,56320,2,39,2724,395,765,354,35]",bykaranteli-depth-snapshot
2026-09-04,LINK,kraken,11.8315,1573612,1098718,14.01,17.57,1000,"[46676,102240,47353,71024,80959,99507,401598,204689,117335,127090,226779,41344,17,23,2096,4165,149,21,548,0,168,4025,251,36,822,1398,43,1710,3529,10573,418529,22,134,0,4341,136,41,494,197,38649,1504,115,161,359,170,21,501,331,2102,138,969,35,844,117,0,43,0,271,578,2175,224,33,9707,198,1135,160,5110,656,116,165,41552,11174,87,31,329,47,6,112,1760,452,100000,1383,413,282,0,187,103,2353,250,30555,171,916,20,20,121,4513,0,1227,34,122,111,101,732,2691,3692,695,1698,279,576,154,818,339,74464,6,25,230,156,155,0,24,139,0,25,12,3104,159,94,19,110,247,339,952,476,31749,309,25,0,1173,0,37,12,0,0,0,0,0,0,0,0,0,0,0,0,0,0,0,0,0,0,0,0,0,0,0,0,0,0,0,0,0,0,0,0,0,0,0,0,0,0,0,0,0,0,0,0,0,0,0,0,0,0,0,0,0,0,0,0,0,0,0]","[62127,81492,62959,81292,112801,129686,346948,23020,133327,5046,39622,284,3019,3480,3061,4149,4636,1278,209,281,574,259,173,4913,823,610,59,238,9688,1794,38279,4681,32,425,2246,466,92,7,94,112,134,4386,881,240,1212,109,35,51,444994,37,624,2039,175,26559,200,32,12900,2156,165,12,145,39,0,203,192956,162,383,5,839,127,24,647,85,136,203,91,2510,103222,5,205,2141,3142,1794,30,18,227,763,3484,6570,31,175,4381,0,30142,422,0,286,3019,13192,0,12251,49,1304,2234,0,0,264,2646,172,31,0,29,136,1642,51,327,0,63,26,3803,63,14,17,0,173,21,0,18,85,12,398,140,208,4137,0,14,221,0,0,10669,184,18798,140,12,5,122,45,40,10,381,1336,0,0,0,140,120,5,85,135,0,923,0,0,0,46,53,5915,5,838,18,2715,287,330,203,1831,152,0,0,0,0,0,0,0,0,0,0,0,0,0,0,0,0,0,0,0,0,0,0,0,0]",bykaranteli-depth-snapshot
2026-09-04,LINK,okx,11.8305,376548,530133,20,20,9791,"[32567,82871,75055,34601,74301,13403,37931,1801,1312,1493,11232,767,1730,778,96,1110,3253,351,191,1705,98,466,905,3394,129,983,3037,16384,1037,3272,337,3095,487,225,1149,146,2467,2728,871,280,397,607,354,508,3220,497,130,938,2582,219,753,93,716,1669,93,109,857,173,2566,1668,1079,2089,190,889,528,16535,656,151,154,3318,8157,2198,837,727,485,641,237,496,5832,279,3441,1132,15318,54564,683,508,274,17051,374,75,395,1141,332,407,862,3237,134,911,3978,216,603,5092,526,664,4494,5096,1088,138,503,1696,760,12689,12475,100,7209,323,630,84,576,577,1051,5127,3232,162,1296,1130,308,121,563,10614,277,2407,589,897,325,201,104,2897,227,116,153,328,624,157,580,163,5504,158,122,336,557,212,135,184,23533,220,40,1554,955,120,383,238,1124,493,742,346,36,711,96,118,1331,1452,67,88,90,626,355,239,200,308,923,142,148,216,282,93,115,205,5043,136,334,191,399,62,138,93,15880,66,348,192]","[30198,90006,40677,56898,47229,12019,39199,263,1167,755,188963,1019,7637,320,11114,184,193,354,1236,702,233,812,234,462,747,168,665,1921,888,214,1066,973,7601,851,172,313,2111,503,150,1396,119,6296,1047,2319,213,4200,1416,402,1614,1546,107,327,1398,788,6908,1067,55853,162,1437,140,60,1351,105,388,1035,17937,1523,796,553,61,246,907,93,2092,763,302,170,877,1018,222,973,3723,517,1806,291,287,767,459,166,736,6019,344,847,86,180,1246,169,124,39267,559,10772,380,157,1355,162,339,485,460,130,623,301,139,160,1793,159,660,97,118,530,1031,259,506,239,111,189,347,1945,526,665,128,403,321,5745,98,3465,145,1778,130,4417,124,53,3579,121,256,305,708,501,143,158,1256,104,253,650,216,386,1531,584,32,4835,4887,135,84,5013,660,602,135,6634,49,108,665,236867,337,358,993,383,153,469,658,178,36,144,536,1713,24753,165,1588,332,529,27,140,387,498,22,63,109,107,118,234,122,757]",bykaranteli-depth-snapshot
2026-09-04,LTC,binance,51.495,985085,495896,20,20,6659,"[27371,46200,35381,53267,22480,15238,4828,1619,105500,90670,350338,207635,2967,4614,589,8345,2039,2380,216,3407,1753,580,288,6815,77,1070,417,3634,937,29855,564,162744,777,1174,776,464,907,271,2712,317,580,203,11692,702,883,668,2248,1702,3845,234,1774,640,3116,205,4628,4242,2426,4810,9316,312,14806,155,3252,36260,434,1968,1118,28092,1045,1065,417,604,229,2164,415,6352,2739,270064,2089,1497,1757,364,1018,769,959,3926,334,29664,2588,471,6219,414,337,2188,404,1165,23673,2761,345,440,24029,1451,383,180,1584,101,74634,943,1969,488,736,353,1209,2566,926,5616,2554,170,1607,233,3383,1379,588,384,5018,43006,43790,8017,1490,48,3129,29,4737,232,23798,12249,5712,5850,1167,1167,2895,799,221,362,416,25466,2171,158,695,9786,532,35,342,337,2157,24191,246,1438,370,1425,253,1838,1360,1451,14535,66,170,124,1153,5222,644,2670,5007,1459,241245,40,136,1266,270,253,1371,1429,265,84,22111,283,3571,147,648,136,142,541,823,422,581,1119,411,695,247,323]","[70694,57908,44833,73964,9720,25396,7985,25193,407,126615,3222,6226,889,5782,1563,1796,6182,2234,264,25024,1052,1194,419,496,860,5001,7679,1246,8320,108020,735,3416,596,2457,2298,1258,1695,347,8486,849,961,347,2872,696,5287,1460,3693,2623,112508,498,2189,8108,5758,239,5999,2050,574,1289,22169,692,795,464,1494,2116,845,6499,30576,1263,191600,17125,9257,11715,522,721,5392,2679,2910,5714,8417,306,1879,295,569,3008,735,602,397,69146,195,61581,3840,2738,623,641,900,695,351,3896,2775,1396,491,690,2497,610,4115,186,47751,153,492,677,2044,420,1208,889,5514,53,39317,599,404,346,1325,252,1064,4149,168,169,64335,398,7591,21816,22825,88,2141,1967,560,7049,56540,5029,131,813,2428,2125,285,4090,589,195966,452,973,174,1778,297,926,538,34043,959,8634,247,6031,3323,1450,1664,26090,2128,5021,2891,120797,9006,2386,304,2149,1373,426,547,56,969,557,1132,1211,953,755,795,572,12319,370,20305,490,2266,931,394,1814,457,247,679,94,551,1430,295,1315,3627,6649]",bykaranteli-depth-snapshot
2026-09-04,LTC,bybit,51.485,226688,206857,20,19.72,2000,"[12186,113224,42377,24798,9525,3373,8324,2504,792,1406,202,1217,5000,91,135,275,130,305,201,623,121,166,108,314,200,291,164,295,1580,762,213,88,146,201,273,124,467,516,470,208,156,356,192,3170,393,66,7647,176,1002,456,534,2894,1357,92,1915,224,402,1127,67,753,196,594,53,586,340,319,92,4406,173,158,213,112,64,143,4305,483,337,483,176,119,136,9283,7989,168,578,135,225,5430,109,437,174,218,211,86,292,476,787,2924,1689,99,199,130,175,530,1729,105,3704,212,365,300,406,196,215,3884,11561,159,271,190,153,126,23495,118,5213,482,6611,6769,216,10533,110,6510,371,643,106,2616,147,750,213,2576,793,1161,87,2344,319,94,1945,13032,204,35,140,43,280,88,87,80,276,126,369,207,2783,144,2012,289,1575,1086,1671,76,284,129,66,50,69,318,122,129,215,1876,231,53,415,286,23,281,106,318,2740,1323,43,248,94,24,72,105,575,1448,21,251,22,53,96,65]","[8865,95912,48240,27805,8030,1112,1113,1168,322,1830,4489,1753,362,1419,432,335,162,211,1802,1495,123,4061,1584,156,1283,652,2133,85,710,19994,127,168,701,203,491,161,252,363,2317,609,76,462,641,147,1887,1997,403,546,3915,70,567,2091,231,770,216,161,469,547,2584,136,162,92,1956,2138,10141,101,369,581,11308,2055,376,834,454,371,158,228,3150,1361,253,2548,275,243,273,728,300,450,195,4818,130,2515,1535,3480,365,99,2125,100,198,2049,213,107,202,190,270,192,277,309,109,16427,392,60,102,344,241,197,643,366,471,161,970,74,2667,249,1484,2177,674,156,8447,198,292,1703,3015,337,1840,147,1279,490,628,242,332,80,1773,149,383,843,1959,35602,137,482,137,2381,255,287,149,669,201,808,200,167,278,250,278,536,305,369,331,29148,492,3737,67,2193,979,539,38,69,1015,1040,3127,117,1122,423,1332,42,220,250,926,316,276,152,643,210,124,506,53,55,362,305,680,59,0,0]",bykaranteli-depth-snapshot
2026-09-04,LTC,coinbase,51.4875,684608,438016,20,20,5524,"[53046,127345,84612,77482,41553,69956,18253,25003,35523,1045,62558,6,11,115,65,20703,546,2339,242,64206,1176,20602,170,106,2336,3007,159,167,7273,1125,99,231,161,78,1157,1493,310,9,55,43,58,19,164,335,9,2,15,1101,3402,6,49,1050,149,6,88,16,1,122,665,14,55,132,398,135,33,2049,133,2779,29,115,1,486,34,51,129,44,18,13,489,58,160,148,1343,71,775,133,20,69745,0,1003,188,588,49,199,136,45,25,429,163,5,122,350,70,472,231,322,3028,138,20,26,19,0,1837,2,44,13,104,0,12,69,156,300,13,22,22,1097,15887,67,27323,169,37135,494,38,101,191,6,719,100,1036,14826,293,1210,49,0,165,5599,27,0,15469,131,151,228,107,10,5,104,3697,55,91,408,1590,9199,855,109,3456,49,5,2525,0,228,1295,169,192,590,468,0,1051,0,5,670,121,0,145,212,3050,2166,20,36,106,126,11,210,402,897,24,501,23,1,271,1259]","[12934,26556,92691,30366,66881,48359,51436,53400,1245,24546,581,1076,17,566,22405,4094,141,445,178,98,21566,6338,14,10,119,123,65,6,31,2496,1346,45,1,310,346,141,135,14,240,68,125,117,161171,162,978,162,6,229,2548,3,10,193,15,486,4390,14,1471,6,213,34,24,301,109,318,57,31,14753,262,13257,102,0,33,229,470,1156,18015,11,296,3750,627,2846,190,225,16066,0,46,9,2037,248,337,5,365,368,2447,7,2963,0,23,83,249,460,0,307,178,109,11,11725,3287,324,0,220,505,0,0,2908,113,836,58,122,20,47,246,45,609,48,19,12870,112,1410,948,313,382,257,111,5260,657,64220,316,15611,0,0,1491,23629,15600,109,48059,11,273,58,120,389,305,0,9,38,13566,100,0,2,2968,3063,218,2414,560,1073,23033,12,109,662,190,418,48,219,14,144,175,384,37,827,9,25,0,102,0,6384,693,11,6,3322,2302,191,79,0,228,70,742,126,186,28,29]",bykaranteli-depth-snapshot
2026-09-04,LTC,kraken,51.485,1164177,1118878,20,20,1000,"[49804,71979,74645,85472,101538,131734,178300,113247,6057,195,282336,271,40000,24489,26,2946,700,420,16,0,0,25,2792,2908,1153,16,1156,9,1000,35840,7639,2009,11016,0,0,691,16,0,3745,16,2895,777,2020,50,113,48,0,1381,39,0,2603,10,0,271,712,0,537,12548,131,0,748,20,10,10,9,10,701,1111,130,37,1002,49,749,37,10,31,19,211,718,50,20,40,42,60,799,146,319973,2558,199,88,752,101,2489,50,1107,125,929,195,60,30,135,702,211,78,20,110,353,691,1606,20,228,55,218,691,0,16,9470,0,25,701,92,0,906,45,708,10819,10,0,20,0,691,0,17,0,0,8410,900,193,0,54,9,710,750,4,12666,7884,0,691,0,2015,20,0,691,67,0,96,91,6,710,0,0,44,20,691,2209,0,17,0,86,0,0,85,91,0,510,16,0,0,6,0,27,84,0,16,1642,0,0,0,0,0,702,17,0,88,0,20,0,0,268,1018]","[41669,85038,59988,61096,132350,121620,224670,84009,114,14541,287206,0,21,0,0,3130,103,697,0,2625,41,26,2953,697,20,2209,0,36,72,19557,362017,0,414,10,357,27,309,4368,21,268,4187,5417,21,16842,697,32,28,0,18,2000,706,59,1189,210,0,0,0,1560,647,0,10,22,16517,0,696,0,27,5,33459,1780,0,703,21,0,0,314,0,1388,761,0,17,0,0,0,0,696,53,982,0,0,54,2449,696,0,0,1842,0,29354,2616,703,7,0,1392,100,22,0,705,1289,8,60,0,11,22,1392,696,0,28913,691,61,0,11,718,0,11,16965,1392,4650,0,696,586,22,11,0,7,1641,10,4760,11,29,470,11,7,11,0,628,13594,0,1392,33,0,1207,11,0,187,0,3703,11,22,14,1403,0,0,11,203,11,6872,22,1425,0,0,427,0,11,0,362,12264,0,0,21,0,32,11,0,11,6290,10,11,58,0,6,32,1884,2363,78,6198,0,3142,0,0,0]",bykaranteli-depth-snapshot
2026-09-04,LTC,okx,51.475,377343,438102,20,20,7351,"[63649,80999,92709,38159,26067,4338,17257,20555,364,1722,9827,2544,2266,3475,182,5350,1278,3290,2633,678,1176,344,1334,8571,1110,52,1292,920,32163,767,838,464,2464,877,3515,333,1266,1214,16568,1089,957,122,912,737,4584,2588,1016,982,3321,278,750,1032,198,1315,15251,10010,690,3810,1064,909,806,907,980,4895,9615,996,2928,10747,550,813,185,2534,689,1075,534,3577,22507,8108,245,6754,219,1457,829,962,3222,38299,17151,1853,1305,1260,3002,2143,702,1897,2413,75,3231,249,6950,338,1333,56,7610,99,38652,2443,86954,923,1918,2072,1554,114,3503,2066,8056,614,2619,4445,1133,2334,167,3061,56,371,36502,30990,252,365,11139,546,2038,274,585,12996,153,8890,694,2279,379,1619,117,2222,53,38456,1773,15647,6748,3452,542,556,202,764,4485,270,5741,1248,1465,640,952,4527,288,1288,1469,34614,27766,367,125,243,5119,35,240,2326,462,52409,9079,55,390,38,1209,873,359,7601,33768,44,81995,192,210,112,55,137,79,340,125,744,232,143,38,565,924,1065]","[34597,143527,100620,71039,9693,2029,38771,421,2868,1578,10006,371,1042,2707,2367,164,3101,1490,6004,5706,564,1305,850,488,196,3761,411,1588,127,43981,2037,1540,912,5483,571,571,425,2937,181,1014,2176,752,430,584,2219,1754,913,187,502,87565,943,1921,5472,229,501,503,634,8136,1835,473,1253,658,3057,344,946,237,71299,569,86484,881,271,8681,1545,2389,71012,591,12451,899,4432,11960,761,289,2805,2793,1284,676,201,14470,803,2966,707,16072,141,505,2246,794,341,977,2360,553,1006,218,400,6615,202,2330,202,13579,255,355,217,60919,225,411,532,2774,334,260,3591,448,148,193,810,476,10261,168,61740,178,86,372,1331,59,688,203,1089,722,568,239,1829,2968,593,21548,9071,4960,1141,438,5955,1466,786,137,743,435,230,153,951,12308,206,205,1295,13916,188,2062,12075,300,351,126656,402,157,162,235619,656,630,127,299,496,3235,101,18956,296,329,2350,163,139,813,118,29925,508,157,506,61,309,659,697,254,15267,46,235,144,113,486]",bykaranteli-depth-snapshot
2026-09-04,SOL,binance,103.945,5477432,4514378,20,20,10094,"[659435,1441504,932431,322889,133596,188155,158261,77621,45041,459744,59224,142133,50525,167064,21877,111549,173926,24294,285767,22397,126500,22708,17194,52247,42861,19814,53275,12777,217277,16625,22448,14788,11303,42587,15526,82243,172985,624696,39281,54550,22355,14194,32596,11505,10202,38951,16536,474587,18028,42379,13557,29162,119109,38327,19482,241845,194780,1087865,11322,35879,254550,68210,168602,51341,95185,25123,1076181,159139,51704,27546,31025,123184,54653,13473,24859,59841,860642,25482,42579,66659,78656,88168,35654,44015,58158,46823,2123936,65997,12184,50916,48379,12876,90262,59523,29399,655245,12509,138695,31466,50363,278477,26790,97081,14635,31420,438181,118192,37643,18655,31513,71322,32630,38947,26711,558043,478779,12159,26149,28315,114473,11570,53105,24530,16380,209336,219972,9876,22412,34909,82171,51295,21159,35798,66804,1000823,13183,7597,15080,100740,6667,3854,27725,9880,447207,287085,143156,37709,39635,45218,14693,48288,41471,57641,766389,14909,21515,22585,13229,34548,5396,17360,22982,38022,581893,53058,6934,310881,130155,10294,26407,70306,70853,484069,372659,91545,30383,65326,96816,10279,26722,53920,14717,1625269,10476,13835,13626,35201,77225,38015,10893,10108,271871,14849,30875,13070,43902,65031,4358,109978,16177]","[1239241,1086706,385200,132135,146733,226203,14569,12731,19416,29020,358873,60905,29112,49053,36283,19814,51951,52136,44203,520095,30016,54484,371033,41431,195162,419093,39897,66059,347345,516208,61322,434690,73987,29039,816647,19783,68486,362061,76308,1134367,37786,126513,47397,703020,12756,14888,15528,118473,533791,23151,53529,23055,81791,350390,50873,98209,77471,230797,5703118,3740443,36103,6805208,2974311,2152286,89701,16718,206054,297311,17383,11834,20439,14070,54523,7936,15276,21087,49673,392933,40685,38977,38601,16155,33536,62664,17545,9597,5572,243666,7053,12515,6920,75925,12763,9127,74148,6437,290696,13959,2571,23985,10835,21134,63525,14650,24277,42647,1879940,23530,31293,15238,282254,8936,9377,51459,17545,364315,46024,8018,18363,28917,21070,2605,8472,94119,41660,635760,9721,10303,6239,4905,731703,22646,11697,40240,7874,700536,3053,778594,32352,13323,31624,47227,724179,160926,351577,56944,169671,24499,12005,26143,5431,13524,12372,19650,3522242,15778,8678,3425,4540,22771,15399,2670,124397,5915,247744,23170,15165,3639,11930,2985,5736,4802,8447,192535,17292,5586,2551,4192,11846,4547,2558,6454,2538,231699,31732,5144,7655,76194,101285,25839,5131,18550,249624,16277,8484,15692,4754,4979,7637,14121]",bykaranteli-depth-snapshot
2026-09-04,SOL,bybit,103.935,1682899,1859312,9.62,9.66,2000,"[109448,462794,365801,218880,13697,265801,19171,3768,19391,25996,4649,86671,3469,6083,6246,10162,15417,4038,34710,6706,8316,16271,159776,17304,2841,4046,19740,2770,130511,2902,3793,18777,3402,3424,9250,16929,23689,232159,12816,4938,7626,3211,25755,3476,20802,12265,2655,41953,3631,5624,1996,3884,26684,3668,3976,2632,4464,75778,2786,15727,2525,31217,25070,3081,7156,14604,73724,57002,4440,7365,6734,125980,8032,4096,3688,58304,69637,58665,8907,9071,50648,12586,4720,20938,15588,175255,4136,5329,7289,15171,260260,2550,19234,3276,2900,205553,797,0,0,0,0,0,0,0,0,0,0,0,0,0,0,0,0,0,0,0,0,0,0,0,0,0,0,0,0,0,0,0,0,0,0,0,0,0,0,0,0,0,0,0,0,0,0,0,0,0,0,0,0,0,0,0,0,0,0,0,0,0,0,0,0,0,0,0,0,0,0,0,0,0,0,0,0,0,0,0,0,0,0,0,0,0,0,0,0,0,0,0,0,0,0,0,0,0,0,0,0,0,0,0]","[81081,340685,347605,200405,3548,4999,253392,2404,2418,3001,144126,11577,2739,2601,2040,31984,7030,6140,19156,392382,10860,6873,3804,5328,5563,7625,5763,8680,6770,145811,8828,12097,2819,3083,28373,11689,9678,5689,4633,443536,3157,8021,3610,5879,8430,7229,3948,16253,67183,4550,4191,3369,6317,13072,15114,2950,13344,6599,486037,51559,5434,2086,22368,8262,5366,1920,8539,118317,1837,2871,2023,10478,6910,2703,3748,6270,3306,38477,1734,7649,1883,2717,3473,1172,1990,2573,1943,46666,1383,2299,2575,23365,6959,3242,6481,4825,1009,0,0,0,0,0,0,0,0,0,0,0,0,0,0,0,0,0,0,0,0,0,0,0,0,0,0,0,0,0,0,0,0,0,0,0,0,0,0,0,0,0,0,0,0,0,0,0,0,0,0,0,0,0,0,0,0,0,0,0,0,0,0,0,0,0,0,0,0,0,0,0,0,0,0,0,0,0,0,0,0,0,0,0,0,0,0,0,0,0,0,0,0,0,0,0,0,0,0,0,0,0,0,0]",bykaranteli-depth-snapshot
2026-09-04,SOL,coinbase,103.955,3838850,5078192,20,20,13516,"[239657,672111,660865,561180,146224,112916,336879,126517,155387,280970,101038,10215,4054,104030,250782,1962,738,45531,22509,5287,1083,20581,1156,6661,2658,3951,1615,14290,44944,2331,4294,2622,10834,18539,15989,754,1901,226174,166098,77818,2329,11812,103998,1862,758,597,644,106518,2341,927,45086,1005,101510,81038,54121,6135,1306,108482,10038,12509,648,45330,21429,2430,5715,510,91273,6231,752,5031,19887,58285,3223,83184,65449,15343,97136,2652,35162,1956,20450,8811,3351,1389,12606,4822,291732,6954,5014,9888,13006,360,10045,34992,19740,226057,278,12196,5270,9281,8825,4841,16072,3306,20223,78833,1615,2737,6866,21838,74466,18865,11541,1166,2067,108758,27375,5927,2815,26800,2021,92942,34685,485473,224660,18430,7629,1700,12194,9534,1132,3028,5626,19556,292276,5416,473,4324,1811,23309,2667,3384,6136,66159,3974,98668,4694,1706,7684,5600,4872,9179,1185,111473,13099,10402,1123,2212,23221,2190,11479,921,104648,52525,1846,10238,2702,32420,3144,8844,632,27727,121193,5452,6350,3560,31490,18632,2819,4021,28296,1916,265078,9958,2523,1361,5005,37782,14609,6733,1799,108630,3926,563,14297,3026,3923,290,1240,14822]","[354624,382970,753915,266599,265874,375785,23920,1281481,22114,116881,66722,210937,100957,172137,128054,127945,346454,5290,2329,73205,49425,13646,51379,38493,18607,30415,17060,2805,1592,42703,7095,5882,9756,35203,186137,6912,7549,6034,117788,8036,5408,1942,7801,11995,2426,9372,2924,25597,35234,21347,5440,10266,105628,71918,6387,18254,23347,23614,418642,5077,20340,7466,151133,12384,25224,11840,4334,68096,8614,1971,3606,54,9381,11380,1560,528,7690,100886,7822,2009,969,2493,12580,9860,1959,19917,99978,22148,77,11412,9540,723,1166,2263,5185,2552,47377,369,52658,6234,994,7444,3292,8705,8246,15987,319176,3894,202648,15936,979,16964,4934,5580,486,134613,2857,43038,46701,1856,16780,3062,169,617,28,43093,5514,26,111033,181,44860,13036,1095,3471,329,209665,680,13242,1083,931,7761,7490,7111,24939,61129,127031,499,162,4470,6764,2621,63,7696,4824,854967,725,1734,309,3950,10243,805,1184,366,66130,0,3066,229,1848,386,3664,18267,8920,1454,33162,33947,8040,604,514,33638,468,433,321,768,51946,1613,4010,7427,11195,5487,1725,11042,304,120873,3051,13332,1146,332,9685,173,765]",bykaranteli-depth-snapshot
2026-09-04,SOL,kraken,103.945,4210158,2726150,10.01,10.15,1000,"[511524,563183,510377,700107,95956,210132,436789,32315,25163,11850,731853,44286,145276,150830,902,13251,113,10666,10810,4774,41634,204924,515,2067,657,5014,4027960,377,164756,22325,35681,1384,11105,446397,2210,3687,20720,534426,1725,1108,22109,11082,645,1061,6406,18494,509,55039,539,4660,2440,214,5600,0,18429,904,1562,62447,399,135,1414,11745,4848,143,3051,2091,18568,407,1287,67190,497,23571,12440,22723,23540,8270,38420,165,13829,19796,7686,4108,843,361,448,35546,49606,5395,319,1138,3351,106,2241,1574,2895,14491,793,338,12978,8828,250,0,0,0,0,0,0,0,0,0,0,0,0,0,0,0,0,0,0,0,0,0,0,0,0,0,0,0,0,0,0,0,0,0,0,0,0,0,0,0,0,0,0,0,0,0,0,0,0,0,0,0,0,0,0,0,0,0,0,0,0,0,0,0,0,0,0,0,0,0,0,0,0,0,0,0,0,0,0,0,0,0,0,0,0,0,0,0,0,0,0,0,0,0,0,0,0,0,0,0]","[338168,839119,98446,370184,502730,55863,99513,3970,3452,208,385884,1189,406,425,407,415,147,301,10105,15217,3641,2222,564,3606,2258,28985,10020,1207,2795,57314,38683,4038,5403,450,32293,1725,4477,3030,7145,21544,7465,6919,702,10753,198,5115,105,818,5436,3081,21303,11598,13060,8039,5628,1954,12993,3169,1762630,20319,91113,15118,2421,1805,1019,724,1251,15808,1241,2023,3917,2066,894,134,317,8,1691,51266,1454,376,281,227,11117,768,2112,5766,6468,10317,5604,2141,628,21271,69,3096,61,5121,47529,94,1492,4712,11224,105,0,0,0,0,0,0,0,0,0,0,0,0,0,0,0,0,0,0,0,0,0,0,0,0,0,0,0,0,0,0,0,0,0,0,0,0,0,0,0,0,0,0,0,0,0,0,0,0,0,0,0,0,0,0,0,0,0,0,0,0,0,0,0,0,0,0,0,0,0,0,0,0,0,0,0,0,0,0,0,0,0,0,0,0,0,0,0,0,0,0,0,0,0,0,0,0,0,0]",bykaranteli-depth-snapshot
2026-09-04,SOL,okx,103.955,2832540,2475419,20,20,10000,"[252533,333730,528436,78320,378345,8847,394669,385377,11837,38404,19331,40715,12868,12491,8350,13807,16457,7407,284185,6431,14560,17619,29991,15619,11582,18693,20167,9922,40239,12521,7235,15308,3760,10561,12227,16303,46578,9386,161165,25406,8499,17439,15406,10864,6075,10934,12652,79970,6589,11896,8638,25174,37212,8561,12171,12714,16629,253269,11181,66254,12059,15696,83895,8425,12548,58262,176226,8506,14253,6533,11260,116762,10379,16506,7981,8299,129822,18366,6661,10814,40632,36827,33702,8790,31922,28168,272489,4606,23596,6006,9556,11293,10735,17286,7234,313578,4626,15578,11302,63418,10713,20601,33126,5548,9448,121808,4526,30752,19177,15368,16620,14351,23001,54653,11514,199055,11425,15064,62895,32004,3700,6299,23715,11020,61380,12504,8066,103463,12984,11458,5606,7417,16940,16839,324826,11290,3628,13747,6435,3708,10488,4652,10336,63786,13156,18543,9044,20687,10964,6307,6708,42166,12745,1650134,6170,18677,43347,11420,33982,4782,8927,2108,87754,662767,9056,2852,15251,13634,6104,4015,2942,5954,519255,9323,17962,48750,9515,55868,3415,15986,3390,2810,203529,8315,3654,51240,5830,41045,2087,15116,9644,414083,14055,6502,5650,36531,15641,2525,9503,2393]","[219338,285800,426272,41455,81481,14980,15198,293754,34532,722190,12220,96932,9809,20322,20582,20382,12345,6332,27097,114397,18496,21020,13765,14104,79253,29423,71610,16140,42691,123639,41828,60725,10767,14914,33362,16911,8503,13221,314693,14562,19209,15511,10259,14733,20977,4476,46057,18392,360722,19630,5856,8603,7658,34121,17391,328746,18943,17766,411101,14984,11889,11114,18809,9573,13395,6916,89782,396756,13728,15328,11622,7742,79016,6231,11894,82507,58705,110491,5418,12820,5936,17934,8640,10902,15830,14629,7709,231243,9666,38815,9943,4434,5883,10556,16051,6373,53661,6402,6638,12702,9307,8695,8592,3067,18152,18180,288641,7705,15716,3463,17290,5883,7275,9900,14964,54465,2493,4050,4656,5861,42213,9949,4538,5114,13797,34936,4536,5978,8058,12884,18947,3899,6562,2663,5840,186697,84635,4126,6521,8269,13984,15851,7169,37913,45342,13351,5060,6974,8313,3971,19884,4712,20950,4398,317559,10176,3838,6366,3286,10485,14073,16443,6239,54921,2915,20144,4927,6227,4207,2609,14152,5534,3353,31163,17451,24193,3261,4200,4709,6684,15111,3121,5643,25035,8175,15499,4439,9428,15715,7135,18343,4696,82407,4487,2150,14397,2013,5650,5748,3120]",bykaranteli-depth-snapshot
2026-09-04,XRP,binance,1.4512,1967892,2180203,20,20,10298,"[258548,132868,154261,49889,197234,264689,223076,280293,46384,2758,48342,20453,11607,103504,67296,8045,57046,7276,15985,18339,6210,316943,15371,17409,8970,19575,12375,4291,158367,58948,15314,222561,2143,26525,25290,402457,8206,3454,23716,2922,28430,6045,500437,33412,21573,22285,6213,12850,5283,228181,8952,18094,41933,15385,8040,111698,2626,12204,16622,125641,1643,1528,507648,1157,15547,50982,279136,14302,36914,596953,5056,3791,12915,283569,3415,22990,82074,11840,26557,3667,3521,8208,24688,102110,3590,113619,19143,9732,9627,18245,90965,29477,4391,61293,5310,12623,121683,273086,23648,3348,211446,11305,43499,11820,860235,18225,29056,68396,8338,2553,70110,230721,12794,26169,67567,59796,13808,8213,140465,36797,27507,10250,11345,6885,109939,21590,48660,8155,27102,10759,51073,150531,26725,18867,5904,38204,36091,6984,373416,2508,10218,32430,10147,22230,8110,66513,9497,8823,55742,17527,7216,5211,100566,24280,4058,53088,42518,40613,6118,143935,3576,4834,16374,3479,9688,10633,80555,15831,17979,5572,4879,12629,27230,751199,7325,10464,16528,8226,7601,28037,133187,871703,39877,16260,4535,87548,73799,4123,7438,10217,2857,2506,1156,104105,5479,848,2876,7312,1872,14210]","[287168,213974,348140,129737,278249,154798,355701,123994,8309,13322,8247,45224,35104,1396,8570,6496,16235,5724,33227,106590,21536,14856,4672,74228,23193,14647,159533,13811,2732,7302,12968,18486,17941,824653,11483,113091,3819,14963,4297,17059,142953,12787,54088,18118,25453,40611,21697,115556,6132,62602,31158,2039,53543,43148,131807,4417,45172,54273,5153,50131,9562,169730,45323,7889,50379,11943,9233,6942,631115,31982,22340,95159,10657,15885,606226,5044,7956,8209,57385,6582,15685,36624,4762,2226,7503,6064,4392,9295,478805,2584,6324,1592,4688,7717,9914,151238,9034,4883,28938,12218,7181,20425,1403352,27956,5896,55227,12277,2656,1174,31205,4352,2787,12009,2333,3978,1716,427593,1072,5845,4762,8804,3747,1587,24937,9161,1622,3766,2010,15944,1897,399230,6243,10044,26544,1635,4103,614321,2441,9202,17789,3734,16964,1389,202702,1005,2487,3007,5773,56708,14504,2447788,1593,13523,8185,31409,3115,10491,239144,10652,8609,29307,6748,4685,60650,871112,25668,6623,73280,8243,8343,71226,2128186,1679,3139,3105,1653,4870,6826,29409,11001,2448,12044,8577,2513,2739,35975,1941,2251,17046,2572,3032,3827,149532,1954,6309,998,1008,4660,44773,735]",bykaranteli-depth-snapshot
2026-09-04,XRP,bybit,1.4511,937805,761122,7.19,7.34,2000,"[26524,180064,220282,4594,7221,1646,90437,213330,2809,2542,2303,1080,1268,892,2875,174003,710,991,2473,1761,822,2261,1239,2907,1596,2175,1519,1121,1541,1125,1057,711,1413,9507,1020,599258,1416,5003,16027,12642,1314,987,14160,2202,877,1762,957,6846,1900,22606,969,3152,1068,1389,1379,1741,1325,7563,2047,1410,2883,980,73023,3662,1255,2929,829,1085,1652,123744,1504,2580,0,0,0,0,0,0,0,0,0,0,0,0,0,0,0,0,0,0,0,0,0,0,0,0,0,0,0,0,0,0,0,0,0,0,0,0,0,0,0,0,0,0,0,0,0,0,0,0,0,0,0,0,0,0,0,0,0,0,0,0,0,0,0,0,0,0,0,0,0,0,0,0,0,0,0,0,0,0,0,0,0,0,0,0,0,0,0,0,0,0,0,0,0,0,0,0,0,0,0,0,0,0,0,0,0,0,0,0,0,0,0,0,0,0,0,0,0,0,0,0,0,0,0,0,0,0,0,0]","[19091,176318,221866,591,750,89116,19894,208577,1527,3673,1353,572,2377,833,623,948,2288,973,786,8966,804,1584,1730,10100,637,2919,5026,6053,1834,761,3525,875,30161,632700,1501,770,2854,2325,833,1993,20193,3428,1367,3071,955,1043,2250,210573,889,1069,4506,997,4166,914,5284,693,1391,1693,3056,913,1505,10913,2768,1907,2227,1705,945,4783,21503,806,2252,2402,868,412,0,0,0,0,0,0,0,0,0,0,0,0,0,0,0,0,0,0,0,0,0,0,0,0,0,0,0,0,0,0,0,0,0,0,0,0,0,0,0,0,0,0,0,0,0,0,0,0,0,0,0,0,0,0,0,0,0,0,0,0,0,0,0,0,0,0,0,0,0,0,0,0,0,0,0,0,0,0,0,0,0,0,0,0,0,0,0,0,0,0,0,0,0,0,0,0,0,0,0,0,0,0,0,0,0,0,0,0,0,0,0,0,0,0,0,0,0,0,0,0,0,0,0,0,0,0]",bykaranteli-depth-snapshot
2026-09-04,XRP,coinbase,1.4511,4801454,5149973,20,20,14948,"[260378,364858,641487,421776,131093,395882,491376,472898,512571,395719,282992,184257,145556,1601,18497,51156,18872,6997,609,2880,10228,19463,2152,232,56880,6526,1606,2437,45051,2887,261,1564,2292,2015,12320,260927,159,11739,3360,889,907,428,12644,586,5269,2824,5274,40228,45581,16691,19009,372,1357,7805,15096,64854,1017,7273,629,48755,9331,50650,88564,1516,20697,191,74699,77,5950,283251,904,1745,5364,153057,1237,2628,32550,2314,1187,39953,9231,277,28683,323424,2468,13449,21126,1751,7870,1013,119872,13037,14969,103006,946,213750,9515,117266,12910,31447,145103,188178,7272,15749,1604350,113715,5041,8943,12262,10391,1564,317406,2553,18570,261964,60600,6663,336917,10204,25112,56545,15362,26552,635,65131,13244,8023,7033,19787,330,3880,100833,9117,8846,41222,42899,68127,176912,667173,6215,5196,4738,39237,5506,770,188352,4222,13076,1834,21076,19075,169,79682,3791,2615,23212,11507,7207,41938,468725,2324,3403,5511,1110,61315,2534,74611,1479,176,236787,20888,3644,218654,811017,6635,2966,2712,347,215,161720,1115,42641,4641,23736,59867,3223,223476,120643,42989,35313,25397,10215,7154,170573,61633,218,3362,8507,2656,4317]","[238175,391979,592000,299863,306371,375550,253413,156901,425429,367757,703518,120633,88270,486400,90184,90541,139659,1359,13311,8659,739,36288,4165,7348,109699,42049,139001,3522,2668,280759,5346,8313,11041,473509,15466,91728,1258,17576,30530,2846,75298,1547,285,288,7617,1121,616,308468,13101,11432,6833,1443,4434,15661,224178,3009,1502,11718,10155,6903,348843,70318,216157,354,17849,139,34088,54004,493208,5684,1832,42189,12178,484,2294,42778,1393,851,14957,7288,2291,29207,812,845,184,603,1352,27944,80651,5414,1906,1654,3855,380,788,168273,3060,4163,831,4242,249,1217,462436,5465,1341,1485,1139,338,2403,7094,739,655,4154,2395,33,186,202221,1158,4949,10430,681,20463,2445,314786,1758,137,448,879,5310,111,53006,2810,286,3093,2444,362,1164,707333,1285,845,487,568,9499,24027,1187,642,60,169,12469,197,295712,1016,1809,2361,29263,25412,14266,233108,47,354,948,8345,2419,54480,285665,61115,3135,99,39810,26463,15395,1081464,249,151,3198,48,41463,74,27156,2343,23601,111,169,9739,3564,345935,19625,459,2290,6125,359,2057,20664,292,20657,535,5277,170,937,143503]",bykaranteli-depth-snapshot
2026-09-04,XRP,kraken,1.451,5932155,5351060,5.57,5.25,1000,"[439189,653570,558075,1221140,1172413,520047,356529,574821,75838,1381,214636,47561,45412,227,3371,30578,8102,6348,905,2010,3849,3781,21009,366,3440,1191,590,4555,18214,31384,32349,19669,74,16706,1590612,24709,8203,401,55436,19375,21851,5503,14944,433,14719,3340,637,1991,43655,277,1417,660,263,16119,1592260,141,0,0,0,0,0,0,0,0,0,0,0,0,0,0,0,0,0,0,0,0,0,0,0,0,0,0,0,0,0,0,0,0,0,0,0,0,0,0,0,0,0,0,0,0,0,0,0,0,0,0,0,0,0,0,0,0,0,0,0,0,0,0,0,0,0,0,0,0,0,0,0,0,0,0,0,0,0,0,0,0,0,0,0,0,0,0,0,0,0,0,0,0,0,0,0,0,0,0,0,0,0,0,0,0,0,0,0,0,0,0,0,0,0,0,0,0,0,0,0,0,0,0,0,0,0,0,0,0,0,0,0,0,0,0,0,0,0,0,0,0,0,0,0,0]","[472742,638037,325142,945342,1033676,832092,250713,389229,200007,14187,1168,133198,46146,44481,930,1801,9253,619,1431,10866,652,568,37872,628,654,674,1724584,545,23696,119366,93977,2174,6711,76811,419,2723,552,612,649,7102,23669,342,9171,3732,17690,564,37583,53516,876,4243,372,74,164,0,0,0,0,0,0,0,0,0,0,0,0,0,0,0,0,0,0,0,0,0,0,0,0,0,0,0,0,0,0,0,0,0,0,0,0,0,0,0,0,0,0,0,0,0,0,0,0,0,0,0,0,0,0,0,0,0,0,0,0,0,0,0,0,0,0,0,0,0,0,0,0,0,0,0,0,0,0,0,0,0,0,0,0,0,0,0,0,0,0,0,0,0,0,0,0,0,0,0,0,0,0,0,0,0,0,0,0,0,0,0,0,0,0,0,0,0,0,0,0,0,0,0,0,0,0,0,0,0,0,0,0,0,0,0,0,0,0,0,0,0,0,0,0,0,0,0]",bykaranteli-depth-snapshot
2026-09-04,XRP,okx,1.4512,1245381,1893067,20,20,10000,"[161358,147695,135296,255223,155638,7777,19879,259631,47835,812,16655,5883,4420,942,8634,1658,2839,5789,5442,1973,35531,5126,1542,3339,4537,1686,2009,2637,16732,6983,24498,826,441,7013,1821,27212,3937,4081,33426,2000,6580,9074,5634,1191,1816,9971,1431,519,724,19044,12631,1428,2826,2206,73925,3056,942,501,1300,1918,2313,2251,40985,456,955,1540,2065,1423,964,21601,675,2471,1603,3072,811,1751,10252,1015,994,887,744,2240,1342,17672,8247,762,5233,976,6210,640,7662,2907,59433,3870,1364,3336,1531,20556,4194,1066,1755,3821,4081,4420,106784,839,1855,2259,1645,1379,1740,85543,3025,1302,6510,1873,1533,3094,134808,605,1200,2544,20651,4759,12703,2506,757,2443,48786,701,1282,58298,413,2910,952,11917,1123,2660,54629,449,553,453,247,227,727,53504,7560,635,1809,2598,728,1404,4814,647,1194,573,524,931,606,81934,4278,1307,12377,38841,500,268,8102,344,434,7552,267,542,497,183940,1211,279,744,589,369,1067,1013,350,879,5628,945,199,10285,648,208,228,396,821,834,9472,1319,340,30380,517,354,1707]","[145142,198449,321147,209328,27238,50632,15839,1689,207167,2671,618208,3436,8058,578,16339,448,12042,2843,44119,7694,1018,51681,2410,8734,1211,19341,9059,1141,2388,3349,3068,1073,42326,36066,527,849,499,3795,2714,1552,49691,2457,4130,6344,1265,16524,531,15084,1514,3060,15243,439,2220,792,14528,5401,2678,2759,1987,4582,1969,40670,3095,1272,33773,1343,427,2955,23993,538,1186,3146,905,3183,22232,16844,1856,2079,2675,4998,4172,7575,2989,1999,2413,3172,654,5499,19244,3830,2631,378,1868,2669,10066,164730,452,1476,637,23860,1746,404,2000621,658,1419,12064,1200,276,964,12398,1279,6350,3310,1455,677,515,22520,2361,10124,2306,1199,14998,883,16820,4324,2468,1296,2670,2401,2562,28455,11586,335,1517,1512,921,31828,1734,2596,4020,3102,1962,2295,77768,1021,4106,1796,5048,4073,2566,2537,5518,336,327,2845,3229,1436,47319,1247,1525,497,2907,2542,3571,9188,2988,1154,4744,1869,506,5644,324222,300,673,9064,1349,1820,2362,16126,1857,10765,546,466,1066,1325,3724,3592,922,3559,299,908,443,25648,2024,2432,2187,392,4086,7297,447]",bykaranteli-depth-snapshot
2026-09-05,ADA,binance,0.2112,749300,501023,20,20,6206,"[47719,91963,71761,51918,78103,51905,59528,21487,18989,12489,27661,10746,11661,77549,2478,85634,13738,2293,1144,10533,5905,21103,7627,3416,12326,3851,31811,3782,9045,41818,3217,8732,2799,1098,9670,273,6159,895,447,15625,307,4140,25941,8871,1792,576,1857,1503,6592,1538,2634,177,4222,204195,1768,1524,5276,6108,3174,198,2706,21654,15242,1404,520,588,3227,14463,120,388,744,926,23164,1439,5805,379,91751,2335,24372,1799,786,11448,655,590,1241,469,13171,10720,10704,1486,823,33336,852,13372,74342,4747,422,1298,3197,778,122456,1608,8752,1629,3961,11668,4219,4562,333,1425,3529,2089,4851,3916,16433,2757,3641,4424,25227,45604,3395,5224,3931,1058,36936,2164,1544,859,30335,738,1807,683,335,52891,353,2166,11280,2777,11315,1049,1751,413,1664,7558,5857,253,5648,225097,491,418,5776,189,11818,6363,3090,4323,431,8515,25684,1426,1429,1165,955,6438,2892,80,8108,2452,360,7983,1737,68443,710,1712,781,6603,27663,315,2274,626,70,2743,10187,9999,823,36618,109,3607,596,1674,4883,3249,687,704,3613,171711,410,68,36,8817]","[54366,103537,59395,28051,99135,37957,5467,23120,1834,1677,2407,9671,33846,22098,374,1003,258,8351,341,8135,5957,369,1356,464,569,2650,451,14618,1062,4568,335,1180,1812,1209,1790,406,2271,556,540,825,10394,53514,570,342,344,657,1976,2102,16281,296,44306,1382,523,23721,1497,2697,267,2542,1924,120825,1793,562,1529,2050,336,34634,2316,8433,641,5600,1121,6932,10720,1760,69769,1236,3711,494,987,15465,749,1525,888,3034,7258,1227,8569,1928,79318,803,918,1729,1372,117524,1329,2637,385,1283,7694,12709,1996,12682,8122,1162,919,1770,920,3357,840,381,983,2707,46407,2458,919,455,592,13718,338,1079,1238,825,545,227,21507,267,1494,4198,1358,841,1219,5299,558,1491,478,2112,204886,1342,269,2365,21578,666,379,1720,951,1429,1187,511,392,344,946,576,1648,709,1176,2658,1052,313,1190,56454,617,775,3860,429,2468,411,198,457,10059,14832,408,1962,5673,5122,1006,6974,2024,2405,16791,329,2119,2889,4368,338405,499,664,285,1130,17486,714,1374,992,40432,553,2055,9739,446,2484,1888,1614]",bykaranteli-depth-snapshot
2026-09-05,ADA,bybit,0.211,210267,193695,20,20,2000,"[22956,78847,34556,7864,6878,9628,3533,2789,3124,3287,1937,1147,1806,1108,2224,871,25986,914,68,746,328,161,145,4562,1236,48,108,92,6604,99,62,32,123,510,347,127,47,33,199,140,257,210,3197,69,42,114,36,1167,67,228,96,56,12507,172,48,56,49,184,252,62,24,165,226,552,10912,90,198,77,963,38,154,125,10,165,71,34,2119,158,95,205,179,54,234,39,62,6060,35,69,55,66,2479,189,326,22,83,415,25,47,212,13992,177,103,119,272,593,1610,59,111,64,154,65,10764,6,249,553,10,270,49,282,101,218,42,405,4482,299,14,356,87,1112,5252,12,210,222,131,582,60,157,225,194,130,134,283,1069,21,121,51,27,13916,66,1493,340,669,63,120,5254,58,1234,22,45,19,292,108,75,281,25,114,240,439,156,200,1812,73,50,961,37,556,197,119,371,236,295,608,35,503,1731,101,38,158,66,115,46,208,175,213,3795,39,202,142,13,284]","[6528,98004,20162,26242,5745,4463,10172,2986,3079,3283,2942,904,913,6757,66,542,89,475,280,63,383,83,28,269,412,369,26,50,416,34,73,99,209,170,520,58,34,211,253,39,363,58,350,80,65,58,203,216,42,78,1249,575,168,1105,62,61,667,74,150,46,12591,1297,79,641,99,223,6043,160,1968,211,182,255,18890,94,37,124,80,165,127,257,226,81,100,61,203,126,134,261,41,5271,53,67,81,536,286,109,1302,118,1960,2238,729,63,145,109,626,97,1366,70,815,132,84,443,64,3010,169,907,6070,136,659,53,305,63,12493,38,222,104,138,245,41,104,45,373,239,101,83,175,740,1741,273,1288,112,579,124,67,620,268,3077,122,269,106,149,250,255,5473,368,116,223,37,141,1900,476,37,233,358,98,134,109,294,34,1306,129,249,218,98,134,1707,274,271,243,123,33,523,555,129,15765,33,122,5790,590,392,176,141,68,426,3805,155,157,61,607,131]",bykaranteli-depth-snapshot
2026-09-05,ADA,coinbase,0.211,642068,285721,20,20,8200,"[38506,130082,36959,30757,83669,76698,72686,9702,54918,50888,547,38980,900,116,1194,554,113,5046,101,9652,332,249,258,1702,382,292,328,16,9293,171,482,1389,2092,194,4,422,90,753,2008,16032,692,2240,611,11742,166,720,129,10596,787,292,41,272,82288,105,121,496,45,11066,68,7,90,26401,73,4,5285,124,1339,87,7,273,1120,195,16,89,19,1,37930,245,244,4,376,9,4,18,2279,367,4,1376,750,125,538,20,55,24,9,6404,27,6518,2026,50257,121,328,204,30,544,4670,104,165,240,570,152,125,37,178,8,216,1233,3013,1006,32,30,186,340,12432,27,948,70,8,4657,10032,5270,560,552659,0,161,9,4,3092,779,347,28,2804,485,4,192,907,92,28365,102,536,9,4762,5410,58,88,1090,137009,4,272,71,7,4635,43,150,41,27,7398,53,1859,5,15542,74,6,6,5003,376,2823,306,113,3,103,136,206,93,50,10600,8,72,8,3017,26,99,203,612,25238,398,50,131,1338,2761]","[9938,138396,34569,72989,2801,5888,12404,715,2823,430,38,91,21,2880,26,50,1501,6,127,26,1615,1626,8,3224,93,5927,96,4,76,34,47,214,2199,689,506,66,58,5634,4,56,192,69,1167,112,42,10,162,74,19,79,14,2334,89,18,237,62,1976,194,54,206,238,25927,184,116,51,3747,121,183,10,88,265,89,177,1149,174,1325,1851,1742,304,84,598,96,53,33,187,225,444,820,1509,93430,95,992,5,112,63,18,3260,0,273,173,84,54,5351,53,7560,165,626,20,1539,121,190,11,74,28276,40,116,117,32,112,20,31,326,3769,19,179,8,47,226,93,176,971,155919,46,43,294,16,70,24349,237,89,88,49,7,145,698,5,514,13,98,147,44,911,114,94,212,105,174,417,313,191,11537,108,222,153,2387,162,180,529,72,746,781,106,550,102,80,298,210,1322,118,6134,97,83,11296,100,67948,213,159,226,70,272,35,143,265,1,144,237,385,90,2254,188]",bykaranteli-depth-snapshot
2026-09-05,ADA,kraken,0.2111,1266076,967370,16.01,20,1000,"[28742,102438,123199,142881,164373,51668,158183,341870,217,101829,20119,26,817,8509,1871,17,4321,606,23,14366,46,37,1852,525,13576,16,23,25,28401,7307,10225,16,29,818,25,16,37,33,298,1976,1187,25,570,507,748,539,61,16,211,719,822,20218,6967,0,267,0,0,67,207,261,0,2053,299,4009,0,24,0,0,24,0,25,5,20,19,2088,10356,867,9,22,17,519,0,0,5,9,288,3864,55,519,0,1252,35,0,18,9595,292,0,48,200,5297,9499,24792,0,18,9,11,263,0,482,693,6212,198,5,0,0,185,0,14,186,187,0,2747,28,2366,990,100,9,62,296,35,348,5174,3281,5,912,6448,407147,192,300,1353,12,612,582,216,58,5918,122,95711,10,1326,209,252,287,0,198,36,0,1205,226,0,319,0,0,0,0,0,0,0,0,0,0,0,0,0,0,0,0,0,0,0,0,0,0,0,0,0,0,0,0,0,0,0,0,0,0,0,0,0,0,0]","[55402,101133,61645,29999,127403,232194,89685,97962,118144,60,13949,22981,90,65,13045,60,64,60,2950,481,77,97,73,323,61,224,454,67,29307,75,18825,22415,154,186,331,24,18,35,87,146,50,24,78,85,63,375,18,209,43,542,18,699,1932,9,152,636,228,48,2017,526,51,376,16,39,0,81,22909,17,0,194,506,0,459,109,70,0,414,323,217,23,24112,310,11435,124,31190,9,149,349,496,23358,0,173,233,242,6,25,35,47,252,291,234,11680,51,0,30166,47,190,0,2000,134,421,0,261,537,7,309,44,0,9,0,121,288,12,68,51,12,27,475,291,29976,12236,38,72,0,719,107,18,3554,0,0,0,0,0,9,0,17,199,0,0,12128,364257,1504,9,11,0,0,128,30291,0,0,1954,9,0,0,22,30244,0,18,0,99,0,40,0,318,250,0,5188,15603,9,2508,31,0,0,13,30441,0,291,9,18,0,74,0,0,1276,0,0,12649,0,0,29]",bykaranteli-depth-snapshot
2026-09-05,ADA,okx,0.211,422313,429556,20,20,6425,"[20407,64266,69108,32592,73014,4944,24671,8206,27553,27070,55132,269,603,231,11945,372,901,399,220,411,757,2233,1218,1309,212,579,334,501,5801,128,480,426,539,332,250,1287,366,609,419,455,121,176,11373,317,295,202,1623,317,636,433,1084,1607,14497,203,32,126,614,1557,3148,353,553,2584,140,68,139,367,13209,436,2133,591,141,196,205,276,440,62,1009,88,531,1896,1755,1892,129,321,216,2680,61,379,954,238,1121,27,464,50,1194,3207,219,275,1778,25790,274,621,72,127,1128,2440,183,560,67,1799,20,556,10614,586,149,711,339,224,2236,4571,111,555,2294,3357,56353,8,232,711,240,84,264,694,267,476,484,336,301,855,1001,134,288,569,2057,1312,190,239,157,47178,26,354,33,4637,522,432,24,22,2083,42,281,16,20,7927,50,507,196,6,400,1800,1673,262,12551,370,29,342,505,195,96,715,267,35,154,1179,104,57,332,80,140,1016,1758,1052,6008,11,3513,43,10417,201,9,536,193,87]","[16156,57443,36103,27410,36822,43167,19450,22223,28086,2233,126399,207,481,11755,368,320,457,92,117,268,66,259,1062,626,113,8279,155,56,5573,706,276,295,161,127,738,403,25,51,2218,73,10988,613,3597,157,292,61,450,94,951,79,142,216,1249,786,678,565,353,417,637,388,522,781,496,183,91,85,384,85,740,743,770,238,32,304,52,1777,458,167,48,27,5890,140,3801,38,182,318,650,155,267,7681,76,486,179,428,232,296,104,552,17,2118,2622,223,762,951,321,473,87,174,231,249,65,146,35,265,405,1635,61,68,409,1111,630,332,271,168,430,462,264,482,481,252,30,210,603,155,88,220,300,27196,75,576,887,67,299,83,77,12,359,2889,724,1278,4552,95,246,267,103,511,1922,43,134,267,88869,49,308,131,88,1527,52,426,389,303,233,423,108,146,15,633,410,115,246,521,33,100,381,123,31904,199,218,48,60,137,197,71,44,5216,3806,46,227,51,61,212]",bykaranteli-depth-snapshot
2026-09-05,AVAX,binance,7.3865,362993,332488,20,20,6613,"[65148,47534,26165,47288,4891,33561,71576,1963,244,621,20077,2449,2978,9464,5747,880,8745,681,6285,6694,1866,5644,9005,3325,16040,12118,3191,3715,125,284,58,368,73180,10492,1224,70,31996,7993,44205,94,1027,9189,121,337,1641,19420,3341,744,4641,64875,12286,662,66198,1275,1972,8298,1094,277,452,1886,2336,2063,610,2439,19304,10669,187,35828,11486,48,274,792,8516,1491,96,300,2678,5572,2160,64101,273,1646,9201,724,1114,324,9794,3434,744,2277,1046,1235,18546,206,1223,1833,221,135,13576,1896,489,457,266,38,1009,2442,66085,1204,1475,654,226,314,2167,7215,2953,4388,51,7969,5113,31,255712,113,10096,7,42381,1232,7390,470,97,466,104,199,1992,13314,1191,1419,430,45,392,115,16699,7760,8282,4625,449,1022,189392,21338,2357,1716,268,6508,2256,4359,234,7244,54,14248,38,1171,24046,34,1211,258,5744,457,120,4832,2697,1011,2023,886,1380,208,13426,568,1050,47,962,876,2373,116,642,780,1447,51,1090,81735,42,672,214,260,346,320,5330,2280,104,130,1476,2527]","[28274,57432,41689,40272,39694,7436,61941,5363,4365,2378,2768,8625,447,175,3663,18697,596,4041,4490,140,1458,244,3554,525,912,625,2789,13344,20355,2662,983,5675,22549,435,5136,6225,593,28761,207,15033,417,146,32263,284,288,9790,234,1261,253,14082,91,211,131,793,568,26982,90,631,1142,122,913,186,520,48,246,592,255,277,392,3729,536,109,445,189,502,262,1908,287,658,72,192,3870,6241,38997,72,611,83,196,113,2618,110,165,397,252,33,2067,14121,234,104,3315,90,56,3741,802,452,153,983,1661,458,5321,16951,162,1888,34235,34,177,6803,417,187,735,806,4017,5344,14217,61,3667,25682,174,208,321,862,227,557,8643,210,106,192,5975,1731,198,56,227,162,2935,161,149,1790,207,182,172,89318,3178,616,56,433,65,226,492,1423,341,877,4925,205,41,3644,146,650,297,46,2581,42,588,231,165,88,127,121,18660,2477,366,1798,100,150,19,1202,1259,13,156,3047,6,222,3894,186,78,3004,746,12691,4080,3637,135]",bykaranteli-depth-snapshot
2026-09-05,AVAX,bybit,7.3805,115096,115613,20,20,2000,"[15099,28218,10166,12088,3711,253,39108,95,51,146,3497,413,60,145,1235,32,212,386,50,132,2285,62,165,3109,2766,2117,55,42,585,67,6104,253,1846,278,104,163,92,77,1499,133,14371,50,484,10084,260,161,39,158,181,126,4183,2397,75,21,43,103,247,29,4517,224,20,92,117,213,45,242,264,138,3180,3416,189,4757,50,1135,274,108,305,167,887,190,338,46,36,189,208,148,615,372,1440,3682,25,94,1493,182,54,153,93,91,1075,10,50,128,145,84,701,1377,4,214,3431,80,17,271,2037,247,117,316,884,6,6,3613,94,3,188,41,26,62,51944,82,3997,37,518,171,470,18,143,52,634,84,25,770,118,21,177,660,73,668,1656,106,3543,722,15,730,92,277,150,176,70,183,304,923,36,20,85,644,38,46,727,3368,19,44,3334,168,310,61,258,708,44,11,139,13,4424,82,86,2,43,150,53,8726,335,46,30,70,30,93,22,11,39,247,7,136]","[8690,22893,14443,14421,10153,220,218,39337,94,156,160,40,629,67,156,231,3465,35,93,113,42,171,115,33,198,315,25,2777,149,3023,39,721,664,362,98,864,1670,40,509,2924,416,47,17,1214,143,141,16,326,410,165,197,1114,66,27,517,2215,325,89,114,102,214,38,201,311,76,44,219,87,190,117,809,43,115,47,59,131,13,43,655,148,34,300,60,1090,59,27,127,94,125,60,677,6,55,97,71,9,86,33265,122,2385,242,23,42,34,1712,180,12,75,308,34,150,306,43,84,55,235,208,118,3,170,38,687,115,135,721,336,427,62,234,110,63,296,77,258,122,121,21,9,275,43,52,19,116,184,80,5,270,27,111,123,11,2022,16,144,231,33,127,46,128,84,17,93,34,237,43,266,84,144,11,172,151,19,122,88,223,35,727,197,257,7,508,74,212,173,19,136,69,41,90,142,116,9,258,111,46,85,14,125,174,30]",bykaranteli-depth-snapshot
2026-09-05,AVAX,coinbase,7.3835,735696,288778,20,20,5842,"[38503,58610,51500,57962,120388,62379,38822,96306,56020,96897,599,35628,1122,10,49,1357,212,176,18467,688,63,594,46,219,126,307,63,793,135,202,2053,141,5052,1714,15,1169,114,89962,5026,38,17,99,306,79,28,10844,1484,451,129,1240,582,10803,367,2568,0,62,77,57,3247,88,146,460,549,70,252,2536,2316,151,101,27,157,21,5042,56,1169,25,68,32,125,12159,140,266,696,6,672,1964,241,41,338,71,4160,45,10292,201,3218,38,4,31,71,268,137,0,984,626,401,0,6416,673,149,27,122,200,433,0,25012,32,46,32,101,23162,2,688,506,160,56,45,34,1,0,599,55,104,146,3509,57,103,56,1,57,19,20,0,663,5,0,78,27475,18,315,5,1,2,2,433,2898,2,26,238,19,104,3169,0,2,281,45,686,56,4952,625,17,35,1101,216,11647,2,988,1235,416,0,2,1415,91,6,1514,184,0,640,24123,886,20,298,100,603,1,58766,283,1,0,0,153]","[29763,87511,68956,9298,18039,13217,19514,212,553,16928,1870,19084,529,962,58,36,17,801,1387,42,653,2765,855,369,1056,863,1107,39,12565,6406,1997,0,407,47,224,5,1109,645,563,51,8,13,360,65,106,19,51,2,5,2854,154,0,89,277,51685,123976,940,3230,11,72,30,512,354,108,11,4382,395,74,905,2725,2,139,65,1619,414,7,59,1678,1277,38,108,18,60,8406,37,34,324,327,67,0,5,20750,79,2,3569,70,0,3378,26,35,90,27,11,64,2,3,11,3744,16,64,1812,35,26,76,24,264,13,6053,10,5,26,3206,1383,1708,2371,16,455,41,341,8,7,55,27,9,14,68,6882,1253,40,0,54,23225,18,2,2358,799,104,33,19,16,58,827,1919,409,18,1931,0,5723,0,0,295,0,40,13,46,32,459,16,3,4,28,4609,817,0,0,64,2,18,1646,63,6329,1193,2,24,0,117,11,39,0,19,414,3339,5,0,2,22,0,442,471,8]",bykaranteli-depth-snapshot
2026-09-05,AVAX,kraken,7.3825,1113071,650312,20,20,1000,"[38135,60366,63911,100511,81721,110719,113266,53650,51063,95799,5103,197492,48144,7,98,410,80729,8927,21,3000,0,0,101,63,14505,0,429,6495,19,37288,5038,15885,0,116,347,0,9835,21,511,10,0,103,10414,157,5304,535,56,0,23,1238,18170,4028,0,270443,381,140,787,43,5104,38,289,157,2015,98,94,3299,0,256,135,101,297,25,29,150,239,0,63,58,7680,50,3,168,153,38,270,18,0,80,30,769,6,43,4411,68,7,233,37,1069,17,7,87,0,0,0,300,4754,2000,1001,62,41,63,7,115,94,6,228,7,0,6,68587,20,7,79,120,43,21,5090,7,18,750,0,6,21,1500,0,259,6,0,524,2886,0,305,3,195,4,0,3014,300,35,0,6,16,821,73,0,718,105,145,1609,14,4085,20,0,1005,43,0,923,0,0,14,4595,5029,48,898,0,1750,43,187,300,6,0,0,0,0,47,36,5,15683,42,120,0,0,32,0,19,0,260,23,10,5]","[20333,83246,46757,32870,80442,30545,115056,48188,28880,10046,124969,118,18352,0,0,174,10099,166,7,64,110,0,117,0,49,286,0,135,1291,2324,312502,0,55,132,565,275,294,160,0,107,108,25,0,3934,106,156,378,227,98,12,692,0,126,6,66,88,17,2000,1424,98,0,93,34,107,295,32,275,0,28,14,580,218,0,615,0,0,79,6,35,0,0,98,0,229,11,44,302,0,4,0,7,0,98,0,35,27,7,477,0,3654,0,0,0,133,0,6,285,63,0,0,316,101,0,0,98,0,0,263,22,0,4,0,27,5,1020,7,389,36,0,29,0,95,103,0,0,0,99,148,7,272,97,0,0,148,0,7,0,296,0,98,7,1139,7,0,7,0,0,0,6,0,44,98,22,22184,300,0,5619,308,66,0,875,0,0,120,7,0,42,0,38,78,0,7,0,81,7,391,0,306,0,14,0,0,10,65,0,38,7,120,66,0]",bykaranteli-depth-snapshot
2026-09-05,AVAX,okx,7.3805,336969,390500,20,20,7083,"[20620,42487,6679,27712,76573,15723,22038,284,54,59696,47491,277,1860,214,6978,4390,243,3236,321,93,228,26,197,255,8480,563,20,511,4660,4949,156,1650,369,239,47,1017,1723,280,3739,145,188,812,941,13243,63,36,860,89,179,7329,8442,6283,105,157,536,224,76,1836,133,255,67,115,1562,226,69,3501,5028,290,91,46,3362,238,835,620,52,4976,212,153,462,76,271,100,86,23,77,379,71,55,63,238,16,71,5647,353,56,83,7,524,477,59,70,68,223,25,37,652,1376,208,87,135,11,265,7601,245,217,272,207,459,1774,14010,46,70,7,140,375,34,37,8,264,5499,126,2236,3616,43,319,428,43,211,46,1064,9,630,144,7,25,277,2261,7,29,223,30,57,18,4300,257,31,10,20,998,822,15,30,215,2,80,114,686,22,9,511,211,220,3541,737,291,9,924,184,85,16,203,27,114,20,62,2285,999,15741,310,49,18,10,12,612,18,353,19,5,12,272]","[20779,55307,23141,20692,56491,7336,15896,21635,376,200,115658,49440,2207,49,240,13,782,44,200,15,24380,63,111,190,78,567,80,339,20,602,302,13,278,218,255,12799,534,518,16,180,62,1038,333,750,71,91,15,152,203,5,540,45,166,56,138,126,418,33,246,51,125,10,83,142,125,34,33,327,38,237,68,151,189,185,36,35,25,149,104,39,160,97,111,1356,6,1555,31,64,56,58,256,16,136,30,384,14,1233,664,463,197,67,1057,44,24,44,156,50,53,82,9151,13,3003,320,107,57,20,33,168,50,50,37,126,68,41,2033,63,600,529,78,3,96,158,151,78,21,175,1141,26,270,16,20,4,88,31,1017,5,91,24,803,365,118,1686,40,42,55,17,14,15,43,96,210,82,43,50,5,452,50,36,47,476,708,10,78,54,39,8,20,71,59,33,169,44,24,146,222,185,141,33,42,36,36,44,344,10271,42,154,19,23,40,47]",bykaranteli-depth-snapshot
2026-09-05,BNB,binance,721.375,4281724,7655799,20,20,10269,"[227249,241116,116446,419909,91694,245350,397739,548980,97051,303475,195686,41266,122387,7670,241273,107250,60221,155408,639611,21942,105454,73299,162623,13155,61271,79463,109974,57164,240654,475030,62692,60828,52582,72832,49386,158826,264033,17392,11745,51431,71644,113930,96663,987820,209470,22687,122372,149771,13062,51331,337400,35035,61742,48640,39739,109109,14710,584835,28931,20586,156793,33839,45127,11043,205240,86717,19143,32254,113738,66703,10200,273277,136251,66745,12418,541040,67480,6364,39531,19861,59477,9300,17955,48971,7444,411094,71876,112015,7776,63531,17197,16180,154505,16481,836,293,41993,0,381765,260,612,19718,1714,6779,2530,192,0,234,217,102,0,36,188420,0,8145,10,393,0,0,53421,21,2322,0,164,28,311,6,0,96,0,0,313,0,0,347,109,0,30810,16,96,0,0,182,18487,0,0,331,42193,12,4401,867,5048,1628,11897,181822,89,0,12175,0,0,0,380,0,0,36892,0,0,0,441007,13,177,27988,0,0,0,77,0,325,0,0,0,50,0,0,5120,0,48,0,0,0,0,185,363,0,0,0,0,0,0,27]","[325690,448452,284073,1170358,11891,746272,682197,152240,287299,313805,155969,1345231,62428,144358,214015,23452,493094,87997,671842,35137,175147,67058,7146,64410,150165,538926,9470,93792,38790,70443,146168,26447,263876,64301,107506,47778,75863,7801,201876,1215700,34971,46302,81611,10530,13462,25933,62715,38984,5288,9578,70679,8850,36629,460115,11732,7179,49767,5254,4225,34787,116373,78410,14036,22587,59785,14195,57055,198510,8149,4201,50538,7441,9391,7607,125303,10470,8361,160107,105208,30827,6129,336719,11154,6503,30847,98246,31686,10113,80213,9397,34555,8886,134754,165285,4265,165254,43422,14632,4462,3741,7693,0,40,0,9,0,57583,0,1170948,1069,269,0,0,0,0,0,0,9,0,0,0,6445,172276,0,0,9,7,0,0,0,0,0,9,0,0,0,0,0,0,0,53,0,0,32,0,0,0,0,834,0,0,0,0,0,0,52,0,0,0,1140,0,0,0,30,0,34,0,0,0,0,29,0,0,0,0,0,10,0,557263,0,0,12081,0,0,0,0,0,0,0,0,0,0,24,0,0,0,0,0,579,0]",bykaranteli-depth-snapshot
2026-09-05,BNB,bybit,721.55,335638,321054,18.02,20,2000,"[34309,218401,30392,5355,10787,2283,712,285,269,409,10546,607,295,209,394,736,16858,2248,419,126,522,2815,630,239,432,655,886,351089,576,19688,263,3455,571,280,138,734,1896,1028,224,351,614,3434,446,969,246,1197,62307,782,155,168,1016,187,481,273,274,735,555,1100,1290,134,739,701,355,230,1123,432,584,369,263,153,1409,1881,314,426,796,214,67996,295,618,1128,157,989,156,884,483,2184,691,238,568,722,4209,299,781,1164,65899,207,1972,819,106,9122,10843,4605,214,307,266,192,394,546,64576,353,382,36893,222,2166,4764,3429,263,578,270,1282,230,183,70021,177,953,333,2637,545,1566,1047,345,745,372,467,226,155,810,344,431,323,7895,419,305,37352,400,4012,326,2068,499,674,136,958,246,407,4308,595,201,180,4431,115,707,720,413,217,425,200,334,2425,6447,618,388,338,141,240,280,594,220,42,262,1246,30,0,0,0,0,0,0,0,0,0,0,0,0,0,0,0,0,0,0,0]","[71713,186696,16020,9701,10750,2125,2512,1551,343,10263,853,1550,660,177,303,2019,501,894,2184,239,995,121,953,351,376,11366,231,140,313,278,895,16213,1595,3778,73,386,942,419,4223,9261,182,964,111,269,695,40,961,251,415,262,175,80,91,1663,129,107,948,142,94,89,717,166,337,91,89,721,549,888,177,6893,78,200,102,4662,353,297,157,602,92,91,612,9899,93,417,285,1200,318,422,203,153,57,63,130,160,5146,172,380,76,454,109,372,4358,44,173,243,3251,56,6749,19723,66,188,255,66,279,53,484,287,84,92,205,21,85,567,69,148,145,89,53,16088,1064,223,233,411,54,51,44,739,57,707,289,316,96,22,978,52,60,126,132,238,116,610,1657,8,273,75,184,99,376,158,146,382,36,54,79,920,62,60,141,42,289,142,350,499,102,39,1323,260,289,11983,2432,210,133,65,107,487,147,352,142,18,88,475,1239,149,86,179,203,99,1241,329,45]",bykaranteli-depth-snapshot
2026-09-05,BNB,okx,721.45,933553,788040,20,20,8179,"[443140,103409,79189,42428,10287,43580,34807,34363,13402,16535,64730,996,768,3299,4994,2788,2988,5017,4850,21983,3132,4758,9244,1577,2180,8263,2030,1880,4799,15373,1977,5939,4558,3126,312,3252,8125,1119,2184,1451,3406,947,4184,20731,2244,1612,2031,6840,3317,2299,25562,2945,1081,1712,1296,2186,5155,26244,1603,8273,1035,8061,7252,2521,83215,640,1680,3299,2801,3258,111,13703,3070,193,4602,1525,950,1386,3646,454,1337,13027,2553,511,655,8603,1839,19747,1448,191,2728,770,20371,685,3088,601,65,43719,1361,22056,3519,6275,1675,617,220,547,1153,3416,246,2499,1785,1332,8687,1291,1210,2940,283,2994,432,2426,1253,323,1940,1034,2336,12895,3634,530,194,3118,2149,1608,2260,1594,91,62548,115,565,118,4101,67812,351,5363,462,203,63,1695,63654,2694,66,399,3408,661,538,3557,17400,61,14370,1861,75,1702,15607,3181,185,812,139,1545,129,52735,909,2101,5411,703,835,677,7606,203,113,1795,1373,122,112,9921,1672,1170,1732,169,332,362,1001,439,4723,857,4053,125,47,7793,78,510,128]","[98756,121164,129278,17251,25974,22682,48274,9036,5172,13976,240891,21304,3928,2104,4575,1811,3573,1369,14212,2709,2093,3245,97107,867,2232,13616,373,3785,1669,573,1539,882,17649,1520,3777,5623,1202,31549,2208,36791,928,2314,1869,2513,1335,2362,33838,3209,544,1824,3517,555,1171,19094,4751,1139,854,657,3452,553,2086,2503,383,39758,3824,2075,1607,5430,124,1687,665,3734,1135,2571,3114,99,13062,1094,1686,611,921,16053,2130,5183,193,900,829,53,3183,601,403,1137,934,2090,858,234932,3180,301,502,1553,177,2455,1360,4038,3711,1423,99405,8412,14629,531,1505,4405,632,3070,567,1634,49,209,765,2458,151,307,4401,205,189,697,2136,190,765,888,96,693,4219,2533,2603,106,2442,805,531,319,768,685,4768,1160,2092,220,509,709,45,3631,783,2733,72,503,680,338,224,2806,680,205,896,2730,243,387,1301,2866,213,631,101,341,809,4102,2284,882,604,314,146,937,9222,523,5044,250,237,965,301,1841,674,8037,193,506,3400,328,8975,3128,326,3546,1331,5831,3837,882]",bykaranteli-depth-snapshot
2026-09-05,BTC,binance,79660.765,31768520,32151849,20,20,12410,"[6203776,3065615,2383925,2565172,367015,478302,67814,85746,1948331,1683253,1618400,102745,4163914,1394763,3127737,480396,313950,451468,743023,523175,5985233,5337,1173271,1886089,227850,7920033,246036,4983873,262145,82225,406977,260173,1214091,6125299,403140,535566,98769,589904,465303,3667510,302314,66369,387034,582637,323242,7677731,519,1881096,725547,320019,609680,814086,2346771,206423,409888,921860,73596,927871,10805523,186,1601,2722202,960985,508884,2315029,783,71837,302718,277429,361586,567,4862360,235222,376069,833778,5233,310581,2685644,415936,299980,70574,194762,501185,4839053,121513,177445,377188,1145571,351,3591055,18716,350728,349,392084,262121,0,8495026,510680,249782,203327,301253,375048,1281341,7439,1033,38159,1911871,457341,3488913,15,100,347238,18,340555,1217360,15,169133,0,314294,15,380069,9410279,159513,366948,1313,1441,4673,673850,0,13232,14419,160864,129267,3281997,14,610275,0,0,256629,17766,957719,0,0,18,46,10805,3199824,0,35,1018,5249,517,838817,41128,1980,0,1186,127,3212327,14,0,136471,67418,79,0,356300,17,0,68725,0,0,1865111,0,16574,0,0,247900,3471268,14,0,0,102973,299223,49,6304174,47589,67623,11982,17,19359,772533,149024,81358,18,79357,19924,4192147,230090,14585,122105]","[6094302,2860528,1955007,2389279,1409730,804861,504763,324511,1219740,702378,5787256,1134416,49745,909009,66022,936263,2642940,11074,145804,2204220,1032034,350621,279286,1322939,569767,643573,760420,11222,407140,6358156,383239,595419,99028,1277060,280806,4859745,831760,219320,1360279,927722,1782476,10516645,134885,33647,141942,61513,413822,13782,2932671,108853,99671,519860,19958,639016,5338104,172,197438,67014,995,188,669765,202,1604,155912,2520,1785958,39105,42954940,18,123516,0,108,30,1950137,48394,0,24,7,173959,1967411,19739,40,4533,52852,19611,397266,0,18,0,175941,41339,23,1658533,18,0,0,52,0,211622,11448,14,7701,0,1946,4481393,22,19,14,215,0,235953,1464,19,0,47814,927511,0,2058916,19,916,5393,31,0,695911,0,19,2725,0,506102,7492685,0,42,0,0,0,0,0,0,19,0,0,24,723118,58396,19,0,0,0,0,0,0,43,0,0,2328988,0,0,19,0,0,8,166112,41966,0,19,0,0,1395258,0,0,0,20,24,0,0,0,0,27,0,0,486185,0,0,25,20,0,0,0,0,0,0,20,3252343,0,25,0,0,0,696294,0]",bykaranteli-depth-snapshot
2026-09-05,BTC,bybit,79657.55,7128345,7940442,0.97,0.67,2000,"[1237488,1896717,727571,367789,1192202,31228,30850,95741,1405179,143580,0,0,0,0,0,0,0,0,0,0,0,0,0,0,0,0,0,0,0,0,0,0,0,0,0,0,0,0,0,0,0,0,0,0,0,0,0,0,0,0,0,0,0,0,0,0,0,0,0,0,0,0,0,0,0,0,0,0,0,0,0,0,0,0,0,0,0,0,0,0,0,0,0,0,0,0,0,0,0,0,0,0,0,0,0,0,0,0,0,0,0,0,0,0,0,0,0,0,0,0,0,0,0,0,0,0,0,0,0,0,0,0,0,0,0,0,0,0,0,0,0,0,0,0,0,0,0,0,0,0,0,0,0,0,0,0,0,0,0,0,0,0,0,0,0,0,0,0,0,0,0,0,0,0,0,0,0,0,0,0,0,0,0,0,0,0,0,0,0,0,0,0,0,0,0,0,0,0,0,0,0,0,0,0,0,0,0,0,0,0]","[1235460,3027829,3064346,160769,346707,95074,10256,0,0,0,0,0,0,0,0,0,0,0,0,0,0,0,0,0,0,0,0,0,0,0,0,0,0,0,0,0,0,0,0,0,0,0,0,0,0,0,0,0,0,0,0,0,0,0,0,0,0,0,0,0,0,0,0,0,0,0,0,0,0,0,0,0,0,0,0,0,0,0,0,0,0,0,0,0,0,0,0,0,0,0,0,0,0,0,0,0,0,0,0,0,0,0,0,0,0,0,0,0,0,0,0,0,0,0,0,0,0,0,0,0,0,0,0,0,0,0,0,0,0,0,0,0,0,0,0,0,0,0,0,0,0,0,0,0,0,0,0,0,0,0,0,0,0,0,0,0,0,0,0,0,0,0,0,0,0,0,0,0,0,0,0,0,0,0,0,0,0,0,0,0,0,0,0,0,0,0,0,0,0,0,0,0,0,0,0,0,0,0,0,0]",bykaranteli-depth-snapshot
2026-09-05,BTC,coinbase,79675.115,22943544,35380580,20,20,43664,"[1813030,2677228,2066317,1645651,1487674,5214967,110435,570632,337549,347325,689109,506597,630891,676935,2199064,486523,1152527,183621,58002,89468,83395,1459915,254643,151293,53992,70060,172483,350908,67554,132281,307630,307930,365256,6639117,94355,32110,339291,99973,126661,1751905,44438,206211,400695,665424,513787,71561,9422155,439756,218968,181781,70873,341041,897683,96646,134637,163826,391994,544009,4579167,167949,247807,378682,133490,183168,2706001,233352,168103,134136,587945,251095,226735,767179,192741,371304,120148,175378,524681,504540,425976,195320,350042,250112,646269,1092619,96185,182489,226216,22081,178662,247980,719817,165382,497920,518960,454593,448533,6736050,146989,91853,194878,153389,307857,852854,476235,71290,218120,144584,1583965,1341486,16501,265777,197524,1880896,91487,212304,1243193,162435,96956,339143,192661,686867,4112057,190740,272071,71587,252798,111344,1069623,151104,32399,128432,463280,205145,1037749,53278,103282,227446,14477,86629,95920,5181683,24333,10329,150861,66421,216199,2407006,103851,84011,35089,49720,42756,1113313,26416,77898,324405,124857,555883,99662,2629706,98951,161613,63603,126215,39027,539881,35107,57211,99822,122373,312043,2292945,27064,6513,112280,110966,1343977,206346,11404,54511,16043,365099,655696,34468,3780304,162081,59739,95346,118238,31984,518877,116697,9985,90825,108738,91223,3169774,403325,182908,61446]","[2072637,4592418,1707062,2080645,5470671,8751338,65891,81604,68589,175852,321078,136624,189341,105527,149874,102643,8844980,116544,146324,200937,199592,63672,430660,38470,52109,45706,298200,345519,72698,1705826,307974,823994,391713,179174,2254891,1190344,290102,810302,144757,483669,219447,3149633,803445,132959,85140,222673,329862,31445,727523,85702,191415,187477,258122,298740,1846050,127107,76645,322172,164874,137701,973860,19583,20644,155087,863704,464604,6728222,138381,1232283,50904,32827,34797,16116,474356,56497,77781,158032,98951,53750,1200938,31958,273022,138821,23664,48704,202729,185162,51012,154363,78473,149526,538518,19775,25039,32316,9959,77481,199297,217321,48160,22444,64436,6160,340376,920329,163001,41877,28410,123035,51394,207771,100391,59588,136865,97373,321552,32410,1056348,242688,30865,131978,28580,30887,265607,21658,83905,231828,185032,621616,3778642,305104,227509,75871,19345,33399,27004,134329,27934,17099,14941,39889,7705,431373,127154,49513,19841,7653,35520,109283,65270,8284,32456,20163,46446,863742,6108,19461,26699,46239,19146,228239,34951,39412,12234,27468,73958,27378,1067594,22782,72272,201283,205377,79268,90488,52334,91865,56856,81400,168113,664976,3769,15364,27595,15037,66876,38968,427304,23205,28876,525208,66924,27499,2384060,119961,25588,39602,497999,14232,171790,7385]",bykaranteli-depth-snapshot
2026-09-05,BTC,kraken,79679.05,21792661,21341179,1.9,2.25,1000,"[5087970,2971084,3178012,3662750,1237851,875287,241966,591784,1034322,287690,112257,1170989,532099,16898,108981,55053,44356,454630,127354,1329,0,0,0,0,0,0,0,0,0,0,0,0,0,0,0,0,0,0,0,0,0,0,0,0,0,0,0,0,0,0,0,0,0,0,0,0,0,0,0,0,0,0,0,0,0,0,0,0,0,0,0,0,0,0,0,0,0,0,0,0,0,0,0,0,0,0,0,0,0,0,0,0,0,0,0,0,0,0,0,0,0,0,0,0,0,0,0,0,0,0,0,0,0,0,0,0,0,0,0,0,0,0,0,0,0,0,0,0,0,0,0,0,0,0,0,0,0,0,0,0,0,0,0,0,0,0,0,0,0,0,0,0,0,0,0,0,0,0,0,0,0,0,0,0,0,0,0,0,0,0,0,0,0,0,0,0,0,0,0,0,0,0,0,0,0,0,0,0,0,0,0,0,0,0,0,0,0,0,0,0]","[5312777,3419958,4492152,1344276,1354991,1089634,64853,2260589,136444,438434,153132,364805,149659,12433,98738,26459,304552,17596,62098,237597,43823,1832315,9040,0,0,0,0,0,0,0,0,0,0,0,0,0,0,0,0,0,0,0,0,0,0,0,0,0,0,0,0,0,0,0,0,0,0,0,0,0,0,0,0,0,0,0,0,0,0,0,0,0,0,0,0,0,0,0,0,0,0,0,0,0,0,0,0,0,0,0,0,0,0,0,0,0,0,0,0,0,0,0,0,0,0,0,0,0,0,0,0,0,0,0,0,0,0,0,0,0,0,0,0,0,0,0,0,0,0,0,0,0,0,0,0,0,0,0,0,0,0,0,0,0,0,0,0,0,0,0,0,0,0,0,0,0,0,0,0,0,0,0,0,0,0,0,0,0,0,0,0,0,0,0,0,0,0,0,0,0,0,0,0,0,0,0,0,0,0,0,0,0,0,0,0,0,0,0,0,0]",bykaranteli-depth-snapshot
2026-09-05,BTC,okx,79660.75,10009694,11164049,1.31,1.23,10000,"[3169854,2183753,1486474,1455932,117263,148186,68086,212659,356707,88098,253967,140891,310694,17129,0,0,0,0,0,0,0,0,0,0,0,0,0,0,0,0,0,0,0,0,0,0,0,0,0,0,0,0,0,0,0,0,0,0,0,0,0,0,0,0,0,0,0,0,0,0,0,0,0,0,0,0,0,0,0,0,0,0,0,0,0,0,0,0,0,0,0,0,0,0,0,0,0,0,0,0,0,0,0,0,0,0,0,0,0,0,0,0,0,0,0,0,0,0,0,0,0,0,0,0,0,0,0,0,0,0,0,0,0,0,0,0,0,0,0,0,0,0,0,0,0,0,0,0,0,0,0,0,0,0,0,0,0,0,0,0,0,0,0,0,0,0,0,0,0,0,0,0,0,0,0,0,0,0,0,0,0,0,0,0,0,0,0,0,0,0,0,0,0,0,0,0,0,0,0,0,0,0,0,0,0,0,0,0,0,0]","[3074660,2515716,1703698,1331883,366587,122425,202308,107241,196521,145750,1206395,105791,85074,0,0,0,0,0,0,0,0,0,0,0,0,0,0,0,0,0,0,0,0,0,0,0,0,0,0,0,0,0,0,0,0,0,0,0,0,0,0,0,0,0,0,0,0,0,0,0,0,0,0,0,0,0,0,0,0,0,0,0,0,0,0,0,0,0,0,0,0,0,0,0,0,0,0,0,0,0,0,0,0,0,0,0,0,0,0,0,0,0,0,0,0,0,0,0,0,0,0,0,0,0,0,0,0,0,0,0,0,0,0,0,0,0,0,0,0,0,0,0,0,0,0,0,0,0,0,0,0,0,0,0,0,0,0,0,0,0,0,0,0,0,0,0,0,0,0,0,0,0,0,0,0,0,0,0,0,0,0,0,0,0,0,0,0,0,0,0,0,0,0,0,0,0,0,0,0,0,0,0,0,0,0,0,0,0,0,0]",bykaranteli-depth-snapshot
2026-09-05,DOGE,binance,0.0848,1656525,1215268,20,20,8584,"[220996,218201,139083,257819,49412,15824,10598,102569,173732,175301,38365,20238,114550,18665,1537,66246,1416,8927,4692,18354,271118,42618,9278,12602,41897,67370,23135,11881,12048,8896,38592,2429,396639,4295,10412,2173,129890,38632,86047,5633,8952,1197,1206,29643,456205,21782,211831,5065,18324,9503,30892,3564,11504,18556,15346,31613,1292076,69184,28239,12790,9361,5877,8250,2355,3416,21073,7966,6390,48754,14482,40478,2328,10156,4417,14645,5580,4352,43698,22179,151257,19765,15152,7299,13326,1988,10529,1378,726,2625,7371,8382,271698,4416,8845,14052,15708,4014,14585,5499,17237,4831,8085,4976,24211,7068,2129,858,14820,65014,8539,1222,153684,10213,1553,12906,265805,3368,23889,3863,7841,8375,40142,2175,1032,730,2517,4447,79188,10810,3977,8297,22210,64984,676,4835,3732,7307,42299,198151,1942,1584,5895,18391,845,28712,11124,761,4041,15365,4159,56239,849,6152,8845,3964,6689,17443,1276,14432,2148,3391,150170,83226,3519,1375,1301,46111,9941,28027,5546,1645,3935,6078,6054,581749,10799,3109,45378,7223,15335,51278,5019,6207,6058,33916,8391,258116,9957,32751,387,14662,32309,677,70461,11900,6340,2768,107376,1530,14720]","[153701,231623,108742,236879,129315,10288,89248,115816,17662,3000,1912,3086,1255,4683,41665,15497,534,43947,4955,1459,13112,68695,3506,1378,63533,562,40697,7353,9854,17220,3538,3585,6089,11763,4886,1900,8241,2371,67441,4270,2356,13119,1496,4513,3007,5634,2060,9105,11597,210290,1247,4422,2127,2469,1177,12560,11966,1512,40993,2519,90116,171605,11412,5224,781,5701,979,5132,1882,1635,3045,16028,6479,205088,1734,54804,2991,762,2504,16553,10059,5431,4512,3780,2141,213551,56319,10159,15060,3587,5093,19021,6928,27747,1226,7041,8273,211640,9270,6377,5213,32826,67811,5845,2053,4981,17780,4040,86448,1919,4974,17767,2684,3592,19666,24388,36607,1475,31403,17490,227580,3250,11737,21712,19375,1694,11691,7809,16030,951,7260,3288,119856,3630,1052,1360,963,3384,4990,17408,67933,4897,17843,497,52798,594,2505,1828,6195,7972,4664,1611,4495,9971,4098,1250,106250,1230,80274,2048,5979,13108,3580,43143,12672,18182,12891,105850,1991,4820,1512,3628,2050,25524,5587,8380,3212,5616,23024,2501447,3309,3213,3774,2457,650,40404,6839,4488,11296,35046,1743,45784,815,11791,711,9537,5620,4894,967,4644]",bykaranteli-depth-snapshot
2026-09-05,DOGE,bybit,0.0847,366784,483415,12.69,12.29,2000,"[24035,211299,44496,17175,9951,665,258,210,1219,117,130,1126,3059,25647,18058,6575,238,1179,526,821,6365,1165,2161,90,712,990,596,270,4510,1660,294,1755,19608,401,561,3754,166,247,453,181,2336,3218,127,153,15613,179,5274,106,232,271,658,441,189,204,459,76492,238,345,11309,256,119,424,624,833,4533,292,206,141785,135,2092,242,1178,173,121,176,490,199,351,1168,1701,361,1405,431,219,233,277,1034,189,662,287,122,1965,240,10158,526,344,149,255,105,5773,504,3140,94,2215,95,66,381,385,220,373,42030,205,444,122,4180,208,7667,224,215,177,86,169,171,175,443,215,901,0,0,0,0,0,0,0,0,0,0,0,0,0,0,0,0,0,0,0,0,0,0,0,0,0,0,0,0,0,0,0,0,0,0,0,0,0,0,0,0,0,0,0,0,0,0,0,0,0,0,0,0,0,0,0,0,0,0,0,0,0,0,0,0,0,0,0,0,0,0,0,0,0]","[35654,236694,21769,174034,6524,1198,191,222,348,278,1389,214,198,287,2261,155,281,405,1141,172,505,188,581,358,324,147,8956,103,3224,731,560,196,1206,5653,437,412,154,214,2955,14395,21113,11189,4305,906,456,3178,583,1447,401,1175,3804,392,258,530,197,584,1287,628,199,533,470,390,10717,225,1279,524,428,413,1045,1363,572,1096,1207,11662,383,8638,442,332,293,46143,334,291,233,2212,561,15731,327,1193,208,289,190,813,1191,1221,3315,1442,387,7832,329,229,608,441,1302,1865,526,368,523,329,876,4394,1382,403,502,623,406,461,5233,4114,1515,293,541,19487,262,0,0,0,0,0,0,0,0,0,0,0,0,0,0,0,0,0,0,0,0,0,0,0,0,0,0,0,0,0,0,0,0,0,0,0,0,0,0,0,0,0,0,0,0,0,0,0,0,0,0,0,0,0,0,0,0,0,0,0,0,0,0,0,0,0,0,0,0,0,0,0,0,0,0,0,0,0]",bykaranteli-depth-snapshot
2026-09-05,DOGE,coinbase,0.0848,1071864,586571,20,20,9433,"[61183,212568,162176,95414,71624,39925,41297,52672,155899,61250,549,35879,9387,19113,5297,17,1834,58,41696,4027,15457,146,24,1243,625,34123,3703,218,12,140,477,91,30394,624,158,304,1049,154,25678,1684,17,72,742,4267,22525,1079,2028,310,7172,65,10047,26,1257,33,143,8291,89405,285,746,2002,3176,33,5131,1109,15,2573,188409,138,104334,2175,54,140,4904,1693,6638,79,164,185,1812,34325,31,208,7774,19574,1547,498,308,248,1153,25,133,1365,12,1,202,981,9319,14103,0,3,34,9,56,2717,688,9,87,1981,9,5708,36,860,502,47,2626,227634,8,8,1148,42,1270,1808,3812,255,3004,1103,129,3341,178,50,1532,7,1492,6925,1958,201,38,678,1582,630,0,11,92,215,13840,1303,8,10,653,1709,293676,1290,208,1,493,945,2501,880,102,1202,0,68,106454,519,594,44,457,1,776,4,10099,339,0,2521,92670,6146,787,3199,1,385,4473,75,1092,499,1009,169,24162,6216,916,3047,5641,1394,72,558,3083,966,55,40556,667,72]","[50707,270134,40388,12561,66467,7932,1189,41137,17103,73661,51,124,346,47,697,4003,0,0,10,12,9764,611,28,90,0,156,33,46,44222,91,50,162,136,132,281,663,30,677,1071,92,105,86,15548,151,549,1,140,506,74,7671,672,113,308848,1332,11853,35,1462,896,100,7856,23,48853,518,1134,10035,235,16740,1252,714,262,107,32037,811,1391,754,30,22,158,1009,471,2655,11657,4792,112,243,16275,631,108,9803,18,1,1212,454,765,59,1425,487,14237,2469,706,487,2081,574,442,163,16,2,401,32766,10,85,16845,7815,92,563,5754,635,226,77,383,39661,452,99,1135,2785,681,3146,111,50,2072,163,41451,8120,176,98,1017,179,8,506,801,120,67,127,25280,818,33,54,617,114,832,22846,6,355,43,10334,909,326648,20,3,86,110,700,13,659,28,20,1438,37681,1992,1031,33,611,182,18440,31,274,9558,10095,5773,255718,3,12099,120,33,4,1684,522,658,3266,157,58,16669,922,25,233,1184,116,670,204,538]",bykaranteli-depth-snapshot
2026-09-05,DOGE,kraken,0.0848,2967503,2775252,18.6,18.67,1000,"[90836,288295,228777,226547,236594,291180,273183,922929,101411,250020,0,30085,18151,43,8338,403,173,139,9,391,181,73,8371,1850,443,750,836,50,70,46036,6037,13,2501,25,48,9,508,26,325,8474,2025,0,5199,624,1481,73,0,38,884,29,26,22,38,18181,313,479,20193,158,239,573,258,18,537,360,171,22,32,112,8598,1035,40,0,25,179,0,24,94,17,18,9811,24,85,0,748,55,12,120,69,0,804,5,378139,0,136,25,126,0,39,83,4,8,226,17,7712,92,5786,117,23,8,8776,0,64,0,91,92099,35460,8,0,9,46,252,237,1016,0,46,0,0,129,0,8,89,45,31,22,49181,0,37,45,452,96,25,17,1996,854,1158,151,137,293,100,587,1028,315,512,0,116,0,252,0,52,0,30021,112,1300,44,5085,16,228,92,8,25,32,38,285,111,29309,44,4,8,750,8,93,25,129,22,8,0,17331,0,0,0,0,0,0,0,0,0,0,0,0,0]","[72504,417149,87220,166063,19275,247413,720639,260497,238246,430765,16912,26652,61,62115,217,9201,163,19,8,133,0,0,8666,1146,61,11,4,144,36,10223,44216,0,19,10,713,175,96,197,79,421,12348,8,565,2158,143,52,195,0,1201,284,190,713,10431,17,96,5853,329,616,214,25,149,6919,401,287,239,39,939,30,2160,463,877,319,6,4975,220,0,386,8370,183,0,0,285,126,210,0,11465,169,39,21,100,71,106,27,160,51,40,197,2040,2106,53,0,314,168,31,377,6,157,25,111,42,0,0,6,34,238,261,83,570,266,244,476471,7952,20,78,12,58,442,169,0,0,273,22,91,30,56,440,384,260,25,0,97,46,0,42,3538,0,8,39,286,16,1268,1060,14,0,135,18,8,5,14,177,161,30,0,0,0,86,980,50141,30,262,8,352,0,75,10622,5,26,0,43,75098,169,35043,3532,120,5,42,8,0,0,0,0,0,0,0,0,0,0,0,0,0]",bykaranteli-depth-snapshot
2026-09-05,DOGE,okx,0.0848,1320503,1414212,20,20,10000,"[152116,136567,135373,94725,226173,30478,16014,60673,169093,212477,2224,3539,8398,4002,2348,34536,3172,18716,4619,5259,203665,3056,3774,18934,6991,16592,63757,2103,11490,13319,11581,6830,72930,11693,8735,5975,3715,37229,22863,6913,288540,14353,10047,21319,404491,10683,69981,9970,2980,25518,159215,10990,19287,27164,9956,28811,511342,14785,9213,6509,1566,4990,446594,1876,10031,5061,4289,12937,57705,24793,7098,7173,9991,2352,34850,4525,8792,6845,15387,170649,9143,34421,29188,8055,843,46113,4719,1094,7054,673,32776,35782,1315,965,18011,3730,7326,25690,476,4958,5011,5032,7802,69670,8837,5727,13953,3505,34637,18248,11894,924,9582,5336,4908,349715,5080,12276,22085,3485,10186,45399,975,3482,33031,1694,3693,48804,4068,13204,5755,1455,18495,974,491,8344,1302,7058,68610,655,9383,12418,5200,8085,15884,3931,3019,10779,6400,7057,88227,14797,76902,7980,4829,6558,9608,860,29237,22296,2818,31071,104935,2142,1571,7006,3330,72301,7358,422,8162,9242,4822,14558,307553,21156,55700,17691,3254,33539,5612,4132,3333,10748,23380,2113,76189,69011,2352,24190,1719,26694,6893,1632,12670,29446,6299,183983,7512,61217]","[180309,157296,94620,213745,45590,17628,7654,7841,168141,44271,417156,9962,1486,1248,26747,4087,1356,11067,2335,1674,12072,1098,8376,6344,1971,4291,77413,28690,40138,6600,2929,4754,13699,5576,4723,5404,22344,1743,61121,4716,6036,5969,2436,71899,4420,11878,12656,7827,16912,54748,6192,2226,16812,17016,3255,176864,4215,22632,10161,3221,3854,130205,3294,4948,5697,1619,43325,24510,1536,4521,6871,8758,2279,122388,8556,1527,11613,6003,2700,9663,5160,4016,11368,3306,1952,91740,3842,14995,32632,1151,2521,26687,1385,4817,8118,2233,5668,178687,2572,12233,5382,5916,11232,3771,3928,5575,9133,45358,62706,1295,7813,7698,7202,2085,12892,5785,1654,7053,7519,94513,291084,10810,6500,10913,4379,7376,13552,55831,3217,8929,37108,5467,88137,2249,6127,6361,703,5972,11737,1363,13240,7331,42097,1669,26550,4638,2126,7582,7691,1473,16284,2550,1423,11961,3184,578,90490,1821,9154,6116,1255,15395,3132,1702,13770,16396,33424,59926,3238,36999,12226,7401,5210,6682,25988,9207,6877,2092,11661,1268761,6402,2766,7028,6237,2580,36486,9719,5005,7870,9368,3753,45921,11766,9773,9468,2309,1944,16772,2847,3458]",bykaranteli-depth-snapshot
2026-09-05,ETH,binance,2455.855,15416190,11784857,20,20,11394,"[2448242,2039950,800835,565631,787067,107109,531934,128954,279887,194563,1021773,164598,781981,99540,716527,371483,608891,94317,3491476,181433,1459283,220482,3429594,120839,205213,131474,1029586,580722,759155,200242,1182809,193756,1141979,89491,924906,32282,469480,9132,85024,1244092,180068,1039210,75011,2436202,381083,266927,16094,265907,73205,92331,183797,298271,185113,261607,612,960684,57343,67047,23777,305451,82944,81741,6,2999523,59802,238,16181,82,140373,736358,1753,464541,0,6,0,147934,0,4696,0,332535,8369,102012,0,1305360,0,26,23,0,0,0,3769,171750,0,0,0,257397,359013,926,3808,260474,234211,30470,108413,56798,4254024,0,0,0,70693,568903,2208,0,64,0,0,0,253688,4077,0,13,247535,0,102318,0,1310436,23,16470,115,0,0,0,2365,78044,0,0,0,0,0,89314,0,106,2236,0,0,2003730,0,0,49,0,228029,47427,87175,4945,0,0,0,0,0,11650,0,21,0,0,0,5,1776309,97,0,209,81315,0,0,1381,126519,0,25606,0,6182911,829,0,60,102258,0,0,0,3603441,58308,16664,0,0,0,0,0,1567246,0,0,0,0,0,273]","[1700309,2036046,650542,1174242,190092,676989,100962,714320,45318,599472,202144,642797,739171,1265597,83013,152334,99454,605508,42039,64508,127275,92821,509123,354626,280138,205194,3040105,116519,727756,91036,470727,398323,360100,312427,457019,8113,418921,367280,2542650,69078,639128,94201,1234742,62934,576895,52208,262079,527497,25649,24429,783148,60150,6416,320674,438737,10380,70770,0,4839697,1153,54215,0,15602,0,34019,2682,0,0,36662,114,318411,0,61805,0,450197,67,4908,25773,0,3235697,5385,73123,0,2051,0,35081,3959,0,0,1788,0,282634,1861,266615,6,0,0,19403,2739,2512470,35,9673,0,87,0,0,6473,270700,0,0,10392,297826,1972,0,10368,0,0,0,3151,1423748,0,2097,0,77526,0,0,122064,15255,0,0,0,12100,70,581,0,29598,0,0,0,440792,1840967,0,0,189,128,30,895,488,220866,0,0,3019,0,2889,0,0,112863,0,0,0,782532,0,0,0,27650,0,0,12203,141292,0,0,0,248688,2054,732,0,0,14672,0,0,1999156,6878,0,0,0,10523,0,957,140,17684,0,0,0,1445,2328,0,0,62397,11,34]",bykaranteli-depth-snapshot
2026-09-05,ETH,bybit,2455.685,3589485,3989789,1.22,0.99,2000,"[490932,1025897,116742,390372,277695,19171,63631,757382,159424,95319,114056,15114,63750,0,0,0,0,0,0,0,0,0,0,0,0,0,0,0,0,0,0,0,0,0,0,0,0,0,0,0,0,0,0,0,0,0,0,0,0,0,0,0,0,0,0,0,0,0,0,0,0,0,0,0,0,0,0,0,0,0,0,0,0,0,0,0,0,0,0,0,0,0,0,0,0,0,0,0,0,0,0,0,0,0,0,0,0,0,0,0,0,0,0,0,0,0,0,0,0,0,0,0,0,0,0,0,0,0,0,0,0,0,0,0,0,0,0,0,0,0,0,0,0,0,0,0,0,0,0,0,0,0,0,0,0,0,0,0,0,0,0,0,0,0,0,0,0,0,0,0,0,0,0,0,0,0,0,0,0,0,0,0,0,0,0,0,0,0,0,0,0,0,0,0,0,0,0,0,0,0,0,0,0,0,0,0,0,0,0,0]","[659445,1661321,133763,411539,279218,44643,769122,11382,9570,9787,0,0,0,0,0,0,0,0,0,0,0,0,0,0,0,0,0,0,0,0,0,0,0,0,0,0,0,0,0,0,0,0,0,0,0,0,0,0,0,0,0,0,0,0,0,0,0,0,0,0,0,0,0,0,0,0,0,0,0,0,0,0,0,0,0,0,0,0,0,0,0,0,0,0,0,0,0,0,0,0,0,0,0,0,0,0,0,0,0,0,0,0,0,0,0,0,0,0,0,0,0,0,0,0,0,0,0,0,0,0,0,0,0,0,0,0,0,0,0,0,0,0,0,0,0,0,0,0,0,0,0,0,0,0,0,0,0,0,0,0,0,0,0,0,0,0,0,0,0,0,0,0,0,0,0,0,0,0,0,0,0,0,0,0,0,0,0,0,0,0,0,0,0,0,0,0,0,0,0,0,0,0,0,0,0,0,0,0,0,0]",bykaranteli-depth-snapshot
2026-09-05,ETH,coinbase,2456.17,10296012,7409126,20,20,20373,"[889528,1023867,1071111,471104,934328,394441,1158960,1322355,237947,92361,566152,251077,269315,254416,477269,262380,264672,107643,113594,133495,12282,2189,529850,1900,17943,9021,45081,10147,10122,129918,6172,214962,47888,90086,11448,92008,7393,11366,7108,698833,10260,7891,53002,430204,56591,22213,228243,57559,5430,233164,61814,114364,23028,84787,10762,119960,3415,30881,204540,369223,32159,191558,9259,503256,6335,18871,5796,99709,100820,140949,32084,100789,17999,11456,12991,145583,16251,42550,3327,48713,8936,93647,97296,527229,5823,19450,9601,6173,28135,1961,69565,1419,18556,10911,69567,165310,152572,114818,12260,25616,57789,2829,14739,91806,887073,6466,21158,2157,10006,128018,5439,2268,152818,18094,7904,15099,13160,10728,18394,3492,4599,10424,16905,19359,234203,17522,17869,3542,43149,1984,37749,3122,15273,5821,35097,2456,1087503,5022,7642,7171,113109,2270,149168,30653,151212,493797,4938,15081,615,32650,7317,26064,1391,55444,10587,32489,947,6270,18659,1908,3193,6094,18405,18706,1716,94576,1477,7024,3685,19881,16819,16154,51560,6488,2561,117190,22588,8812,1588,2018,9949,78479,21835,52780,6920,571792,180606,17714,14658,16834,19681,915,258593,336721,14875,16688,613,4375,12522,352]","[538568,1088023,871492,602394,630929,203889,1796324,217964,178302,131180,106419,93249,120430,225369,103005,210059,148172,59516,253,83588,1893,9382,4529,546495,79816,50801,29748,8287,41106,16777,208988,327,11757,4533,11584,8268,42226,36458,690771,19383,43870,4310,78933,60722,31794,23148,73401,24944,250509,42614,54626,5211,53460,11699,484325,5267,190476,270377,701349,5208,3441,5097,63407,10792,12332,28430,71311,9927,35270,25059,22194,8583,15492,11594,26744,53834,14143,2787,471753,8902,8802,5580,78758,2845,270,20705,911,12384,31025,29422,10571,33196,5200,728,79141,22258,8891,699516,45993,837762,535,44148,91,67224,726,31943,2979,11327,4139,28132,52460,4337,13590,37494,3022,90918,292,61700,18988,906661,2186,44648,9133,34308,15661,5596,3275,12199,8052,126373,12022,68941,3603,42190,3715,42252,12971,350040,7722,602794,683,2098,12394,2015,33676,4345,444,20187,4748,18781,26584,41126,14632,11213,49,2177,7303,1203,14268,123999,259808,29254,4725,168,23154,1738,3311,5054,5176,1068,41401,1543,44701,5167,9728,66277,74405,11318,94318,22126,477641,536,34,23,56579,25087,190,15497,104417,4520,36210,456,13407,1147,19284,1240,17482,3164,2244,17103]",bykaranteli-depth-snapshot
2026-09-05,ETH,kraken,2456.445,14095833,13735298,3.73,4.01,1000,"[2242340,1126500,1603842,3258485,2187220,661523,424802,288525,231406,1270,177640,622900,66009,8500,311367,19818,509724,1115,349039,3809,60573,2178167,216132,16816,12337,3863,503604,67055,11276,2863,154259,22668,174973,4092,61699,370739,2864,3297,0,0,0,0,0,0,0,0,0,0,0,0,0,0,0,0,0,0,0,0,0,0,0,0,0,0,0,0,0,0,0,0,0,0,0,0,0,0,0,0,0,0,0,0,0,0,0,0,0,0,0,0,0,0,0,0,0,0,0,0,0,0,0,0,0,0,0,0,0,0,0,0,0,0,0,0,0,0,0,0,0,0,0,0,0,0,0,0,0,0,0,0,0,0,0,0,0,0,0,0,0,0,0,0,0,0,0,0,0,0,0,0,0,0,0,0,0,0,0,0,0,0,0,0,0,0,0,0,0,0,0,0,0,0,0,0,0,0,0,0,0,0,0,0,0,0,0,0,0,0,0,0,0,0,0,0,0,0,0,0,0,0]","[2495435,1978519,3647560,1018291,1676896,845140,1199,71897,95105,82434,706124,214981,114058,4131,17531,500631,236613,27108,180,1465,2240717,4003,16347,6109,127972,506085,1286,159607,255,41301,102970,5840,5855,19368,20776,63613,10121,9201,401867,24735,112473,0,0,0,0,0,0,0,0,0,0,0,0,0,0,0,0,0,0,0,0,0,0,0,0,0,0,0,0,0,0,0,0,0,0,0,0,0,0,0,0,0,0,0,0,0,0,0,0,0,0,0,0,0,0,0,0,0,0,0,0,0,0,0,0,0,0,0,0,0,0,0,0,0,0,0,0,0,0,0,0,0,0,0,0,0,0,0,0,0,0,0,0,0,0,0,0,0,0,0,0,0,0,0,0,0,0,0,0,0,0,0,0,0,0,0,0,0,0,0,0,0,0,0,0,0,0,0,0,0,0,0,0,0,0,0,0,0,0,0,0,0,0,0,0,0,0,0,0,0,0,0,0,0,0,0,0,0,0,0]",bykaranteli-depth-snapshot
2026-09-05,ETH,okx,2455.605,8688398,8660245,2.7,2.66,10000,"[1462891,1512876,313364,589379,1114856,65234,322753,83380,424523,121710,400346,67377,203407,55168,1067528,73683,224943,105749,355986,123247,689888,429439,1436888,269846,77075,48324,585002,0,0,0,0,0,0,0,0,0,0,0,0,0,0,0,0,0,0,0,0,0,0,0,0,0,0,0,0,0,0,0,0,0,0,0,0,0,0,0,0,0,0,0,0,0,0,0,0,0,0,0,0,0,0,0,0,0,0,0,0,0,0,0,0,0,0,0,0,0,0,0,0,0,0,0,0,0,0,0,0,0,0,0,0,0,0,0,0,0,0,0,0,0,0,0,0,0,0,0,0,0,0,0,0,0,0,0,0,0,0,0,0,0,0,0,0,0,0,0,0,0,0,0,0,0,0,0,0,0,0,0,0,0,0,0,0,0,0,0,0,0,0,0,0,0,0,0,0,0,0,0,0,0,0,0,0,0,0,0,0,0,0,0,0,0,0,0,0,0,0,0,0,0]","[1231094,2066254,176112,590375,1171527,671622,47303,62356,70698,295858,92457,53385,41391,102147,178553,70297,1198497,57012,429117,54192,40809,67789,128495,76495,155160,96293,361323,0,0,0,0,0,0,0,0,0,0,0,0,0,0,0,0,0,0,0,0,0,0,0,0,0,0,0,0,0,0,0,0,0,0,0,0,0,0,0,0,0,0,0,0,0,0,0,0,0,0,0,0,0,0,0,0,0,0,0,0,0,0,0,0,0,0,0,0,0,0,0,0,0,0,0,0,0,0,0,0,0,0,0,0,0,0,0,0,0,0,0,0,0,0,0,0,0,0,0,0,0,0,0,0,0,0,0,0,0,0,0,0,0,0,0,0,0,0,0,0,0,0,0,0,0,0,0,0,0,0,0,0,0,0,0,0,0,0,0,0,0,0,0,0,0,0,0,0,0,0,0,0,0,0,0,0,0,0,0,0,0,0,0,0,0,0,0,0,0,0,0,0,0]",bykaranteli-depth-snapshot
2026-09-05,LINK,binance,11.6325,1778308,371568,20,20,8527,"[67898,45002,52818,32820,30380,31304,19417,13881,12829,11371,9347,117174,6997,30919,10058,1258946,2492,1393,1278,21986,16203,1414,10355,16734,4678,1295,3195,3114,27363,7938,12002,1749,11656,4098,2688,3603,3769,45492,140013,6441,2197,3683,4333,1427,5687,64208,2405,2558,1395,1318,16948,1875,5942,40869,158472,4698,6013,3025,10456,6054,3964,1317,15753,3818,13496,2924,7122,2263,6905,1198,6550,53407,54643,13306,13965,6825,2913,6602,1678,3178,22519,7234,2099,2770,750,2668,1667,1887,51625,384,325,16075,1488,5314,9027,3703,7420,122611,2593,31642,2556,3217,1017,3104,5037,126644,6790,2387,361,1147,3606,14824,3626,1522,26646,897,8115,1068,6571,855,2837,1372,32675,23246,1038,602,491,33902,2395,4029,4378,41792,1464,2986,3145,755,23319,215,2191,1946,348627,326,10577,5256,3529,298,30530,11454,37364,11542,3923,343,2975,15075,659,671,19188,120804,53128,8169,1167,18663,6265,580,2099,2315,5518,413632,701,11508,32807,17791,620,863,17359,206,2166,3494,191622,10444,6619,698,2516,95293,10360,105102,911,1163,508,135257,934,13558,191,645,583,1765,11809,8489,13621,504]","[38799,52551,31243,32533,24866,17929,16018,21280,22018,7807,4392,6425,4593,21240,5636,619,21282,31172,2196,8968,1508,3271,4758,236,4391,2457,889,9062,11575,4953,14608,51702,1899,1221,2689,22733,1219,3204,1729,622,6608,3604,1629,1205,2163,1635,1033,1266,43752,1957,2696,4908,599,16170,725,1788,448,17691,4112,3845,1365,8170,1814,715,3526,109135,768,1776,539,666,2800,4814,2873,6286,143770,459,693,1347,4301,1867,5520,2068,8495,157766,67317,1722,270,2523,1550,453,2532,22041,554,814,1025,1032,1876,3328,1346,900,35493,1915,4366,2248,4340,2455,10127,9704,11184,1102,4852,1170,560,146423,7960,3379,2981,70310,9105,1475,448,1043,14879,3727,3883,239,21276,1553,3893,192,2129,171,121,1467,10598,3765,2046,272,214,3006,4101,1428,224,11424,4387,9404,14468,498,440,4907,5409,16079,612,146,588,1113,11761,1132,775,45341,157647,546,275,1061,1625,255,619,1073,419,29768,121,17428,330,1640,434,881,2931,35980,444,272,4855,37314,31779,653,90,1212,19924,3018,270,1308,13879,549,7266,3574,68684,498,11867,12793,1076,2860]",bykaranteli-depth-snapshot
2026-09-05,LINK,bybit,11.6245,341949,441783,10.03,10.75,2000,"[21396,28590,9992,5513,1257,9581,159587,1295,4111,88129,1276,1692,615,682,2242,1154,1332,937,1580,988,556,857,753,805,1155,1328,2379,2111,440,283,1124,12857,1197,359,612,323,3336,429,508,2180,2013,408,1029,226,1276,7600,1281,399,2039,353,472,411,8080,260889,505,1110,5419,518,433,322,562,1202,13115,289,393,697,1407,585,783,317,14849,250,606,2278,3274,1595,563,676,311,9869,478,778,1528,246,402,748,584,147,2325,380,207,1323,780,822,175,321,15151,246,494,907,84,0,0,0,0,0,0,0,0,0,0,0,0,0,0,0,0,0,0,0,0,0,0,0,0,0,0,0,0,0,0,0,0,0,0,0,0,0,0,0,0,0,0,0,0,0,0,0,0,0,0,0,0,0,0,0,0,0,0,0,0,0,0,0,0,0,0,0,0,0,0,0,0,0,0,0,0,0,0,0,0,0,0,0,0,0,0,0,0,0,0,0,0,0,0,0,0,0,0,0]","[9213,9756,8962,12787,15620,6119,1822,161396,900,127232,1174,72025,1295,4586,584,5855,395,681,941,439,617,653,499,1334,431,901,768,583,843,803,1003,675,2050,182,474,968,8946,1157,1024,513,3259,181,1116,429,1337,1433,849,550,573,1580,1078,339,1395,2323,538,2625,1261,669,4668,935,562,714,633,639,529,423,12111,563,1158,203,1147,2630,528,1101,725,10430,514,1490,494,6252,939,528,599,970,1648,600,487,334,2688,418,218,788,6090,433,1029,484,494,1193,215,193,194,1979,205,335,644,330,1562,126,0,0,0,0,0,0,0,0,0,0,0,0,0,0,0,0,0,0,0,0,0,0,0,0,0,0,0,0,0,0,0,0,0,0,0,0,0,0,0,0,0,0,0,0,0,0,0,0,0,0,0,0,0,0,0,0,0,0,0,0,0,0,0,0,0,0,0,0,0,0,0,0,0,0,0,0,0,0,0,0,0,0,0,0,0,0,0,0,0,0,0,0]",bykaranteli-depth-snapshot
2026-09-05,LINK,coinbase,11.6205,834547,734705,20,20,8205,"[79171,97947,67384,69040,66486,13232,25965,127217,1895,2662,42808,39077,11072,45200,85123,1383,17726,638,9998,30523,1873,2763,47639,3674,1281,6,1644,2044,2298,348,1021,2244,5954,4233,161,2,23622,6746,50,423,206,433,7602,1067,2665,52,3714,171,146,3276,1531,4333,1693,238115,2705,1102,248,318,1577,23350,515,15047,49324,4183,4479,3087,9097,3146,86263,2378,8903,1740,3335,2821,4580,32,3245,5933,2106,4988,7763,7056,475,12633,295,3533,520,28765,2141,17601,6887,748,26059,110,34,10427,102033,351,40491,106,734,8522,43,7196,2428,17886,96,4486,6040,6574,186,1924,41455,3126,6516,980,6133,39595,1366,19,2851,10285,9148,205,10270,2237,538,3278,1664,31009,4485,1022,16777,753,266,555,4371,961,11224,124551,591,2997,457,897,3990,33,7517,140,6815,5490,640,2321,8506,4977,1546,23,44848,1931,13,366,11163,497,771,3795,317,59232,153,234404,21,19533,34,2478,761,45247,1540,8443,1108,4351,9202,1165,5715,13694,43096,63,1213,1153,6520,39,144,105,1033,22590,4217,25,390,2098,1614,30090,565,124061]","[49248,207732,49114,76202,106926,34985,51546,24128,39508,67598,1999,118,865,507,581,791,21693,118,487,562,51671,1183,46,2092,18502,3696,845,31,936,513,223,1226,6863,220,249,188,84482,1749,380,9524,413,579,495,324,455,777,1993,4031,5097,7186,617,3722,454,332,13857,40738,6450,282,5725,2036,535,3020,11871,19258,143,12373,370,23932,197,212,2229,301,2106,99403,5522,81298,285,394,1232,676,1636,620,1849,2391,12859,187,2295,2138,86,121,53,43,14895,45,2539,603,238,6742,180,328,1998,8802,172001,1391,324,100750,3436,41,840,904,11400,202,200,103,8206,59,3298,914,255027,1311,1380,8143,1397,3712,33,264,9,202,326,2542,501,11674,13564,227,13,37461,139,4998,10,118,6760,230,0,76,12264,21,33,102,201,17,93,139,20,13406,171,0,3736,354,92,0,4683,25481,0,39005,794,138,1137,7,2675,130,28851,82,21,9014,20,0,2,2039,15876,520,1195,71,69,1191,129,0,141,13610,112,483,22,1695,101,1,4270,4713,4928,28,144,12437]",bykaranteli-depth-snapshot
2026-09-05,LINK,kraken,11.6252,804587,689581,14.38,17,1000,"[129479,89956,22408,93443,113276,183676,93516,16744,806,37899,719,0,11,5816,4098,149,6520,119,22,5927,221,4065,5722,1415,115,6040,32,1163,5575,9594,2172,5575,119,171,14,787,1053,87,43,34357,5618,517,2368,1551,123,21,309,1164,0,5300,723,2812,3250,2481,11056,93,4068,20,510,39,5777,4666,1902,204,431159,969,853,363,126,212,18832,139,230,653,780,1385,20,233,121,3963,50,247,34,291,111,101,332,2628,3639,6,31698,0,946,154,740,580,30172,20,31,90,171,180,100,24,614,3125,6,31,0,3194,70,43,503,267,250,1151,33,482,35307,102,25,223,550,0,48,1144,2333,14,0,25,2234,15283,500,6,100,12,19,85,11132,51671,15037,17,0,11,0,0,0,0,0,0,0,0,0,0,0,0,0,0,0,0,0,0,0,0,0,0,0,0,0,0,0,0,0,0,0,0,0,0,0,0,0,0,0,0,0,0,0,0,0,0,0,0,0,0,0,0,0,0,0,0]","[70277,84480,71806,93166,59811,63651,49283,94162,19328,31458,5324,4760,35837,1220,207,4361,28,260,141,22,372,68,37454,5815,53,80,62,956,193,0,56755,214,210,0,57,445,972,188,148,16,4778,3563,281,400,377,212,159,425,798,824,9717,296,2318,115,90,45,125,106,767,137,140,874,298,129,12,60,445132,37,0,115,57,18865,175,132,32,3072,19,158,12,145,39,13,266,172,159,383,5,827,127,37,372,85,136,199,91,32534,115279,31,78,2267,70,4610,30,18,227,751,3495,6558,43,175,0,4505,131,141,293,16,3250,130,11085,114,36,1328,0,2161,0,164,2734,152,42,20,29,0,136,1681,12,327,0,63,95,3772,4214,26,5,0,169,21,0,18,85,12,398,1440,208,5,0,14,221,0,0,10669,160,18822,140,12,0,126,45,0,40,392,0,0,0,0,0,0,0,0,0,0,0,0,0,0,0,0,0,0,0,0,0,0,0,0,0,0,0,0,0,0]",bykaranteli-depth-snapshot
2026-09-05,LINK,okx,11.6215,332716,497553,20,20,9617,"[55235,34721,37654,40027,19758,57312,15389,2473,855,54935,2906,134,2377,1727,1299,455,1958,582,2217,703,4553,2691,995,7382,2005,938,1578,3309,86,213,2305,3292,2014,347,457,645,544,107,681,384,370,82,3933,461,14788,765,467,167,328,4231,493,208,3107,41137,221,2263,878,328,178,512,248,410,7945,3641,409,314,15879,54296,538,345,16518,182,338,228,641,124,592,415,259,2251,96,504,4018,239,175,61,306,3555,5099,66,586,6114,1055,1462,733,12646,13390,127,7203,321,136,96,576,65,145,1020,446,151,1034,617,596,114,107,10646,242,128,1745,645,1236,163,211,91,56887,57,189,99,674,391,926,506,5398,149,174,10177,284,624,214,270,186,22550,122,41,559,956,1050,91,228,1126,466,58,347,37,714,93,234,506,1182,194,91,86,77,1290,85,239,246,913,65,200,193,359,93,75,101,3302,251,250,104,428,391,111,120,45,16144,77,67,218,188,133,308,611,316,2883,6021,158,365,93,1548,3612,1258,3290]","[21715,105988,46664,28134,43035,4152,2054,4370,2420,26191,186096,263,18522,759,2711,529,1561,84,381,1924,235,274,155,390,473,349,191,1555,422,2064,200,402,1165,444,254,334,361,600,164,185,71,1795,317,97,194,369,2849,603,124,1360,4489,411,262,1646,281,899,578,104,756,165,6278,2929,2355,110,3151,1011,1530,314,641,104,319,795,785,637,535,7774,136,849,231,80,298,111,377,364,6634,5674,423,83,93,277,336,121,2013,368,91,357,140,1005,171,263,199,3614,1500,1524,343,389,166,84,88,159,1049,441,218,246,324,930,172,95,10458,823,659,378,1488,27,167,334,157,463,133,625,306,46,170,1884,233,598,96,86,517,972,280,464,281,90,180,156,277,1797,844,46,285,494,157,5800,26,80,341,1557,415,195,109,104482,71,127,400,202,510,180,151,164,1304,78,242,130,144,477,1480,558,4642,225,4913,125,224,4928,594,250,117,6634,48,114,665,236866,229,422,352,996,461,465,222,696]",bykaranteli-depth-snapshot
2026-09-05,LTC,binance,50.755,517875,500433,20,20,6617,"[71027,63500,71065,33144,27356,43599,24020,6361,104974,10867,21976,2313,5292,5749,14369,577,6414,119,926,4228,861,162,3431,417,3744,241,1310,241,9777,397,4853,676,2019,596,16037,284,834,3270,359,364,637,4211,21794,601,9573,386,477,14662,3118,417,36107,2016,1981,967,30122,156,2020,128,11254,176,2270,192,2859,242,6367,656,739,1779,736,1040,731,2902,2082,29693,2569,604,2531,2658,159,1039,376,1688,927,19267,2742,244,4540,24916,5310,540,153,1584,87,73730,998,1466,482,585,106,1284,2529,795,5648,2314,62,791,859,3485,1778,427,407,1799,306,46923,8382,409,20,132,3030,104,4741,23614,367,15665,1961,2361,1372,3548,131,772,203,490,857,25049,2176,337,508,9856,419,217,195,172,26280,31,1494,262,1494,292,672,1636,1581,944,12713,327,201,175,1198,5215,662,2670,5029,991,241147,40,128,1094,270,253,1878,165,265,101,22046,219,3631,63,270,609,131,559,24,473,430,188,1218,548,391,258,323,253,8319,334,18803,1045,628,121,891,226,2647,450]","[37792,99626,93311,45789,12102,25308,11921,28505,6737,107055,2106,526,8863,11101,6581,1166,790,456,297,402,2313,2005,5606,2107,58112,4682,822,397,511,2683,2562,6285,1984,1351,24991,1002,274,244,470,364,734,2117,1221,8228,30683,474,1110,596,2493,1057,1184,946,1110,2091,6929,1050,403,1191,702,1036,808,3750,330,113497,255,2465,376,5651,225,6114,1806,623,8366,22747,854,746,612,278,1540,2582,872,30942,5586,173838,220,16727,1935,487,429,5844,113,1722,860,4692,9230,493,887,1184,489,3022,433,653,392,68557,61180,610,2938,2738,623,641,900,700,319,3896,2775,1420,491,2073,806,584,605,3637,1159,125674,145,1059,201,567,1136,955,1702,3858,38467,1123,681,234,1112,488,1154,614,3671,221,35600,93,5256,664,44449,97,1224,1053,549,4936,58786,1600,1040,266,658,2426,2110,321,3500,652,195516,1052,341,1451,543,568,1052,92,34846,663,8065,347,5917,3323,1450,1673,27074,1344,2110,2798,114356,9006,2386,304,2635,1142,651,83,516,74,1461,1132,951,1193,711,848,564,6057]",bykaranteli-depth-snapshot
2026-09-05,LTC,bybit,50.745,179739,204024,20,20,2000,"[8903,96872,25440,12884,13817,13529,2037,1392,118,1602,147,1109,460,71,661,133,103,46,226,191,339,142,442,2240,2593,160,156,297,187,388,5286,45,2348,5456,1819,478,86,501,4313,67,2040,229,408,135,284,634,306,162,389,335,383,598,273,49,4929,116,198,185,121,58,293,4597,165,624,149,238,89,406,381,7793,234,454,103,5565,143,483,111,106,157,181,167,211,291,597,2922,1692,99,2280,117,198,520,906,99,3722,212,318,165,404,179,253,4898,11561,159,288,181,160,119,23456,117,5194,320,244,6655,5405,6188,4560,6409,483,299,434,62,2593,152,850,2527,199,863,1155,142,83,357,1383,12540,121,309,99,131,153,263,118,58,233,139,240,334,44,2770,1451,713,287,1578,82,1685,311,313,1114,223,46,74,310,122,129,215,1930,231,53,359,272,23,283,106,315,2714,1322,21,267,91,26,292,32,200,479,1052,104,167,56,89,201,273,446,250,168,4101,219,180,2145,40,15,170,65]","[7007,51810,85250,31741,10358,2647,4486,2155,352,1481,294,1439,2271,173,1324,271,346,362,77,179,416,183,500,975,7254,322,981,207,238,294,311,148,195,9033,1435,88,3792,1197,128,1294,633,2135,96,690,3360,1390,159,121,183,493,155,230,258,2433,651,86,443,639,78,260,2330,204,435,129,3887,448,219,2078,615,350,247,144,427,1572,69,220,79,1837,384,11954,110,355,552,9974,1985,236,478,479,171,316,2529,203,3123,1269,260,2326,306,173,271,711,270,540,88,4171,78,1614,66,3788,364,77,2125,100,177,2098,231,86,202,170,270,193,242,313,3510,16339,1101,60,73,315,221,208,231,773,654,245,320,760,132,3392,212,5072,2380,386,8422,165,288,1334,3393,153,1998,96,561,108,1035,81,463,102,1625,297,76,356,2698,91,34919,112,476,126,2374,264,616,161,664,160,843,164,169,262,245,278,536,305,369,331,28870,119,3757,67,2019,978,187,67,65,1011,1014,2846,417,172,1460,487,1144,214]",bykaranteli-depth-snapshot
2026-09-05,LTC,coinbase,50.752,540661,401534,20,20,5495,"[18045,43992,100791,104336,54220,35829,93847,29525,1728,30851,75,16,8,5,25362,8,620,106,218,1077,24820,1757,359,301,409,1316,1259,244,137,713,148,135,1403,657,3765,225,300,116,502,128,91,52,5,161,679,6,52,216,222,314,111,68,1066,114,3331,19,111,375,119,26,78,119,1083,905,897,538,10,302,186,1460,58,840,48,10313,5,0,275,29,590,40,199,136,45,25,459,133,5,126,350,70,210,231,184,3166,127,69,26,19,56,109,1692,50,906,104,0,12,63,52,404,13,0,22,172,19053,6,4965,22554,52,37319,300,38,123,226,126,593,1135,6,14871,1491,12,49,72,132,5744,27,15464,186,67,1167,69,48,0,5,3800,55,0,642,355,702,9230,818,109,3506,0,5,2525,127,101,1297,169,192,590,468,0,1051,0,5,374,417,0,145,212,3944,0,2185,36,100,100,42,209,402,1,3,29,519,0,0,306,853,827,20,40,5947,0,52,15,485,22,500,2341]","[27953,52206,43196,54467,41614,44237,36254,35716,36311,1630,290,15,47,84,338,27153,0,5,2,14,63,25802,537,356,21716,48,1070,123,643,875,81,499,184,75,230,71,6354,1,167,132,56,18,14,13,1888,1344,45,218,102,346,141,156,14,240,68,125,117,128,162,190,200,162,130,18508,6,30,193,9,902,25,4379,121,1356,213,34,19,116,300,314,15,0,14675,351,178167,102,1,11,235,486,11,1145,18015,32,331,4521,122,2992,0,2181,14109,110,45,9,2047,196,337,5,365,368,2447,7,2963,0,23,79,249,460,0,307,178,109,11,11678,3630,324,0,169,180,377,0,2908,1,949,0,180,20,20,223,10184,609,0,68,12859,122,1411,4,1251,388,69,190,5331,38,64834,0,15926,1,0,1428,23589,148,15711,0,48071,0,332,0,120,694,0,3,6,85,13519,100,0,52,2918,3063,218,2414,560,1073,23036,121,0,662,190,418,48,219,14,144,266,378,43,822,15,25,0,102]",bykaranteli-depth-snapshot
2026-09-05,LTC,kraken,50.765,1124283,1116642,20,20,1000,"[61166,101509,51487,53802,87288,56944,146175,149901,88472,6191,40000,267319,50,0,0,3549,400,21,9,10000,11,691,2933,0,6158,0,19,77,935,1801,341819,26,48,679,9191,10,126,47,308,301,3593,10,560,29,16715,141,728,21,611,207,30,9,10,2711,1121,140,1029,0,10,749,10,10,31,20,201,718,40,20,40,67,30,769,126,58,2538,154,58,732,61,130,74,60,157,743,335,87,30,135,20,882,88,20,120,343,10,1294,1616,35,248,228,691,0,16,9470,0,0,726,92,0,906,45,16,691,10099,10,0,22,0,691,0,17,2231,186,8224,900,193,54,9,0,710,750,4,12666,7884,0,691,0,65,0,0,691,67,0,96,91,6,710,0,0,2029,20,691,2209,0,0,17,43,43,0,0,176,0,0,16,0,0,0,6,27,590,0,0,1658,0,0,0,187,4177,200,502,17,83,5,0,20,0,268,0,1061,823,0,82,87940,0,0,0,108,0,4071,0]","[42444,102699,77383,50248,67622,115245,181760,72514,70656,48084,283381,718,10,0,0,2894,113,0,717,155,12,1218,3090,0,570,697,0,21,0,0,358062,780,0,2625,53,47,9,0,706,0,4163,17,50,36,2409,697,0,2423,874,184,0,1006,1748,289,28,4020,0,21,697,21,0,28,18,0,0,706,80,1189,210,0,0,0,1560,647,0,10,22,55,0,696,82,27,5,180,1780,0,696,28,0,0,0,0,0,2121,178,1018,0,0,0,0,696,31,178,825,0,54,45,1392,696,0,22,1820,29354,2616,0,710,0,0,1442,72,0,0,1995,0,77,0,343,11,22,2088,0,0,29604,0,61,0,11,718,0,11,16965,1392,4650,0,696,586,22,0,11,7,2841,10,4409,11,29,470,11,0,7,11,628,21,13573,0,1425,0,7,11,0,40,147,10,3705,22,0,25,1392,0,11,203,0,6883,22,1407,18,0,11,416,0,11,0,12605,21,0,10,11,0,44,0,0]",bykaranteli-depth-snapshot
2026-09-05,LTC,okx,50.735,483039,411159,20,20,7287,"[103491,50367,106825,29860,23490,20436,27356,6561,5283,57207,10765,5651,6320,344,13444,959,7648,193,6300,537,3654,387,982,1096,20881,669,1605,106,6090,724,5215,277,3606,1397,10760,268,6635,9838,1452,170,2351,2107,10691,1778,6990,822,1357,26246,15499,2447,4673,8284,4145,238426,509,5511,1147,6875,1316,1548,505,3642,22734,15278,181,1285,537,1576,467,1474,578,8170,38539,16704,1874,2669,49,2962,2161,683,1914,2507,121,3314,474,6658,426,1256,210,10832,91,38865,2060,87030,925,1899,2073,1292,88,3526,1992,8034,772,3207,4444,1128,1967,1218,259,741,200,39036,41,29889,241,36557,533,1961,343,410,13351,73,8972,255,1304,1839,15167,132,2289,184,3200,35360,17524,150,9937,586,1749,54,545,1848,2943,792,6011,1175,1401,820,4680,199,285,1448,35932,149,25669,85,274,246,5119,37,395,2253,461,1486,9229,55,390,38,1139,751,635,290,41080,44,81294,192,433,96,72,144,44,54,364,458,321,145,42,92,1327,835,269,89,169,38106,470,308,226,147,95,77,158,1158]","[31620,177514,81279,30343,5015,6435,14571,21332,439,25407,2511,2795,2051,3798,646,1274,499,2070,704,856,1935,311,1076,2662,15899,414,1012,181,2507,418,988,2163,1490,5913,6229,1306,1129,793,458,180,3752,396,2081,129,43955,2099,2574,958,5432,571,489,524,2853,181,1200,353,2651,627,525,546,2135,1232,837,129,91047,209,2069,252,5474,223,719,114,1370,7533,2161,455,1063,3149,431,334,907,378,71280,553,86972,873,404,8559,3611,70784,907,1718,2423,4856,11668,1147,65,2909,984,3048,311,679,205,14375,820,1084,630,1067,141,215,2246,879,342,977,2352,564,911,306,399,6615,199,2306,238,10030,235,398,130,60963,332,317,11248,1252,2320,367,194,3725,75,162,505,894,10147,227,319,66480,206,100,383,1244,170,522,292,1666,203,533,273,1768,3504,309,29225,1228,5274,446,6548,179,2078,173,179,752,374,171,133,3403,12466,48,228,1287,2257,188,2062,121,300,10961,124282,402,2562,155,235619,658,633,56,358,497,3240,87,18967,237,396,2331,181,147]",bykaranteli-depth-snapshot
2026-09-05,SOL,binance,101.925,5718361,4332322,20,20,10014,"[374990,1328493,1078566,229830,210030,117031,245924,89126,81568,414009,29205,40755,34190,218205,57439,76454,92648,67192,872337,60370,132194,58982,44673,79730,78138,32976,122678,27983,818984,130926,47860,63214,37359,272647,56377,83114,98048,84100,2863869,11464,77988,108987,122860,312171,48685,41653,42363,78576,1214387,63455,52976,38946,42921,146601,80626,17209,49898,48659,883023,123749,15530,90675,49363,97099,40817,46720,61041,1107170,66738,43726,13273,54006,63250,12067,51321,82228,31845,618202,13148,140242,35408,28476,85000,21570,30075,37341,29178,396670,20104,36929,22176,30239,163231,34034,18741,19536,24799,524686,470606,13636,31168,68076,58006,55351,17190,15962,19278,253673,128853,15195,23460,32253,61005,40312,25870,23151,1096302,35227,8708,15955,37208,69251,10763,12228,32871,9692,378637,370470,112902,37369,106440,40838,10878,34067,45554,58196,776290,13727,15180,21107,39154,24939,8188,13758,8114,52703,571920,48615,17228,54285,289949,110311,15494,26396,65064,16100,367012,22851,59443,20666,71552,86454,7313,20343,68472,15105,1485754,9681,17066,28020,56513,35028,42473,10817,7940,289931,12631,28573,13189,44152,65074,11079,11189,31632,51396,432332,14178,29433,20384,11941,153926,30469,58153,8740,11149,443909,17178,47886,13290,13639]","[935649,1028083,227567,176043,231329,161564,51737,102682,299159,31354,427655,29486,93425,25410,31338,93033,29168,192529,138295,26816,466467,81666,32092,22093,27066,118956,24752,51464,64962,55949,616359,24718,71013,35051,19502,233338,34589,29066,76468,504797,21508,43520,305592,76024,184450,377117,27986,57160,343783,584331,12003,478888,92781,24817,392115,19253,26920,392640,33007,957899,25082,37790,52601,23140,728941,22837,12316,19381,65425,507086,23174,55362,76186,23623,166776,56926,78918,178628,178995,1548195,36587,22804,16913,21737,181669,96941,17501,18692,239247,164684,22881,22647,7425,77212,11765,11034,21153,37256,368209,30799,6403,28987,7361,25368,52920,21234,12827,7277,249521,5312,9979,12368,7104,21091,5556,14984,61762,7114,292459,5025,2311,24174,7793,19924,62288,9022,28781,39373,1836369,26277,31337,14226,282206,8805,9081,59013,18387,6885,318867,39136,15419,34968,25332,4978,7804,41882,87271,609048,24138,8165,5573,10685,738999,23838,14980,7694,9318,699247,2331,774418,35128,6760,29859,12144,92680,63701,182157,307877,54661,183825,11835,11858,26030,7479,14385,12604,19182,3503928,15770,7195,6680,4716,22531,12039,3964,129822,4887,239433,22818,13130,5984,10064,4189,6473,4570,7642,206735,13922,8614,2786]",bykaranteli-depth-snapshot
2026-09-05,SOL,bybit,101.865,1350004,1343566,9.83,9.81,2000,"[116173,303525,234058,194272,9041,4467,213875,20532,9028,24075,4301,2945,2732,10532,6463,6592,22376,7982,148159,8874,7262,5373,4371,27054,6586,4908,3571,3111,66844,13222,3741,3234,6468,61936,5835,19453,5041,114450,5039,10083,8946,28866,33188,33818,3499,16627,16519,82330,58014,5568,4856,8721,68044,8015,6420,3969,59698,113049,57963,7088,8543,51550,10464,4417,25237,16910,24425,299201,6008,5202,9390,9693,255801,4217,19716,2985,2819,183427,13415,2514,5504,12603,5892,4896,5083,4183,5795,54985,11834,4117,4574,6506,3684,4644,9249,14620,84723,3459,1265,0,0,0,0,0,0,0,0,0,0,0,0,0,0,0,0,0,0,0,0,0,0,0,0,0,0,0,0,0,0,0,0,0,0,0,0,0,0,0,0,0,0,0,0,0,0,0,0,0,0,0,0,0,0,0,0,0,0,0,0,0,0,0,0,0,0,0,0,0,0,0,0,0,0,0,0,0,0,0,0,0,0,0,0,0,0,0,0,0,0,0,0,0,0,0,0,0,0,0,0,0]","[109016,338106,314104,203365,9023,27629,208233,4037,6286,8848,28583,17726,2536,4502,4070,5964,16908,5337,19758,9536,137601,2732,3904,7686,14939,32494,6636,2654,8672,13703,112189,2996,44033,3169,2884,73465,7858,11256,8007,12963,149964,85913,4118,3692,5113,22129,8538,4458,8442,7185,142691,8141,3964,3669,3172,12097,4075,9646,5877,5133,85036,3638,4850,61482,4719,36024,4893,4700,13412,33256,60135,3332,4579,4327,11933,12193,5092,5205,2614,423383,34153,24904,3196,2943,22529,6361,2527,4935,5202,43755,2506,2419,7004,10936,6450,2590,4155,6475,203,0,0,0,0,0,0,0,0,0,0,0,0,0,0,0,0,0,0,0,0,0,0,0,0,0,0,0,0,0,0,0,0,0,0,0,0,0,0,0,0,0,0,0,0,0,0,0,0,0,0,0,0,0,0,0,0,0,0,0,0,0,0,0,0,0,0,0,0,0,0,0,0,0,0,0,0,0,0,0,0,0,0,0,0,0,0,0,0,0,0,0,0,0,0,0,0,0,0,0,0,0]",bykaranteli-depth-snapshot
2026-09-05,SOL,coinbase,101.895,7659666,4490693,20,20,13535,"[221796,382061,806397,590049,345983,609318,189212,992376,208107,247252,93928,403857,410035,462514,402387,653618,403701,13255,221861,1961,173829,4210,23522,63300,1082,2964,334,1491,182560,5283,17867,1637,2441,21640,3928,20323,4608,21357,145543,10170,12554,739,34267,33934,4800,2013,3895,8919,108121,3807,19762,23009,48444,1522,71000,14653,1155,95807,2830,14054,19980,21152,9105,4260,2691,6103,21132,666180,9376,4027,49819,1964,11712,708,3851,5518,18827,107438,9677,6112,1460,2589,13546,2125,15900,1966,33394,188760,1734,1738,7193,19320,81969,18869,18472,721,1023,111461,47649,41443,3491,5283,17427,92674,33492,56278,208401,892,21155,2022,717,21846,1258,2164,1578,6630,236095,3820,2873,839,2930,9673,13701,1745,9708,993,93032,100864,106207,454,2592,7210,2334,10433,3680,758,86211,13011,10608,1135,3056,23218,2190,11420,863,104648,51024,1921,10133,926,16254,18589,8210,3522,27308,112889,10963,2890,4685,784,49580,1654,2691,4020,201724,285239,5451,3422,830,5460,35431,16824,238,7037,4572,105549,96,511,16740,518,3927,246,15793,485,70291,172439,815,3049,1274,84032,38121,1521,84808,8051,5194,144623,1250,585,1273,998]","[373535,364254,414666,895492,399800,89325,447920,991713,7444,1282,146229,4986,779,623,255854,3153,3877,62004,17304,10453,31103,509,21096,16225,1260,56690,1862,167,4896,11880,60614,4118,2723,177394,26777,9322,282601,16931,4847,91915,225643,51280,16485,79865,35596,24124,19780,7848,4080,84215,37931,5090,4137,5685,110665,117387,2421,8039,3207,123625,8113,5386,7061,8361,111868,2900,30352,3168,25203,56648,20935,5753,7492,105009,29605,5726,12482,27853,20742,357085,10416,3930,15228,91529,61982,28692,15495,730,4431,54520,46651,4883,527,2387,7075,11563,1689,17672,50951,98624,7516,1972,1112,7965,8030,252,1850,19917,122190,414,77,11371,11750,474,1158,2202,5435,3643,47193,183,43119,16457,1048,7390,2184,2742,13769,13733,318024,1676,199351,7577,14503,18409,845,4529,5960,3611,26246,2129,3343,48370,244,19897,29,1325,605,17,42726,5426,132,111033,197,45073,12892,1095,3628,329,216195,717,13255,1083,931,7761,7490,6928,28524,61129,127031,571,22,3870,10790,2919,122,7659,1718,757278,792,1762,88,1802,12577,0,937,1301,5728,60502,0,3481,1687,530,3669,18272,8779,236,1749,65782,2055,246016]",bykaranteli-depth-snapshot
2026-09-05,SOL,kraken,101.895,3646454,2117106,9.51,9.49,1000,"[414275,398774,476782,378808,288397,413823,82117,124280,713195,441,8673,43530,60369,112013,608,829,252,14083,112679,2524,2135,39255,2662,33774,1409,4806,358,5023,8874,42353,3951,3035,44,27104,17555,1591,3981161,2359,90636,43678,2589,2889,28399,16525,3838,2541,2813,5742,27668,16150,42442,6820,21811,13205,19840,3690,32840,39756,223,1090,32804,15923,10149,1038,39,388,4395,112618,542,5381,339,1079,3556,575,197,2765,1704,12781,771,1001,12892,14140,8185,3469,43,2525,1006,30345,360,889,2633,715,22100,5492,2533,1383,0,0,0,0,0,0,0,0,0,0,0,0,0,0,0,0,0,0,0,0,0,0,0,0,0,0,0,0,0,0,0,0,0,0,0,0,0,0,0,0,0,0,0,0,0,0,0,0,0,0,0,0,0,0,0,0,0,0,0,0,0,0,0,0,0,0,0,0,0,0,0,0,0,0,0,0,0,0,0,0,0,0,0,0,0,0,0,0,0,0,0,0,0,0,0,0,0,0,0,0,0,0,0,0]","[527260,336561,451422,274961,202860,187061,29526,74464,2528,3466,1528,41,2431,6408,2999,4443,1325,700,6958,165,35316,21376,11486,652,6849,44033,13426,2147,424,5494,1739850,18271,13693,854,1157,696,190824,246,472,695,16348,5886,4118,456,1253,30028,367,2270,1244,13898,26978,771,1695,3971,1216,31621,3571,484,2147,24025,982,7325,7033,706,11823,219,14943,323,288,11987,3100,20154,11326,13060,5881,190,327,972186,4157,102896,13731,58099,15415,2709,2007,988,354,747,67902,27148,1305,3644,3453,659,790,0,0,0,0,0,0,0,0,0,0,0,0,0,0,0,0,0,0,0,0,0,0,0,0,0,0,0,0,0,0,0,0,0,0,0,0,0,0,0,0,0,0,0,0,0,0,0,0,0,0,0,0,0,0,0,0,0,0,0,0,0,0,0,0,0,0,0,0,0,0,0,0,0,0,0,0,0,0,0,0,0,0,0,0,0,0,0,0,0,0,0,0,0,0,0,0,0,0,0,0,0,0,0,0,0]",bykaranteli-depth-snapshot
2026-09-05,SOL,okx,101.875,2940355,2345946,20,20,10000,"[435982,167540,311290,311896,11462,67934,307943,246395,52290,68840,6841,14253,5878,41670,21696,21934,29243,9339,783199,24729,12815,20672,15613,46475,14384,6754,14424,29640,77958,14983,16898,29588,26130,117994,15232,35524,31810,19264,264709,14894,22421,15324,98357,10592,11105,9508,77765,494088,8022,29964,7216,11723,105942,6480,17205,11573,8778,114088,18963,17444,22616,44219,63219,18309,8072,15644,24013,243134,13841,24327,5448,9622,9947,24287,23082,5847,6290,290885,18864,12561,52680,62679,24074,31284,54003,7567,9487,147554,11275,24033,9298,30521,10498,24613,15766,53027,171534,32732,9474,14922,60608,32674,43113,11225,38532,79438,54758,11090,7092,100742,11989,10136,6559,6622,17863,17761,252232,5787,10538,13568,7954,10114,10517,3532,11474,5601,64626,18687,6233,12193,46491,8390,6357,6001,42992,17245,1644731,4655,18895,42512,11802,34206,10750,8951,2333,87812,682029,3986,6366,15400,14176,6435,4662,3015,7000,394585,4671,21429,12028,46271,48546,9012,27097,19160,3203,201228,14537,5430,51113,6063,33528,9766,8680,13453,11005,415128,8978,9510,2729,36552,18020,17861,2793,2793,3518,367709,23832,2942,34781,7407,29548,8787,8159,6212,3931,450962,35603,9299,6514,25106]","[383590,164924,333619,102204,110073,67070,219880,41568,17551,14410,700645,41761,8304,21485,14685,27040,12333,15240,30952,18611,67753,5629,8549,29311,22089,21268,11627,232253,13439,18805,125037,14270,70408,19116,24456,23059,38559,10008,7646,24198,126353,9242,10390,8825,10860,38442,21881,66212,14460,40034,136092,38892,87721,10474,14573,32118,15187,11822,9634,10518,189393,11847,15785,9660,4142,23577,13794,25492,23131,118201,20940,5246,6245,6322,32488,10631,14026,15839,29765,452332,6861,17555,10913,5363,13831,8844,13822,6380,90297,378795,14657,16051,10967,12392,17016,5303,13455,82201,68200,128134,4784,12421,6834,6607,8996,10393,17944,7089,15412,227868,10673,31608,17632,14669,5236,8481,9520,18941,7064,36046,6282,4459,13699,8549,15096,3397,5046,30530,229439,5791,8068,12542,13111,15453,6186,6319,9035,27655,110444,2866,3377,5042,5587,42324,9744,4571,5594,13427,42804,4838,6041,8082,12861,18488,4502,4735,4038,5390,178246,3901,4597,7237,7569,13574,22305,1767,33003,23881,49719,4249,3827,7369,5999,16912,8731,20634,5624,305919,2742,10736,7692,2641,4430,8569,13723,7700,9062,79955,3290,25715,4833,5143,4478,2658,14881,5184,3600,19370,17495,24208]",bykaranteli-depth-snapshot
2026-09-05,XRP,binance,1.3985,2513263,2269637,20,20,10017,"[275153,197456,248117,109864,171732,207229,446556,123333,39813,105846,60847,26183,15770,227879,31915,5693,177324,5394,22480,14681,207065,22827,41905,313069,4093,4479,11446,480616,7041,24728,18304,256606,73090,22807,316348,6856,18653,14882,39672,106968,92194,178456,31313,3754,31748,14821,12994,3821,31359,130007,114997,3502,23860,3647,7528,16826,214412,19939,5097,83646,21956,24587,104069,409259,27741,4099,40021,4636,44488,24058,797366,19885,29611,5670,30412,5336,5561,277547,36105,33670,8695,423297,129574,11174,209133,2223,61491,8632,16900,20095,8091,129360,17154,64084,25182,22827,13208,12360,19838,144983,7465,15664,38849,8342,33524,16470,438377,16491,9886,37277,4441,17348,7916,67111,9382,58556,12328,10903,89309,5348,63695,24607,4186,8382,19955,43953,41961,90884,2349,6820,2450,18346,6723,14280,76953,1549,20836,17199,10146,5123,22903,666003,44921,7603,11241,4905,4829,7756,27646,134446,871893,4130,20676,2145,91005,2768,65932,5292,14623,3768,2872,2087,2121,104274,11043,2326,9649,2566,1376,15060,37752,3785,5841,8805,2915,4060,4879,365349,3303,3959,1715,461807,7181,5180,50740,2969,4387,8257,15291,8882,1908,8181,87415,3385,2152,13504,3995,21648,10499,165777]","[113826,155038,316408,65612,268841,272068,159879,214686,51600,45886,2146,52950,2430,34919,30905,430422,9914,25086,6149,10873,4682,6959,31157,14085,53697,55662,18236,8698,23975,183656,10169,33206,7875,34988,19883,10846,126678,49785,10839,5061,42178,23617,12385,58140,13247,13021,7151,20635,8911,69764,17137,47900,16871,8297,42850,2997,250067,6841,268298,18407,55305,77148,31193,8638,22064,67156,9903,2885,10842,2605,4798,18303,692924,11826,7927,3518,6286,4180,12108,76709,5251,3952,13226,14993,22108,22334,109912,6029,36156,10413,5754,4348,15581,60149,15961,8553,3173,14095,3959,5663,6728,131438,5316,4491,64070,17310,9199,5295,641079,249402,15452,16194,24340,2532,20329,60550,5798,7881,8472,58422,6356,18131,37542,5175,8634,2346,3106,3996,7294,474683,2637,5926,2855,10107,18432,8339,630282,4343,8898,30227,10687,14041,6908,13416,1317644,26729,1875,61710,5193,14146,56729,27606,4447,3724,13796,2332,4882,2057,222967,2097,8157,4456,8205,4475,2095,19191,14043,1612,2684,16373,2539,16969,79080,1482,7105,7905,20525,2305,4559,692115,1736,7928,3723,3563,20441,1354,199171,2097,3324,3200,2391,61592,13834,5875,42036,10606,3141,29088,2435,7072]",bykaranteli-depth-snapshot
2026-09-05,XRP,bybit,1.3981,929351,1321332,7.5,7.49,2000,"[34595,183842,188551,7195,6522,7153,88086,175894,1281,1118,1596,4119,41162,2438,1016,169795,1624,2855,8402,2108,188181,11866,10684,6142,3349,2483,34916,9988,4796,1127,20675,5560,2256,6021,108490,1480,2629,7729,1046,1266,685,10479,641,1874,579,2212,2062,356,18498,951,2100,3996,956,1202,1204,10218,7173,1080,1539,1723,19036,2060,9232,1863,1667,3981,2513,3385,4265,5444,54625,1270,2966,1671,2462,0,0,0,0,0,0,0,0,0,0,0,0,0,0,0,0,0,0,0,0,0,0,0,0,0,0,0,0,0,0,0,0,0,0,0,0,0,0,0,0,0,0,0,0,0,0,0,0,0,0,0,0,0,0,0,0,0,0,0,0,0,0,0,0,0,0,0,0,0,0,0,0,0,0,0,0,0,0,0,0,0,0,0,0,0,0,0,0,0,0,0,0,0,0,0,0,0,0,0,0,0,0,0,0,0,0,0,0,0,0,0,0,0,0,0,0,0,0,0,0,0,0,0,0,0]","[41400,173165,16989,187364,6910,87594,973,937,173063,1579,1530,5130,3379,970,1249,606555,843,8459,1352,1891,962,826,9467,530,6724,10263,1992,2146,1159,2263,3130,27124,1353,3899,1484,1126,949,182170,2407,1186,2328,3217,608,1482,11591,2297,795,3608,24683,1000,18588,4297,4625,752,1331,6801,1162,1239,210961,1081,1220,1135,8072,852,10458,3310,3285,1787,649,1405,1877,23574,38875,937,1017,0,0,0,0,0,0,0,0,0,0,0,0,0,0,0,0,0,0,0,0,0,0,0,0,0,0,0,0,0,0,0,0,0,0,0,0,0,0,0,0,0,0,0,0,0,0,0,0,0,0,0,0,0,0,0,0,0,0,0,0,0,0,0,0,0,0,0,0,0,0,0,0,0,0,0,0,0,0,0,0,0,0,0,0,0,0,0,0,0,0,0,0,0,0,0,0,0,0,0,0,0,0,0,0,0,0,0,0,0,0,0,0,0,0,0,0,0,0,0,0,0,0,0,0,0]",bykaranteli-depth-snapshot
2026-09-05,XRP,coinbase,1.3985,8363454,4871126,20,20,14982,"[246822,321565,539082,230954,374826,252667,554175,843256,356006,387587,748311,426267,615435,620802,487686,436511,431002,422010,43979,24511,222164,25662,1909,66361,116767,4709,5096,102793,26227,116380,13819,257681,2080,35152,303174,240345,6077,8964,92558,15578,16474,178987,1772,4517,43817,10213,3103,37522,410760,5325,36956,4661,116051,9301,24256,5049,193156,12761,21137,8996,2062,13928,41150,192607,91292,32786,148387,2869,5735,11057,1931250,58025,88381,5959,14891,9554,11182,265630,15368,22540,30870,14700,127559,5359,360216,10146,48304,57084,12234,7462,892,52651,13690,5633,6528,21330,1994,815,6861,104750,9598,43534,19256,212985,4883,177404,680858,14255,135,37786,5837,15458,310,184519,3991,12957,1871,21101,19876,303,79384,2473,2545,9558,19144,3828,10720,478380,27908,5397,1042,5430,1183,60684,109869,7695,1132,162,237820,20135,3648,920169,4192,5559,2966,3560,401,215,1128,162219,44548,4806,24026,36601,27326,27329,210816,116446,26032,60357,10306,5366,2020,170862,56144,1585,7030,6582,2607,3045,182315,1266,478,42110,5418,476,3230,736567,18468,4142,2342,4182,1648,344,224928,8299,347,1318,2854,2382,138,9953,6922,11642,9507,1678,221116,10234,5163,140309]","[215524,347817,359449,691861,247349,180832,406586,184858,604148,327962,21720,645102,86200,85662,86559,101189,87049,104295,86270,694,1102,22,16543,10175,81,3345,13644,943,231211,71847,1311,804,732,233,110,1286,271291,476,713,899,2339,1998,123,66498,479,11829,57753,29785,9661,4107,5291,282399,13085,674,9549,522,5596,41951,126614,53568,30109,12296,1307,34379,15240,132418,2852,1399,279795,5484,7535,11133,719023,1096,91493,1184,17965,30785,2065,73563,1683,965,161,5783,1170,186,772996,9399,25271,1150,6797,237,4734,15419,59756,1696,2934,21281,870,9587,348815,75209,4744,362,17741,228,34231,46878,526426,7345,2031,10906,9663,3061,445,40343,3536,207,834,18040,4408,2358,16646,1219,366,151,956,1964,292,52122,5325,1910,1652,2919,618,726,166267,6406,2407,827,3681,972,703,15774,456085,4112,1593,1136,134,604,3146,6873,648,526,4203,4348,33,173,201118,1179,4952,10435,681,19737,3160,314971,1895,112,288,220,6052,177,39136,10707,1254,249,3042,2657,318,573809,139,1235,835,504,552,7344,24026,99,1729,63,1947,20821,273,151,297789,1859,264,29345,4890,22982]",bykaranteli-depth-snapshot
2026-09-05,XRP,kraken,1.3985,6769230,4734260,5.68,6.05,1000,"[367814,573194,585680,1294161,773724,1451114,283621,650639,317249,55821,131041,126059,12980,58679,805,36514,30196,347,18033,1558,20363,681,104157,1071,1012,27987,2388,4005,4066,31404,31218,1031,5142,351,3237140,411,182,906,997,5837,21498,21637,13775,25010,1460,559,73394,69224,97,47691,128,13451,6063,9016,13502,1603,63798,0,0,0,0,0,0,0,0,0,0,0,0,0,0,0,0,0,0,0,0,0,0,0,0,0,0,0,0,0,0,0,0,0,0,0,0,0,0,0,0,0,0,0,0,0,0,0,0,0,0,0,0,0,0,0,0,0,0,0,0,0,0,0,0,0,0,0,0,0,0,0,0,0,0,0,0,0,0,0,0,0,0,0,0,0,0,0,0,0,0,0,0,0,0,0,0,0,0,0,0,0,0,0,0,0,0,0,0,0,0,0,0,0,0,0,0,0,0,0,0,0,0,0,0,0,0,0,0,0,0,0,0,0,0,0,0,0,0,0,0,0,0,0]","[191895,396059,218715,1250797,588468,1274177,170796,312321,103,40,25013,55440,155146,43185,1002,14187,88,686,734,35406,20032,627,3008,131,2554,1126,5272,3657,8360,3400,41365,914,23741,3213,485,1463,28244,1045,631,203,5360,19321,469,1369,293,12648,540,13035,741,144,2333,2033,1091,273,175,79,265,7742,38676,257,309,0,0,0,0,0,0,0,0,0,0,0,0,0,0,0,0,0,0,0,0,0,0,0,0,0,0,0,0,0,0,0,0,0,0,0,0,0,0,0,0,0,0,0,0,0,0,0,0,0,0,0,0,0,0,0,0,0,0,0,0,0,0,0,0,0,0,0,0,0,0,0,0,0,0,0,0,0,0,0,0,0,0,0,0,0,0,0,0,0,0,0,0,0,0,0,0,0,0,0,0,0,0,0,0,0,0,0,0,0,0,0,0,0,0,0,0,0,0,0,0,0,0,0,0,0,0,0,0,0,0,0,0,0,0,0,0,0,0,0]",bykaranteli-depth-snapshot
2026-09-05,XRP,okx,1.3982,1256929,1652235,20,20,10000,"[140218,130981,51522,381640,55466,27781,10014,17531,178255,10550,59654,1399,1740,94121,12671,1543,4115,2610,74348,771,31955,1933,1260,2842,3337,7598,587,34044,2033,1053,10131,1208,1790,11148,43197,1766,2181,1067,6285,806,3945,11700,2516,1412,2069,902,4684,3715,30157,475,2059,3548,6770,1716,1847,32938,9442,66276,1013,2665,2566,1863,553,25873,4052,2395,1678,3758,9647,2664,108690,649,1924,2752,827,1693,1185,61075,7838,2254,5699,1661,2978,2834,61954,1314,971,3031,2488,9405,2641,12441,1518,846,2799,48940,820,860,42649,561,2354,958,10522,2584,2994,798,49431,347,887,651,392,401,831,54353,1238,2088,1852,2376,667,800,9476,1067,11056,996,1979,961,858,81438,1807,3715,629,50622,1565,428,228117,736,188,715,7953,584,626,190805,211,1310,533,717,689,191,2097,406,422,896,6005,1122,362,574,10905,483,166,450,757,899,8046,2550,496,629,30162,604,2003,738,17062,1179,265,2216,471,2439,1148,111206,2733,2208,648,249,1152,239,1170,2473,630,858,396,3447,450,16005,779,1298,565,813,889,545,26893,24857]","[91812,129909,245445,30620,205661,44806,9657,6350,192844,12293,587621,1850,2884,1452,2825,52485,1956,5973,1884,23908,1407,4454,3918,640,1734,3672,1970,834,774,28254,51604,2035,1511,642,5538,5304,2267,42203,4220,3036,4802,3319,2208,1348,20772,1726,689,1644,3589,2524,21725,38137,1017,3990,5438,11243,1296,43846,10666,53970,1818,3502,7827,13525,5110,10731,1430,2200,3420,957,1340,780,113398,615,531,851,1360,4015,1258,49217,1331,2720,3876,6200,12957,3550,518,12957,1460,5513,11410,539,2321,3448,13738,2889,2833,2815,2228,2549,1981,17694,3605,601,30393,4827,1325,2299,29989,1208,452,1667,3061,1204,3619,35489,1662,2996,657,3503,2161,4259,8494,3105,1139,3529,3180,701,7136,20732,1210,974,2741,1544,1878,1909,9373,9884,1862,473,3020,3123,1672,475,1996412,680,1609,11974,433,421,915,11776,1306,6439,3193,1436,987,521,335885,1520,1711,684,2347,1491,15116,29498,11047,5092,2154,1273,2684,2557,30291,616,11505,496,1300,1504,681,790,28763,2488,4111,3142,1752,1642,1267,78265,3796,1074,2144,3286,3016,654,3589,4274,213,2299,648,3927]",bykaranteli-depth-snapshot
