date,symbol,us_close_usd,global_close_usd,premium_pct,source
2017-08-17,BTC,4280.01,4285.08,-0.1183,bykaranteli.com
2017-08-17,ETH,300.67,302,-0.4404,bykaranteli.com
2017-08-18,BTC,4101.72,4108.37,-0.1619,bykaranteli.com
2017-08-18,ETH,292.87,293.96,-0.3708,bykaranteli.com
2017-08-19,BTC,4157.41,4139.98,0.421,bykaranteli.com
2017-08-19,ETH,293.58,290.91,0.9178,bykaranteli.com
2017-08-20,BTC,4050.99,4086.29,-0.8639,bykaranteli.com
2017-08-20,ETH,297.79,299.1,-0.438,bykaranteli.com
2017-08-21,BTC,4002,4016,-0.3486,bykaranteli.com
2017-08-21,ETH,322,323.29,-0.399,bykaranteli.com
2017-08-22,BTC,4092,4040,1.2871,bykaranteli.com
2017-08-22,ETH,314.19,309.8,1.417,bykaranteli.com
2017-08-23,BTC,4143.49,4114.01,0.7166,bykaranteli.com
2017-08-23,ETH,317.5,315.74,0.5574,bykaranteli.com
2017-08-24,BTC,4312.03,4316.01,-0.0922,bykaranteli.com
2017-08-24,ETH,324.56,323.42,0.3525,bykaranteli.com
2017-08-25,BTC,4360,4280.68,1.853,bykaranteli.com
2017-08-25,ETH,330.14,327.24,0.8862,bykaranteli.com
2017-08-26,BTC,4344.32,4337.44,0.1586,bykaranteli.com
2017-08-26,ETH,332.99,330.79,0.6651,bykaranteli.com
2017-08-27,BTC,4340.11,4310.01,0.6984,bykaranteli.com
2017-08-27,ETH,348.2,348.13,0.0201,bykaranteli.com
2017-08-28,BTC,4384.99,4386.69,-0.0388,bykaranteli.com
2017-08-28,ETH,347.54,346,0.4451,bykaranteli.com
2017-08-29,BTC,4599,4587.48,0.2511,bykaranteli.com
2017-08-29,ETH,372.48,374.7,-0.5925,bykaranteli.com
2017-08-30,BTC,4581.98,4555.14,0.5892,bykaranteli.com
2017-08-30,ETH,384.1,385.93,-0.4742,bykaranteli.com
2017-08-31,BTC,4743.94,4724.89,0.4032,bykaranteli.com
2017-08-31,ETH,389.2,384.79,1.1461,bykaranteli.com
2017-09-01,BTC,4947.99,4834.91,2.3388,bykaranteli.com
2017-09-01,ETH,392.87,388.46,1.1353,bykaranteli.com
2017-09-02,BTC,4649.99,4472.14,3.9768,bykaranteli.com
2017-09-02,ETH,354.87,343.14,3.4184,bykaranteli.com
2017-09-03,BTC,4626.05,4509.08,2.5941,bykaranteli.com
2017-09-03,ETH,353.06,341.77,3.3034,bykaranteli.com
2017-09-04,BTC,4498.25,4100.11,9.7105,bykaranteli.com
2017-09-04,ETH,316.86,283.77,11.6609,bykaranteli.com
2017-09-05,BTC,4432.51,4366.47,1.5124,bykaranteli.com
2017-09-05,ETH,320.08,312.09,2.5602,bykaranteli.com
2017-09-06,BTC,4616.18,4619.77,-0.0777,bykaranteli.com
2017-09-06,ETH,339.38,335,1.3075,bykaranteli.com
2017-09-07,BTC,4624.18,4691.61,-1.4372,bykaranteli.com
2017-09-07,ETH,335.56,334.49,0.3199,bykaranteli.com
2017-09-08,BTC,4350,4282.8,1.5691,bykaranteli.com
2017-09-08,ETH,307.96,302.99,1.6403,bykaranteli.com
2017-09-09,BTC,4334.36,4258.81,1.774,bykaranteli.com
2017-09-09,ETH,304.99,296.74,2.7802,bykaranteli.com
2017-09-10,BTC,4251.36,4130.37,2.9293,bykaranteli.com
2017-09-10,ETH,300.33,293.5,2.3271,bykaranteli.com
2017-09-11,BTC,4210.72,4208.47,0.0535,bykaranteli.com
2017-09-11,ETH,298.47,297.3,0.3935,bykaranteli.com
2017-09-12,BTC,4164.52,4163.72,0.0192,bykaranteli.com
2017-09-12,ETH,294.5,293.96,0.1837,bykaranteli.com
2017-09-13,BTC,3855.32,3944.69,-2.2656,bykaranteli.com
2017-09-13,ETH,275.71,276.91,-0.4334,bykaranteli.com
2017-09-14,BTC,3250.4,3189.02,1.9247,bykaranteli.com
2017-09-14,ETH,223.85,215.21,4.0147,bykaranteli.com
2017-09-15,BTC,3740.02,3700,1.0816,bykaranteli.com
2017-09-15,ETH,260.88,253,3.1146,bykaranteli.com
2017-09-16,BTC,3726.51,3714.95,0.3112,bykaranteli.com
2017-09-16,ETH,255.84,249.31,2.6192,bykaranteli.com
2017-09-17,BTC,3719.97,3699.99,0.54,bykaranteli.com
2017-09-17,ETH,259.66,257.55,0.8193,bykaranteli.com
2017-09-18,BTC,4100,4035.01,1.6107,bykaranteli.com
2017-09-18,ETH,298,294.57,1.1644,bykaranteli.com
2017-09-19,BTC,3910.11,3910.04,0.0018,bykaranteli.com
2017-09-19,ETH,282.8,284,-0.4225,bykaranteli.com
2017-09-20,BTC,3872.06,3900,-0.7164,bykaranteli.com
2017-09-20,ETH,283.55,282,0.5496,bykaranteli.com
2017-09-21,BTC,3617.47,3609.99,0.2072,bykaranteli.com
2017-09-21,ETH,258.11,257,0.4319,bykaranteli.com
2017-09-22,BTC,3619.01,3595.87,0.6435,bykaranteli.com
2017-09-22,ETH,263.88,264,-0.0455,bykaranteli.com
2017-09-23,BTC,3787.33,3780,0.1939,bykaranteli.com
2017-09-23,ETH,286.03,285.93,0.035,bykaranteli.com
2017-09-24,BTC,3669.01,3660.02,0.2456,bykaranteli.com
2017-09-24,ETH,283.21,282,0.4291,bykaranteli.com
2017-09-25,BTC,3919.78,3920.75,-0.0247,bykaranteli.com
2017-09-25,ETH,294.41,294.42,-0.0034,bykaranteli.com
2017-09-26,BTC,3885.09,3882.35,0.0706,bykaranteli.com
2017-09-26,ETH,288.77,287.9,0.3022,bykaranteli.com
2017-09-27,BTC,4200,4193,0.1669,bykaranteli.com
2017-09-27,ETH,309.85,309.74,0.0355,bykaranteli.com
2017-09-28,BTC,4189.42,4174.5,0.3574,bykaranteli.com
2017-09-28,ETH,302.33,302.44,-0.0364,bykaranteli.com
2017-09-29,BTC,4156.99,4174.69,-0.424,bykaranteli.com
2017-09-29,ETH,291.88,292.22,-0.1164,bykaranteli.com
2017-09-30,BTC,4339,4378.51,-0.9024,bykaranteli.com
2017-09-30,ETH,301.57,304.36,-0.9167,bykaranteli.com
2017-10-01,BTC,4394.81,4378.48,0.373,bykaranteli.com
2017-10-01,ETH,303.25,303.95,-0.2303,bykaranteli.com
2017-10-02,BTC,4392.71,4380,0.2902,bykaranteli.com
2017-10-02,ETH,296.72,296.5,0.0742,bykaranteli.com
2017-10-03,BTC,4307.99,4310,-0.0466,bykaranteli.com
2017-10-03,ETH,292.36,292.48,-0.041,bykaranteli.com
2017-10-04,BTC,4214.84,4208.59,0.1485,bykaranteli.com
2017-10-04,ETH,292,291.99,0.0034,bykaranteli.com
2017-10-05,BTC,4320.04,4292.43,0.6432,bykaranteli.com
2017-10-05,ETH,294.89,294.81,0.0271,bykaranteli.com
2017-10-06,BTC,4362.99,4369,-0.1376,bykaranteli.com
2017-10-06,ETH,307.73,310.8,-0.9878,bykaranteli.com
2017-10-07,BTC,4425,4423,0.0452,bykaranteli.com
2017-10-07,ETH,311.12,311.01,0.0354,bykaranteli.com
2017-10-08,BTC,4603.49,4640,-0.7869,bykaranteli.com
2017-10-08,ETH,309.2,311.07,-0.6012,bykaranteli.com
2017-10-09,BTC,4769.55,4786.95,-0.3635,bykaranteli.com
2017-10-09,ETH,297,297.19,-0.0639,bykaranteli.com
2017-10-10,BTC,4750,4783.06,-0.6912,bykaranteli.com
2017-10-10,ETH,297.99,298.64,-0.2177,bykaranteli.com
2017-10-11,BTC,4814.99,4821.43,-0.1336,bykaranteli.com
2017-10-11,ETH,302,304.01,-0.6612,bykaranteli.com
2017-10-12,BTC,5440,5430,0.1842,bykaranteli.com
2017-10-12,ETH,302.12,303.99,-0.6152,bykaranteli.com
2017-10-13,BTC,5624.8,5649.98,-0.4457,bykaranteli.com
2017-10-13,ETH,335.89,337.96,-0.6125,bykaranteli.com
2017-10-14,BTC,5819.13,5869.99,-0.8664,bykaranteli.com
2017-10-14,ETH,338.37,342,-1.0614,bykaranteli.com
2017-10-15,BTC,5693.7,5709.99,-0.2853,bykaranteli.com
2017-10-15,ETH,336.89,337.96,-0.3166,bykaranteli.com
2017-10-16,BTC,5754.9,5760.02,-0.0889,bykaranteli.com
2017-10-16,ETH,334.36,335.19,-0.2476,bykaranteli.com
2017-10-17,BTC,5594,5595,-0.0179,bykaranteli.com
2017-10-17,ETH,316.37,315.19,0.3744,bykaranteli.com
2017-10-18,BTC,5574.44,5512.06,1.1317,bykaranteli.com
2017-10-18,ETH,313.59,309.7,1.2561,bykaranteli.com
2017-10-19,BTC,5704.01,5683.9,0.3538,bykaranteli.com
2017-10-19,ETH,308.02,308.66,-0.2073,bykaranteli.com
2017-10-20,BTC,5989.1,6010.01,-0.3479,bykaranteli.com
2017-10-20,ETH,303.15,304.51,-0.4466,bykaranteli.com
2017-10-21,BTC,6024.86,6024.97,-0.0018,bykaranteli.com
2017-10-21,ETH,300,298.94,0.3546,bykaranteli.com
2017-10-22,BTC,6005.05,5950.02,0.9249,bykaranteli.com
2017-10-22,ETH,295.14,293.79,0.4595,bykaranteli.com
2017-10-23,BTC,5905.99,5915.93,-0.168,bykaranteli.com
2017-10-23,ETH,285.83,281.09,1.6863,bykaranteli.com
2017-10-24,BTC,5525.43,5477.03,0.8837,bykaranteli.com
2017-10-24,ETH,296.99,297.38,-0.1311,bykaranteli.com
2017-10-25,BTC,5739.97,5689.99,0.8784,bykaranteli.com
2017-10-25,ETH,296.76,294.49,0.7708,bykaranteli.com
2017-10-26,BTC,5891.61,5861.77,0.5091,bykaranteli.com
2017-10-26,ETH,295.98,294.71,0.4309,bykaranteli.com
2017-10-27,BTC,5780,5768.83,0.1936,bykaranteli.com
2017-10-27,ETH,297.59,296.33,0.4252,bykaranteli.com
2017-10-28,BTC,5752.01,5719.64,0.5659,bykaranteli.com
2017-10-28,ETH,295.11,291.87,1.1101,bykaranteli.com
2017-10-29,BTC,6140.01,6169.98,-0.4857,bykaranteli.com
2017-10-29,ETH,303.38,305,-0.5311,bykaranteli.com
2017-10-30,BTC,6124.16,6120.5,0.0598,bykaranteli.com
2017-10-30,ETH,306.87,307.25,-0.1237,bykaranteli.com
2017-10-31,BTC,6445.01,6463,-0.2784,bykaranteli.com
2017-10-31,ETH,303.51,304.9,-0.4559,bykaranteli.com
2017-11-01,BTC,6783.69,6753.98,0.4399,bykaranteli.com
2017-11-01,ETH,290.82,287.01,1.3275,bykaranteli.com
2017-11-02,BTC,7039.98,7019.98,0.2849,bykaranteli.com
2017-11-02,ETH,285.4,283.12,0.8053,bykaranteli.com
2017-11-03,BTC,7170.01,7115.04,0.7726,bykaranteli.com
2017-11-03,ETH,306,304.08,0.6314,bykaranteli.com
2017-11-04,BTC,7412.55,7357.09,0.7538,bykaranteli.com
2017-11-04,ETH,301.66,298.04,1.2146,bykaranteli.com
2017-11-05,BTC,7392,7345.01,0.6398,bykaranteli.com
2017-11-05,ETH,296.57,295.53,0.3519,bykaranteli.com
2017-11-06,BTC,6969.76,6960.12,0.1385,bykaranteli.com
2017-11-06,ETH,297.32,297.97,-0.2181,bykaranteli.com
2017-11-07,BTC,7126.63,7064.04,0.886,bykaranteli.com
2017-11-07,ETH,292.42,291.78,0.2193,bykaranteli.com
2017-11-08,BTC,7467.96,7303,2.2588,bykaranteli.com
2017-11-08,ETH,307.91,303.02,1.6138,bykaranteli.com
2017-11-09,BTC,7156,7079.99,1.0736,bykaranteli.com
2017-11-09,ETH,320.72,317.87,0.8966,bykaranteli.com
2017-11-10,BTC,6577.62,6506.98,1.0856,bykaranteli.com
2017-11-10,ETH,298.04,293.5,1.5468,bykaranteli.com
2017-11-11,BTC,6346.7,6245.05,1.6277,bykaranteli.com
2017-11-11,ETH,315.69,310.02,1.8289,bykaranteli.com
2017-11-12,BTC,5886.35,5811.03,1.2962,bykaranteli.com
2017-11-12,ETH,307.1,305.24,0.6094,bykaranteli.com
2017-11-13,BTC,6535.87,6465.99,1.0807,bykaranteli.com
2017-11-13,ETH,315.56,312.99,0.8211,bykaranteli.com
2017-11-14,BTC,6605,6574.99,0.4564,bykaranteli.com
2017-11-14,ETH,335.04,335.61,-0.1698,bykaranteli.com
2017-11-15,BTC,7294,7240.06,0.745,bykaranteli.com
2017-11-15,ETH,331.81,331.33,0.1449,bykaranteli.com
2017-11-16,BTC,7838.53,7864.5,-0.3302,bykaranteli.com
2017-11-16,ETH,330.21,331.49,-0.3861,bykaranteli.com
2017-11-17,BTC,7714.71,7699.19,0.2016,bykaranteli.com
2017-11-17,ETH,332.31,331.23,0.3261,bykaranteli.com
2017-11-18,BTC,7777.01,7761.94,0.1942,bykaranteli.com
2017-11-18,ETH,346.6,346.66,-0.0173,bykaranteli.com
2017-11-19,BTC,8031.82,8038,-0.0769,bykaranteli.com
2017-11-19,ETH,354.59,354.15,0.1242,bykaranteli.com
2017-11-20,BTC,8256.01,8212,0.5359,bykaranteli.com
2017-11-20,ETH,368.24,367.42,0.2232,bykaranteli.com
2017-11-21,BTC,8109,8119.51,-0.1294,bykaranteli.com
2017-11-21,ETH,361.51,362.12,-0.1685,bykaranteli.com
2017-11-22,BTC,8250,8205.92,0.5372,bykaranteli.com
2017-11-22,ETH,381.73,380.65,0.2837,bykaranteli.com
2017-11-23,BTC,8031.16,8019.99,0.1393,bykaranteli.com
2017-11-23,ETH,406.61,405,0.3975,bykaranteli.com
2017-11-24,BTC,8215.01,8138,0.9463,bykaranteli.com
2017-11-24,ETH,470.98,469,0.4222,bykaranteli.com
2017-11-25,BTC,8795.5,8700.01,1.0976,bykaranteli.com
2017-11-25,ETH,466.77,461.82,1.0718,bykaranteli.com
2017-11-26,BTC,9401.11,9128.02,2.9918,bykaranteli.com
2017-11-26,ETH,473.99,462.84,2.409,bykaranteli.com
2017-11-27,BTC,9768.71,9650,1.2302,bykaranteli.com
2017-11-27,ETH,477.53,472.31,1.1052,bykaranteli.com
2017-11-28,BTC,9949,9896.8,0.5274,bykaranteli.com
2017-11-28,ETH,468.52,466.17,0.5041,bykaranteli.com
2017-11-29,BTC,9935.98,9687.88,2.5609,bykaranteli.com
2017-11-29,ETH,434.01,421.7,2.9191,bykaranteli.com
2017-11-30,BTC,9903,9838.96,0.6509,bykaranteli.com
2017-11-30,ETH,434,427.43,1.5371,bykaranteli.com
2017-12-01,BTC,10869.84,10782.99,0.8054,bykaranteli.com
2017-12-01,ETH,463.82,457.51,1.3792,bykaranteli.com
2017-12-02,BTC,10930.24,10890.01,0.3694,bykaranteli.com
2017-12-02,ETH,460.34,457.63,0.5922,bykaranteli.com
2017-12-03,BTC,11290,11165.41,1.1159,bykaranteli.com
2017-12-03,ETH,465,460.3,1.0211,bykaranteli.com
2017-12-04,BTC,11643.98,11579,0.5612,bykaranteli.com
2017-12-04,ETH,468.22,466.67,0.3321,bykaranteli.com
2017-12-05,BTC,11718.35,11699.99,0.1569,bykaranteli.com
2017-12-05,ETH,457.3,452.26,1.1144,bykaranteli.com
2017-12-06,BTC,14090,13550.05,3.9849,bykaranteli.com
2017-12-06,ETH,432.49,411.01,5.2262,bykaranteli.com
2017-12-07,BTC,17390.01,16599,4.7654,bykaranteli.com
2017-12-07,ETH,433.28,406.33,6.6325,bykaranteli.com
2017-12-08,BTC,16367.03,15880,3.0669,bykaranteli.com
2017-12-08,ETH,463.45,442.56,4.7203,bykaranteli.com
2017-12-09,BTC,15309.98,14656.07,4.4617,bykaranteli.com
2017-12-09,ETH,485.04,460,5.4435,bykaranteli.com
2017-12-10,BTC,15290.01,14899.98,2.6177,bykaranteli.com
2017-12-10,ETH,447.51,427.35,4.7174,bykaranteli.com
2017-12-11,BTC,16885.76,16587.97,1.7952,bykaranteli.com
2017-12-11,ETH,518,508.7,1.8282,bykaranteli.com
2017-12-12,BTC,17730.12,16349.99,8.4412,bykaranteli.com
2017-12-12,ETH,686.82,620,10.7774,bykaranteli.com
2017-12-13,BTC,16689.61,16033.29,4.0935,bykaranteli.com
2017-12-13,ETH,711.94,683.99,4.0863,bykaranteli.com
2017-12-14,BTC,16749.78,16334.98,2.5393,bykaranteli.com
2017-12-14,ETH,705.01,679.76,3.7145,bykaranteli.com
2017-12-15,BTC,17738.67,17539.83,1.1336,bykaranteli.com
2017-12-15,ETH,693.5,674.95,2.7484,bykaranteli.com
2017-12-16,BTC,19650.01,19102.66,2.8653,bykaranteli.com
2017-12-16,ETH,703.59,682.81,3.0433,bykaranteli.com
2017-12-17,BTC,19378.99,18860.02,2.7517,bykaranteli.com
2017-12-17,ETH,732.18,707.64,3.4679,bykaranteli.com
2017-12-18,BTC,19039.01,18856.25,0.9692,bykaranteli.com
2017-12-18,ETH,785.65,784,0.2105,bykaranteli.com
2017-12-19,BTC,17838.73,17295.2,3.1427,bykaranteli.com
2017-12-19,ETH,826.65,798,3.5902,bykaranteli.com
2017-12-20,BTC,16496.89,16488.98,0.048,bykaranteli.com
2017-12-20,ETH,802.86,790.21,1.6008,bykaranteli.com
2017-12-21,BTC,15758.8,15492.64,1.718,bykaranteli.com
2017-12-21,ETH,796.98,782.41,1.8622,bykaranteli.com
2017-12-22,BTC,14210.57,13326.61,6.633,bykaranteli.com
2017-12-22,ETH,682.11,635.97,7.2551,bykaranteli.com
2017-12-23,BTC,15075.89,13300,13.3526,bykaranteli.com
2017-12-23,ETH,732.8,640.34,14.4392,bykaranteli.com
2017-12-24,BTC,14221.94,13500,5.3477,bykaranteli.com
2017-12-24,ETH,697.04,658,5.9331,bykaranteli.com
2017-12-25,BTC,14171.98,13699.34,3.4501,bykaranteli.com
2017-12-25,ETH,740.5,714.95,3.5737,bykaranteli.com
2017-12-26,BTC,15790.88,15689.01,0.6493,bykaranteli.com
2017-12-26,ETH,755.07,750,0.676,bykaranteli.com
2017-12-27,BTC,15367.08,15459.99,-0.601,bykaranteli.com
2017-12-27,ETH,739.99,739.89,0.0135,bykaranteli.com
2017-12-28,BTC,14450.01,14182.11,1.889,bykaranteli.com
2017-12-28,ETH,719.5,707.89,1.6401,bykaranteli.com
2017-12-29,BTC,14565.05,14378.9,1.2946,bykaranteli.com
2017-12-29,ETH,748.89,733.99,2.03,bykaranteli.com
2017-12-30,BTC,12839.99,12440.01,3.2153,bykaranteli.com
2017-12-30,ETH,710.58,681.06,4.3344,bykaranteli.com
2017-12-31,BTC,13863.13,13716.36,1.07,bykaranteli.com
2017-12-31,ETH,741.27,733.98,0.9932,bykaranteli.com
2018-01-01,BTC,13480.01,13380,0.7475,bykaranteli.com
2018-01-01,ETH,759.03,754.99,0.5351,bykaranteli.com
2018-01-02,BTC,14781.51,14675.11,0.725,bykaranteli.com
2018-01-02,ETH,865,855.28,1.1365,bykaranteli.com
2018-01-03,BTC,15098.14,14919.51,1.1973,bykaranteli.com
2018-01-03,ETH,938.31,934.03,0.4582,bykaranteli.com
2018-01-04,BTC,15144.99,15059.54,0.5674,bykaranteli.com
2018-01-04,ETH,949,940,0.9574,bykaranteli.com
2018-01-05,BTC,16960.01,16960.39,-0.0022,bykaranteli.com
2018-01-05,ETH,969.27,959.3,1.0393,bykaranteli.com
2018-01-06,BTC,17098.99,17069.79,0.1711,bykaranteli.com
2018-01-06,ETH,1006.68,1004.11,0.2559,bykaranteli.com
2018-01-07,BTC,16174.22,16150.03,0.1498,bykaranteli.com
2018-01-07,ETH,1118.3,1123.09,-0.4265,bykaranteli.com
2018-01-08,BTC,14993.74,14902.54,0.612,bykaranteli.com
2018-01-08,ETH,1137.01,1133.18,0.338,bykaranteli.com
2018-01-09,BTC,14480.99,14400,0.5624,bykaranteli.com
2018-01-09,ETH,1290.01,1291,-0.0767,bykaranteli.com
2018-01-10,BTC,14875.18,14907.09,-0.2141,bykaranteli.com
2018-01-10,ETH,1246.94,1247,-0.0048,bykaranteli.com
2018-01-11,BTC,13308.06,13238.78,0.5233,bykaranteli.com
2018-01-11,ETH,1137.01,1138.93,-0.1686,bykaranteli.com
2018-01-12,BTC,13820,13740.01,0.5822,bykaranteli.com
2018-01-12,ETH,1260,1253.87,0.4889,bykaranteli.com
2018-01-13,BTC,14187.95,14210,-0.1552,bykaranteli.com
2018-01-13,ETH,1386.02,1388.02,-0.1441,bykaranteli.com
2018-01-14,BTC,13656.23,13474.99,1.345,bykaranteli.com
2018-01-14,ETH,1365.46,1347,1.3705,bykaranteli.com
2018-01-15,BTC,13590,13539.93,0.3698,bykaranteli.com
2018-01-15,ETH,1278.63,1271,0.6003,bykaranteli.com
2018-01-16,BTC,11570.01,10900,6.1469,bykaranteli.com
2018-01-16,ETH,1080,1000,8,bykaranteli.com
2018-01-17,BTC,11200.01,10988.79,1.9221,bykaranteli.com
2018-01-17,ETH,1028.06,1000,2.806,bykaranteli.com
2018-01-18,BTC,11305.53,10961.97,3.1341,bykaranteli.com
2018-01-18,ETH,1025.78,994,3.1972,bykaranteli.com
2018-01-19,BTC,11498.99,11474.98,0.2092,bykaranteli.com
2018-01-19,ETH,1037.45,1032.5,0.4794,bykaranteli.com
2018-01-20,BTC,12762.8,12799.94,-0.2902,bykaranteli.com
2018-01-20,ETH,1150.02,1152.75,-0.2368,bykaranteli.com
2018-01-21,BTC,11518.17,11530,-0.1026,bykaranteli.com
2018-01-21,ETH,1047.13,1049,-0.1783,bykaranteli.com
2018-01-22,BTC,10766.7,10760.05,0.0618,bykaranteli.com
2018-01-22,ETH,999.68,993,0.6727,bykaranteli.com
2018-01-23,BTC,10824.94,10799.18,0.2385,bykaranteli.com
2018-01-23,ETH,984.03,980,0.4112,bykaranteli.com
2018-01-24,BTC,11356.79,11349.99,0.0599,bykaranteli.com
2018-01-24,ETH,1056.99,1061,-0.3779,bykaranteli.com
2018-01-25,BTC,11118,11175.27,-0.5125,bykaranteli.com
2018-01-25,ETH,1040,1056.52,-1.5636,bykaranteli.com
2018-01-26,BTC,11086.89,11089,-0.019,bykaranteli.com
2018-01-26,ETH,1045.57,1051.03,-0.5195,bykaranteli.com
2018-01-27,BTC,11319,11491,-1.4968,bykaranteli.com
2018-01-27,ETH,1100,1118.99,-1.6971,bykaranteli.com
2018-01-28,BTC,11536,11879.95,-2.8952,bykaranteli.com
2018-01-28,ETH,1215.01,1251.96,-2.9514,bykaranteli.com
2018-01-29,BTC,11123.01,11251,-1.1376,bykaranteli.com
2018-01-29,ETH,1162.27,1177.01,-1.2523,bykaranteli.com
2018-01-30,BTC,9995,10237.51,-2.3688,bykaranteli.com
2018-01-30,ETH,1054.39,1085.5,-2.866,bykaranteli.com
2018-01-31,BTC,10099.99,10285.1,-1.7998,bykaranteli.com
2018-01-31,ETH,1105.01,1124.81,-1.7603,bykaranteli.com
2018-02-01,BTC,9014.23,9224.52,-2.2797,bykaranteli.com
2018-02-01,ETH,1017.48,1041.94,-2.3475,bykaranteli.com
2018-02-02,BTC,8787.52,8873.03,-0.9637,bykaranteli.com
2018-02-02,ETH,911.99,922.3,-1.1179,bykaranteli.com
2018-02-03,BTC,9240,9199.96,0.4352,bykaranteli.com
2018-02-03,ETH,969.4,971,-0.1648,bykaranteli.com
2018-02-04,BTC,8167.91,8184.81,-0.2065,bykaranteli.com
2018-02-04,ETH,826,823.56,0.2963,bykaranteli.com
2018-02-05,BTC,6905.19,6939.99,-0.5014,bykaranteli.com
2018-02-05,ETH,693.54,697.92,-0.6276,bykaranteli.com
2018-02-06,BTC,7688.46,7652.14,0.4746,bykaranteli.com
2018-02-06,ETH,783.83,779.25,0.5877,bykaranteli.com
2018-02-07,BTC,7575.75,7599,-0.306,bykaranteli.com
2018-02-07,ETH,750.04,754,-0.5252,bykaranteli.com
2018-02-08,BTC,8218.1,7784.02,5.5766,bykaranteli.com
2018-02-08,ETH,812,781.66,3.8815,bykaranteli.com
2018-02-09,BTC,8671.01,8683.92,-0.1487,bykaranteli.com
2018-02-09,ETH,875.99,877,-0.1152,bykaranteli.com
2018-02-10,BTC,8547.49,8533.98,0.1583,bykaranteli.com
2018-02-10,ETH,849.47,851.15,-0.1974,bykaranteli.com
2018-02-11,BTC,8072.99,8063.88,0.113,bykaranteli.com
2018-02-11,ETH,811.35,808.99,0.2917,bykaranteli.com
2018-02-12,BTC,8872.28,8903,-0.3451,bykaranteli.com
2018-02-12,ETH,864.4,866.66,-0.2608,bykaranteli.com
2018-02-13,BTC,8520.01,8539.9,-0.2329,bykaranteli.com
2018-02-13,ETH,840.49,841.57,-0.1283,bykaranteli.com
2018-02-14,BTC,9472.98,9449.99,0.2433,bykaranteli.com
2018-02-14,ETH,920.26,919.09,0.1273,bykaranteli.com
2018-02-15,BTC,10031.23,10000.09,0.3114,bykaranteli.com
2018-02-15,ETH,929.3,924.55,0.5138,bykaranteli.com
2018-02-16,BTC,10167.49,10159.98,0.0739,bykaranteli.com
2018-02-16,ETH,936.02,938.67,-0.2823,bykaranteli.com
2018-02-17,BTC,11121.5,11039.55,0.7423,bykaranteli.com
2018-02-17,ETH,974.99,969.99,0.5155,bykaranteli.com
2018-02-18,BTC,10380.04,10383.43,-0.0326,bykaranteli.com
2018-02-18,ETH,912.41,911,0.1548,bykaranteli.com
2018-02-19,BTC,11140,11153,-0.1166,bykaranteli.com
2018-02-19,ETH,939.01,938.11,0.0959,bykaranteli.com
2018-02-20,BTC,11235.57,11200.99,0.3087,bykaranteli.com
2018-02-20,ETH,884.76,882.99,0.2005,bykaranteli.com
2018-02-21,BTC,10454.27,10437.6,0.1597,bykaranteli.com
2018-02-21,ETH,840.34,835.89,0.5324,bykaranteli.com
2018-02-22,BTC,9830,9811.04,0.1933,bykaranteli.com
2018-02-22,ETH,806,801.49,0.5627,bykaranteli.com
2018-02-23,BTC,10144.99,10131.04,0.1377,bykaranteli.com
2018-02-23,ETH,854.01,851.6,0.283,bykaranteli.com
2018-02-24,BTC,9688.62,9694.51,-0.0608,bykaranteli.com
2018-02-24,ETH,833.2,833.94,-0.0887,bykaranteli.com
2018-02-25,BTC,9597.99,9590,0.0833,bykaranteli.com
2018-02-25,ETH,841.96,841.19,0.0915,bykaranteli.com
2018-02-26,BTC,10300,10324,-0.2325,bykaranteli.com
2018-02-26,ETH,867.09,867.98,-0.1025,bykaranteli.com
2018-02-27,BTC,10566.57,10569.04,-0.0234,bykaranteli.com
2018-02-27,ETH,871.07,870.11,0.1103,bykaranteli.com
2018-02-28,BTC,10307.27,10326.76,-0.1887,bykaranteli.com
2018-02-28,ETH,849.99,853.5,-0.4112,bykaranteli.com
2018-03-01,BTC,10895.92,10920,-0.2205,bykaranteli.com
2018-03-01,ETH,868.74,870.63,-0.2171,bykaranteli.com
2018-03-02,BTC,11000,11039,-0.3533,bykaranteli.com
2018-03-02,ETH,854.31,856.28,-0.2301,bykaranteli.com
2018-03-03,BTC,11432.5,11464.48,-0.2789,bykaranteli.com
2018-03-03,ETH,854.34,856.02,-0.1963,bykaranteli.com
2018-03-04,BTC,11469.9,11515,-0.3917,bykaranteli.com
2018-03-04,ETH,861.74,866.66,-0.5677,bykaranteli.com
2018-03-05,BTC,11377.54,11454,-0.6675,bykaranteli.com
2018-03-05,ETH,848.83,849.84,-0.1188,bykaranteli.com
2018-03-06,BTC,10700,10716.48,-0.1538,bykaranteli.com
2018-03-06,ETH,815.43,813.11,0.2853,bykaranteli.com
2018-03-07,BTC,9925,9910,0.1514,bykaranteli.com
2018-03-07,ETH,751.38,749.9,0.1974,bykaranteli.com
2018-03-08,BTC,9304.89,9271.64,0.3586,bykaranteli.com
2018-03-08,ETH,698.83,695.46,0.4846,bykaranteli.com
2018-03-09,BTC,9255,9227,0.3035,bykaranteli.com
2018-03-09,ETH,728.46,723.71,0.6563,bykaranteli.com
2018-03-10,BTC,8795.44,8770.22,0.2876,bykaranteli.com
2018-03-10,ETH,683.6,680.58,0.4437,bykaranteli.com
2018-03-11,BTC,9533.88,9533.57,0.0033,bykaranteli.com
2018-03-11,ETH,719.79,720.85,-0.147,bykaranteli.com
2018-03-12,BTC,9120,9131.34,-0.1242,bykaranteli.com
2018-03-12,ETH,696.51,697.11,-0.0861,bykaranteli.com
2018-03-13,BTC,9145.41,9150,-0.0502,bykaranteli.com
2018-03-13,ETH,690.39,689.94,0.0652,bykaranteli.com
2018-03-14,BTC,8207.02,8170,0.4531,bykaranteli.com
2018-03-14,ETH,614.63,610.1,0.7425,bykaranteli.com
2018-03-15,BTC,8259.99,8240.98,0.2307,bykaranteli.com
2018-03-15,ETH,610.99,608.83,0.3548,bykaranteli.com
2018-03-16,BTC,8275,8260,0.1816,bykaranteli.com
2018-03-16,ETH,600.51,599.05,0.2437,bykaranteli.com
2018-03-17,BTC,7857.6,7824.8,0.4192,bykaranteli.com
2018-03-17,ETH,549.79,546.95,0.5192,bykaranteli.com
2018-03-18,BTC,8192,8189.99,0.0245,bykaranteli.com
2018-03-18,ETH,538,537,0.1862,bykaranteli.com
2018-03-19,BTC,8589,8600,-0.1279,bykaranteli.com
2018-03-19,ETH,555.55,556.88,-0.2388,bykaranteli.com
2018-03-20,BTC,8900,8909.98,-0.112,bykaranteli.com
2018-03-20,ETH,558,557,0.1795,bykaranteli.com
2018-03-21,BTC,8891.81,8885,0.0766,bykaranteli.com
2018-03-21,ETH,559.98,559.17,0.1449,bykaranteli.com
2018-03-22,BTC,8715.09,8722.9,-0.0895,bykaranteli.com
2018-03-22,ETH,539.89,539.92,-0.0056,bykaranteli.com
2018-03-23,BTC,8927.1,8898.03,0.3267,bykaranteli.com
2018-03-23,ETH,543.04,543.03,0.0018,bykaranteli.com
2018-03-24,BTC,8531.34,8546.86,-0.1816,bykaranteli.com
2018-03-24,ETH,519.57,520.22,-0.1249,bykaranteli.com
2018-03-25,BTC,8453,8470.15,-0.2025,bykaranteli.com
2018-03-25,ETH,522.55,523.74,-0.2272,bykaranteli.com
2018-03-26,BTC,8145,8134.23,0.1324,bykaranteli.com
2018-03-26,ETH,486.75,485,0.3608,bykaranteli.com
2018-03-27,BTC,7793.61,7795.51,-0.0244,bykaranteli.com
2018-03-27,ETH,449,448.5,0.1115,bykaranteli.com
2018-03-28,BTC,7942.72,7949.3,-0.0828,bykaranteli.com
2018-03-28,ETH,445.47,446.67,-0.2687,bykaranteli.com
2018-03-29,BTC,7080,7090.14,-0.143,bykaranteli.com
2018-03-29,ETH,383.29,384,-0.1849,bykaranteli.com
2018-03-30,BTC,6848.01,6840.23,0.1137,bykaranteli.com
2018-03-30,ETH,394.46,392.43,0.5173,bykaranteli.com
2018-03-31,BTC,6928.5,6923.91,0.0663,bykaranteli.com
2018-03-31,ETH,394.54,393.92,0.1574,bykaranteli.com
2018-04-01,BTC,6816.01,6813.01,0.044,bykaranteli.com
2018-04-01,ETH,378.18,378.58,-0.1057,bykaranteli.com
2018-04-02,BTC,7045.01,7056,-0.1558,bykaranteli.com
2018-04-02,ETH,384,385.05,-0.2727,bykaranteli.com
2018-04-03,BTC,7424.9,7405.21,0.2659,bykaranteli.com
2018-04-03,ETH,416.28,415.01,0.306,bykaranteli.com
2018-04-04,BTC,6791.68,6796.1,-0.065,bykaranteli.com
2018-04-04,ETH,378.43,378.16,0.0714,bykaranteli.com
2018-04-05,BTC,6785.85,6770.76,0.2229,bykaranteli.com
2018-04-05,ETH,381.55,381.22,0.0866,bykaranteli.com
2018-04-06,BTC,6619.01,6601.39,0.2669,bykaranteli.com
2018-04-06,ETH,370.32,368.89,0.3876,bykaranteli.com
2018-04-07,BTC,6894.01,6895.8,-0.026,bykaranteli.com
2018-04-07,ETH,384.61,384.51,0.026,bykaranteli.com
2018-04-08,BTC,7020.01,7018,0.0286,bykaranteli.com
2018-04-08,ETH,399.9,400.4,-0.1249,bykaranteli.com
2018-04-09,BTC,6771.13,6782.72,-0.1709,bykaranteli.com
2018-04-09,ETH,398.8,399.44,-0.1602,bykaranteli.com
2018-04-10,BTC,6824.99,6843.9,-0.2763,bykaranteli.com
2018-04-10,ETH,415.45,416.07,-0.149,bykaranteli.com
2018-04-11,BTC,6942.99,6953.79,-0.1553,bykaranteli.com
2018-04-11,ETH,430.81,429.52,0.3003,bykaranteli.com
2018-04-12,BTC,7916,7923,-0.0884,bykaranteli.com
2018-04-12,ETH,493.41,495.67,-0.4559,bykaranteli.com
2018-04-13,BTC,7893.19,7877.41,0.2003,bykaranteli.com
2018-04-13,ETH,495.76,495.11,0.1313,bykaranteli.com
2018-04-14,BTC,8003.11,7999.01,0.0513,bykaranteli.com
2018-04-14,ETH,502.4,502.68,-0.0557,bykaranteli.com
2018-04-15,BTC,8355.25,8355,0.003,bykaranteli.com
2018-04-15,ETH,533.74,533.88,-0.0262,bykaranteli.com
2018-04-16,BTC,8048.93,8064.92,-0.1983,bykaranteli.com
2018-04-16,ETH,511.28,511.46,-0.0352,bykaranteli.com
2018-04-17,BTC,7892.1,7885.02,0.0898,bykaranteli.com
2018-04-17,ETH,502.42,502.56,-0.0279,bykaranteli.com
2018-04-18,BTC,8152.05,8173,-0.2563,bykaranteli.com
2018-04-18,ETH,525.89,526.09,-0.038,bykaranteli.com
2018-04-19,BTC,8274,8278,-0.0483,bykaranteli.com
2018-04-19,ETH,567.29,568.14,-0.1496,bykaranteli.com
2018-04-20,BTC,8866.27,8856.98,0.1049,bykaranteli.com
2018-04-20,ETH,617.17,617.09,0.013,bykaranteli.com
2018-04-21,BTC,8915.42,8915.31,0.0012,bykaranteli.com
2018-04-21,ETH,605.16,604.87,0.0479,bykaranteli.com
2018-04-22,BTC,8795.01,8787.02,0.0909,bykaranteli.com
2018-04-22,ETH,620.07,620.92,-0.1369,bykaranteli.com
2018-04-23,BTC,8931.3,8934.01,-0.0303,bykaranteli.com
2018-04-23,ETH,642.85,645.09,-0.3472,bykaranteli.com
2018-04-24,BTC,9645.1,9619.99,0.261,bykaranteli.com
2018-04-24,ETH,703.38,701.58,0.2566,bykaranteli.com
2018-04-25,BTC,8865.98,8869.99,-0.0452,bykaranteli.com
2018-04-25,ETH,617.49,618,-0.0825,bykaranteli.com
2018-04-26,BTC,9272.11,9266,0.0659,bykaranteli.com
2018-04-26,ETH,661,661.51,-0.0771,bykaranteli.com
2018-04-27,BTC,8922.55,8915.35,0.0808,bykaranteli.com
2018-04-27,ETH,643.11,643.46,-0.0544,bykaranteli.com
2018-04-28,BTC,9329.99,9348,-0.1927,bykaranteli.com
2018-04-28,ETH,682,682.86,-0.1259,bykaranteli.com
2018-04-29,BTC,9389.01,9419,-0.3184,bykaranteli.com
2018-04-29,ETH,687.51,690.85,-0.4835,bykaranteli.com
2018-04-30,BTC,9243.83,9246.01,-0.0236,bykaranteli.com
2018-04-30,ETH,669.81,670.78,-0.1446,bykaranteli.com
2018-05-01,BTC,9072.29,9071.48,0.0089,bykaranteli.com
2018-05-01,ETH,670.75,672,-0.186,bykaranteli.com
2018-05-02,BTC,9190.48,9247.84,-0.6203,bykaranteli.com
2018-05-02,ETH,685.02,688.56,-0.5141,bykaranteli.com
2018-05-03,BTC,9725.74,9750,-0.2488,bykaranteli.com
2018-05-03,ETH,775.51,779,-0.448,bykaranteli.com
2018-05-04,BTC,9685,9713.99,-0.2984,bykaranteli.com
2018-05-04,ETH,783.01,785.99,-0.3791,bykaranteli.com
2018-05-05,BTC,9800,9864,-0.6488,bykaranteli.com
2018-05-05,ETH,812,819.5,-0.9152,bykaranteli.com
2018-05-06,BTC,9600,9659.01,-0.6109,bykaranteli.com
2018-05-06,ETH,784.28,794.3,-1.2615,bykaranteli.com
2018-05-07,BTC,9353,9365,-0.1281,bykaranteli.com
2018-05-07,ETH,752.42,752.49,-0.0093,bykaranteli.com
2018-05-08,BTC,9177.82,9187.56,-0.106,bykaranteli.com
2018-05-08,ETH,746.99,748.99,-0.267,bykaranteli.com
2018-05-09,BTC,9300.08,9310,-0.1066,bykaranteli.com
2018-05-09,ETH,750,751.75,-0.2328,bykaranteli.com
2018-05-10,BTC,9010.51,9002.2,0.0923,bykaranteli.com
2018-05-10,ETH,723.51,722.52,0.137,bykaranteli.com
2018-05-11,BTC,8403.33,8400,0.0396,bykaranteli.com
2018-05-11,ETH,678.05,676.96,0.161,bykaranteli.com
2018-05-12,BTC,8475,8465.94,0.107,bykaranteli.com
2018-05-12,ETH,684.66,684.11,0.0804,bykaranteli.com
2018-05-13,BTC,8686.1,8679.71,0.0736,bykaranteli.com
2018-05-13,ETH,729.29,729.08,0.0288,bykaranteli.com
2018-05-14,BTC,8670,8663.34,0.0769,bykaranteli.com
2018-05-14,ETH,726.9,727.49,-0.0811,bykaranteli.com
2018-05-15,BTC,8477.46,8462,0.1827,bykaranteli.com
2018-05-15,ETH,706.08,704.91,0.166,bykaranteli.com
2018-05-16,BTC,8344,8330,0.1681,bykaranteli.com
2018-05-16,ETH,707.45,706.29,0.1642,bykaranteli.com
2018-05-17,BTC,8059,8041.46,0.2181,bykaranteli.com
2018-05-17,ETH,668.56,667.62,0.1408,bykaranteli.com
2018-05-18,BTC,8238.51,8239.81,-0.0158,bykaranteli.com
2018-05-18,ETH,694.5,692.6,0.2743,bykaranteli.com
2018-05-19,BTC,8235.6,8233.49,0.0256,bykaranteli.com
2018-05-19,ETH,695.96,697,-0.1492,bykaranteli.com
2018-05-20,BTC,8516.86,8526.98,-0.1187,bykaranteli.com
2018-05-20,ETH,714,716.16,-0.3016,bykaranteli.com
2018-05-21,BTC,8393.44,8381.24,0.1456,bykaranteli.com
2018-05-21,ETH,696.77,696.7,0.01,bykaranteli.com
2018-05-22,BTC,7987.7,7977.11,0.1328,bykaranteli.com
2018-05-22,ETH,640.5,640.99,-0.0764,bykaranteli.com
2018-05-23,BTC,7505,7501.95,0.0407,bykaranteli.com
2018-05-23,ETH,577.2,577.19,0.0017,bykaranteli.com
2018-05-24,BTC,7584.15,7575.01,0.1207,bykaranteli.com
2018-05-24,ETH,602.64,602.18,0.0764,bykaranteli.com
2018-05-25,BTC,7459.11,7457,0.0283,bykaranteli.com
2018-05-25,ETH,584.02,585.55,-0.2613,bykaranteli.com
2018-05-26,BTC,7337.95,7333.96,0.0544,bykaranteli.com
2018-05-26,ETH,584.99,586,-0.1724,bykaranteli.com
2018-05-27,BTC,7346.64,7338.99,0.1042,bykaranteli.com
2018-05-27,ETH,570.75,570.4,0.0614,bykaranteli.com
2018-05-28,BTC,7107.94,7099,0.1259,bykaranteli.com
2018-05-28,ETH,511.33,511.5,-0.0332,bykaranteli.com
2018-05-29,BTC,7460,7461.29,-0.0173,bykaranteli.com
2018-05-29,ETH,566.66,567.36,-0.1234,bykaranteli.com
2018-05-30,BTC,7380.01,7375.96,0.0549,bykaranteli.com
2018-05-30,ETH,557.22,557.19,0.0054,bykaranteli.com
2018-05-31,BTC,7485,7485.01,-0.0001,bykaranteli.com
2018-05-31,ETH,577.1,577.81,-0.1229,bykaranteli.com
2018-06-01,BTC,7514.32,7521.01,-0.089,bykaranteli.com
2018-06-01,ETH,578.89,579,-0.019,bykaranteli.com
2018-06-02,BTC,7636.42,7640.03,-0.0473,bykaranteli.com
2018-06-02,ETH,590.46,590.85,-0.066,bykaranteli.com
2018-06-03,BTC,7706.37,7714.26,-0.1023,bykaranteli.com
2018-06-03,ETH,618.63,619.66,-0.1662,bykaranteli.com
2018-06-04,BTC,7487.37,7487,0.0049,bykaranteli.com
2018-06-04,ETH,591.5,591.02,0.0812,bykaranteli.com
2018-06-05,BTC,7612.51,7625,-0.1638,bykaranteli.com
2018-06-05,ETH,607.6,609.05,-0.2381,bykaranteli.com
2018-06-06,BTC,7655,7658.84,-0.0501,bykaranteli.com
2018-06-06,ETH,606.18,607.4,-0.2009,bykaranteli.com
2018-06-07,BTC,7684.93,7691.08,-0.08,bykaranteli.com
2018-06-07,ETH,603.56,605.16,-0.2644,bykaranteli.com
2018-06-08,BTC,7618.8,7603.44,0.202,bykaranteli.com
2018-06-08,ETH,598.59,598.68,-0.015,bykaranteli.com
2018-06-09,BTC,7496.4,7491.73,0.0623,bykaranteli.com
2018-06-09,ETH,593.41,592.87,0.0911,bykaranteli.com
2018-06-10,BTC,6770.31,6764.99,0.0786,bykaranteli.com
2018-06-10,ETH,525.25,524.11,0.2175,bykaranteli.com
2018-06-11,BTC,6881,6872,0.131,bykaranteli.com
2018-06-11,ETH,531.68,531.69,-0.0019,bykaranteli.com
2018-06-12,BTC,6545,6530,0.2297,bykaranteli.com
2018-06-12,ETH,494.14,493,0.2312,bykaranteli.com
2018-06-13,BTC,6302.31,6292.78,0.1514,bykaranteli.com
2018-06-13,ETH,476.02,475.47,0.1157,bykaranteli.com
2018-06-14,BTC,6638.49,6635.98,0.0378,bykaranteli.com
2018-06-14,ETH,519.75,519.29,0.0886,bykaranteli.com
2018-06-15,BTC,6391.22,6388.9,0.0363,bykaranteli.com
2018-06-15,ETH,487.45,487.48,-0.0062,bykaranteli.com
2018-06-16,BTC,6484.29,6483.98,0.0048,bykaranteli.com
2018-06-16,ETH,497.31,496.74,0.1147,bykaranteli.com
2018-06-17,BTC,6447.16,6449.61,-0.038,bykaranteli.com
2018-06-17,ETH,496.5,497.14,-0.1287,bykaranteli.com
2018-06-18,BTC,6709.02,6712.46,-0.0512,bykaranteli.com
2018-06-18,ETH,517.47,517.95,-0.0927,bykaranteli.com
2018-06-19,BTC,6736.41,6741.21,-0.0712,bykaranteli.com
2018-06-19,ETH,538.5,537.97,0.0985,bykaranteli.com
2018-06-20,BTC,6759.18,6761.51,-0.0345,bykaranteli.com
2018-06-20,ETH,536,536.49,-0.0913,bykaranteli.com
2018-06-21,BTC,6719.01,6718.84,0.0025,bykaranteli.com
2018-06-21,ETH,525.49,526.18,-0.1311,bykaranteli.com
2018-06-22,BTC,6059.82,6045,0.2452,bykaranteli.com
2018-06-22,ETH,462.01,462.09,-0.0173,bykaranteli.com
2018-06-23,BTC,6178.29,6149.98,0.4603,bykaranteli.com
2018-06-23,ETH,475.17,473.41,0.3718,bykaranteli.com
2018-06-24,BTC,6149.99,6136.97,0.2122,bykaranteli.com
2018-06-24,ETH,454.79,454.41,0.0836,bykaranteli.com
2018-06-25,BTC,6246.01,6252,-0.0958,bykaranteli.com
2018-06-25,ETH,458.41,458.7,-0.0632,bykaranteli.com
2018-06-26,BTC,6074,6070.78,0.053,bykaranteli.com
2018-06-26,ETH,429.08,429.34,-0.0606,bykaranteli.com
2018-06-27,BTC,6132.17,6133.73,-0.0254,bykaranteli.com
2018-06-27,ETH,441.41,441.64,-0.0521,bykaranteli.com
2018-06-28,BTC,5851.66,5853.98,-0.0396,bykaranteli.com
2018-06-28,ETH,420,420.22,-0.0524,bykaranteli.com
2018-06-29,BTC,6202.36,6197.92,0.0716,bykaranteli.com
2018-06-29,ETH,434.6,434.77,-0.0391,bykaranteli.com
2018-06-30,BTC,6383.19,6390.07,-0.1077,bykaranteli.com
2018-06-30,ETH,453.29,454.09,-0.1762,bykaranteli.com
2018-07-01,BTC,6349.5,6356.81,-0.115,bykaranteli.com
2018-07-01,ETH,451.43,452.1,-0.1482,bykaranteli.com
2018-07-02,BTC,6611.79,6615.29,-0.0529,bykaranteli.com
2018-07-02,ETH,476.34,476.25,0.0189,bykaranteli.com
2018-07-03,BTC,6502.62,6513.86,-0.1726,bykaranteli.com
2018-07-03,ETH,461.75,461.82,-0.0152,bykaranteli.com
2018-07-04,BTC,6587.47,6586.98,0.0074,bykaranteli.com
2018-07-04,ETH,466.9,467.38,-0.1027,bykaranteli.com
2018-07-05,BTC,6532.95,6529.2,0.0574,bykaranteli.com
2018-07-05,ETH,467.25,467.87,-0.1325,bykaranteli.com
2018-07-06,BTC,6600,6609.78,-0.148,bykaranteli.com
2018-07-06,ETH,469.3,470.47,-0.2487,bykaranteli.com
2018-07-07,BTC,6753.28,6756.98,-0.0548,bykaranteli.com
2018-07-07,ETH,484.48,485.57,-0.2245,bykaranteli.com
2018-07-08,BTC,6701.97,6712.1,-0.1509,bykaranteli.com
2018-07-08,ETH,486.08,486.77,-0.1418,bykaranteli.com
2018-07-09,BTC,6664.01,6662.12,0.0284,bykaranteli.com
2018-07-09,ETH,471.6,471.71,-0.0233,bykaranteli.com
2018-07-10,BTC,6303.7,6296.91,0.1078,bykaranteli.com
2018-07-10,ETH,432.59,432.48,0.0254,bykaranteli.com
2018-07-11,BTC,6390.04,6378.07,0.1877,bykaranteli.com
2018-07-11,ETH,446.25,444.99,0.2832,bykaranteli.com
2018-07-12,BTC,6249.75,6250.57,-0.0131,bykaranteli.com
2018-07-12,ETH,431.46,431.14,0.0742,bykaranteli.com
2018-07-13,BTC,6216.29,6214.57,0.0277,bykaranteli.com
2018-07-13,ETH,432.8,432.46,0.0786,bykaranteli.com
2018-07-14,BTC,6248.65,6251.99,-0.0534,bykaranteli.com
2018-07-14,ETH,434.13,433.19,0.217,bykaranteli.com
2018-07-15,BTC,6348.73,6353.01,-0.0674,bykaranteli.com
2018-07-15,ETH,449.41,449.78,-0.0823,bykaranteli.com
2018-07-16,BTC,6728.81,6723.35,0.0812,bykaranteli.com
2018-07-16,ETH,478.18,478.49,-0.0648,bykaranteli.com
2018-07-17,BTC,7315.01,7317.44,-0.0332,bykaranteli.com
2018-07-17,ETH,499.01,498.76,0.0501,bykaranteli.com
2018-07-18,BTC,7378.99,7381.9,-0.0394,bykaranteli.com
2018-07-18,ETH,478.81,479.41,-0.1252,bykaranteli.com
2018-07-19,BTC,7470.01,7466.21,0.0509,bykaranteli.com
2018-07-19,ETH,468.39,468.57,-0.0384,bykaranteli.com
2018-07-20,BTC,7334.46,7337.53,-0.0418,bykaranteli.com
2018-07-20,ETH,448.21,449.04,-0.1848,bykaranteli.com
2018-07-21,BTC,7408,7398.78,0.1246,bykaranteli.com
2018-07-21,ETH,461.5,460.23,0.2759,bykaranteli.com
2018-07-22,BTC,7397.8,7394.79,0.0407,bykaranteli.com
2018-07-22,ETH,456.9,457.47,-0.1246,bykaranteli.com
2018-07-23,BTC,7720.09,7721.01,-0.0119,bykaranteli.com
2018-07-23,ETH,449,450.05,-0.2333,bykaranteli.com
2018-07-24,BTC,8385.5,8397.24,-0.1398,bykaranteli.com
2018-07-24,ETH,478.79,479.28,-0.1022,bykaranteli.com
2018-07-25,BTC,8157.15,8175.64,-0.2262,bykaranteli.com
2018-07-25,ETH,470.81,472.1,-0.2732,bykaranteli.com
2018-07-26,BTC,7931.99,7920,0.1514,bykaranteli.com
2018-07-26,ETH,461.42,462.64,-0.2637,bykaranteli.com
2018-07-27,BTC,8184.21,8188.57,-0.0532,bykaranteli.com
2018-07-27,ETH,469.3,470.09,-0.1681,bykaranteli.com
2018-07-28,BTC,8228.9,8225.04,0.0469,bykaranteli.com
2018-07-28,ETH,468.12,469.29,-0.2493,bykaranteli.com
2018-07-29,BTC,8216.34,8211,0.065,bykaranteli.com
2018-07-29,ETH,466.01,466.4,-0.0836,bykaranteli.com
2018-07-30,BTC,8170.01,8173.92,-0.0478,bykaranteli.com
2018-07-30,ETH,456.46,456.23,0.0504,bykaranteli.com
2018-07-31,BTC,7727.27,7730.93,-0.0473,bykaranteli.com
2018-07-31,ETH,432.35,432.22,0.0301,bykaranteli.com
2018-08-01,BTC,7603.99,7604.58,-0.0078,bykaranteli.com
2018-08-01,ETH,419.6,420.41,-0.1927,bykaranteli.com
2018-08-02,BTC,7533.92,7525.71,0.1091,bykaranteli.com
2018-08-02,ETH,410.71,410.62,0.0219,bykaranteli.com
2018-08-03,BTC,7414.08,7418.78,-0.0634,bykaranteli.com
2018-08-03,ETH,417.8,417.52,0.0671,bykaranteli.com
2018-08-04,BTC,7005,7009.84,-0.069,bykaranteli.com
2018-08-04,ETH,407,407.21,-0.0516,bykaranteli.com
2018-08-05,BTC,7030.01,7024.19,0.0829,bykaranteli.com
2018-08-05,ETH,408.83,408.79,0.0098,bykaranteli.com
2018-08-06,BTC,6938,6934.82,0.0459,bykaranteli.com
2018-08-06,ETH,404.99,405.28,-0.0716,bykaranteli.com
2018-08-07,BTC,6718.22,6720.06,-0.0274,bykaranteli.com
2018-08-07,ETH,378.08,378.21,-0.0344,bykaranteli.com
2018-08-08,BTC,6282.5,6285,-0.0398,bykaranteli.com
2018-08-08,ETH,355.7,355.48,0.0619,bykaranteli.com
2018-08-09,BTC,6546.45,6529.79,0.2551,bykaranteli.com
2018-08-09,ETH,363.99,363.3,0.1899,bykaranteli.com
2018-08-10,BTC,6146.01,6144.01,0.0326,bykaranteli.com
2018-08-10,ETH,330.99,331.81,-0.2471,bykaranteli.com
2018-08-11,BTC,6235.56,6232.35,0.0515,bykaranteli.com
2018-08-11,ETH,318.02,317.69,0.1039,bykaranteli.com
2018-08-12,BTC,6316.01,6308.33,0.1217,bykaranteli.com
2018-08-12,ETH,318.15,317.89,0.0818,bykaranteli.com
2018-08-13,BTC,6253.67,6246.35,0.1172,bykaranteli.com
2018-08-13,ETH,284.11,283.81,0.1057,bykaranteli.com
2018-08-14,BTC,6195.01,6188.08,0.112,bykaranteli.com
2018-08-14,ETH,279.4,278.41,0.3556,bykaranteli.com
2018-08-15,BTC,6269.01,6267.16,0.0295,bykaranteli.com
2018-08-15,ETH,281.21,281.12,0.032,bykaranteli.com
2018-08-16,BTC,6315.9,6311.75,0.0658,bykaranteli.com
2018-08-16,ETH,286.67,287.17,-0.1741,bykaranteli.com
2018-08-17,BTC,6585.49,6584.49,0.0152,bykaranteli.com
2018-08-17,ETH,317.54,317.51,0.0094,bykaranteli.com
2018-08-18,BTC,6396.64,6387.96,0.1359,bykaranteli.com
2018-08-18,ETH,296.61,294.11,0.85,bykaranteli.com
2018-08-19,BTC,6489.53,6477.53,0.1853,bykaranteli.com
2018-08-19,ETH,300.03,299.42,0.2037,bykaranteli.com
2018-08-20,BTC,6258.74,6254.84,0.0624,bykaranteli.com
2018-08-20,ETH,270.76,270.51,0.0924,bykaranteli.com
2018-08-21,BTC,6475.89,6480,-0.0634,bykaranteli.com
2018-08-21,ETH,281.49,281.21,0.0996,bykaranteli.com
2018-08-22,BTC,6359.99,6360.89,-0.0141,bykaranteli.com
2018-08-22,ETH,270.47,270.8,-0.1219,bykaranteli.com
2018-08-23,BTC,6526.36,6525.01,0.0207,bykaranteli.com
2018-08-23,ETH,275.87,275.99,-0.0435,bykaranteli.com
2018-08-24,BTC,6690.88,6681.64,0.1383,bykaranteli.com
2018-08-24,ETH,281.35,281.19,0.0569,bykaranteli.com
2018-08-25,BTC,6737.52,6733.64,0.0576,bykaranteli.com
2018-08-25,ETH,277.97,277.55,0.1513,bykaranteli.com
2018-08-26,BTC,6709.98,6700,0.149,bykaranteli.com
2018-08-26,ETH,274.25,274.29,-0.0146,bykaranteli.com
2018-08-27,BTC,6911.9,6908.64,0.0472,bykaranteli.com
2018-08-27,ETH,287.99,287.71,0.0973,bykaranteli.com
2018-08-28,BTC,7071.01,7076.11,-0.0721,bykaranteli.com
2018-08-28,ETH,295.39,295.44,-0.0169,bykaranteli.com
2018-08-29,BTC,7030.9,7031.22,-0.0046,bykaranteli.com
2018-08-29,ETH,289,288.4,0.208,bykaranteli.com
2018-08-30,BTC,6983,6984.84,-0.0263,bykaranteli.com
2018-08-30,ETH,284.52,283.89,0.2219,bykaranteli.com
2018-08-31,BTC,7015.01,7011.21,0.0542,bykaranteli.com
2018-08-31,ETH,281.94,281.41,0.1883,bykaranteli.com
2018-09-01,BTC,7191.08,7200.01,-0.124,bykaranteli.com
2018-09-01,ETH,294.64,295.71,-0.3618,bykaranteli.com
2018-09-02,BTC,7295,7302.01,-0.096,bykaranteli.com
2018-09-02,ETH,295.06,295.41,-0.1185,bykaranteli.com
2018-09-03,BTC,7256.98,7263.02,-0.0832,bykaranteli.com
2018-09-03,ETH,288.6,289.09,-0.1695,bykaranteli.com
2018-09-04,BTC,7360,7359.06,0.0128,bykaranteli.com
2018-09-04,ETH,285.43,285.3,0.0456,bykaranteli.com
2018-09-05,BTC,6687.96,6700,-0.1797,bykaranteli.com
2018-09-05,ETH,227.56,228.53,-0.4245,bykaranteli.com
2018-09-06,BTC,6495,6516.01,-0.3224,bykaranteli.com
2018-09-06,ETH,229.03,229.7,-0.2917,bykaranteli.com
2018-09-07,BTC,6395.01,6395.54,-0.0083,bykaranteli.com
2018-09-07,ETH,215.21,215.22,-0.0046,bykaranteli.com
2018-09-08,BTC,6188,6185.05,0.0477,bykaranteli.com
2018-09-08,ETH,197,196.71,0.1474,bykaranteli.com
2018-09-09,BTC,6235.01,6250.81,-0.2528,bykaranteli.com
2018-09-09,ETH,195.91,195.81,0.0511,bykaranteli.com
2018-09-10,BTC,6300,6312,-0.1901,bykaranteli.com
2018-09-10,ETH,196.94,197.15,-0.1065,bykaranteli.com
2018-09-11,BTC,6282.53,6294.91,-0.1967,bykaranteli.com
2018-09-11,ETH,185.15,185.18,-0.0162,bykaranteli.com
2018-09-12,BTC,6326,6338.62,-0.1991,bykaranteli.com
2018-09-12,ETH,182.79,183.12,-0.1802,bykaranteli.com
2018-09-13,BTC,6485.99,6487.38,-0.0214,bykaranteli.com
2018-09-13,ETH,211.39,210.68,0.337,bykaranteli.com
2018-09-14,BTC,6478.04,6476.63,0.0218,bykaranteli.com
2018-09-14,ETH,210,208.82,0.5651,bykaranteli.com
2018-09-15,BTC,6518.68,6514.96,0.0571,bykaranteli.com
2018-09-15,ETH,221.69,221.29,0.1808,bykaranteli.com
2018-09-16,BTC,6498,6505,-0.1076,bykaranteli.com
2018-09-16,ETH,220.19,220.17,0.0091,bykaranteli.com
2018-09-17,BTC,6250.7,6248.69,0.0322,bykaranteli.com
2018-09-17,ETH,195.97,196.16,-0.0969,bykaranteli.com
2018-09-18,BTC,6335.7,6336.45,-0.0118,bykaranteli.com
2018-09-18,ETH,208.5,208.17,0.1585,bykaranteli.com
2018-09-19,BTC,6386.94,6391.89,-0.0774,bykaranteli.com
2018-09-19,ETH,209.81,209.79,0.0095,bykaranteli.com
2018-09-20,BTC,6493.11,6492,0.0171,bykaranteli.com
2018-09-20,ETH,224.41,224,0.183,bykaranteli.com
2018-09-21,BTC,6750,6759.02,-0.1335,bykaranteli.com
2018-09-21,ETH,247.76,247.73,0.0121,bykaranteli.com
2018-09-22,BTC,6707.33,6723.05,-0.2338,bykaranteli.com
2018-09-22,ETH,240.71,241.01,-0.1245,bykaranteli.com
2018-09-23,BTC,6696.99,6708,-0.1641,bykaranteli.com
2018-09-23,ETH,244.35,244.5,-0.0613,bykaranteli.com
2018-09-24,BTC,6582.09,6581.39,0.0106,bykaranteli.com
2018-09-24,ETH,228.01,228.06,-0.0219,bykaranteli.com
2018-09-25,BTC,6436.89,6447.54,-0.1652,bykaranteli.com
2018-09-25,ETH,219.19,219.62,-0.1958,bykaranteli.com
2018-09-26,BTC,6455.66,6465.12,-0.1463,bykaranteli.com
2018-09-26,ETH,214.15,214.42,-0.1259,bykaranteli.com
2018-09-27,BTC,6680.01,6689.13,-0.1363,bykaranteli.com
2018-09-27,ETH,229,229.13,-0.0567,bykaranteli.com
2018-09-28,BTC,6620.01,6634.58,-0.2196,bykaranteli.com
2018-09-28,ETH,220.67,221.84,-0.5274,bykaranteli.com
2018-09-29,BTC,6581,6596.38,-0.2332,bykaranteli.com
2018-09-29,ETH,231.01,231.62,-0.2634,bykaranteli.com
2018-09-30,BTC,6605,6626.57,-0.3255,bykaranteli.com
2018-09-30,ETH,232.27,232.94,-0.2876,bykaranteli.com
2018-10-01,BTC,6572.83,6611.61,-0.5865,bykaranteli.com
2018-10-01,ETH,230.4,231.61,-0.5224,bykaranteli.com
2018-10-02,BTC,6498.46,6525.79,-0.4188,bykaranteli.com
2018-10-02,ETH,224.85,225.69,-0.3722,bykaranteli.com
2018-10-03,BTC,6466.03,6510,-0.6754,bykaranteli.com
2018-10-03,ETH,219.01,220.77,-0.7972,bykaranteli.com
2018-10-04,BTC,6547.45,6593.79,-0.7028,bykaranteli.com
2018-10-04,ETH,221,222.66,-0.7455,bykaranteli.com
2018-10-05,BTC,6593.94,6635.65,-0.6286,bykaranteli.com
2018-10-05,ETH,226.89,228.37,-0.6481,bykaranteli.com
2018-10-06,BTC,6552.43,6594.27,-0.6345,bykaranteli.com
2018-10-06,ETH,223.85,225.4,-0.6877,bykaranteli.com
2018-10-07,BTC,6570,6615.26,-0.6842,bykaranteli.com
2018-10-07,ETH,224.82,226.14,-0.5837,bykaranteli.com
2018-10-08,BTC,6608.07,6673.01,-0.9732,bykaranteli.com
2018-10-08,ETH,227.68,230.01,-1.013,bykaranteli.com
2018-10-09,BTC,6589.48,6656.61,-1.0085,bykaranteli.com
2018-10-09,ETH,226.15,228.4,-0.9851,bykaranteli.com
2018-10-10,BTC,6524.56,6631,-1.6052,bykaranteli.com
2018-10-10,ETH,223.61,226.74,-1.3804,bykaranteli.com
2018-10-11,BTC,6154.69,6252.68,-1.5672,bykaranteli.com
2018-10-11,ETH,188.32,191.58,-1.7016,bykaranteli.com
2018-10-12,BTC,6188.01,6298.01,-1.7466,bykaranteli.com
2018-10-12,ETH,194.1,196.96,-1.4521,bykaranteli.com
2018-10-13,BTC,6196,6332.93,-2.1622,bykaranteli.com
2018-10-13,ETH,196.72,201.3,-2.2752,bykaranteli.com
2018-10-14,BTC,6183.49,6339.34,-2.4585,bykaranteli.com
2018-10-14,ETH,191.87,197.01,-2.609,bykaranteli.com
2018-10-15,BTC,6440.42,6752.5,-4.6217,bykaranteli.com
2018-10-15,ETH,204.53,214.39,-4.5991,bykaranteli.com
2018-10-16,BTC,6457.11,6759.27,-4.4703,bykaranteli.com
2018-10-16,ETH,205.43,215.09,-4.4911,bykaranteli.com
2018-10-17,BTC,6443.7,6740.89,-4.4088,bykaranteli.com
2018-10-17,ETH,203.21,212.85,-4.529,bykaranteli.com
2018-10-18,BTC,6394.96,6618.96,-3.3842,bykaranteli.com
2018-10-18,ETH,199.2,206.24,-3.4135,bykaranteli.com
2018-10-19,BTC,6382.99,6528.88,-2.2345,bykaranteli.com
2018-10-19,ETH,200,205,-2.439,bykaranteli.com
2018-10-20,BTC,6414,6588.4,-2.6471,bykaranteli.com
2018-10-20,ETH,202.69,207.91,-2.5107,bykaranteli.com
2018-10-21,BTC,6415.88,6590.11,-2.6438,bykaranteli.com
2018-10-21,ETH,202.12,207.49,-2.5881,bykaranteli.com
2018-10-22,BTC,6407.65,6581.2,-2.6371,bykaranteli.com
2018-10-22,ETH,201.25,206.67,-2.6225,bykaranteli.com
2018-10-23,BTC,6395.14,6553.51,-2.4166,bykaranteli.com
2018-10-23,ETH,201.12,205.85,-2.2978,bykaranteli.com
2018-10-24,BTC,6415.98,6565.5,-2.2774,bykaranteli.com
2018-10-24,ETH,200.68,205.35,-2.2742,bykaranteli.com
2018-10-25,BTC,6395.58,6528.09,-2.0298,bykaranteli.com
2018-10-25,ETH,199.65,203.93,-2.0988,bykaranteli.com
2018-10-26,BTC,6404.87,6538.63,-2.0457,bykaranteli.com
2018-10-26,ETH,200.7,204.92,-2.0593,bykaranteli.com
2018-10-27,BTC,6409.12,6505.6,-1.483,bykaranteli.com
2018-10-27,ETH,201.46,204.45,-1.4625,bykaranteli.com
2018-10-28,BTC,6403.62,6489.93,-1.3299,bykaranteli.com
2018-10-28,ETH,202.43,204.99,-1.2488,bykaranteli.com
2018-10-29,BTC,6266,6344.5,-1.2373,bykaranteli.com
2018-10-29,ETH,194.31,196.96,-1.3455,bykaranteli.com
2018-10-30,BTC,6267.63,6330.87,-0.9989,bykaranteli.com
2018-10-30,ETH,195.35,197.27,-0.9733,bykaranteli.com
2018-10-31,BTC,6304.18,6371.93,-1.0633,bykaranteli.com
2018-10-31,ETH,196.95,198.73,-0.8957,bykaranteli.com
2018-11-01,BTC,6344,6410,-1.0296,bykaranteli.com
2018-11-01,ETH,197.96,199.96,-1.0002,bykaranteli.com
2018-11-02,BTC,6349.8,6433.98,-1.3084,bykaranteli.com
2018-11-02,ETH,199.75,202.35,-1.2849,bykaranteli.com
2018-11-03,BTC,6331.96,6387.09,-0.8631,bykaranteli.com
2018-11-03,ETH,198.35,200.31,-0.9785,bykaranteli.com
2018-11-04,BTC,6423.28,6485.85,-0.9647,bykaranteli.com
2018-11-04,ETH,210.06,212.11,-0.9665,bykaranteli.com
2018-11-05,BTC,6404,6468.99,-1.0046,bykaranteli.com
2018-11-05,ETH,208.53,210.66,-1.0111,bykaranteli.com
2018-11-06,BTC,6448.5,6519.11,-1.0831,bykaranteli.com
2018-11-06,ETH,218.65,220.74,-0.9468,bykaranteli.com
2018-11-07,BTC,6503.12,6578.46,-1.1453,bykaranteli.com
2018-11-07,ETH,216.84,219.07,-1.0179,bykaranteli.com
2018-11-08,BTC,6406.24,6479.84,-1.1358,bykaranteli.com
2018-11-08,ETH,210.34,212.79,-1.1514,bykaranteli.com
2018-11-09,BTC,6334.89,6419.99,-1.3255,bykaranteli.com
2018-11-09,ETH,208.01,210.77,-1.3095,bykaranteli.com
2018-11-10,BTC,6347.42,6433.05,-1.3311,bykaranteli.com
2018-11-10,ETH,210.29,213.25,-1.388,bykaranteli.com
2018-11-11,BTC,6357.6,6449.81,-1.4297,bykaranteli.com
2018-11-11,ETH,209.88,212.54,-1.2515,bykaranteli.com
2018-11-12,BTC,6327.87,6453.07,-1.9402,bykaranteli.com
2018-11-12,ETH,208.77,212.89,-1.9353,bykaranteli.com
2018-11-13,BTC,6259.34,6457.66,-3.0711,bykaranteli.com
2018-11-13,ETH,203.2,209.84,-3.1643,bykaranteli.com
2018-11-14,BTC,5605.46,5922.41,-5.3517,bykaranteli.com
2018-11-14,ETH,177.79,187.43,-5.1433,bykaranteli.com
2018-11-15,BTC,5579.52,5753.4,-3.0222,bykaranteli.com
2018-11-15,ETH,178.89,184.35,-2.9618,bykaranteli.com
2018-11-16,BTC,5512.24,5655.94,-2.5407,bykaranteli.com
2018-11-16,ETH,172.4,176.89,-2.5383,bykaranteli.com
2018-11-17,BTC,5504.17,5628.29,-2.2053,bykaranteli.com
2018-11-17,ETH,172.49,176.2,-2.1056,bykaranteli.com
2018-11-18,BTC,5560,5662,-1.8015,bykaranteli.com
2018-11-18,ETH,175.87,178.97,-1.7321,bykaranteli.com
2018-11-19,BTC,4733.5,4910.03,-3.5953,bykaranteli.com
2018-11-19,ETH,145.21,150.81,-3.7133,bykaranteli.com
2018-11-20,BTC,4349.23,4558.86,-4.5983,bykaranteli.com
2018-11-20,ETH,127.55,133.82,-4.6854,bykaranteli.com
2018-11-21,BTC,4545.11,4661.07,-2.4878,bykaranteli.com
2018-11-21,ETH,134.73,138.23,-2.532,bykaranteli.com
2018-11-22,BTC,4265.36,4370,-2.3945,bykaranteli.com
2018-11-22,ETH,123.25,126.63,-2.6692,bykaranteli.com
2018-11-23,BTC,4283.8,4420.61,-3.0948,bykaranteli.com
2018-11-23,ETH,121.44,125.02,-2.8635,bykaranteli.com
2018-11-24,BTC,3774.99,3932.44,-4.0039,bykaranteli.com
2018-11-24,ETH,110.16,114.89,-4.117,bykaranteli.com
2018-11-25,BTC,3936.69,4085.78,-3.649,bykaranteli.com
2018-11-25,ETH,114.3,118.67,-3.6825,bykaranteli.com
2018-11-26,BTC,3731.32,3862.2,-3.3887,bykaranteli.com
2018-11-26,ETH,106.95,110.68,-3.3701,bykaranteli.com
2018-11-27,BTC,3775,3875.21,-2.5859,bykaranteli.com
2018-11-27,ETH,108.7,111.43,-2.45,bykaranteli.com
2018-11-28,BTC,4225.03,4264.85,-0.9337,bykaranteli.com
2018-11-28,ETH,121.94,122.9,-0.7811,bykaranteli.com
2018-11-29,BTC,4248,4295.84,-1.1136,bykaranteli.com
2018-11-29,ETH,116.38,117.98,-1.3562,bykaranteli.com
2018-11-30,BTC,3976,4041.32,-1.6163,bykaranteli.com
2018-11-30,ETH,111.65,113.73,-1.8289,bykaranteli.com
2018-12-01,BTC,4142.01,4190.02,-1.1458,bykaranteli.com
2018-12-01,ETH,116.82,118.1,-1.0838,bykaranteli.com
2018-12-02,BTC,4103.19,4161.01,-1.3896,bykaranteli.com
2018-12-02,ETH,114.76,116.57,-1.5527,bykaranteli.com
2018-12-03,BTC,3833.47,3884.01,-1.3012,bykaranteli.com
2018-12-03,ETH,107.21,108.76,-1.4252,bykaranteli.com
2018-12-04,BTC,3901.84,3951.64,-1.2602,bykaranteli.com
2018-12-04,ETH,108.61,109.94,-1.2098,bykaranteli.com
2018-12-05,BTC,3694.39,3769.84,-2.0014,bykaranteli.com
2018-12-05,ETH,100.76,102.71,-1.8985,bykaranteli.com
2018-12-06,BTC,3433.26,3508.75,-2.1515,bykaranteli.com
2018-12-06,ETH,89.09,91,-2.0989,bykaranteli.com
2018-12-07,BTC,3380.01,3403.55,-0.6916,bykaranteli.com
2018-12-07,ETH,92.45,93.05,-0.6448,bykaranteli.com
2018-12-08,BTC,3401,3410.93,-0.2911,bykaranteli.com
2018-12-08,ETH,89.99,90.38,-0.4315,bykaranteli.com
2018-12-09,BTC,3531.18,3545.37,-0.4002,bykaranteli.com
2018-12-09,ETH,92.79,93.26,-0.504,bykaranteli.com
2018-12-10,BTC,3410.15,3432.88,-0.6621,bykaranteli.com
2018-12-10,ETH,89.23,89.91,-0.7563,bykaranteli.com
2018-12-11,BTC,3349.36,3380.39,-0.9179,bykaranteli.com
2018-12-11,ETH,86.96,87.76,-0.9116,bykaranteli.com
2018-12-12,BTC,3430.24,3445,-0.4284,bykaranteli.com
2018-12-12,ETH,89.09,89.41,-0.3579,bykaranteli.com
2018-12-13,BTC,3265,3302.06,-1.1223,bykaranteli.com
2018-12-13,ETH,85.35,86.34,-1.1466,bykaranteli.com
2018-12-14,BTC,3195.71,3224.17,-0.8827,bykaranteli.com
2018-12-14,ETH,83,83.82,-0.9783,bykaranteli.com
2018-12-15,BTC,3183,3211.72,-0.8942,bykaranteli.com
2018-12-15,ETH,83.03,83.76,-0.8715,bykaranteli.com
2018-12-16,BTC,3195,3228.67,-1.0428,bykaranteli.com
2018-12-16,ETH,83.74,84.67,-1.0984,bykaranteli.com
2018-12-17,BTC,3496.82,3509.08,-0.3494,bykaranteli.com
2018-12-17,ETH,93.79,94.02,-0.2446,bykaranteli.com
2018-12-18,BTC,3667.77,3652.98,0.4049,bykaranteli.com
2018-12-18,ETH,101,100.39,0.6076,bykaranteli.com
2018-12-19,BTC,3682.51,3662.22,0.554,bykaranteli.com
2018-12-19,ETH,99.34,98.74,0.6077,bykaranteli.com
2018-12-20,BTC,4075.34,4049.62,0.6351,bykaranteli.com
2018-12-20,ETH,114.52,114.05,0.4121,bykaranteli.com
2018-12-21,BTC,3839.06,3838.66,0.0104,bykaranteli.com
2018-12-21,ETH,107.74,107.69,0.0464,bykaranteli.com
2018-12-22,BTC,3980.46,3948.91,0.799,bykaranteli.com
2018-12-22,ETH,116.09,115.2,0.7726,bykaranteli.com
2018-12-23,BTC,3944.93,3929.71,0.3873,bykaranteli.com
2018-12-23,ETH,129.61,129.03,0.4495,bykaranteli.com
2018-12-24,BTC,4034,4008.01,0.6485,bykaranteli.com
2018-12-24,ETH,139.09,138.03,0.7679,bykaranteli.com
2018-12-25,BTC,3780,3745.79,0.9133,bykaranteli.com
2018-12-25,ETH,128.82,127.6,0.9561,bykaranteli.com
2018-12-26,BTC,3809.88,3777.74,0.8508,bykaranteli.com
2018-12-26,ETH,130.47,129.35,0.8659,bykaranteli.com
2018-12-27,BTC,3589.89,3567.91,0.616,bykaranteli.com
2018-12-27,ETH,114.63,113.8,0.7293,bykaranteli.com
2018-12-28,BTC,3888.06,3839.26,1.2711,bykaranteli.com
2018-12-28,ETH,136.82,135.3,1.1234,bykaranteli.com
2018-12-29,BTC,3729.31,3695.32,0.9198,bykaranteli.com
2018-12-29,ETH,134.15,132.89,0.9482,bykaranteli.com
2018-12-30,BTC,3829,3801.91,0.7125,bykaranteli.com
2018-12-30,ETH,138.78,137.77,0.7331,bykaranteli.com
2018-12-31,BTC,3691.86,3702.9,-0.2981,bykaranteli.com
2018-12-31,ETH,130.53,131.45,-0.6999,bykaranteli.com
2019-01-01,BTC,3826.1,3797.14,0.7627,bykaranteli.com
2019-01-01,ETH,139.75,139.1,0.4673,bykaranteli.com
2019-01-02,BTC,3890.79,3858.56,0.8353,bykaranteli.com
2019-01-02,ETH,153.5,152.01,0.9802,bykaranteli.com
2019-01-03,BTC,3787.57,3766.78,0.5519,bykaranteli.com
2019-01-03,ETH,147.23,146.3,0.6357,bykaranteli.com
2019-01-04,BTC,3820.82,3792.01,0.7598,bykaranteli.com
2019-01-04,ETH,153.24,151.97,0.8357,bykaranteli.com
2019-01-05,BTC,3798.62,3770.96,0.7335,bykaranteli.com
2019-01-05,ETH,154.21,152.83,0.903,bykaranteli.com
2019-01-06,BTC,4040.99,3987.6,1.3389,bykaranteli.com
2019-01-06,ETH,155.92,153.86,1.3389,bykaranteli.com
2019-01-07,BTC,4006.01,3975.45,0.7687,bykaranteli.com
2019-01-07,ETH,150.62,149.34,0.8571,bykaranteli.com
2019-01-08,BTC,3993.86,3955.13,0.9792,bykaranteli.com
2019-01-08,ETH,148.97,147.6,0.9282,bykaranteli.com
2019-01-09,BTC,4004.12,3966.65,0.9446,bykaranteli.com
2019-01-09,ETH,149.5,148.1,0.9453,bykaranteli.com
2019-01-10,BTC,3626.12,3585.88,1.1222,bykaranteli.com
2019-01-10,ETH,126.41,124.95,1.1685,bykaranteli.com
2019-01-11,BTC,3635.69,3601.31,0.9547,bykaranteli.com
2019-01-11,ETH,125.83,124.65,0.9467,bykaranteli.com
2019-01-12,BTC,3619.41,3583.13,1.0125,bykaranteli.com
2019-01-12,ETH,124.59,123.35,1.0053,bykaranteli.com
2019-01-13,BTC,3514.24,3476.81,1.0766,bykaranteli.com
2019-01-13,ETH,115.58,114.16,1.2439,bykaranteli.com
2019-01-14,BTC,3664.19,3626.09,1.0507,bykaranteli.com
2019-01-14,ETH,128.37,126.95,1.1186,bykaranteli.com
2019-01-15,BTC,3580.76,3553.06,0.7796,bykaranteli.com
2019-01-15,ETH,120,118.95,0.8827,bykaranteli.com
2019-01-16,BTC,3609.71,3591.84,0.4975,bykaranteli.com
2019-01-16,ETH,122.12,121.48,0.5268,bykaranteli.com
2019-01-17,BTC,3640.65,3616.21,0.6758,bykaranteli.com
2019-01-17,ETH,122.55,121.54,0.831,bykaranteli.com
2019-01-18,BTC,3607.85,3594.87,0.3611,bykaranteli.com
2019-01-18,ETH,119.53,119.17,0.3021,bykaranteli.com
2019-01-19,BTC,3682.65,3665.3,0.4734,bykaranteli.com
2019-01-19,ETH,123.17,122.6,0.4649,bykaranteli.com
2019-01-20,BTC,3536.19,3539.28,-0.0873,bykaranteli.com
2019-01-20,ETH,117.43,117.47,-0.0341,bykaranteli.com
2019-01-21,BTC,3531.76,3526.9,0.1378,bykaranteli.com
2019-01-21,ETH,115.86,115.63,0.1989,bykaranteli.com
2019-01-22,BTC,3577.03,3570.93,0.1708,bykaranteli.com
2019-01-22,ETH,118.08,117.81,0.2292,bykaranteli.com
2019-01-23,BTC,3553.01,3552.82,0.0053,bykaranteli.com
2019-01-23,ETH,116.55,116.44,0.0945,bykaranteli.com
2019-01-24,BTC,3568.97,3569.62,-0.0182,bykaranteli.com
2019-01-24,ETH,116.4,116.39,0.0086,bykaranteli.com
2019-01-25,BTC,3562.17,3565.29,-0.0875,bykaranteli.com
2019-01-25,ETH,114.95,115.11,-0.139,bykaranteli.com
2019-01-26,BTC,3556.07,3565.25,-0.2575,bykaranteli.com
2019-01-26,ETH,115.01,115.34,-0.2861,bykaranteli.com
2019-01-27,BTC,3531.02,3550.84,-0.5582,bykaranteli.com
2019-01-27,ETH,111.35,112.05,-0.6247,bykaranteli.com
2019-01-28,BTC,3429.95,3434.15,-0.1223,bykaranteli.com
2019-01-28,ETH,105.47,105.5,-0.0284,bykaranteli.com
2019-01-29,BTC,3397.42,3411.04,-0.3993,bykaranteli.com
2019-01-29,ETH,104.02,104.45,-0.4117,bykaranteli.com
2019-01-30,BTC,3437.55,3458.18,-0.5966,bykaranteli.com
2019-01-30,ETH,107.61,108.29,-0.6279,bykaranteli.com
2019-01-31,BTC,3411.5,3434.1,-0.6581,bykaranteli.com
2019-01-31,ETH,105.79,106.44,-0.6107,bykaranteli.com
2019-02-01,BTC,3437.5,3462.07,-0.7097,bykaranteli.com
2019-02-01,ETH,105.88,106.73,-0.7964,bykaranteli.com
2019-02-02,BTC,3468.43,3504.77,-1.0369,bykaranteli.com
2019-02-02,ETH,109.3,110.42,-1.0143,bykaranteli.com
2019-02-03,BTC,3414.78,3458.11,-1.253,bykaranteli.com
2019-02-03,ETH,105.94,107.36,-1.3227,bykaranteli.com
2019-02-04,BTC,3409.57,3463.22,-1.5491,bykaranteli.com
2019-02-04,ETH,106.08,107.68,-1.4859,bykaranteli.com
2019-02-05,BTC,3428.4,3471.59,-1.2441,bykaranteli.com
2019-02-05,ETH,106,107.27,-1.1839,bykaranteli.com
2019-02-06,BTC,3367.36,3405.37,-1.1162,bykaranteli.com
2019-02-06,ETH,103.36,104.5,-1.0909,bykaranteli.com
2019-02-07,BTC,3359,3398.4,-1.1594,bykaranteli.com
2019-02-07,ETH,103.21,104.48,-1.2155,bykaranteli.com
2019-02-08,BTC,3621.99,3659.04,-1.0126,bykaranteli.com
2019-02-08,ETH,117.96,119.25,-1.0818,bykaranteli.com
2019-02-09,BTC,3623.73,3665.18,-1.1309,bykaranteli.com
2019-02-09,ETH,118.06,119.19,-0.9481,bykaranteli.com
2019-02-10,BTC,3648.84,3680.06,-0.8484,bykaranteli.com
2019-02-10,ETH,123.94,125.12,-0.9431,bykaranteli.com
2019-02-11,BTC,3590.36,3631.05,-1.1206,bykaranteli.com
2019-02-11,ETH,119.55,120.89,-1.1084,bykaranteli.com
2019-02-12,BTC,3588.06,3631.46,-1.1951,bykaranteli.com
2019-02-12,ETH,120.82,122.41,-1.2989,bykaranteli.com
2019-02-13,BTC,3576.68,3609.4,-0.9065,bykaranteli.com
2019-02-13,ETH,120.74,121.86,-0.9191,bykaranteli.com
2019-02-14,BTC,3561.5,3590.56,-0.8093,bykaranteli.com
2019-02-14,ETH,119.39,120.42,-0.8553,bykaranteli.com
2019-02-15,BTC,3566.59,3602.47,-0.996,bykaranteli.com
2019-02-15,ETH,120.42,121.67,-1.0274,bykaranteli.com
2019-02-16,BTC,3582.37,3618.41,-0.996,bykaranteli.com
2019-02-16,ETH,121.56,122.67,-0.9049,bykaranteli.com
2019-02-17,BTC,3625.08,3667.58,-1.1588,bykaranteli.com
2019-02-17,ETH,132.34,133.75,-1.0542,bykaranteli.com
2019-02-18,BTC,3867,3898.6,-0.8105,bykaranteli.com
2019-02-18,ETH,144.62,145.69,-0.7344,bykaranteli.com
2019-02-19,BTC,3888.01,3907.79,-0.5062,bykaranteli.com
2019-02-19,ETH,142.69,143.44,-0.5229,bykaranteli.com
2019-02-20,BTC,3938.99,3969.74,-0.7746,bykaranteli.com
2019-02-20,ETH,147.19,148.44,-0.8421,bykaranteli.com
2019-02-21,BTC,3897.71,3937.31,-1.0058,bykaranteli.com
2019-02-21,ETH,144.21,145.69,-1.0159,bykaranteli.com
2019-02-22,BTC,3942.02,3962,-0.5043,bykaranteli.com
2019-02-22,ETH,146.68,147.36,-0.4615,bykaranteli.com
2019-02-23,BTC,4110,4117.76,-0.1885,bykaranteli.com
2019-02-23,ETH,157.56,157.79,-0.1458,bykaranteli.com
2019-02-24,BTC,3734.22,3743.56,-0.2495,bykaranteli.com
2019-02-24,ETH,131.76,132.1,-0.2574,bykaranteli.com
2019-02-25,BTC,3818.79,3827.92,-0.2385,bykaranteli.com
2019-02-25,ETH,137.64,137.87,-0.1668,bykaranteli.com
2019-02-26,BTC,3799.48,3809.23,-0.256,bykaranteli.com
2019-02-26,ETH,135.66,136.22,-0.4111,bykaranteli.com
2019-02-27,BTC,3799.91,3818.07,-0.4756,bykaranteli.com
2019-02-27,ETH,134.46,135.02,-0.4148,bykaranteli.com
2019-02-28,BTC,3792.14,3813.69,-0.5651,bykaranteli.com
2019-02-28,ETH,134.48,135.34,-0.6354,bykaranteli.com
2019-03-01,BTC,3806.17,3823,-0.4402,bykaranteli.com
2019-03-01,ETH,134.72,135.32,-0.4434,bykaranteli.com
2019-03-02,BTC,3809.7,3819.93,-0.2678,bykaranteli.com
2019-03-02,ETH,132.32,132.56,-0.1811,bykaranteli.com
2019-03-03,BTC,3786.93,3807.75,-0.5468,bykaranteli.com
2019-03-03,ETH,129.78,130.6,-0.6279,bykaranteli.com
2019-03-04,BTC,3700.72,3715.3,-0.3924,bykaranteli.com
2019-03-04,ETH,125.24,125.65,-0.3263,bykaranteli.com
2019-03-05,BTC,3844.59,3857.73,-0.3406,bykaranteli.com
2019-03-05,ETH,136.3,136.72,-0.3072,bykaranteli.com
2019-03-06,BTC,3851.89,3861.84,-0.2576,bykaranteli.com
2019-03-06,ETH,137,137.4,-0.2911,bykaranteli.com
2019-03-07,BTC,3857.05,3873.64,-0.4283,bykaranteli.com
2019-03-07,ETH,136.29,136.81,-0.3801,bykaranteli.com
2019-03-08,BTC,3843.12,3864.89,-0.5633,bykaranteli.com
2019-03-08,ETH,132.75,133.52,-0.5767,bykaranteli.com
2019-03-09,BTC,3917,3943.04,-0.6604,bykaranteli.com
2019-03-09,ETH,136.41,137.27,-0.6265,bykaranteli.com
2019-03-10,BTC,3900.92,3916.82,-0.4059,bykaranteli.com
2019-03-10,ETH,134.66,135.37,-0.5245,bykaranteli.com
2019-03-11,BTC,3849.68,3871.61,-0.5664,bykaranteli.com
2019-03-11,ETH,132.05,132.67,-0.4673,bykaranteli.com
2019-03-12,BTC,3860,3882.73,-0.5854,bykaranteli.com
2019-03-12,ETH,132.8,133.57,-0.5765,bykaranteli.com
2019-03-13,BTC,3851.02,3866,-0.3875,bykaranteli.com
2019-03-13,ETH,131.16,131.65,-0.3722,bykaranteli.com
2019-03-14,BTC,3853.95,3877.12,-0.5976,bykaranteli.com
2019-03-14,ETH,131.4,132.2,-0.6051,bykaranteli.com
2019-03-15,BTC,3902.8,3923.76,-0.5342,bykaranteli.com
2019-03-15,ETH,135.99,136.56,-0.4174,bykaranteli.com
2019-03-16,BTC,3990,4005.98,-0.3989,bykaranteli.com
2019-03-16,ETH,140.48,140.92,-0.3122,bykaranteli.com
2019-03-17,BTC,3967.01,3981.14,-0.3549,bykaranteli.com
2019-03-17,ETH,138.07,138.67,-0.4327,bykaranteli.com
2019-03-18,BTC,3970.5,3987.81,-0.4341,bykaranteli.com
2019-03-18,ETH,137.01,137.59,-0.4215,bykaranteli.com
2019-03-19,BTC,4000.85,4015.53,-0.3656,bykaranteli.com
2019-03-19,ETH,138.15,138.55,-0.2887,bykaranteli.com
2019-03-20,BTC,4031.85,4043.04,-0.2768,bykaranteli.com
2019-03-20,ETH,138.73,139.01,-0.2014,bykaranteli.com
2019-03-21,BTC,3972.76,3980.64,-0.198,bykaranteli.com
2019-03-21,ETH,134.41,134.85,-0.3263,bykaranteli.com
2019-03-22,BTC,3983.78,3986.93,-0.079,bykaranteli.com
2019-03-22,ETH,135.63,135.98,-0.2574,bykaranteli.com
2019-03-23,BTC,3983.43,4006.01,-0.5637,bykaranteli.com
2019-03-23,ETH,136.52,137.28,-0.5536,bykaranteli.com
2019-03-24,BTC,3969.52,3992.18,-0.5676,bykaranteli.com
2019-03-24,ETH,135.37,136.09,-0.5291,bykaranteli.com
2019-03-25,BTC,3907.53,3936.12,-0.7263,bykaranteli.com
2019-03-25,ETH,133.01,133.98,-0.724,bykaranteli.com
2019-03-26,BTC,3921.45,3948.55,-0.6863,bykaranteli.com
2019-03-26,ETH,133.28,134.18,-0.6707,bykaranteli.com
2019-03-27,BTC,4026.53,4038.05,-0.2853,bykaranteli.com
2019-03-27,ETH,139.08,139.45,-0.2653,bykaranteli.com
2019-03-28,BTC,4011.17,4027.81,-0.4131,bykaranteli.com
2019-03-28,ETH,137.46,137.86,-0.2901,bykaranteli.com
2019-03-29,BTC,4091.01,4103.25,-0.2983,bykaranteli.com
2019-03-29,ETH,142.83,143.25,-0.2932,bykaranteli.com
2019-03-30,BTC,4094.14,4106.97,-0.3124,bykaranteli.com
2019-03-30,ETH,142.12,142.46,-0.2387,bykaranteli.com
2019-03-31,BTC,4094.99,4103.95,-0.2183,bykaranteli.com
2019-03-31,ETH,141.2,141.38,-0.1273,bykaranteli.com
2019-04-01,BTC,4137,4144.56,-0.1824,bykaranteli.com
2019-04-01,ETH,141,141.24,-0.1699,bykaranteli.com
2019-04-02,BTC,4901.93,4857.29,0.919,bykaranteli.com
2019-04-02,ETH,164.69,163.31,0.845,bykaranteli.com
2019-04-03,BTC,4975.97,4932.6,0.8793,bykaranteli.com
2019-04-03,ETH,161.33,159.96,0.8565,bykaranteli.com
2019-04-04,BTC,4906.49,4898.66,0.1598,bykaranteli.com
2019-04-04,ETH,157.65,157.36,0.1843,bykaranteli.com
2019-04-05,BTC,5040.66,5004.95,0.7135,bykaranteli.com
2019-04-05,ETH,166.08,164.77,0.795,bykaranteli.com
2019-04-06,BTC,5049.22,5043.89,0.1057,bykaranteli.com
2019-04-06,ETH,165.79,165.5,0.1752,bykaranteli.com
2019-04-07,BTC,5194.79,5170.27,0.4742,bykaranteli.com
2019-04-07,ETH,174.84,174.21,0.3616,bykaranteli.com
2019-04-08,BTC,5285.54,5236.9,0.9288,bykaranteli.com
2019-04-08,ETH,180.74,178.72,1.1303,bykaranteli.com
2019-04-09,BTC,5187.21,5150,0.7225,bykaranteli.com
2019-04-09,ETH,175.83,174.6,0.7045,bykaranteli.com
2019-04-10,BTC,5318.58,5308.25,0.1946,bykaranteli.com
2019-04-10,ETH,177.55,177.12,0.2428,bykaranteli.com
2019-04-11,BTC,5041.3,5017.37,0.4769,bykaranteli.com
2019-04-11,ETH,164.92,164.07,0.5181,bykaranteli.com
2019-04-12,BTC,5078.19,5048.01,0.5979,bykaranteli.com
2019-04-12,ETH,164.27,163.19,0.6618,bykaranteli.com
2019-04-13,BTC,5066.22,5045.22,0.4162,bykaranteli.com
2019-04-13,ETH,163.75,162.99,0.4663,bykaranteli.com
2019-04-14,BTC,5164.27,5131.3,0.6425,bykaranteli.com
2019-04-14,ETH,168.27,167.23,0.6219,bykaranteli.com
2019-04-15,BTC,5029.99,5024.95,0.1003,bykaranteli.com
2019-04-15,ETH,160.24,159.95,0.1813,bykaranteli.com
2019-04-16,BTC,5202.9,5173.72,0.564,bykaranteli.com
2019-04-16,ETH,166.38,165.37,0.6108,bykaranteli.com
2019-04-17,BTC,5227,5202.82,0.4647,bykaranteli.com
2019-04-17,ETH,166.54,165.75,0.4766,bykaranteli.com
2019-04-18,BTC,5281.81,5258.44,0.4444,bykaranteli.com
2019-04-18,ETH,174.15,173.33,0.4731,bykaranteli.com
2019-04-19,BTC,5290.36,5258.68,0.6024,bykaranteli.com
2019-04-19,ETH,173.83,172.64,0.6893,bykaranteli.com
2019-04-20,BTC,5319.89,5291.73,0.5322,bykaranteli.com
2019-04-20,ETH,173.73,172.88,0.4917,bykaranteli.com
2019-04-21,BTC,5297.64,5256.14,0.7896,bykaranteli.com
2019-04-21,ETH,169.9,168.59,0.777,bykaranteli.com
2019-04-22,BTC,5387.6,5357.14,0.5686,bykaranteli.com
2019-04-22,ETH,171.58,170.52,0.6216,bykaranteli.com
2019-04-23,BTC,5532.75,5493.31,0.718,bykaranteli.com
2019-04-23,ETH,170.14,169.16,0.5793,bykaranteli.com
2019-04-24,BTC,5441.9,5415,0.4968,bykaranteli.com
2019-04-24,ETH,165.75,164.78,0.5887,bykaranteli.com
2019-04-25,BTC,5134.81,5219.9,-1.6301,bykaranteli.com
2019-04-25,ETH,152.05,154.72,-1.7257,bykaranteli.com
2019-04-26,BTC,5159.51,5314.1,-2.9091,bykaranteli.com
2019-04-26,ETH,153.41,157.95,-2.8743,bykaranteli.com
2019-04-27,BTC,5170.6,5295.69,-2.3621,bykaranteli.com
2019-04-27,ETH,155.66,159.31,-2.2911,bykaranteli.com
2019-04-28,BTC,5155,5307.52,-2.8737,bykaranteli.com
2019-04-28,ETH,153.19,157.85,-2.9522,bykaranteli.com
2019-04-29,BTC,5148.25,5238.14,-1.7161,bykaranteli.com
2019-04-29,ETH,152.36,155.11,-1.7729,bykaranteli.com
2019-04-30,BTC,5270.69,5320.81,-0.942,bykaranteli.com
2019-04-30,ETH,160.4,161.83,-0.8836,bykaranteli.com
2019-05-01,BTC,5321.15,5383.2,-1.1527,bykaranteli.com
2019-05-01,ETH,158.3,160.19,-1.1798,bykaranteli.com
2019-05-02,BTC,5390.01,5492.87,-1.8726,bykaranteli.com
2019-05-02,ETH,158.7,161.81,-1.922,bykaranteli.com
2019-05-03,BTC,5657.4,5772.69,-1.9972,bykaranteli.com
2019-05-03,ETH,164.74,168.06,-1.9755,bykaranteli.com
2019-05-04,BTC,5770.01,5829.45,-1.0197,bykaranteli.com
2019-05-04,ETH,161.85,163.7,-1.1301,bykaranteli.com
2019-05-05,BTC,5715.86,5775.62,-1.0347,bykaranteli.com
2019-05-05,ETH,161.25,163.05,-1.104,bykaranteli.com
2019-05-06,BTC,5687.9,5747.79,-1.042,bykaranteli.com
2019-05-06,ETH,171.07,173,-1.1156,bykaranteli.com
2019-05-07,BTC,5748.45,5846.34,-1.6744,bykaranteli.com
2019-05-07,ETH,166.51,169.18,-1.5782,bykaranteli.com
2019-05-08,BTC,5948.41,5987.29,-0.6494,bykaranteli.com
2019-05-08,ETH,169.58,170.85,-0.7433,bykaranteli.com
2019-05-09,BTC,6153.09,6209.18,-0.9033,bykaranteli.com
2019-05-09,ETH,170.11,170.9,-0.4623,bykaranteli.com
2019-05-10,BTC,6343.14,6373.33,-0.4737,bykaranteli.com
2019-05-10,ETH,172.21,172.91,-0.4048,bykaranteli.com
2019-05-11,BTC,7219.95,7076.22,2.0312,bykaranteli.com
2019-05-11,ETH,192.52,190.2,1.2198,bykaranteli.com
2019-05-12,BTC,6979.76,6967.31,0.1787,bykaranteli.com
2019-05-12,ETH,188.23,188.11,0.0638,bykaranteli.com
2019-05-13,BTC,7824.93,7790.71,0.4392,bykaranteli.com
2019-05-13,ETH,196.51,195.84,0.3421,bykaranteli.com
2019-05-14,BTC,7990.92,7947.56,0.5456,bykaranteli.com
2019-05-14,ETH,217.44,216.4,0.4806,bykaranteli.com
2019-05-15,BTC,8203.32,8169.87,0.4094,bykaranteli.com
2019-05-15,ETH,249,248.1,0.3628,bykaranteli.com
2019-05-16,BTC,7878.96,7866.59,0.1572,bykaranteli.com
2019-05-16,ETH,264.39,264.25,0.053,bykaranteli.com
2019-05-17,BTC,7363.69,7355.26,0.1146,bykaranteli.com
2019-05-17,ETH,244.59,244.3,0.1187,bykaranteli.com
2019-05-18,BTC,7262.4,7257.45,0.0682,bykaranteli.com
2019-05-18,ETH,234.03,233.6,0.1841,bykaranteli.com
2019-05-19,BTC,8200,8148.48,0.6323,bykaranteli.com
2019-05-19,ETH,261.09,259.51,0.6088,bykaranteli.com
2019-05-20,BTC,7999.54,7938.15,0.7734,bykaranteli.com
2019-05-20,ETH,252.22,250.37,0.7389,bykaranteli.com
2019-05-21,BTC,7951.7,7904.87,0.5924,bykaranteli.com
2019-05-21,ETH,254.74,253.43,0.5169,bykaranteli.com
2019-05-22,BTC,7626.48,7628.43,-0.0256,bykaranteli.com
2019-05-22,ETH,243.32,243.64,-0.1313,bykaranteli.com
2019-05-23,BTC,7881.98,7851.51,0.3881,bykaranteli.com
2019-05-23,ETH,245.64,244.56,0.4416,bykaranteli.com
2019-05-24,BTC,8001.7,7964.87,0.4624,bykaranteli.com
2019-05-24,ETH,249.83,248.87,0.3857,bykaranteli.com
2019-05-25,BTC,8063.81,8025.41,0.4785,bykaranteli.com
2019-05-25,ETH,251.55,250.22,0.5315,bykaranteli.com
2019-05-26,BTC,8731.72,8614.43,1.3616,bykaranteli.com
2019-05-26,ETH,268.37,264.45,1.4823,bykaranteli.com
2019-05-27,BTC,8772.29,8756.32,0.1824,bykaranteli.com
2019-05-27,ETH,271.24,270.53,0.2624,bykaranteli.com
2019-05-28,BTC,8715.36,8715.64,-0.0032,bykaranteli.com
2019-05-28,ETH,271.15,271.03,0.0443,bykaranteli.com
2019-05-29,BTC,8662.44,8645.68,0.1939,bykaranteli.com
2019-05-29,ETH,269.39,268.83,0.2083,bykaranteli.com
2019-05-30,BTC,8279.69,8269.54,0.1227,bykaranteli.com
2019-05-30,ETH,254.62,254.56,0.0236,bykaranteli.com
2019-05-31,BTC,8554.06,8555,-0.011,bykaranteli.com
2019-05-31,ETH,267.74,267.9,-0.0597,bykaranteli.com
2019-06-01,BTC,8558.95,8544.07,0.1742,bykaranteli.com
2019-06-01,ETH,264.78,264.33,0.1702,bykaranteli.com
2019-06-02,BTC,8736.55,8725.98,0.1211,bykaranteli.com
2019-06-02,ETH,269.23,268.88,0.1302,bykaranteli.com
2019-06-03,BTC,8107.96,8115.82,-0.0968,bykaranteli.com
2019-06-03,ETH,249.55,249.91,-0.1441,bykaranteli.com
2019-06-04,BTC,7670.96,7687.03,-0.2091,bykaranteli.com
2019-06-04,ETH,240.93,241.39,-0.1906,bykaranteli.com
2019-06-05,BTC,7789.48,7776.5,0.1669,bykaranteli.com
2019-06-05,ETH,246.32,245.63,0.2809,bykaranteli.com
2019-06-06,BTC,7805,7786.7,0.235,bykaranteli.com
2019-06-06,ETH,249.4,248.76,0.2573,bykaranteli.com
2019-06-07,BTC,7998.13,7980.53,0.2205,bykaranteli.com
2019-06-07,ETH,249.49,248.77,0.2894,bykaranteli.com
2019-06-08,BTC,7930.14,7893.62,0.4627,bykaranteli.com
2019-06-08,ETH,244.3,243.25,0.4317,bykaranteli.com
2019-06-09,BTC,7634.58,7628.13,0.0846,bykaranteli.com
2019-06-09,ETH,231.3,230.98,0.1385,bykaranteli.com
2019-06-10,BTC,8015.69,7982.75,0.4126,bykaranteli.com
2019-06-10,ETH,247.84,246.51,0.5395,bykaranteli.com
2019-06-11,BTC,7918.17,7884.9,0.4219,bykaranteli.com
2019-06-11,ETH,245.11,244.29,0.3357,bykaranteli.com
2019-06-12,BTC,8176.02,8127.64,0.5953,bykaranteli.com
2019-06-12,ETH,262.92,261.15,0.6778,bykaranteli.com
2019-06-13,BTC,8239.04,8218.54,0.2494,bykaranteli.com
2019-06-13,ETH,255.4,254.67,0.2866,bykaranteli.com
2019-06-14,BTC,8697.46,8650,0.5487,bykaranteli.com
2019-06-14,ETH,263.8,262.47,0.5067,bykaranteli.com
2019-06-15,BTC,8860.23,8808.7,0.585,bykaranteli.com
2019-06-15,ETH,269.29,267.82,0.5489,bykaranteli.com
2019-06-16,BTC,8975,8953.33,0.242,bykaranteli.com
2019-06-16,ETH,268.33,267.73,0.2241,bykaranteli.com
2019-06-17,BTC,9333.14,9313.96,0.2059,bykaranteli.com
2019-06-17,ETH,273.97,273.16,0.2965,bykaranteli.com
2019-06-18,BTC,9078.48,9081.55,-0.0338,bykaranteli.com
2019-06-18,ETH,264.37,264.66,-0.1096,bykaranteli.com
2019-06-19,BTC,9277.54,9255.49,0.2382,bykaranteli.com
2019-06-19,ETH,268.79,268.14,0.2424,bykaranteli.com
2019-06-20,BTC,9531.21,9517.12,0.148,bykaranteli.com
2019-06-20,ETH,272,271.22,0.2876,bykaranteli.com
2019-06-21,BTC,10236.2,10159.86,0.7514,bykaranteli.com
2019-06-21,ETH,296.25,294.35,0.6455,bykaranteli.com
2019-06-22,BTC,10666.86,10729.5,-0.5838,bykaranteli.com
2019-06-22,ETH,308.49,310.79,-0.74,bykaranteli.com
2019-06-23,BTC,10833.02,10906.07,-0.6698,bykaranteli.com
2019-06-23,ETH,306.98,308.52,-0.4992,bykaranteli.com
2019-06-24,BTC,11032.32,11056.59,-0.2195,bykaranteli.com
2019-06-24,ETH,311,311.64,-0.2054,bykaranteli.com
2019-06-25,BTC,11755.53,11820.86,-0.5527,bykaranteli.com
2019-06-25,ETH,316.59,318.26,-0.5247,bykaranteli.com
2019-06-26,BTC,12927.44,13093.8,-1.2705,bykaranteli.com
2019-06-26,ETH,334.86,339.39,-1.3347,bykaranteli.com
2019-06-27,BTC,11159.29,11329.99,-1.5066,bykaranteli.com
2019-06-27,ETH,293.47,298.35,-1.6357,bykaranteli.com
2019-06-28,BTC,12360.45,12400.63,-0.324,bykaranteli.com
2019-06-28,ETH,309.37,311.05,-0.5401,bykaranteli.com
2019-06-29,BTC,11865.29,11903.13,-0.3179,bykaranteli.com
2019-06-29,ETH,317,317.62,-0.1952,bykaranteli.com
2019-06-30,BTC,10761.26,10854.1,-0.8553,bykaranteli.com
2019-06-30,ETH,290.07,292.7,-0.8985,bykaranteli.com
2019-07-01,BTC,10577.63,10624.93,-0.4452,bykaranteli.com
2019-07-01,ETH,293.7,295.07,-0.4643,bykaranteli.com
2019-07-02,BTC,10829.18,10842.85,-0.1261,bykaranteli.com
2019-07-02,ETH,291.25,291.48,-0.0789,bykaranteli.com
2019-07-03,BTC,11976.42,11940,0.305,bykaranteli.com
2019-07-03,ETH,301.79,301.14,0.2158,bykaranteli.com
2019-07-04,BTC,11136,11145.67,-0.0868,bykaranteli.com
2019-07-04,ETH,282.8,282.73,0.0248,bykaranteli.com
2019-07-05,BTC,11004.51,10970.73,0.3079,bykaranteli.com
2019-07-05,ETH,288,287.47,0.1844,bykaranteli.com
2019-07-06,BTC,11237.77,11256.49,-0.1663,bykaranteli.com
2019-07-06,ETH,287.57,288.29,-0.2497,bykaranteli.com
2019-07-07,BTC,11474.42,11406.24,0.5977,bykaranteli.com
2019-07-07,ETH,306.34,304.72,0.5316,bykaranteli.com
2019-07-08,BTC,12293.53,12238.6,0.4488,bykaranteli.com
2019-07-08,ETH,313.24,311.97,0.4071,bykaranteli.com
2019-07-09,BTC,12571.11,12543.41,0.2208,bykaranteli.com
2019-07-09,ETH,307.92,307.46,0.1496,bykaranteli.com
2019-07-10,BTC,12097.96,12108.37,-0.086,bykaranteli.com
2019-07-10,ETH,288.64,289.23,-0.204,bykaranteli.com
2019-07-11,BTC,11349,11342.89,0.0539,bykaranteli.com
2019-07-11,ETH,268.68,268.63,0.0186,bykaranteli.com
2019-07-12,BTC,11802,11757.22,0.3809,bykaranteli.com
2019-07-12,ETH,275.55,274.62,0.3386,bykaranteli.com
2019-07-13,BTC,11370.08,11355.76,0.1261,bykaranteli.com
2019-07-13,ETH,269.04,268.79,0.093,bykaranteli.com
2019-07-14,BTC,10185.03,10174.18,0.1066,bykaranteli.com
2019-07-14,ETH,225.76,225.85,-0.0398,bykaranteli.com
2019-07-15,BTC,10854.47,10838.72,0.1453,bykaranteli.com
2019-07-15,ETH,228.28,228.2,0.0351,bykaranteli.com
2019-07-16,BTC,9422.72,9439.59,-0.1787,bykaranteli.com
2019-07-16,ETH,198.89,198.88,0.005,bykaranteli.com
2019-07-17,BTC,9696.31,9667.92,0.2937,bykaranteli.com
2019-07-17,ETH,211.4,210.81,0.2799,bykaranteli.com
2019-07-18,BTC,10649.07,10627.16,0.2062,bykaranteli.com
2019-07-18,ETH,226.31,225.73,0.2569,bykaranteli.com
2019-07-19,BTC,10538.06,10504.29,0.3215,bykaranteli.com
2019-07-19,ETH,221.21,220.73,0.2175,bykaranteli.com
2019-07-20,BTC,10761.03,10740.23,0.1937,bykaranteli.com
2019-07-20,ETH,228.89,228.2,0.3024,bykaranteli.com
2019-07-21,BTC,10590.7,10589.45,0.0118,bykaranteli.com
2019-07-21,ETH,225.64,225.38,0.1154,bykaranteli.com
2019-07-22,BTC,10323.39,10340.31,-0.1636,bykaranteli.com
2019-07-22,ETH,217.13,217.51,-0.1747,bykaranteli.com
2019-07-23,BTC,9840.12,9864.91,-0.2513,bykaranteli.com
2019-07-23,ETH,211.93,212.48,-0.2588,bykaranteli.com
2019-07-24,BTC,9772.6,9763.28,0.0955,bykaranteli.com
2019-07-24,ETH,216.59,216.31,0.1294,bykaranteli.com
2019-07-25,BTC,9883.33,9879.87,0.035,bykaranteli.com
2019-07-25,ETH,219.28,219.14,0.0639,bykaranteli.com
2019-07-26,BTC,9843,9824,0.1934,bykaranteli.com
2019-07-26,ETH,219.35,218.81,0.2468,bykaranteli.com
2019-07-27,BTC,9479.98,9476.52,0.0365,bykaranteli.com
2019-07-27,ETH,207.11,207.3,-0.0917,bykaranteli.com
2019-07-28,BTC,9533,9541.54,-0.0895,bykaranteli.com
2019-07-28,ETH,211.5,211.62,-0.0567,bykaranteli.com
2019-07-29,BTC,9495.01,9507.64,-0.1328,bykaranteli.com
2019-07-29,ETH,210.73,210.89,-0.0759,bykaranteli.com
2019-07-30,BTC,9589.01,9574.21,0.1546,bykaranteli.com
2019-07-30,ETH,209.83,209.58,0.1193,bykaranteli.com
2019-07-31,BTC,10087.3,10080.53,0.0672,bykaranteli.com
2019-07-31,ETH,218.7,218.42,0.1282,bykaranteli.com
2019-08-01,BTC,10405.94,10374.99,0.2983,bykaranteli.com
2019-08-01,ETH,217.55,216.84,0.3274,bykaranteli.com
2019-08-02,BTC,10533.01,10523.75,0.088,bykaranteli.com
2019-08-02,ETH,217.8,217.61,0.0873,bykaranteli.com
2019-08-03,BTC,10820.76,10816.86,0.0361,bykaranteli.com
2019-08-03,ETH,222.14,222.14,0,bykaranteli.com
2019-08-04,BTC,10977.51,10929.23,0.4418,bykaranteli.com
2019-08-04,ETH,222.81,221.79,0.4599,bykaranteli.com
2019-08-05,BTC,11819.49,11828.8,-0.0787,bykaranteli.com
2019-08-05,ETH,233,233.54,-0.2312,bykaranteli.com
2019-08-06,BTC,11465.49,11481.69,-0.1411,bykaranteli.com
2019-08-06,ETH,225.81,226.28,-0.2077,bykaranteli.com
2019-08-07,BTC,11975.03,11975.03,0,bykaranteli.com
2019-08-07,ETH,225.8,226.1,-0.1327,bykaranteli.com
2019-08-08,BTC,11981,11999.77,-0.1564,bykaranteli.com
2019-08-08,ETH,220.81,221.39,-0.262,bykaranteli.com
2019-08-09,BTC,11856.1,11879.99,-0.2011,bykaranteli.com
2019-08-09,ETH,210.3,210.53,-0.1092,bykaranteli.com
2019-08-10,BTC,11280.95,11309.31,-0.2508,bykaranteli.com
2019-08-10,ETH,206.1,206.48,-0.184,bykaranteli.com
2019-08-11,BTC,11540.76,11549.97,-0.0797,bykaranteli.com
2019-08-11,ETH,216.06,216.42,-0.1663,bykaranteli.com
2019-08-12,BTC,11389.28,11396.08,-0.0597,bykaranteli.com
2019-08-12,ETH,211.26,211.41,-0.071,bykaranteli.com
2019-08-13,BTC,10854.92,10892.71,-0.3469,bykaranteli.com
2019-08-13,ETH,208.58,209.3,-0.344,bykaranteli.com
2019-08-14,BTC,10025.86,10050.37,-0.2439,bykaranteli.com
2019-08-14,ETH,186.3,187.1,-0.4276,bykaranteli.com
2019-08-15,BTC,10300.01,10293.93,0.0591,bykaranteli.com
2019-08-15,ETH,188.2,188.03,0.0904,bykaranteli.com
2019-08-16,BTC,10352.78,10331.54,0.2056,bykaranteli.com
2019-08-16,ETH,185.26,184.88,0.2055,bykaranteli.com
2019-08-17,BTC,10217.79,10216.02,0.0173,bykaranteli.com
2019-08-17,ETH,185.59,185.59,0,bykaranteli.com
2019-08-18,BTC,10315.48,10306.78,0.0844,bykaranteli.com
2019-08-18,ETH,194.74,194.33,0.211,bykaranteli.com
2019-08-19,BTC,10920,10915.54,0.0409,bykaranteli.com
2019-08-19,ETH,202.32,202.28,0.0198,bykaranteli.com
2019-08-20,BTC,10769.09,10760.51,0.0797,bykaranteli.com
2019-08-20,ETH,196.56,196.6,-0.0203,bykaranteli.com
2019-08-21,BTC,10130,10142.57,-0.1239,bykaranteli.com
2019-08-21,ETH,187.37,187.45,-0.0427,bykaranteli.com
2019-08-22,BTC,10107.15,10099.88,0.072,bykaranteli.com
2019-08-22,ETH,190.41,190.35,0.0315,bykaranteli.com
2019-08-23,BTC,10410.85,10389.55,0.205,bykaranteli.com
2019-08-23,ETH,194.59,194.02,0.2938,bykaranteli.com
2019-08-24,BTC,10147.96,10134.35,0.1343,bykaranteli.com
2019-08-24,ETH,190.89,190.6,0.1522,bykaranteli.com
2019-08-25,BTC,10138.72,10142.69,-0.0391,bykaranteli.com
2019-08-25,ETH,186.59,186.54,0.0268,bykaranteli.com
2019-08-26,BTC,10361.65,10372.25,-0.1022,bykaranteli.com
2019-08-26,ETH,188.3,188.67,-0.1961,bykaranteli.com
2019-08-27,BTC,10171.85,10185.05,-0.1296,bykaranteli.com
2019-08-27,ETH,186.94,187.24,-0.1602,bykaranteli.com
2019-08-28,BTC,9714.31,9721,-0.0688,bykaranteli.com
2019-08-28,ETH,172.79,173.03,-0.1387,bykaranteli.com
2019-08-29,BTC,9495,9498.44,-0.0362,bykaranteli.com
2019-08-29,ETH,168.82,169.01,-0.1124,bykaranteli.com
2019-08-30,BTC,9582.42,9584.54,-0.0221,bykaranteli.com
2019-08-30,ETH,168.4,168.5,-0.0593,bykaranteli.com
2019-08-31,BTC,9600.86,9587.47,0.1397,bykaranteli.com
2019-08-31,ETH,171.93,171.57,0.2098,bykaranteli.com
2019-09-01,BTC,9766.52,9724.98,0.4271,bykaranteli.com
2019-09-01,ETH,171.29,170.74,0.3221,bykaranteli.com
2019-09-02,BTC,10381.26,10340,0.399,bykaranteli.com
2019-09-02,ETH,178.8,178.05,0.4212,bykaranteli.com
2019-09-03,BTC,10628.48,10615.28,0.1243,bykaranteli.com
2019-09-03,ETH,178.96,178.75,0.1175,bykaranteli.com
2019-09-04,BTC,10581.84,10567.02,0.1402,bykaranteli.com
2019-09-04,ETH,174.82,174.72,0.0572,bykaranteli.com
2019-09-05,BTC,10574.73,10564.49,0.0969,bykaranteli.com
2019-09-05,ETH,174,173.75,0.1439,bykaranteli.com
2019-09-06,BTC,10308.92,10298.73,0.0989,bykaranteli.com
2019-09-06,ETH,169.2,169.08,0.071,bykaranteli.com
2019-09-07,BTC,10484.37,10455.88,0.2725,bykaranteli.com
2019-09-07,ETH,178.08,177.62,0.259,bykaranteli.com
2019-09-08,BTC,10398.97,10381.18,0.1714,bykaranteli.com
2019-09-08,ETH,181.56,181.19,0.2042,bykaranteli.com
2019-09-09,BTC,10310,10303.12,0.0668,bykaranteli.com
2019-09-09,ETH,180.63,180.54,0.0499,bykaranteli.com
2019-09-10,BTC,10093.01,10098.15,-0.0509,bykaranteli.com
2019-09-10,ETH,179.64,179.81,-0.0945,bykaranteli.com
2019-09-11,BTC,10160.2,10158.33,0.0184,bykaranteli.com
2019-09-11,ETH,178.3,178.28,0.0112,bykaranteli.com
2019-09-12,BTC,10423.72,10415.01,0.0836,bykaranteli.com
2019-09-12,ETH,181.09,180.72,0.2047,bykaranteli.com
2019-09-13,BTC,10365.93,10342.06,0.2308,bykaranteli.com
2019-09-13,ETH,181.65,180.95,0.3868,bykaranteli.com
2019-09-14,BTC,10360.25,10335.02,0.2441,bykaranteli.com
2019-09-14,ETH,188.85,188.13,0.3827,bykaranteli.com
2019-09-15,BTC,10304.46,10302.01,0.0238,bykaranteli.com
2019-09-15,ETH,189.3,189.03,0.1428,bykaranteli.com
2019-09-16,BTC,10262.54,10251.31,0.1095,bykaranteli.com
2019-09-16,ETH,197.59,197.22,0.1876,bykaranteli.com
2019-09-17,BTC,10185.39,10187.82,-0.0239,bykaranteli.com
2019-09-17,ETH,207.95,207.84,0.0529,bykaranteli.com
2019-09-18,BTC,10155.26,10156.99,-0.017,bykaranteli.com
2019-09-18,ETH,210.27,210.21,0.0285,bykaranteli.com
2019-09-19,BTC,10275.01,10244.29,0.2999,bykaranteli.com
2019-09-19,ETH,220.8,220.24,0.2543,bykaranteli.com
2019-09-20,BTC,10168.85,10168.59,0.0026,bykaranteli.com
2019-09-20,ETH,218.06,218.03,0.0138,bykaranteli.com
2019-09-21,BTC,9973.99,9986.39,-0.1242,bykaranteli.com
2019-09-21,ETH,214.8,215.05,-0.1163,bykaranteli.com
2019-09-22,BTC,10026.8,10028.87,-0.0206,bykaranteli.com
2019-09-22,ETH,211.1,211.2,-0.0473,bykaranteli.com
2019-09-23,BTC,9693.74,9702.25,-0.0877,bykaranteli.com
2019-09-23,ETH,200.8,201.29,-0.2434,bykaranteli.com
2019-09-24,BTC,8530.01,8493.14,0.4341,bykaranteli.com
2019-09-24,ETH,166.26,165.81,0.2714,bykaranteli.com
2019-09-25,BTC,8438.35,8430.05,0.0985,bykaranteli.com
2019-09-25,ETH,170,169.96,0.0235,bykaranteli.com
2019-09-26,BTC,8060,8063.73,-0.0463,bykaranteli.com
2019-09-26,ETH,165.85,165.92,-0.0422,bykaranteli.com
2019-09-27,BTC,8193.99,8177.91,0.1966,bykaranteli.com
2019-09-27,ETH,174.44,173.79,0.374,bykaranteli.com
2019-09-28,BTC,8217.47,8198.81,0.2276,bykaranteli.com
2019-09-28,ETH,173.9,173.49,0.2363,bykaranteli.com
2019-09-29,BTC,8052.4,8043.82,0.1067,bykaranteli.com
2019-09-29,ETH,169.38,169.24,0.0827,bykaranteli.com
2019-09-30,BTC,8304.96,8289.34,0.1884,bykaranteli.com
2019-09-30,ETH,181.17,180.85,0.1769,bykaranteli.com
2019-10-01,BTC,8321.52,8292.44,0.3507,bykaranteli.com
2019-10-01,ETH,176.15,175.66,0.2789,bykaranteli.com
2019-10-02,BTC,8381.72,8359.94,0.2605,bykaranteli.com
2019-10-02,ETH,180.82,180.24,0.3218,bykaranteli.com
2019-10-03,BTC,8240.41,8223.96,0.2,bykaranteli.com
2019-10-03,ETH,175.05,174.69,0.2061,bykaranteli.com
2019-10-04,BTC,8156.67,8137.13,0.2401,bykaranteli.com
2019-10-04,ETH,175.97,175.55,0.2392,bykaranteli.com
2019-10-05,BTC,8147.63,8126.19,0.2638,bykaranteli.com
2019-10-05,ETH,176.73,176.25,0.2723,bykaranteli.com
2019-10-06,BTC,7859.79,7854.25,0.0705,bykaranteli.com
2019-10-06,ETH,170.18,170.1,0.047,bykaranteli.com
2019-10-07,BTC,8209,8190.09,0.2309,bykaranteli.com
2019-10-07,ETH,180.26,179.85,0.228,bykaranteli.com
2019-10-08,BTC,8180,8168.39,0.1421,bykaranteli.com
2019-10-08,ETH,180.72,180.6,0.0664,bykaranteli.com
2019-10-09,BTC,8590,8560.74,0.3418,bykaranteli.com
2019-10-09,ETH,193.26,192.62,0.3323,bykaranteli.com
2019-10-10,BTC,8587.5,8558.03,0.3444,bykaranteli.com
2019-10-10,ETH,191.79,191.14,0.3401,bykaranteli.com
2019-10-11,BTC,8267.33,8258.5,0.1069,bykaranteli.com
2019-10-11,ETH,180.84,180.72,0.0664,bykaranteli.com
2019-10-12,BTC,8309.03,8300.09,0.1077,bykaranteli.com
2019-10-12,ETH,179.86,179.68,0.1002,bykaranteli.com
2019-10-13,BTC,8282.97,8275.01,0.0962,bykaranteli.com
2019-10-13,ETH,181.18,180.99,0.105,bykaranteli.com
2019-10-14,BTC,8355,8348.2,0.0815,bykaranteli.com
2019-10-14,ETH,186.85,186.72,0.0696,bykaranteli.com
2019-10-15,BTC,8162.44,8159.29,0.0386,bykaranteli.com
2019-10-15,ETH,180.58,180.49,0.0499,bykaranteli.com
2019-10-16,BTC,7993.54,7991.74,0.0225,bykaranteli.com
2019-10-16,ETH,174.5,174.47,0.0172,bykaranteli.com
2019-10-17,BTC,8076.2,8070.58,0.0696,bykaranteli.com
2019-10-17,ETH,177.31,177.16,0.0847,bykaranteli.com
2019-10-18,BTC,7954.16,7947.01,0.09,bykaranteli.com
2019-10-18,ETH,172.96,172.74,0.1274,bykaranteli.com
2019-10-19,BTC,7965.28,7948.01,0.2173,bykaranteli.com
2019-10-19,ETH,172.09,171.79,0.1746,bykaranteli.com
2019-10-20,BTC,8236.12,8223.35,0.1553,bykaranteli.com
2019-10-20,ETH,175.49,175.22,0.1541,bykaranteli.com
2019-10-21,BTC,8209.92,8197.27,0.1543,bykaranteli.com
2019-10-21,ETH,174.37,173.98,0.2242,bykaranteli.com
2019-10-22,BTC,8024.72,8020,0.0589,bykaranteli.com
2019-10-22,ETH,171.3,171.2,0.0584,bykaranteli.com
2019-10-23,BTC,7474.85,7466.62,0.1102,bykaranteli.com
2019-10-23,ETH,162.49,162.35,0.0862,bykaranteli.com
2019-10-24,BTC,7430.87,7412.41,0.249,bykaranteli.com
2019-10-24,ETH,160.67,160.38,0.1808,bykaranteli.com
2019-10-25,BTC,8668,8655.02,0.15,bykaranteli.com
2019-10-25,ETH,181.66,181.5,0.0882,bykaranteli.com
2019-10-26,BTC,9259.78,9230,0.3226,bykaranteli.com
2019-10-26,ETH,180.03,179.49,0.3009,bykaranteli.com
2019-10-27,BTC,9548.84,9529.93,0.1984,bykaranteli.com
2019-10-27,ETH,184.41,183.75,0.3592,bykaranteli.com
2019-10-28,BTC,9226.5,9205.14,0.232,bykaranteli.com
2019-10-28,ETH,182.02,181.72,0.1651,bykaranteli.com
2019-10-29,BTC,9430.8,9407.62,0.2464,bykaranteli.com
2019-10-29,ETH,191.1,190.46,0.336,bykaranteli.com
2019-10-30,BTC,9164.44,9154.72,0.1062,bykaranteli.com
2019-10-30,ETH,183.38,183.13,0.1365,bykaranteli.com
2019-10-31,BTC,9159.48,9140.85,0.2038,bykaranteli.com
2019-10-31,ETH,182.38,182.18,0.1098,bykaranteli.com
2019-11-01,BTC,9253.12,9231.61,0.233,bykaranteli.com
2019-11-01,ETH,183.19,182.85,0.1859,bykaranteli.com
2019-11-02,BTC,9308.52,9289.52,0.2045,bykaranteli.com
2019-11-02,ETH,183.25,182.91,0.1859,bykaranteli.com
2019-11-03,BTC,9206.52,9194.71,0.1284,bykaranteli.com
2019-11-03,ETH,181.73,181.54,0.1047,bykaranteli.com
2019-11-04,BTC,9412.53,9393.35,0.2042,bykaranteli.com
2019-11-04,ETH,186.25,185.71,0.2908,bykaranteli.com
2019-11-05,BTC,9322.09,9308.66,0.1443,bykaranteli.com
2019-11-05,ETH,188.88,188.68,0.106,bykaranteli.com
2019-11-06,BTC,9341.27,9339.05,0.0238,bykaranteli.com
2019-11-06,ETH,191.13,191.16,-0.0157,bykaranteli.com
2019-11-07,BTC,9198.84,9216.2,-0.1884,bykaranteli.com
2019-11-07,ETH,186.42,186.68,-0.1393,bykaranteli.com
2019-11-08,BTC,8763.01,8773.73,-0.1222,bykaranteli.com
2019-11-08,ETH,183.62,183.74,-0.0653,bykaranteli.com
2019-11-09,BTC,8807.89,8809.41,-0.0173,bykaranteli.com
2019-11-09,ETH,184.77,184.89,-0.0649,bykaranteli.com
2019-11-10,BTC,9032.23,9039.47,-0.0801,bykaranteli.com
2019-11-10,ETH,188.88,188.96,-0.0423,bykaranteli.com
2019-11-11,BTC,8721.54,8733.27,-0.1343,bykaranteli.com
2019-11-11,ETH,184.65,184.98,-0.1784,bykaranteli.com
2019-11-12,BTC,8810,8821.94,-0.1353,bykaranteli.com
2019-11-12,ETH,186.98,187.09,-0.0588,bykaranteli.com
2019-11-13,BTC,8758.34,8777.12,-0.214,bykaranteli.com
2019-11-13,ETH,187.72,188.11,-0.2073,bykaranteli.com
2019-11-14,BTC,8630,8646.68,-0.1929,bykaranteli.com
2019-11-14,ETH,184.55,184.92,-0.2001,bykaranteli.com
2019-11-15,BTC,8457.48,8471.73,-0.1682,bykaranteli.com
2019-11-15,ETH,179.82,180,-0.1,bykaranteli.com
2019-11-16,BTC,8481,8491.02,-0.118,bykaranteli.com
2019-11-16,ETH,182.25,182.37,-0.0658,bykaranteli.com
2019-11-17,BTC,8500.01,8502.4,-0.0281,bykaranteli.com
2019-11-17,ETH,183.88,183.82,0.0326,bykaranteli.com
2019-11-18,BTC,8168.84,8187.17,-0.2239,bykaranteli.com
2019-11-18,ETH,177.85,178.2,-0.1964,bykaranteli.com
2019-11-19,BTC,8123.36,8133.64,-0.1264,bykaranteli.com
2019-11-19,ETH,175.73,175.94,-0.1194,bykaranteli.com
2019-11-20,BTC,8082.96,8098.01,-0.1858,bykaranteli.com
2019-11-20,ETH,174.35,174.72,-0.2118,bykaranteli.com
2019-11-21,BTC,7616.46,7627.74,-0.1479,bykaranteli.com
2019-11-21,ETH,160.82,161.01,-0.118,bykaranteli.com
2019-11-22,BTC,7283.03,7268.23,0.2036,bykaranteli.com
2019-11-22,ETH,149.97,149.56,0.2741,bykaranteli.com
2019-11-23,BTC,7329.29,7311.57,0.2424,bykaranteli.com
2019-11-23,ETH,152,151.84,0.1054,bykaranteli.com
2019-11-24,BTC,6908.64,6903.28,0.0776,bykaranteli.com
2019-11-24,ETH,139.99,139.96,0.0214,bykaranteli.com
2019-11-25,BTC,7127.01,7109.57,0.2453,bykaranteli.com
2019-11-25,ETH,145.91,145.69,0.151,bykaranteli.com
2019-11-26,BTC,7162.67,7156.14,0.0913,bykaranteli.com
2019-11-26,ETH,147.83,147.47,0.2441,bykaranteli.com
2019-11-27,BTC,7523.72,7508.52,0.2024,bykaranteli.com
2019-11-27,ETH,153,152.62,0.249,bykaranteli.com
2019-11-28,BTC,7432.41,7419.49,0.1741,bykaranteli.com
2019-11-28,ETH,151.01,150.72,0.1924,bykaranteli.com
2019-11-29,BTC,7760,7739.68,0.2625,bykaranteli.com
2019-11-29,ETH,154.75,154.57,0.1165,bykaranteli.com
2019-11-30,BTC,7555.92,7541.89,0.186,bykaranteli.com
2019-11-30,ETH,151.78,151.37,0.2709,bykaranteli.com
2019-12-01,BTC,7404.27,7390.89,0.181,bykaranteli.com
2019-12-01,ETH,150.97,150.73,0.1592,bykaranteli.com
2019-12-02,BTC,7305.01,7294.28,0.1471,bykaranteli.com
2019-12-02,ETH,148.97,148.65,0.2153,bykaranteli.com
2019-12-03,BTC,7302.94,7292.71,0.1403,bykaranteli.com
2019-12-03,ETH,147.33,147.17,0.1087,bykaranteli.com
2019-12-04,BTC,7198.99,7194.32,0.0649,bykaranteli.com
2019-12-04,ETH,145.5,145.38,0.0825,bykaranteli.com
2019-12-05,BTC,7393.54,7389,0.0614,bykaranteli.com
2019-12-05,ETH,148.18,148.1,0.054,bykaranteli.com
2019-12-06,BTC,7540.08,7527.47,0.1675,bykaranteli.com
2019-12-06,ETH,148.82,148.45,0.2492,bykaranteli.com
2019-12-07,BTC,7502.19,7488.21,0.1867,bykaranteli.com
2019-12-07,ETH,147.43,147.14,0.1971,bykaranteli.com
2019-12-08,BTC,7520,7510.11,0.1317,bykaranteli.com
2019-12-08,ETH,150.71,150.44,0.1795,bykaranteli.com
2019-12-09,BTC,7337.51,7338.64,-0.0154,bykaranteli.com
2019-12-09,ETH,147.3,147.38,-0.0543,bykaranteli.com
2019-12-10,BTC,7219.37,7224.13,-0.0659,bykaranteli.com
2019-12-10,ETH,145.55,145.56,-0.0069,bykaranteli.com
2019-12-11,BTC,7201.23,7210,-0.1216,bykaranteli.com
2019-12-11,ETH,143.29,143.39,-0.0697,bykaranteli.com
2019-12-12,BTC,7185.91,7198.08,-0.1691,bykaranteli.com
2019-12-12,ETH,144.69,144.87,-0.1242,bykaranteli.com
2019-12-13,BTC,7249.9,7258.48,-0.1182,bykaranteli.com
2019-12-13,ETH,144.7,144.8,-0.0691,bykaranteli.com
2019-12-14,BTC,7062.91,7064.05,-0.0161,bykaranteli.com
2019-12-14,ETH,141.73,141.79,-0.0423,bykaranteli.com
2019-12-15,BTC,7111,7118.59,-0.1066,bykaranteli.com
2019-12-15,ETH,142.38,142.46,-0.0562,bykaranteli.com
2019-12-16,BTC,6877.03,6891.72,-0.2132,bykaranteli.com
2019-12-16,ETH,132.36,132.73,-0.2788,bykaranteli.com
2019-12-17,BTC,6616.62,6623.82,-0.1087,bykaranteli.com
2019-12-17,ETH,121.83,121.88,-0.041,bykaranteli.com
2019-12-18,BTC,7285.53,7277.83,0.1058,bykaranteli.com
2019-12-18,ETH,132.89,132.78,0.0828,bykaranteli.com
2019-12-19,BTC,7149.12,7150.3,-0.0165,bykaranteli.com
2019-12-19,ETH,128.18,128.1,0.0625,bykaranteli.com
2019-12-20,BTC,7190,7187.83,0.0302,bykaranteli.com
2019-12-20,ETH,128.37,128.19,0.1404,bykaranteli.com
2019-12-21,BTC,7143.01,7132.75,0.1438,bykaranteli.com
2019-12-21,ETH,127.09,126.99,0.0787,bykaranteli.com
2019-12-22,BTC,7513.06,7501.44,0.1549,bykaranteli.com
2019-12-22,ETH,132.4,132.09,0.2347,bykaranteli.com
2019-12-23,BTC,7310.79,7317.09,-0.0861,bykaranteli.com
2019-12-23,ETH,127.78,127.8,-0.0156,bykaranteli.com
2019-12-24,BTC,7255.01,7255.77,-0.0105,bykaranteli.com
2019-12-24,ETH,127.71,127.75,-0.0313,bykaranteli.com
2019-12-25,BTC,7192.12,7204.63,-0.1736,bykaranteli.com
2019-12-25,ETH,125,125.09,-0.0719,bykaranteli.com
2019-12-26,BTC,7194.13,7202,-0.1093,bykaranteli.com
2019-12-26,ETH,125.49,125.58,-0.0717,bykaranteli.com
2019-12-27,BTC,7245.83,7254.74,-0.1228,bykaranteli.com
2019-12-27,ETH,126.23,126.29,-0.0475,bykaranteli.com
2019-12-28,BTC,7302.67,7316.14,-0.1841,bykaranteli.com
2019-12-28,ETH,127.91,128.11,-0.1561,bykaranteli.com
2019-12-29,BTC,7384.89,7388.24,-0.0453,bykaranteli.com
2019-12-29,ETH,134.3,134.36,-0.0447,bykaranteli.com
2019-12-30,BTC,7218,7246,-0.3864,bykaranteli.com
2019-12-30,ETH,131.1,131.59,-0.3724,bykaranteli.com
2019-12-31,BTC,7165.72,7195.23,-0.4101,bykaranteli.com
2019-12-31,ETH,128.54,129.16,-0.48,bykaranteli.com
2020-01-01,BTC,7174.33,7200.85,-0.3683,bykaranteli.com
2020-01-01,ETH,130.19,130.77,-0.4435,bykaranteli.com
2020-01-02,BTC,6945.02,6965.71,-0.297,bykaranteli.com
2020-01-02,ETH,126.81,127.19,-0.2988,bykaranteli.com
2020-01-03,BTC,7334.45,7344.96,-0.1431,bykaranteli.com
2020-01-03,ETH,134.17,134.35,-0.134,bykaranteli.com
2020-01-04,BTC,7348.63,7354.11,-0.0745,bykaranteli.com
2020-01-04,ETH,134.14,134.2,-0.0447,bykaranteli.com
2020-01-05,BTC,7355.4,7358.75,-0.0455,bykaranteli.com
2020-01-05,ETH,135.31,135.37,-0.0443,bykaranteli.com
2020-01-06,BTC,7764.63,7758,0.0855,bykaranteli.com
2020-01-06,ETH,144.19,144.15,0.0277,bykaranteli.com
2020-01-07,BTC,8158.52,8145.28,0.1625,bykaranteli.com
2020-01-07,ETH,143.08,142.8,0.1961,bykaranteli.com
2020-01-08,BTC,8045.51,8055.98,-0.13,bykaranteli.com
2020-01-08,ETH,140.6,140.72,-0.0853,bykaranteli.com
2020-01-09,BTC,7813.78,7817.76,-0.0509,bykaranteli.com
2020-01-09,ETH,137.71,137.74,-0.0218,bykaranteli.com
2020-01-10,BTC,8198.09,8197.02,0.0131,bykaranteli.com
2020-01-10,ETH,144.72,144.84,-0.0829,bykaranteli.com
2020-01-11,BTC,8020,8020.01,-0.0001,bykaranteli.com
2020-01-11,ETH,142.63,142.38,0.1756,bykaranteli.com
2020-01-12,BTC,8180.81,8184.98,-0.0509,bykaranteli.com
2020-01-12,ETH,146.6,146.54,0.0409,bykaranteli.com
2020-01-13,BTC,8104.5,8110.34,-0.072,bykaranteli.com
2020-01-13,ETH,143.51,143.58,-0.0488,bykaranteli.com
2020-01-14,BTC,8815.69,8810.01,0.0645,bykaranteli.com
2020-01-14,ETH,165.76,165.64,0.0724,bykaranteli.com
2020-01-15,BTC,8808.81,8821.41,-0.1428,bykaranteli.com
2020-01-15,ETH,166.29,166.4,-0.0661,bykaranteli.com
2020-01-16,BTC,8714.76,8720.01,-0.0602,bykaranteli.com
2020-01-16,ETH,163.93,164.21,-0.1705,bykaranteli.com
2020-01-17,BTC,8899.42,8913.28,-0.1555,bykaranteli.com
2020-01-17,ETH,169.59,169.85,-0.1531,bykaranteli.com
2020-01-18,BTC,8909.32,8915.96,-0.0745,bykaranteli.com
2020-01-18,ETH,174.06,174.14,-0.0459,bykaranteli.com
2020-01-19,BTC,8697.53,8701.7,-0.0479,bykaranteli.com
2020-01-19,ETH,166.75,166.79,-0.024,bykaranteli.com
2020-01-20,BTC,8628.89,8642.35,-0.1557,bykaranteli.com
2020-01-20,ETH,166.68,166.87,-0.1139,bykaranteli.com
2020-01-21,BTC,8722.03,8736.03,-0.1603,bykaranteli.com
2020-01-21,ETH,169.19,169.49,-0.177,bykaranteli.com
2020-01-22,BTC,8660.38,8682.36,-0.2532,bykaranteli.com
2020-01-22,ETH,167.68,168.07,-0.232,bykaranteli.com
2020-01-23,BTC,8385.22,8404.52,-0.2296,bykaranteli.com
2020-01-23,ETH,162.4,162.81,-0.2518,bykaranteli.com
2020-01-24,BTC,8427.26,8439,-0.1391,bykaranteli.com
2020-01-24,ETH,162.3,162.54,-0.1477,bykaranteli.com
2020-01-25,BTC,8326.81,8340.58,-0.1651,bykaranteli.com
2020-01-25,ETH,160.12,160.35,-0.1434,bykaranteli.com
2020-01-26,BTC,8595,8615,-0.2322,bykaranteli.com
2020-01-26,ETH,167.35,167.86,-0.3038,bykaranteli.com
2020-01-27,BTC,8895.96,8907.57,-0.1303,bykaranteli.com
2020-01-27,ETH,169.77,170.08,-0.1823,bykaranteli.com
2020-01-28,BTC,9394.5,9374.21,0.2164,bykaranteli.com
2020-01-28,ETH,175.99,175.64,0.1993,bykaranteli.com
2020-01-29,BTC,9288.44,9301.53,-0.1407,bykaranteli.com
2020-01-29,ETH,173.45,173.72,-0.1554,bykaranteli.com
2020-01-30,BTC,9503.08,9513.21,-0.1065,bykaranteli.com
2020-01-30,ETH,184.55,184.69,-0.0758,bykaranteli.com
2020-01-31,BTC,9334.98,9352.89,-0.1915,bykaranteli.com
2020-01-31,ETH,179.74,179.99,-0.1389,bykaranteli.com
2020-02-01,BTC,9380.18,9384.61,-0.0472,bykaranteli.com
2020-02-01,ETH,183.5,183.6,-0.0545,bykaranteli.com
2020-02-02,BTC,9323.5,9331.51,-0.0858,bykaranteli.com
2020-02-02,ETH,188.29,188.44,-0.0796,bykaranteli.com
2020-02-03,BTC,9280.49,9292.24,-0.1264,bykaranteli.com
2020-02-03,ETH,189.42,189.69,-0.1423,bykaranteli.com
2020-02-04,BTC,9164.33,9197.02,-0.3554,bykaranteli.com
2020-02-04,ETH,188.24,188.91,-0.3547,bykaranteli.com
2020-02-05,BTC,9613.82,9612.04,0.0185,bykaranteli.com
2020-02-05,ETH,204,203.78,0.108,bykaranteli.com
2020-02-06,BTC,9763.01,9772,-0.092,bykaranteli.com
2020-02-06,ETH,212.95,213.19,-0.1126,bykaranteli.com
2020-02-07,BTC,9808.05,9813.73,-0.0579,bykaranteli.com
2020-02-07,ETH,223.22,223.33,-0.0493,bykaranteli.com
2020-02-08,BTC,9905.64,9895.05,0.107,bykaranteli.com
2020-02-08,ETH,223.37,223.05,0.1435,bykaranteli.com
2020-02-09,BTC,10168.35,10151.75,0.1635,bykaranteli.com
2020-02-09,ETH,228.8,228.49,0.1357,bykaranteli.com
2020-02-10,BTC,9851.78,9851.83,-0.0005,bykaranteli.com
2020-02-10,ETH,222.85,222.89,-0.0179,bykaranteli.com
2020-02-11,BTC,10270.01,10223.08,0.4591,bykaranteli.com
2020-02-11,ETH,237.98,236.69,0.545,bykaranteli.com
2020-02-12,BTC,10351.13,10326.46,0.2389,bykaranteli.com
2020-02-12,ETH,266.49,265.74,0.2822,bykaranteli.com
2020-02-13,BTC,10236.49,10229.63,0.0671,bykaranteli.com
2020-02-13,ETH,268.42,268.32,0.0373,bykaranteli.com
2020-02-14,BTC,10371.33,10344.36,0.2607,bykaranteli.com
2020-02-14,ETH,286.27,285.15,0.3928,bykaranteli.com
2020-02-15,BTC,9911.22,9904.72,0.0656,bykaranteli.com
2020-02-15,ETH,264.92,264.88,0.0151,bykaranteli.com
2020-02-16,BTC,9921,9917.27,0.0376,bykaranteli.com
2020-02-16,ETH,258.5,258.85,-0.1352,bykaranteli.com
2020-02-17,BTC,9700,9706,-0.0618,bykaranteli.com
2020-02-17,ETH,268.03,267.85,0.0672,bykaranteli.com
2020-02-18,BTC,10188.04,10164.71,0.2295,bykaranteli.com
2020-02-18,ETH,283.31,282.61,0.2477,bykaranteli.com
2020-02-19,BTC,9600.08,9593.79,0.0656,bykaranteli.com
2020-02-19,ETH,258.66,258.45,0.0813,bykaranteli.com
2020-02-20,BTC,9610.05,9596.42,0.142,bykaranteli.com
2020-02-20,ETH,257.4,256.96,0.1712,bykaranteli.com
2020-02-21,BTC,9695.66,9677.05,0.1923,bykaranteli.com
2020-02-21,ETH,265.8,265.27,0.1998,bykaranteli.com
2020-02-22,BTC,9668.23,9650.86,0.18,bykaranteli.com
2020-02-22,ETH,262.08,261.57,0.195,bykaranteli.com
2020-02-23,BTC,9965.01,9936.4,0.2879,bykaranteli.com
2020-02-23,ETH,275.48,274.48,0.3643,bykaranteli.com
2020-02-24,BTC,9660,9656.13,0.0401,bykaranteli.com
2020-02-24,ETH,265.31,265.52,-0.0791,bykaranteli.com
2020-02-25,BTC,9305,9315.84,-0.1164,bykaranteli.com
2020-02-25,ETH,246.5,246.67,-0.0689,bykaranteli.com
2020-02-26,BTC,8778.3,8785.25,-0.0791,bykaranteli.com
2020-02-26,ETH,223.5,223.93,-0.192,bykaranteli.com
2020-02-27,BTC,8812.49,8823.21,-0.1215,bykaranteli.com
2020-02-27,ETH,227.63,227.79,-0.0702,bykaranteli.com
2020-02-28,BTC,8708.89,8692.91,0.1838,bykaranteli.com
2020-02-28,ETH,227.37,226.76,0.269,bykaranteli.com
2020-02-29,BTC,8525.07,8523.61,0.0171,bykaranteli.com
2020-02-29,ETH,217.31,217.21,0.046,bykaranteli.com
2020-03-01,BTC,8522.31,8531.88,-0.1122,bykaranteli.com
2020-03-01,ETH,217.26,217.81,-0.2525,bykaranteli.com
2020-03-02,BTC,8915,8915.24,-0.0027,bykaranteli.com
2020-03-02,ETH,232.12,231.97,0.0647,bykaranteli.com
2020-03-03,BTC,8757.84,8760.07,-0.0255,bykaranteli.com
2020-03-03,ETH,223.75,223.91,-0.0715,bykaranteli.com
2020-03-04,BTC,8760.66,8750.87,0.1119,bykaranteli.com
2020-03-04,ETH,224.56,224.26,0.1338,bykaranteli.com
2020-03-05,BTC,9070.17,9054.68,0.1711,bykaranteli.com
2020-03-05,ETH,228.64,228.38,0.1138,bykaranteli.com
2020-03-06,BTC,9158.51,9131.88,0.2916,bykaranteli.com
2020-03-06,ETH,245.56,244.88,0.2777,bykaranteli.com
2020-03-07,BTC,8901.37,8886.66,0.1655,bykaranteli.com
2020-03-07,ETH,237.75,237.23,0.2192,bykaranteli.com
2020-03-08,BTC,8037.76,8033.31,0.0554,bykaranteli.com
2020-03-08,ETH,199.46,199.43,0.015,bykaranteli.com
2020-03-09,BTC,7934.52,7929.87,0.0586,bykaranteli.com
2020-03-09,ETH,202.77,202.81,-0.0197,bykaranteli.com
2020-03-10,BTC,7894.68,7894.56,0.0015,bykaranteli.com
2020-03-10,ETH,200.5,200.7,-0.0997,bykaranteli.com
2020-03-11,BTC,7938.05,7934.52,0.0445,bykaranteli.com
2020-03-11,ETH,194.61,194.61,0,bykaranteli.com
2020-03-12,BTC,4857.1,4800,1.1896,bykaranteli.com
2020-03-12,ETH,110.3,107.82,2.3001,bykaranteli.com
2020-03-13,BTC,5637.6,5578.6,1.0576,bykaranteli.com
2020-03-13,ETH,135.51,134.06,1.0816,bykaranteli.com
2020-03-14,BTC,5165.25,5172.06,-0.1317,bykaranteli.com
2020-03-14,ETH,122.17,122.54,-0.3019,bykaranteli.com
2020-03-15,BTC,5345.35,5361.3,-0.2975,bykaranteli.com
2020-03-15,ETH,123.3,123.78,-0.3878,bykaranteli.com
2020-03-16,BTC,5037.61,5028.97,0.1718,bykaranteli.com
2020-03-16,ETH,111.38,111.02,0.3243,bykaranteli.com
2020-03-17,BTC,5331.71,5312.64,0.359,bykaranteli.com
2020-03-17,ETH,116.09,115.67,0.3631,bykaranteli.com
2020-03-18,BTC,5413.64,5393.04,0.382,bykaranteli.com
2020-03-18,ETH,118.6,118.11,0.4149,bykaranteli.com
2020-03-19,BTC,6186.26,6162.37,0.3877,bykaranteli.com
2020-03-19,ETH,136.68,136.3,0.2788,bykaranteli.com
2020-03-20,BTC,6206.1,6208.36,-0.0364,bykaranteli.com
2020-03-20,ETH,133.27,133.48,-0.1573,bykaranteli.com
2020-03-21,BTC,6198.78,6186.98,0.1907,bykaranteli.com
2020-03-21,ETH,132.79,132.66,0.098,bykaranteli.com
2020-03-22,BTC,5818.25,5816.19,0.0354,bykaranteli.com
2020-03-22,ETH,122.42,122.32,0.0818,bykaranteli.com
2020-03-23,BTC,6490.63,6467.31,0.3606,bykaranteli.com
2020-03-23,ETH,137,135.92,0.7946,bykaranteli.com
2020-03-24,BTC,6766.64,6744.72,0.325,bykaranteli.com
2020-03-24,ETH,139,138.42,0.419,bykaranteli.com
2020-03-25,BTC,6690.96,6677.43,0.2026,bykaranteli.com
2020-03-25,ETH,136.26,136.1,0.1176,bykaranteli.com
2020-03-26,BTC,6758.18,6737.36,0.309,bykaranteli.com
2020-03-26,ETH,139,138.4,0.4335,bykaranteli.com
2020-03-27,BTC,6372.36,6359.11,0.2084,bykaranteli.com
2020-03-27,ETH,131.56,131.33,0.1751,bykaranteli.com
2020-03-28,BTC,6251.82,6236.65,0.2432,bykaranteli.com
2020-03-28,ETH,131.35,130.98,0.2825,bykaranteli.com
2020-03-29,BTC,5877.21,5881.42,-0.0716,bykaranteli.com
2020-03-29,ETH,124.35,124.5,-0.1205,bykaranteli.com
2020-03-30,BTC,6406.4,6394.38,0.188,bykaranteli.com
2020-03-30,ETH,132.32,132.06,0.1969,bykaranteli.com
2020-03-31,BTC,6424.35,6410.44,0.217,bykaranteli.com
2020-03-31,ETH,133.08,132.72,0.2712,bykaranteli.com
2020-04-01,BTC,6666.11,6642.92,0.3491,bykaranteli.com
2020-04-01,ETH,136.14,135.69,0.3316,bykaranteli.com
2020-04-02,BTC,6804.52,6794.09,0.1535,bykaranteli.com
2020-04-02,ETH,141.53,141.28,0.177,bykaranteli.com
2020-04-03,BTC,6741.99,6734.1,0.1172,bykaranteli.com
2020-04-03,ETH,141.54,141.31,0.1628,bykaranteli.com
2020-04-04,BTC,6874.77,6856.99,0.2593,bykaranteli.com
2020-04-04,ETH,144.48,144.1,0.2637,bykaranteli.com
2020-04-05,BTC,6778.25,6772.78,0.0808,bykaranteli.com
2020-04-05,ETH,142.79,142.68,0.0771,bykaranteli.com
2020-04-06,BTC,7341.56,7329.9,0.1591,bykaranteli.com
2020-04-06,ETH,171.5,171.32,0.1051,bykaranteli.com
2020-04-07,BTC,7200.01,7197.32,0.0374,bykaranteli.com
2020-04-07,ETH,164.57,164.63,-0.0364,bykaranteli.com
2020-04-08,BTC,7370.11,7361.28,0.12,bykaranteli.com
2020-04-08,ETH,173.36,173.11,0.1444,bykaranteli.com
2020-04-09,BTC,7293.24,7283.54,0.1332,bykaranteli.com
2020-04-09,ETH,169.75,169.52,0.1357,bykaranteli.com
2020-04-10,BTC,6871.91,6858.92,0.1894,bykaranteli.com
2020-04-10,ETH,158.1,157.81,0.1838,bykaranteli.com
2020-04-11,BTC,6889.65,6876.83,0.1864,bykaranteli.com
2020-04-11,ETH,158.55,158.33,0.139,bykaranteli.com
2020-04-12,BTC,6908.13,6903.79,0.0629,bykaranteli.com
2020-04-12,ETH,158.87,158.59,0.1766,bykaranteli.com
2020-04-13,BTC,6861.21,6837.91,0.3407,bykaranteli.com
2020-04-13,ETH,156.76,156.29,0.3007,bykaranteli.com
2020-04-14,BTC,6877.37,6868.7,0.1262,bykaranteli.com
2020-04-14,ETH,158.65,158.45,0.1262,bykaranteli.com
2020-04-15,BTC,6624.12,6621.24,0.0435,bykaranteli.com
2020-04-15,ETH,152.77,152.73,0.0262,bykaranteli.com
2020-04-16,BTC,7112.64,7101.94,0.1507,bykaranteli.com
2020-04-16,ETH,172.55,172.29,0.1509,bykaranteli.com
2020-04-17,BTC,7037.46,7027.55,0.141,bykaranteli.com
2020-04-17,ETH,170.89,170.69,0.1172,bykaranteli.com
2020-04-18,BTC,7261.76,7248.6,0.1816,bykaranteli.com
2020-04-18,ETH,187.88,187.4,0.2561,bykaranteli.com
2020-04-19,BTC,7130.71,7120.74,0.14,bykaranteli.com
2020-04-19,ETH,180.39,180.03,0.2,bykaranteli.com
2020-04-20,BTC,6838.19,6826.83,0.1664,bykaranteli.com
2020-04-20,ETH,170.5,170.2,0.1763,bykaranteli.com
2020-04-21,BTC,6853.68,6841.37,0.1799,bykaranteli.com
2020-04-21,ETH,171.07,170.74,0.1933,bykaranteli.com
2020-04-22,BTC,7136.84,7125.14,0.1642,bykaranteli.com
2020-04-22,ETH,183.11,182.7,0.2244,bykaranteli.com
2020-04-23,BTC,7488.83,7482.39,0.0861,bykaranteli.com
2020-04-23,ETH,185.66,185.51,0.0809,bykaranteli.com
2020-04-24,BTC,7514.64,7505,0.1284,bykaranteli.com
2020-04-24,ETH,187.84,187.59,0.1333,bykaranteli.com
2020-04-25,BTC,7547.61,7538.67,0.1186,bykaranteli.com
2020-04-25,ETH,194.42,194.21,0.1081,bykaranteli.com
2020-04-26,BTC,7706.4,7693.1,0.1729,bykaranteli.com
2020-04-26,ETH,197.83,197.38,0.228,bykaranteli.com
2020-04-27,BTC,7789.77,7774.62,0.1949,bykaranteli.com
2020-04-27,ETH,196.78,196.34,0.2241,bykaranteli.com
2020-04-28,BTC,7755.01,7738.98,0.2071,bykaranteli.com
2020-04-28,ETH,196.67,196.24,0.2191,bykaranteli.com
2020-04-29,BTC,8793.75,8778.57,0.1729,bykaranteli.com
2020-04-29,ETH,215.66,215.36,0.1393,bykaranteli.com
2020-04-30,BTC,8624.28,8620,0.0497,bykaranteli.com
2020-04-30,ETH,206.23,206.08,0.0728,bykaranteli.com
2020-05-01,BTC,8829.42,8826.96,0.0279,bykaranteli.com
2020-05-01,ETH,212.09,212.02,0.033,bykaranteli.com
2020-05-02,BTC,8985.58,8972.05,0.1508,bykaranteli.com
2020-05-02,ETH,214.25,213.9,0.1636,bykaranteli.com
2020-05-03,BTC,8909.95,8894.16,0.1775,bykaranteli.com
2020-05-03,ETH,210.24,209.86,0.1811,bykaranteli.com
2020-05-04,BTC,8883.53,8871.96,0.1304,bykaranteli.com
2020-05-04,ETH,206.86,206.48,0.184,bykaranteli.com
2020-05-05,BTC,9028.79,9021.83,0.0771,bykaranteli.com
2020-05-05,ETH,205.43,205.29,0.0682,bykaranteli.com
2020-05-06,BTC,9155.79,9142.92,0.1408,bykaranteli.com
2020-05-06,ETH,199.26,198.97,0.1458,bykaranteli.com
2020-05-07,BTC,10004.77,9986.4,0.184,bykaranteli.com
2020-05-07,ETH,212.47,212,0.2217,bykaranteli.com
2020-05-08,BTC,9810,9800.01,0.1019,bykaranteli.com
2020-05-08,ETH,211.59,211.31,0.1325,bykaranteli.com
2020-05-09,BTC,9537.21,9539.4,-0.023,bykaranteli.com
2020-05-09,ETH,210,210.07,-0.0333,bykaranteli.com
2020-05-10,BTC,8729.86,8722.77,0.0813,bykaranteli.com
2020-05-10,ETH,187.73,187.54,0.1013,bykaranteli.com
2020-05-11,BTC,8572.4,8561.52,0.1271,bykaranteli.com
2020-05-11,ETH,185.93,185.73,0.1077,bykaranteli.com
2020-05-12,BTC,8821.42,8810.79,0.1206,bykaranteli.com
2020-05-12,ETH,190.1,189.76,0.1792,bykaranteli.com
2020-05-13,BTC,9321.26,9309.37,0.1277,bykaranteli.com
2020-05-13,ETH,199.92,199.58,0.1704,bykaranteli.com
2020-05-14,BTC,9795.34,9791.98,0.0343,bykaranteli.com
2020-05-14,ETH,203.4,203.29,0.0541,bykaranteli.com
2020-05-15,BTC,9312.1,9316.42,-0.0464,bykaranteli.com
2020-05-15,ETH,194.7,194.86,-0.0821,bykaranteli.com
2020-05-16,BTC,9383.16,9381.27,0.0201,bykaranteli.com
2020-05-16,ETH,200.53,200.45,0.0399,bykaranteli.com
2020-05-17,BTC,9676.63,9680.04,-0.0352,bykaranteli.com
2020-05-17,ETH,207.05,207,0.0242,bykaranteli.com
2020-05-18,BTC,9728.52,9733.93,-0.0556,bykaranteli.com
2020-05-18,ETH,214.97,214.91,0.0279,bykaranteli.com
2020-05-19,BTC,9783.76,9775.53,0.0842,bykaranteli.com
2020-05-19,ETH,214.71,214.58,0.0606,bykaranteli.com
2020-05-20,BTC,9509.41,9511.43,-0.0212,bykaranteli.com
2020-05-20,ETH,209.96,209.98,-0.0095,bykaranteli.com
2020-05-21,BTC,9061.96,9068.65,-0.0738,bykaranteli.com
2020-05-21,ETH,198.62,198.74,-0.0604,bykaranteli.com
2020-05-22,BTC,9168.84,9170,-0.0126,bykaranteli.com
2020-05-22,ETH,207.32,207.36,-0.0193,bykaranteli.com
2020-05-23,BTC,9181.76,9179.15,0.0284,bykaranteli.com
2020-05-23,ETH,206.66,206.6,0.029,bykaranteli.com
2020-05-24,BTC,8715.73,8720.34,-0.0529,bykaranteli.com
2020-05-24,ETH,199.63,199.9,-0.1351,bykaranteli.com
2020-05-25,BTC,8899.31,8900.35,-0.0117,bykaranteli.com
2020-05-25,ETH,204.06,204.15,-0.0441,bykaranteli.com
2020-05-26,BTC,8844.42,8841.18,0.0366,bykaranteli.com
2020-05-26,ETH,200.91,200.89,0.01,bykaranteli.com
2020-05-27,BTC,9208.53,9204.07,0.0485,bykaranteli.com
2020-05-27,ETH,208.41,208.29,0.0576,bykaranteli.com
2020-05-28,BTC,9580.19,9575.89,0.0449,bykaranteli.com
2020-05-28,ETH,220.44,220.21,0.1044,bykaranteli.com
2020-05-29,BTC,9423.84,9427.07,-0.0343,bykaranteli.com
2020-05-29,ETH,220.62,220.67,-0.0227,bykaranteli.com
2020-05-30,BTC,9700.33,9697.72,0.0269,bykaranteli.com
2020-05-30,ETH,243.84,243.66,0.0739,bykaranteli.com
2020-05-31,BTC,9446.57,9448.27,-0.018,bykaranteli.com
2020-05-31,ETH,231.54,231.57,-0.013,bykaranteli.com
2020-06-01,BTC,10208.96,10200.77,0.0803,bykaranteli.com
2020-06-01,ETH,248.41,248.23,0.0725,bykaranteli.com
2020-06-02,BTC,9522.46,9518.04,0.0464,bykaranteli.com
2020-06-02,ETH,237.71,237.71,0,bykaranteli.com
2020-06-03,BTC,9668.07,9666.24,0.0189,bykaranteli.com
2020-06-03,ETH,244.6,244.52,0.0327,bykaranteli.com
2020-06-04,BTC,9788.03,9789.06,-0.0105,bykaranteli.com
2020-06-04,ETH,243.18,243.21,-0.0123,bykaranteli.com
2020-06-05,BTC,9613.21,9621.16,-0.0826,bykaranteli.com
2020-06-05,ETH,240.04,240.03,0.0042,bykaranteli.com
2020-06-06,BTC,9671.7,9666.3,0.0559,bykaranteli.com
2020-06-06,ETH,241.92,241.94,-0.0083,bykaranteli.com
2020-06-07,BTC,9750.12,9746.99,0.0321,bykaranteli.com
2020-06-07,ETH,244.81,244.56,0.1022,bykaranteli.com
2020-06-08,BTC,9781.51,9782.01,-0.0051,bykaranteli.com
2020-06-08,ETH,246.55,246.4,0.0609,bykaranteli.com
2020-06-09,BTC,9779.41,9772.43,0.0714,bykaranteli.com
2020-06-09,ETH,244.03,243.8,0.0943,bykaranteli.com
2020-06-10,BTC,9894.04,9885,0.0915,bykaranteli.com
2020-06-10,ETH,248.16,247.78,0.1534,bykaranteli.com
2020-06-11,BTC,9268.16,9280.4,-0.1319,bykaranteli.com
2020-06-11,ETH,230.15,230.51,-0.1562,bykaranteli.com
2020-06-12,BTC,9464.17,9465.13,-0.0101,bykaranteli.com
2020-06-12,ETH,237.53,237.55,-0.0084,bykaranteli.com
2020-06-13,BTC,9475,9473.34,0.0175,bykaranteli.com
2020-06-13,ETH,238.17,238.11,0.0252,bykaranteli.com
2020-06-14,BTC,9325,9342.1,-0.183,bykaranteli.com
2020-06-14,ETH,231.34,231.77,-0.1855,bykaranteli.com
2020-06-15,BTC,9432.53,9426.02,0.0691,bykaranteli.com
2020-06-15,ETH,230.98,230.86,0.052,bykaranteli.com
2020-06-16,BTC,9526.25,9525.59,0.0069,bykaranteli.com
2020-06-16,ETH,235.34,235.3,0.017,bykaranteli.com
2020-06-17,BTC,9457.51,9465.14,-0.0806,bykaranteli.com
2020-06-17,ETH,233.71,233.82,-0.047,bykaranteli.com
2020-06-18,BTC,9376.14,9386.32,-0.1085,bykaranteli.com
2020-06-18,ETH,231.05,231.27,-0.0951,bykaranteli.com
2020-06-19,BTC,9301.91,9310.23,-0.0894,bykaranteli.com
2020-06-19,ETH,228.66,229,-0.1485,bykaranteli.com
2020-06-20,BTC,9355.74,9358.95,-0.0343,bykaranteli.com
2020-06-20,ETH,228.8,228.89,-0.0393,bykaranteli.com
2020-06-21,BTC,9286.14,9294.69,-0.092,bykaranteli.com
2020-06-21,ETH,227.68,228.04,-0.1579,bykaranteli.com
2020-06-22,BTC,9690.74,9685.69,0.0521,bykaranteli.com
2020-06-22,ETH,243.23,243.13,0.0411,bykaranteli.com
2020-06-23,BTC,9623.56,9624.89,-0.0138,bykaranteli.com
2020-06-23,ETH,243.12,243.14,-0.0082,bykaranteli.com
2020-06-24,BTC,9285.91,9296.49,-0.1138,bykaranteli.com
2020-06-24,ETH,234.44,234.58,-0.0597,bykaranteli.com
2020-06-25,BTC,9243.51,9249.49,-0.0647,bykaranteli.com
2020-06-25,ETH,231.97,232.5,-0.228,bykaranteli.com
2020-06-26,BTC,9155.42,9162.21,-0.0741,bykaranteli.com
2020-06-26,ETH,229.44,229.64,-0.0871,bykaranteli.com
2020-06-27,BTC,9002.46,9012,-0.1059,bykaranteli.com
2020-06-27,ETH,220.76,220.94,-0.0815,bykaranteli.com
2020-06-28,BTC,9113.24,9116.35,-0.0341,bykaranteli.com
2020-06-28,ETH,224.76,224.93,-0.0756,bykaranteli.com
2020-06-29,BTC,9184.45,9192.56,-0.0882,bykaranteli.com
2020-06-29,ETH,227.81,227.93,-0.0526,bykaranteli.com
2020-06-30,BTC,9136.2,9138.55,-0.0257,bykaranteli.com
2020-06-30,ETH,225.48,225.6,-0.0532,bykaranteli.com
2020-07-01,BTC,9239.97,9232,0.0863,bykaranteli.com
2020-07-01,ETH,231.03,230.99,0.0173,bykaranteli.com
2020-07-02,BTC,9091.53,9086.54,0.0549,bykaranteli.com
2020-07-02,ETH,226.48,226.46,0.0088,bykaranteli.com
2020-07-03,BTC,9063.87,9058.26,0.0619,bykaranteli.com
2020-07-03,ETH,225.06,224.87,0.0845,bykaranteli.com
2020-07-04,BTC,9138.51,9135.46,0.0334,bykaranteli.com
2020-07-04,ETH,229.34,229.17,0.0742,bykaranteli.com
2020-07-05,BTC,9074.39,9069.41,0.0549,bykaranteli.com
2020-07-05,ETH,227.67,227.56,0.0483,bykaranteli.com
2020-07-06,BTC,9343.31,9344.2,-0.0095,bykaranteli.com
2020-07-06,ETH,241.65,241.6,0.0207,bykaranteli.com
2020-07-07,BTC,9253.94,9257.39,-0.0373,bykaranteli.com
2020-07-07,ETH,239.37,239.39,-0.0084,bykaranteli.com
2020-07-08,BTC,9435.28,9436.06,-0.0083,bykaranteli.com
2020-07-08,ETH,247.14,246.95,0.0769,bykaranteli.com
2020-07-09,BTC,9236.95,9232.43,0.049,bykaranteli.com
2020-07-09,ETH,242,241.98,0.0083,bykaranteli.com
2020-07-10,BTC,9291.05,9288.34,0.0292,bykaranteli.com
2020-07-10,ETH,241.2,241.26,-0.0249,bykaranteli.com
2020-07-11,BTC,9235,9234.03,0.0105,bykaranteli.com
2020-07-11,ETH,239.17,239.19,-0.0084,bykaranteli.com
2020-07-12,BTC,9303.37,9302.75,0.0067,bykaranteli.com
2020-07-12,ETH,242.81,242.79,0.0082,bykaranteli.com
2020-07-13,BTC,9236.92,9242.62,-0.0617,bykaranteli.com
2020-07-13,ETH,239.44,239.5,-0.0251,bykaranteli.com
2020-07-14,BTC,9256.94,9255.85,0.0118,bykaranteli.com
2020-07-14,ETH,240.43,240.44,-0.0042,bykaranteli.com
2020-07-15,BTC,9190.16,9197.6,-0.0809,bykaranteli.com
2020-07-15,ETH,238.33,238.61,-0.1173,bykaranteli.com
2020-07-16,BTC,9130.11,9133.72,-0.0395,bykaranteli.com
2020-07-16,ETH,233.41,233.57,-0.0685,bykaranteli.com
2020-07-17,BTC,9154.29,9154.32,-0.0003,bykaranteli.com
2020-07-17,ETH,232.63,232.67,-0.0172,bykaranteli.com
2020-07-18,BTC,9175.85,9170.28,0.0607,bykaranteli.com
2020-07-18,ETH,235.72,235.67,0.0212,bykaranteli.com
2020-07-19,BTC,9212.87,9208.99,0.0421,bykaranteli.com
2020-07-19,ETH,239.17,239.11,0.0251,bykaranteli.com
2020-07-20,BTC,9161.05,9160.78,0.0029,bykaranteli.com
2020-07-20,ETH,236.1,236.01,0.0381,bykaranteli.com
2020-07-21,BTC,9394.14,9390,0.0441,bykaranteli.com
2020-07-21,ETH,245.65,245.59,0.0244,bykaranteli.com
2020-07-22,BTC,9536.18,9518.16,0.1893,bykaranteli.com
2020-07-22,ETH,264.28,263.74,0.2047,bykaranteli.com
2020-07-23,BTC,9613.24,9603.27,0.1038,bykaranteli.com
2020-07-23,ETH,275.68,275.3,0.138,bykaranteli.com
2020-07-24,BTC,9551.21,9537.8,0.1406,bykaranteli.com
2020-07-24,ETH,279.59,279.15,0.1576,bykaranteli.com
2020-07-25,BTC,9711.33,9700.42,0.1125,bykaranteli.com
2020-07-25,ETH,305.66,305.26,0.131,bykaranteli.com
2020-07-26,BTC,9941,9931.54,0.0953,bykaranteli.com
2020-07-26,ETH,311.35,311,0.1125,bykaranteli.com
2020-07-27,BTC,11048.91,11029.96,0.1718,bykaranteli.com
2020-07-27,ETH,322.24,321.93,0.0963,bykaranteli.com
2020-07-28,BTC,10934.23,10906.27,0.2564,bykaranteli.com
2020-07-28,ETH,317.59,316.77,0.2589,bykaranteli.com
2020-07-29,BTC,11110.12,11100.53,0.0864,bykaranteli.com
2020-07-29,ETH,318.16,317.71,0.1416,bykaranteli.com
2020-07-30,BTC,11115.95,11099.61,0.1472,bykaranteli.com
2020-07-30,ETH,335.31,334.87,0.1314,bykaranteli.com
2020-07-31,BTC,11351.62,11335.46,0.1426,bykaranteli.com
2020-07-31,ETH,346.86,346.33,0.153,bykaranteli.com
2020-08-01,BTC,11810.07,11801.17,0.0754,bykaranteli.com
2020-08-01,ETH,387.4,387,0.1034,bykaranteli.com
2020-08-02,BTC,11068.54,11071.35,-0.0254,bykaranteli.com
2020-08-02,ETH,372.21,372.42,-0.0564,bykaranteli.com
2020-08-03,BTC,11233.13,11219.81,0.1187,bykaranteli.com
2020-08-03,ETH,386.22,385.94,0.0726,bykaranteli.com
2020-08-04,BTC,11197.04,11191.97,0.0453,bykaranteli.com
2020-08-04,ETH,389.82,389.61,0.0539,bykaranteli.com
2020-08-05,BTC,11756.75,11744.91,0.1008,bykaranteli.com
2020-08-05,ETH,401.21,400.72,0.1223,bykaranteli.com
2020-08-06,BTC,11773.89,11762.46,0.0972,bykaranteli.com
2020-08-06,ETH,395.28,394.77,0.1292,bykaranteli.com
2020-08-07,BTC,11606.52,11594.23,0.106,bykaranteli.com
2020-08-07,ETH,379.75,379.34,0.1081,bykaranteli.com
2020-08-08,BTC,11774.98,11761.41,0.1154,bykaranteli.com
2020-08-08,ETH,397.51,397.03,0.1209,bykaranteli.com
2020-08-09,BTC,11688.48,11681.68,0.0582,bykaranteli.com
2020-08-09,ETH,390.41,390.14,0.0692,bykaranteli.com
2020-08-10,BTC,11899.73,11892.92,0.0573,bykaranteli.com
2020-08-10,ETH,395.78,395.44,0.086,bykaranteli.com
2020-08-11,BTC,11388.53,11392.08,-0.0312,bykaranteli.com
2020-08-11,ETH,378.88,379,-0.0317,bykaranteli.com
2020-08-12,BTC,11566.45,11564.33,0.0183,bykaranteli.com
2020-08-12,ETH,387.27,387.18,0.0232,bykaranteli.com
2020-08-13,BTC,11795.95,11780,0.1354,bykaranteli.com
2020-08-13,ETH,424.94,424.54,0.0942,bykaranteli.com
2020-08-14,BTC,11779,11760.54,0.157,bykaranteli.com
2020-08-14,ETH,438.83,438.11,0.1643,bykaranteli.com
2020-08-15,BTC,11859.24,11852.4,0.0577,bykaranteli.com
2020-08-15,ETH,432.55,432.32,0.0532,bykaranteli.com
2020-08-16,BTC,11918.84,11911,0.0658,bykaranteli.com
2020-08-16,ETH,433.7,433.62,0.0184,bykaranteli.com
2020-08-17,BTC,12304.26,12281.13,0.1883,bykaranteli.com
2020-08-17,ETH,431.5,430.89,0.1416,bykaranteli.com
2020-08-18,BTC,11950,11945.01,0.0418,bykaranteli.com
2020-08-18,ETH,422.31,421.95,0.0853,bykaranteli.com
2020-08-19,BTC,11758.87,11754.59,0.0364,bykaranteli.com
2020-08-19,ETH,407.59,407.46,0.0319,bykaranteli.com
2020-08-20,BTC,11864.26,11853.55,0.0904,bykaranteli.com
2020-08-20,ETH,415.92,415.94,-0.0048,bykaranteli.com
2020-08-21,BTC,11529.22,11531.34,-0.0184,bykaranteli.com
2020-08-21,ETH,388.05,387.97,0.0206,bykaranteli.com
2020-08-22,BTC,11672.93,11662.96,0.0855,bykaranteli.com
2020-08-22,ETH,395.62,395.24,0.0961,bykaranteli.com
2020-08-23,BTC,11650.01,11648.13,0.0161,bykaranteli.com
2020-08-23,ETH,390.9,390.71,0.0486,bykaranteli.com
2020-08-24,BTC,11753.85,11748.2,0.0481,bykaranteli.com
2020-08-24,ETH,407.76,407.68,0.0196,bykaranteli.com
2020-08-25,BTC,11324.92,11318.42,0.0574,bykaranteli.com
2020-08-25,ETH,383.33,382.93,0.1045,bykaranteli.com
2020-08-26,BTC,11463.27,11461.43,0.0161,bykaranteli.com
2020-08-26,ETH,386.1,385.81,0.0752,bykaranteli.com
2020-08-27,BTC,11330.06,11330.38,-0.0028,bykaranteli.com
2020-08-27,ETH,383.25,383.27,-0.0052,bykaranteli.com
2020-08-28,BTC,11535,11526.91,0.0702,bykaranteli.com
2020-08-28,ETH,395.47,395.11,0.0911,bykaranteli.com
2020-08-29,BTC,11474.31,11465.84,0.0739,bykaranteli.com
2020-08-29,ETH,398.58,398.65,-0.0176,bykaranteli.com
2020-08-30,BTC,11716.01,11711.16,0.0414,bykaranteli.com
2020-08-30,ETH,428.94,428.94,0,bykaranteli.com
2020-08-31,BTC,11655,11649.51,0.0471,bykaranteli.com
2020-08-31,ETH,433.89,433.79,0.0231,bykaranteli.com
2020-09-01,BTC,11924.22,11921.97,0.0189,bykaranteli.com
2020-09-01,ETH,475.57,475.4,0.0358,bykaranteli.com
2020-09-02,BTC,11395.48,11388.54,0.0609,bykaranteli.com
2020-09-02,ETH,440.02,439.5,0.1183,bykaranteli.com
2020-09-03,BTC,10172.52,10140.85,0.3123,bykaranteli.com
2020-09-03,ETH,382.87,381.4,0.3854,bykaranteli.com
2020-09-04,BTC,10500.05,10446.25,0.515,bykaranteli.com
2020-09-04,ETH,388.96,385.26,0.9604,bykaranteli.com
2020-09-05,BTC,10168.36,10166.69,0.0164,bykaranteli.com
2020-09-05,ETH,335.25,335.01,0.0716,bykaranteli.com
2020-09-06,BTC,10257.86,10256.2,0.0162,bykaranteli.com
2020-09-06,ETH,352.77,352.8,-0.0085,bykaranteli.com
2020-09-07,BTC,10375,10373.44,0.015,bykaranteli.com
2020-09-07,ETH,353.71,353.59,0.0339,bykaranteli.com
2020-09-08,BTC,10125.69,10126.65,-0.0095,bykaranteli.com
2020-09-08,ETH,337.48,337.39,0.0267,bykaranteli.com
2020-09-09,BTC,10224.56,10219.2,0.0525,bykaranteli.com
2020-09-09,ETH,351.1,350.85,0.0713,bykaranteli.com
2020-09-10,BTC,10343.23,10336.87,0.0615,bykaranteli.com
2020-09-10,ETH,368.06,367.93,0.0353,bykaranteli.com
2020-09-11,BTC,10394.41,10387.89,0.0628,bykaranteli.com
2020-09-11,ETH,373.93,373.63,0.0803,bykaranteli.com
2020-09-12,BTC,10446.52,10440.92,0.0536,bykaranteli.com
2020-09-12,ETH,387.81,387.78,0.0077,bykaranteli.com
2020-09-13,BTC,10336.76,10332.83,0.038,bykaranteli.com
2020-09-13,ETH,366.58,366.42,0.0437,bykaranteli.com
2020-09-14,BTC,10679.95,10671.77,0.0767,bykaranteli.com
2020-09-14,ETH,377.28,377.12,0.0424,bykaranteli.com
2020-09-15,BTC,10783.75,10785.31,-0.0145,bykaranteli.com
2020-09-15,ETH,364.2,364.06,0.0385,bykaranteli.com
2020-09-16,BTC,10959.61,10954.01,0.0511,bykaranteli.com
2020-09-16,ETH,365.23,365.11,0.0329,bykaranteli.com
2020-09-17,BTC,10943.61,10939.99,0.0331,bykaranteli.com
2020-09-17,ETH,389.45,389.36,0.0231,bykaranteli.com
2020-09-18,BTC,10937.52,10933.39,0.0378,bykaranteli.com
2020-09-18,ETH,384.64,384.39,0.065,bykaranteli.com
2020-09-19,BTC,11080,11080.65,-0.0059,bykaranteli.com
2020-09-19,ETH,385.23,385.25,-0.0052,bykaranteli.com
2020-09-20,BTC,10920.89,10920.28,0.0056,bykaranteli.com
2020-09-20,ETH,370.69,371.04,-0.0943,bykaranteli.com
2020-09-21,BTC,10416.82,10417.22,-0.0038,bykaranteli.com
2020-09-21,ETH,340.11,340.36,-0.0735,bykaranteli.com
2020-09-22,BTC,10531.13,10529.61,0.0144,bykaranteli.com
2020-09-22,ETH,344.26,344.21,0.0145,bykaranteli.com
2020-09-23,BTC,10235.1,10241.46,-0.0621,bykaranteli.com
2020-09-23,ETH,320.63,320.72,-0.0281,bykaranteli.com
2020-09-24,BTC,10740.01,10736.32,0.0344,bykaranteli.com
2020-09-24,ETH,349.14,348.97,0.0487,bykaranteli.com
2020-09-25,BTC,10690.53,10686.67,0.0361,bykaranteli.com
2020-09-25,ETH,352.11,351.92,0.054,bykaranteli.com
2020-09-26,BTC,10730,10728.6,0.013,bykaranteli.com
2020-09-26,ETH,354.13,353.92,0.0593,bykaranteli.com
2020-09-27,BTC,10778.2,10774.25,0.0367,bykaranteli.com
2020-09-27,ETH,357.55,357.49,0.0168,bykaranteli.com
2020-09-28,BTC,10695.55,10696.12,-0.0053,bykaranteli.com
2020-09-28,ETH,353.91,353.96,-0.0141,bykaranteli.com
2020-09-29,BTC,10840.73,10840.48,0.0023,bykaranteli.com
2020-09-29,ETH,359.9,359.79,0.0306,bykaranteli.com
2020-09-30,BTC,10779.63,10776.59,0.0282,bykaranteli.com
2020-09-30,ETH,359.89,359.83,0.0167,bykaranteli.com
2020-10-01,BTC,10617.63,10619.13,-0.0141,bykaranteli.com
2020-10-01,ETH,352.9,352.85,0.0142,bykaranteli.com
2020-10-02,BTC,10573.12,10570.4,0.0257,bykaranteli.com
2020-10-02,ETH,345.7,345.6,0.0289,bykaranteli.com
2020-10-03,BTC,10551.65,10542.06,0.091,bykaranteli.com
2020-10-03,ETH,346.18,345.95,0.0665,bykaranteli.com
2020-10-04,BTC,10671.11,10666.63,0.042,bykaranteli.com
2020-10-04,ETH,352.48,352.37,0.0312,bykaranteli.com
2020-10-05,BTC,10795,10792.21,0.0259,bykaranteli.com
2020-10-05,ETH,353.73,353.62,0.0311,bykaranteli.com
2020-10-06,BTC,10602.66,10599.66,0.0283,bykaranteli.com
2020-10-06,ETH,340.78,340.75,0.0088,bykaranteli.com
2020-10-07,BTC,10670.47,10666.39,0.0383,bykaranteli.com
2020-10-07,ETH,341.68,341.58,0.0293,bykaranteli.com
2020-10-08,BTC,10933.09,10925.57,0.0688,bykaranteli.com
2020-10-08,ETH,351.25,350.95,0.0855,bykaranteli.com
2020-10-09,BTC,11057.07,11050.64,0.0582,bykaranteli.com
2020-10-09,ETH,365.36,365.02,0.0931,bykaranteli.com
2020-10-10,BTC,11299.5,11293.22,0.0556,bykaranteli.com
2020-10-10,ETH,370.75,370.52,0.0621,bykaranteli.com
2020-10-11,BTC,11374.01,11369.02,0.0439,bykaranteli.com
2020-10-11,ETH,374.38,374.16,0.0588,bykaranteli.com
2020-10-12,BTC,11535.46,11528.25,0.0625,bykaranteli.com
2020-10-12,ETH,386.74,386.51,0.0595,bykaranteli.com
2020-10-13,BTC,11428.22,11420.56,0.0671,bykaranteli.com
2020-10-13,ETH,381.37,381.04,0.0866,bykaranteli.com
2020-10-14,BTC,11427.7,11417.89,0.0859,bykaranteli.com
2020-10-14,ETH,378.97,378.69,0.0739,bykaranteli.com
2020-10-15,BTC,11509.34,11505.12,0.0367,bykaranteli.com
2020-10-15,ETH,377.94,377.64,0.0794,bykaranteli.com
2020-10-16,BTC,11328.95,11319.32,0.0851,bykaranteli.com
2020-10-16,ETH,365.57,365.5,0.0192,bykaranteli.com
2020-10-17,BTC,11367.89,11360.2,0.0677,bykaranteli.com
2020-10-17,ETH,368.48,368.32,0.0434,bykaranteli.com
2020-10-18,BTC,11514.2,11503.14,0.0961,bykaranteli.com
2020-10-18,ETH,378.58,378.11,0.1243,bykaranteli.com
2020-10-19,BTC,11760.45,11751.47,0.0764,bykaranteli.com
2020-10-19,ETH,379.36,379.3,0.0158,bykaranteli.com
2020-10-20,BTC,11923.83,11909.99,0.1162,bykaranteli.com
2020-10-20,ETH,368.81,368.52,0.0787,bykaranteli.com
2020-10-21,BTC,12808,12780.96,0.2116,bykaranteli.com
2020-10-21,ETH,391.53,390.38,0.2946,bykaranteli.com
2020-10-22,BTC,12987.02,12968.52,0.1427,bykaranteli.com
2020-10-22,ETH,414.7,413.98,0.1739,bykaranteli.com
2020-10-23,BTC,12937.09,12923.07,0.1085,bykaranteli.com
2020-10-23,ETH,409.52,409.11,0.1002,bykaranteli.com
2020-10-24,BTC,13126.24,13111.73,0.1107,bykaranteli.com
2020-10-24,ETH,412.58,412.14,0.1068,bykaranteli.com
2020-10-25,BTC,13045,13028.83,0.1241,bykaranteli.com
2020-10-25,ETH,406.46,405.86,0.1478,bykaranteli.com
2020-10-26,BTC,13068.79,13052.19,0.1272,bykaranteli.com
2020-10-26,ETH,393.12,392.52,0.1529,bykaranteli.com
2020-10-27,BTC,13698.18,13636.17,0.4547,bykaranteli.com
2020-10-27,ETH,404.55,403.45,0.2726,bykaranteli.com
2020-10-28,BTC,13281.05,13266.4,0.1104,bykaranteli.com
2020-10-28,ETH,388.63,388.23,0.103,bykaranteli.com
2020-10-29,BTC,13460,13455.7,0.032,bykaranteli.com
2020-10-29,ETH,387.6,387.13,0.1214,bykaranteli.com
2020-10-30,BTC,13571.51,13560.1,0.0841,bykaranteli.com
2020-10-30,ETH,382.77,382.49,0.0732,bykaranteli.com
2020-10-31,BTC,13804.81,13791,0.1001,bykaranteli.com
2020-10-31,ETH,386.74,386.46,0.0725,bykaranteli.com
2020-11-01,BTC,13771.59,13761.5,0.0733,bykaranteli.com
2020-11-01,ETH,396.91,396.67,0.0605,bykaranteli.com
2020-11-02,BTC,13563.22,13549.37,0.1022,bykaranteli.com
2020-11-02,ETH,383.33,383.02,0.0809,bykaranteli.com
2020-11-03,BTC,14035.8,14023.53,0.0875,bykaranteli.com
2020-11-03,ETH,388.32,387.88,0.1134,bykaranteli.com
2020-11-04,BTC,14161.48,14144.01,0.1235,bykaranteli.com
2020-11-04,ETH,403.18,402.49,0.1714,bykaranteli.com
2020-11-05,BTC,15608.21,15590.02,0.1167,bykaranteli.com
2020-11-05,ETH,417.17,416.69,0.1152,bykaranteli.com
2020-11-06,BTC,15599.95,15579.92,0.1286,bykaranteli.com
2020-11-06,ETH,456.65,455.91,0.1623,bykaranteli.com
2020-11-07,BTC,14834.09,14818.3,0.1066,bykaranteli.com
2020-11-07,ETH,435.73,435.21,0.1195,bykaranteli.com
2020-11-08,BTC,15482.9,15475.1,0.0504,bykaranteli.com
2020-11-08,ETH,454.61,454.3,0.0682,bykaranteli.com
2020-11-09,BTC,15342.25,15328.41,0.0903,bykaranteli.com
2020-11-09,ETH,444.81,444.32,0.1103,bykaranteli.com
2020-11-10,BTC,15315.03,15297.21,0.1165,bykaranteli.com
2020-11-10,ETH,450.89,450.34,0.1221,bykaranteli.com
2020-11-11,BTC,15705.79,15684.24,0.1374,bykaranteli.com
2020-11-11,ETH,463.79,463.09,0.1512,bykaranteli.com
2020-11-12,BTC,16310.81,16291.86,0.1163,bykaranteli.com
2020-11-12,ETH,462.98,462.39,0.1276,bykaranteli.com
2020-11-13,BTC,16339.56,16320.7,0.1156,bykaranteli.com
2020-11-13,ETH,477.14,476.43,0.149,bykaranteli.com
2020-11-14,BTC,16082.01,16070.45,0.0719,bykaranteli.com
2020-11-14,ETH,461.16,460.89,0.0586,bykaranteli.com
2020-11-15,BTC,15966.89,15957,0.062,bykaranteli.com
2020-11-15,ETH,448.58,448.08,0.1116,bykaranteli.com
2020-11-16,BTC,16726.64,16713.57,0.0782,bykaranteli.com
2020-11-16,ETH,460.85,460.55,0.0651,bykaranteli.com
2020-11-17,BTC,17679.36,17659.38,0.1131,bykaranteli.com
2020-11-17,ETH,482.68,482.15,0.1099,bykaranteli.com
2020-11-18,BTC,17782.91,17776.12,0.0382,bykaranteli.com
2020-11-18,ETH,478.96,478.41,0.115,bykaranteli.com
2020-11-19,BTC,17821.58,17802.82,0.1054,bykaranteli.com
2020-11-19,ETH,471.92,471.25,0.1422,bykaranteli.com
2020-11-20,BTC,18675.25,18655.67,0.105,bykaranteli.com
2020-11-20,ETH,510.43,510.12,0.0608,bykaranteli.com
2020-11-21,BTC,18721.21,18703.8,0.0931,bykaranteli.com
2020-11-21,ETH,553.07,552.35,0.1304,bykaranteli.com
2020-11-22,BTC,18437.66,18414.43,0.1262,bykaranteli.com
2020-11-22,ETH,560.82,560.03,0.1411,bykaranteli.com
2020-11-23,BTC,18384.82,18368,0.0916,bykaranteli.com
2020-11-23,ETH,609.26,608.58,0.1117,bykaranteli.com
2020-11-24,BTC,19172.84,19160.01,0.067,bykaranteli.com
2020-11-24,ETH,605.45,604.97,0.0793,bykaranteli.com
2020-11-25,BTC,18721.93,18719.11,0.0151,bykaranteli.com
2020-11-25,ETH,568.79,569.5,-0.1247,bykaranteli.com
2020-11-26,BTC,17170,17149.47,0.1197,bykaranteli.com
2020-11-26,ETH,520.34,519.83,0.0981,bykaranteli.com
2020-11-27,BTC,17153.95,17139.52,0.0842,bykaranteli.com
2020-11-27,ETH,519.07,518.68,0.0752,bykaranteli.com
2020-11-28,BTC,17739.85,17719.85,0.1129,bykaranteli.com
2020-11-28,ETH,538.11,537.52,0.1098,bykaranteli.com
2020-11-29,BTC,18202.04,18184.99,0.0938,bykaranteli.com
2020-11-29,ETH,576.76,576.3,0.0798,bykaranteli.com
2020-11-30,BTC,19713.94,19695.87,0.0917,bykaranteli.com
2020-11-30,ETH,617,616.66,0.0551,bykaranteli.com
2020-12-01,BTC,18782.97,18764.96,0.096,bykaranteli.com
2020-12-01,ETH,586.03,585.26,0.1316,bykaranteli.com
2020-12-02,BTC,19225.63,19204.09,0.1122,bykaranteli.com
2020-12-02,ETH,597.35,596.89,0.0771,bykaranteli.com
2020-12-03,BTC,19448.64,19421.9,0.1377,bykaranteli.com
2020-12-03,ETH,616.65,615.85,0.1299,bykaranteli.com
2020-12-04,BTC,18658.1,18650.52,0.0406,bykaranteli.com
2020-12-04,ETH,567.6,567.24,0.0635,bykaranteli.com
2020-12-05,BTC,19158.96,19147.66,0.059,bykaranteli.com
2020-12-05,ETH,597.29,596.8,0.0821,bykaranteli.com
2020-12-06,BTC,19375.6,19359.4,0.0837,bykaranteli.com
2020-12-06,ETH,601.95,601.54,0.0682,bykaranteli.com
2020-12-07,BTC,19177.71,19166.9,0.0564,bykaranteli.com
2020-12-07,ETH,591.47,591.28,0.0321,bykaranteli.com
2020-12-08,BTC,18316.22,18324.11,-0.0431,bykaranteli.com
2020-12-08,ETH,554.79,554.94,-0.027,bykaranteli.com
2020-12-09,BTC,18546.55,18541.28,0.0284,bykaranteli.com
2020-12-09,ETH,573.38,573.09,0.0506,bykaranteli.com
2020-12-10,BTC,18253.44,18254.63,-0.0065,bykaranteli.com
2020-12-10,ETH,559.45,558.99,0.0823,bykaranteli.com
2020-12-11,BTC,18042.15,18036.53,0.0312,bykaranteli.com
2020-12-11,ETH,544.23,544.43,-0.0367,bykaranteli.com
2020-12-12,BTC,18821.28,18808.69,0.0669,bykaranteli.com
2020-12-12,ETH,568.64,568.04,0.1056,bykaranteli.com
2020-12-13,BTC,19166.65,19174.99,-0.0435,bykaranteli.com
2020-12-13,ETH,590.75,590.7,0.0085,bykaranteli.com
2020-12-14,BTC,19272.37,19273.14,-0.004,bykaranteli.com
2020-12-14,ETH,586.39,586.29,0.0171,bykaranteli.com
2020-12-15,BTC,19444.6,19426.43,0.0935,bykaranteli.com
2020-12-15,ETH,589.08,588.64,0.0747,bykaranteli.com
2020-12-16,BTC,21359.65,21335.52,0.1131,bykaranteli.com
2020-12-16,ETH,637.98,637.18,0.1256,bykaranteli.com
2020-12-17,BTC,22826.48,22797.16,0.1286,bykaranteli.com
2020-12-17,ETH,643.37,642.7,0.1042,bykaranteli.com
2020-12-18,BTC,23137.76,23107.39,0.1314,bykaranteli.com
2020-12-18,ETH,654.66,653.85,0.1239,bykaranteli.com
2020-12-19,BTC,23849.99,23821.61,0.1191,bykaranteli.com
2020-12-19,ETH,658.96,658.03,0.1413,bykaranteli.com
2020-12-20,BTC,23476.51,23455.52,0.0895,bykaranteli.com
2020-12-20,ETH,638.4,638.18,0.0345,bykaranteli.com
2020-12-21,BTC,22729.4,22719.71,0.0427,bykaranteli.com
2020-12-21,ETH,608.07,607.58,0.0806,bykaranteli.com
2020-12-22,BTC,23823.27,23810.79,0.0524,bykaranteli.com
2020-12-22,ETH,636.82,636.45,0.0581,bykaranteli.com
2020-12-23,BTC,23228.35,23232.76,-0.019,bykaranteli.com
2020-12-23,ETH,585.11,585.56,-0.0768,bykaranteli.com
2020-12-24,BTC,23717.96,23729.2,-0.0474,bykaranteli.com
2020-12-24,ETH,612.27,612.31,-0.0065,bykaranteli.com
2020-12-25,BTC,24704.71,24712.47,-0.0314,bykaranteli.com
2020-12-25,ETH,626.75,626.82,-0.0112,bykaranteli.com
2020-12-26,BTC,26475.35,26493.39,-0.0681,bykaranteli.com
2020-12-26,ETH,636.52,637.44,-0.1443,bykaranteli.com
2020-12-27,BTC,26258.65,26281.66,-0.0876,bykaranteli.com
2020-12-27,ETH,684.12,685.11,-0.1445,bykaranteli.com
2020-12-28,BTC,27040.36,27079.41,-0.1442,bykaranteli.com
2020-12-28,ETH,729.7,730.41,-0.0972,bykaranteli.com
2020-12-29,BTC,27366.35,27385,-0.0681,bykaranteli.com
2020-12-29,ETH,731.76,732,-0.0328,bykaranteli.com
2020-12-30,BTC,28897.42,28875.54,0.0758,bykaranteli.com
2020-12-30,ETH,752.86,752.17,0.0917,bykaranteli.com
2020-12-31,BTC,28990.08,28923.63,0.2297,bykaranteli.com
2020-12-31,ETH,737.67,736.42,0.1697,bykaranteli.com
2021-01-01,BTC,29412.84,29331.69,0.2767,bykaranteli.com
2021-01-01,ETH,730.99,728.91,0.2854,bykaranteli.com
2021-01-02,BTC,32225.91,32178.33,0.1479,bykaranteli.com
2021-01-02,ETH,775.3,774.56,0.0955,bykaranteli.com
2021-01-03,BTC,33080.66,33000.05,0.2443,bykaranteli.com
2021-01-03,ETH,980.44,978.28,0.2208,bykaranteli.com
2021-01-04,BTC,32019.99,31988.71,0.0978,bykaranteli.com
2021-01-04,ETH,1042.38,1041.43,0.0912,bykaranteli.com
2021-01-05,BTC,34030.64,33949.53,0.2389,bykaranteli.com
2021-01-05,ETH,1103.73,1099.56,0.3792,bykaranteli.com
2021-01-06,BTC,36859.26,36769.36,0.2445,bykaranteli.com
2021-01-06,ETH,1212.02,1208.42,0.2979,bykaranteli.com
2021-01-07,BTC,39505.56,39432.28,0.1858,bykaranteli.com
2021-01-07,ETH,1227.34,1224.87,0.2017,bykaranteli.com
2021-01-08,BTC,40665.15,40582.81,0.2029,bykaranteli.com
2021-01-08,ETH,1217.35,1216.93,0.0345,bykaranteli.com
2021-01-09,BTC,40257.43,40088.22,0.4221,bykaranteli.com
2021-01-09,ETH,1281.45,1276,0.4271,bykaranteli.com
2021-01-10,BTC,38171.57,38150.02,0.0565,bykaranteli.com
2021-01-10,ETH,1255.13,1254.25,0.0702,bykaranteli.com
2021-01-11,BTC,35452.59,35404.47,0.1359,bykaranteli.com
2021-01-11,ETH,1088.79,1087.01,0.1638,bykaranteli.com
2021-01-12,BTC,34038.98,34051.24,-0.036,bykaranteli.com
2021-01-12,ETH,1049.79,1050.16,-0.0352,bykaranteli.com
2021-01-13,BTC,37393.66,37371.38,0.0596,bykaranteli.com
2021-01-13,ETH,1130.8,1129.89,0.0805,bykaranteli.com
2021-01-14,BTC,39125.14,39144.5,-0.0495,bykaranteli.com
2021-01-14,ETH,1231.32,1231.62,-0.0244,bykaranteli.com
2021-01-15,BTC,36754.67,36742.22,0.0339,bykaranteli.com
2021-01-15,ETH,1168.1,1168.53,-0.0368,bykaranteli.com
2021-01-16,BTC,36006.94,35994.98,0.0332,bykaranteli.com
2021-01-16,ETH,1227.14,1227.83,-0.0562,bykaranteli.com
2021-01-17,BTC,35820,35828.61,-0.024,bykaranteli.com
2021-01-17,ETH,1232.99,1232.45,0.0438,bykaranteli.com
2021-01-18,BTC,36624.23,36631.27,-0.0192,bykaranteli.com
2021-01-18,ETH,1258.48,1258.45,0.0024,bykaranteli.com
2021-01-19,BTC,35917.28,35891.49,0.0719,bykaranteli.com
2021-01-19,ETH,1368.04,1365.36,0.1963,bykaranteli.com
2021-01-20,BTC,35503.09,35468.23,0.0983,bykaranteli.com
2021-01-20,ETH,1376.88,1376.99,-0.008,bykaranteli.com
2021-01-21,BTC,30855.95,30850.13,0.0189,bykaranteli.com
2021-01-21,ETH,1110.62,1110.96,-0.0306,bykaranteli.com
2021-01-22,BTC,32984.93,32945.17,0.1207,bykaranteli.com
2021-01-22,ETH,1233.6,1232.62,0.0795,bykaranteli.com
2021-01-23,BTC,32112.01,32078,0.106,bykaranteli.com
2021-01-23,ETH,1234.55,1233.6,0.077,bykaranteli.com
2021-01-24,BTC,32288.56,32259.9,0.0888,bykaranteli.com
2021-01-24,ETH,1394,1392.51,0.107,bykaranteli.com
2021-01-25,BTC,32261.87,32254.2,0.0238,bykaranteli.com
2021-01-25,ETH,1317.97,1317.88,0.0068,bykaranteli.com
2021-01-26,BTC,32510.82,32467.77,0.1326,bykaranteli.com
2021-01-26,ETH,1367.98,1365.97,0.1471,bykaranteli.com
2021-01-27,BTC,30407.13,30366.15,0.135,bykaranteli.com
2021-01-27,ETH,1240.96,1239.03,0.1558,bykaranteli.com
2021-01-28,BTC,33488.99,33364.86,0.372,bykaranteli.com
2021-01-28,ETH,1333.19,1329.69,0.2632,bykaranteli.com
2021-01-29,BTC,34262.11,34252.2,0.0289,bykaranteli.com
2021-01-29,ETH,1379.87,1379.5,0.0268,bykaranteli.com
2021-01-30,BTC,34315.63,34262.88,0.154,bykaranteli.com
2021-01-30,ETH,1380,1378.05,0.1415,bykaranteli.com
2021-01-31,BTC,33137.74,33092.98,0.1353,bykaranteli.com
2021-01-31,ETH,1313.94,1312.55,0.1059,bykaranteli.com
2021-02-01,BTC,33533.19,33526.37,0.0203,bykaranteli.com
2021-02-01,ETH,1374.6,1374.17,0.0313,bykaranteli.com
2021-02-02,BTC,35512.67,35466.24,0.1309,bykaranteli.com
2021-02-02,ETH,1513.67,1511.87,0.1191,bykaranteli.com
2021-02-03,BTC,37678.37,37618.87,0.1582,bykaranteli.com
2021-02-03,ETH,1668.72,1664.49,0.2541,bykaranteli.com
2021-02-04,BTC,36975,36936.66,0.1038,bykaranteli.com
2021-02-04,ETH,1597.55,1595.67,0.1178,bykaranteli.com
2021-02-05,BTC,38311.49,38290.24,0.0555,bykaranteli.com
2021-02-05,ETH,1721.06,1719.19,0.1088,bykaranteli.com
2021-02-06,BTC,39265.43,39186.94,0.2003,bykaranteli.com
2021-02-06,ETH,1679.77,1676.35,0.204,bykaranteli.com
2021-02-07,BTC,38871.42,38795.69,0.1952,bykaranteli.com
2021-02-07,ETH,1615.32,1611.62,0.2296,bykaranteli.com
2021-02-08,BTC,46448.1,46374.87,0.1579,bykaranteli.com
2021-02-08,ETH,1752.98,1750.15,0.1617,bykaranteli.com
2021-02-09,BTC,46514.73,46420.42,0.2032,bykaranteli.com
2021-02-09,ETH,1772.16,1769.13,0.1713,bykaranteli.com
2021-02-10,BTC,44850,44807.58,0.0947,bykaranteli.com
2021-02-10,ETH,1742.93,1740.78,0.1235,bykaranteli.com
2021-02-11,BTC,47997.91,47969.51,0.0592,bykaranteli.com
2021-02-11,ETH,1787.32,1785.62,0.0952,bykaranteli.com
2021-02-12,BTC,47408.34,47287.6,0.2553,bykaranteli.com
2021-02-12,ETH,1845,1840.26,0.2576,bykaranteli.com
2021-02-13,BTC,47232.45,47153.69,0.167,bykaranteli.com
2021-02-13,ETH,1818.01,1814.96,0.168,bykaranteli.com
2021-02-14,BTC,48680.69,48577.79,0.2118,bykaranteli.com
2021-02-14,ETH,1803.75,1800.42,0.185,bykaranteli.com
2021-02-15,BTC,47936.37,47911.1,0.0527,bykaranteli.com
2021-02-15,ETH,1779.62,1779.25,0.0208,bykaranteli.com
2021-02-16,BTC,49158.71,49133.45,0.0514,bykaranteli.com
2021-02-16,ETH,1781.97,1781.99,-0.0011,bykaranteli.com
2021-02-17,BTC,52170.01,52119.71,0.0965,bykaranteli.com
2021-02-17,ETH,1852,1849.88,0.1146,bykaranteli.com
2021-02-18,BTC,51601.73,51552.6,0.0953,bykaranteli.com
2021-02-18,ETH,1939.64,1939.61,0.0015,bykaranteli.com
2021-02-19,BTC,55983.56,55906,0.1387,bykaranteli.com
2021-02-19,ETH,1957.68,1955,0.1371,bykaranteli.com
2021-02-20,BTC,55923.52,55841.19,0.1474,bykaranteli.com
2021-02-20,ETH,1915.46,1913,0.1286,bykaranteli.com
2021-02-21,BTC,57489.16,57408.57,0.1404,bykaranteli.com
2021-02-21,ETH,1935.57,1933.53,0.1055,bykaranteli.com
2021-02-22,BTC,54142.13,54087.67,0.1007,bykaranteli.com
2021-02-22,ETH,1778.66,1777.58,0.0608,bykaranteli.com
2021-02-23,BTC,48899.99,48891,0.0184,bykaranteli.com
2021-02-23,ETH,1577.83,1577.89,-0.0038,bykaranteli.com
2021-02-24,BTC,49737.82,49676.2,0.124,bykaranteli.com
2021-02-24,ETH,1625.3,1623.39,0.1177,bykaranteli.com
2021-02-25,BTC,47058.48,47073.73,-0.0324,bykaranteli.com
2021-02-25,ETH,1482.62,1481.75,0.0587,bykaranteli.com
2021-02-26,BTC,46326.2,46276.87,0.1066,bykaranteli.com
2021-02-26,ETH,1445.18,1444.59,0.0408,bykaranteli.com
2021-02-27,BTC,46180.75,46106.43,0.1612,bykaranteli.com
2021-02-27,ETH,1460.57,1458.13,0.1673,bykaranteli.com
2021-02-28,BTC,45231.75,45135.66,0.2129,bykaranteli.com
2021-02-28,ETH,1422.02,1419.18,0.2001,bykaranteli.com
2021-03-01,BTC,49639.4,49587.03,0.1056,bykaranteli.com
2021-03-01,ETH,1571.82,1569.86,0.1249,bykaranteli.com
2021-03-02,BTC,48511.6,48440.65,0.1465,bykaranteli.com
2021-03-02,ETH,1488.34,1486.78,0.1049,bykaranteli.com
2021-03-03,BTC,50360,50349.37,0.0211,bykaranteli.com
2021-03-03,ETH,1567.86,1567.69,0.0108,bykaranteli.com
2021-03-04,BTC,48368.52,48374.09,-0.0115,bykaranteli.com
2021-03-04,ETH,1539.69,1539.23,0.0299,bykaranteli.com
2021-03-05,BTC,48769.47,48751.71,0.0364,bykaranteli.com
2021-03-05,ETH,1528.82,1528.31,0.0334,bykaranteli.com
2021-03-06,BTC,48909.84,48882.2,0.0565,bykaranteli.com
2021-03-06,ETH,1651.83,1650.35,0.0897,bykaranteli.com
2021-03-07,BTC,50978.61,50971.75,0.0135,bykaranteli.com
2021-03-07,ETH,1728.22,1726.16,0.1193,bykaranteli.com
2021-03-08,BTC,52415.23,52375.17,0.0765,bykaranteli.com
2021-03-08,ETH,1834.58,1833.18,0.0764,bykaranteli.com
2021-03-09,BTC,54916.38,54884.5,0.0581,bykaranteli.com
2021-03-09,ETH,1871.99,1870.51,0.0791,bykaranteli.com
2021-03-10,BTC,55890.69,55851.59,0.07,bykaranteli.com
2021-03-10,ETH,1795.37,1795.12,0.0139,bykaranteli.com
2021-03-11,BTC,57815.47,57773.16,0.0732,bykaranteli.com
2021-03-11,ETH,1827.04,1825.78,0.069,bykaranteli.com
2021-03-12,BTC,57225.91,57221.72,0.0073,bykaranteli.com
2021-03-12,ETH,1767.79,1766.1,0.0957,bykaranteli.com
2021-03-13,BTC,61178.5,61188.39,-0.0162,bykaranteli.com
2021-03-13,ETH,1921.61,1922.35,-0.0385,bykaranteli.com
2021-03-14,BTC,58972.7,58968.31,0.0074,bykaranteli.com
2021-03-14,ETH,1848.9,1848.1,0.0433,bykaranteli.com
2021-03-15,BTC,55636.15,55605.2,0.0557,bykaranteli.com
2021-03-15,ETH,1795.07,1793.48,0.0887,bykaranteli.com
2021-03-16,BTC,56927.11,56900.75,0.0463,bykaranteli.com
2021-03-16,ETH,1806.03,1805.12,0.0504,bykaranteli.com
2021-03-17,BTC,58925.54,58912.97,0.0213,bykaranteli.com
2021-03-17,ETH,1824.74,1823.58,0.0636,bykaranteli.com
2021-03-18,BTC,57644.95,57648.16,-0.0056,bykaranteli.com
2021-03-18,ETH,1776.4,1776.08,0.018,bykaranteli.com
2021-03-19,BTC,58039.66,58030.01,0.0166,bykaranteli.com
2021-03-19,ETH,1809.38,1809.1,0.0155,bykaranteli.com
2021-03-20,BTC,58116.7,58102.28,0.0248,bykaranteli.com
2021-03-20,ETH,1806.47,1806.1,0.0205,bykaranteli.com
2021-03-21,BTC,57363.32,57351.56,0.0205,bykaranteli.com
2021-03-21,ETH,1784,1782.98,0.0572,bykaranteli.com
2021-03-22,BTC,54110.07,54083.25,0.0496,bykaranteli.com
2021-03-22,ETH,1681.02,1680.97,0.003,bykaranteli.com
2021-03-23,BTC,54345.54,54340.89,0.0086,bykaranteli.com
2021-03-23,ETH,1668.09,1668.08,0.0006,bykaranteli.com
2021-03-24,BTC,52276.16,52303.65,-0.0526,bykaranteli.com
2021-03-24,ETH,1581.79,1581.84,-0.0032,bykaranteli.com
2021-03-25,BTC,51325.01,51293.78,0.0609,bykaranteli.com
2021-03-25,ETH,1587.08,1585.74,0.0845,bykaranteli.com
2021-03-26,BTC,55072.44,55025.59,0.0851,bykaranteli.com
2021-03-26,ETH,1700.1,1698.84,0.0742,bykaranteli.com
2021-03-27,BTC,55856.53,55817.14,0.0706,bykaranteli.com
2021-03-27,ETH,1713.88,1712.63,0.073,bykaranteli.com
2021-03-28,BTC,55778.82,55777.63,0.0021,bykaranteli.com
2021-03-28,ETH,1686.92,1687.01,-0.0053,bykaranteli.com
2021-03-29,BTC,57613.48,57635.47,-0.0382,bykaranteli.com
2021-03-29,ETH,1815.73,1816.74,-0.0556,bykaranteli.com
2021-03-30,BTC,58786.46,58746.57,0.0679,bykaranteli.com
2021-03-30,ETH,1841.16,1840.46,0.038,bykaranteli.com
2021-03-31,BTC,58800,58740.55,0.1012,bykaranteli.com
2021-03-31,ETH,1920,1919.37,0.0328,bykaranteli.com
2021-04-01,BTC,58726.48,58720.44,0.0103,bykaranteli.com
2021-04-01,ETH,1968.38,1968.05,0.0168,bykaranteli.com
2021-04-02,BTC,58981.04,58950.01,0.0526,bykaranteli.com
2021-04-02,ETH,2134.68,2133.69,0.0464,bykaranteli.com
2021-04-03,BTC,57094.34,57051.94,0.0743,bykaranteli.com
2021-04-03,ETH,2009.25,2008.52,0.0363,bykaranteli.com
2021-04-04,BTC,58215.94,58202.01,0.0239,bykaranteli.com
2021-04-04,ETH,2076.36,2075.69,0.0323,bykaranteli.com
2021-04-05,BTC,59123.02,59129.99,-0.0118,bykaranteli.com
2021-04-05,ETH,2106.98,2107.38,-0.019,bykaranteli.com
2021-04-06,BTC,58019.98,57991.15,0.0497,bykaranteli.com
2021-04-06,ETH,2113,2112.21,0.0374,bykaranteli.com
2021-04-07,BTC,55955.75,55953.45,0.0041,bykaranteli.com
2021-04-07,ETH,1964.23,1963.47,0.0387,bykaranteli.com
2021-04-08,BTC,58083.1,58077.52,0.0096,bykaranteli.com
2021-04-08,ETH,2081.29,2080.46,0.0399,bykaranteli.com
2021-04-09,BTC,58092.68,58142.54,-0.0858,bykaranteli.com
2021-04-09,ETH,2066.03,2066.87,-0.0406,bykaranteli.com
2021-04-10,BTC,59778.6,59769.13,0.0158,bykaranteli.com
2021-04-10,ETH,2133.08,2133.49,-0.0192,bykaranteli.com
2021-04-11,BTC,59985.26,60002.43,-0.0286,bykaranteli.com
2021-04-11,ETH,2150.54,2151.36,-0.0381,bykaranteli.com
2021-04-12,BTC,59839.82,59860,-0.0337,bykaranteli.com
2021-04-12,ETH,2138.03,2137.69,0.0159,bykaranteli.com
2021-04-13,BTC,63588.22,63575,0.0208,bykaranteli.com
2021-04-13,ETH,2299.92,2299.19,0.0318,bykaranteli.com
2021-04-14,BTC,62971.8,62959.53,0.0195,bykaranteli.com
2021-04-14,ETH,2432.54,2432.6,-0.0025,bykaranteli.com
2021-04-15,BTC,63229.04,63159.98,0.1093,bykaranteli.com
2021-04-15,ETH,2517.03,2514.04,0.1189,bykaranteli.com
2021-04-16,BTC,61427.27,61334.8,0.1508,bykaranteli.com
2021-04-16,ETH,2426.64,2422.67,0.1639,bykaranteli.com
2021-04-17,BTC,60058.86,60006.66,0.087,bykaranteli.com
2021-04-17,ETH,2318.7,2317.6,0.0475,bykaranteli.com
2021-04-18,BTC,56274.41,56150.01,0.2215,bykaranteli.com
2021-04-18,ETH,2241.46,2235.64,0.2603,bykaranteli.com
2021-04-19,BTC,55696.83,55633.14,0.1145,bykaranteli.com
2021-04-19,ETH,2163.82,2161.12,0.1249,bykaranteli.com
2021-04-20,BTC,56499.29,56425,0.1317,bykaranteli.com
2021-04-20,ETH,2332.6,2330.03,0.1103,bykaranteli.com
2021-04-21,BTC,53800.86,53787.63,0.0246,bykaranteli.com
2021-04-21,ETH,2357.21,2357.06,0.0064,bykaranteli.com
2021-04-22,BTC,51701.59,51690.96,0.0206,bykaranteli.com
2021-04-22,ETH,2399.99,2397.94,0.0855,bykaranteli.com
2021-04-23,BTC,51187.27,51125.14,0.1215,bykaranteli.com
2021-04-23,ETH,2370.05,2367.39,0.1124,bykaranteli.com
2021-04-24,BTC,50089.15,50047.84,0.0825,bykaranteli.com
2021-04-24,ETH,2216.72,2213.35,0.1523,bykaranteli.com
2021-04-25,BTC,49121,49066.77,0.1105,bykaranteli.com
2021-04-25,ETH,2322.16,2320.49,0.072,bykaranteli.com
2021-04-26,BTC,54053.6,54001.39,0.0967,bykaranteli.com
2021-04-26,ETH,2534,2532.6,0.0553,bykaranteli.com
2021-04-27,BTC,55069.62,55011.97,0.1048,bykaranteli.com
2021-04-27,ETH,2667.86,2666.13,0.0649,bykaranteli.com
2021-04-28,BTC,54894.03,54846.22,0.0872,bykaranteli.com
2021-04-28,ETH,2751.59,2748.24,0.1219,bykaranteli.com
2021-04-29,BTC,53580,53555,0.0467,bykaranteli.com
2021-04-29,ETH,2758.92,2757.04,0.0682,bykaranteli.com
2021-04-30,BTC,57798.77,57694.27,0.1811,bykaranteli.com
2021-04-30,ETH,2776.45,2772.42,0.1454,bykaranteli.com
2021-05-01,BTC,57859.28,57800.37,0.1019,bykaranteli.com
2021-05-01,ETH,2948.92,2944.77,0.1409,bykaranteli.com
2021-05-02,BTC,56625.2,56578.21,0.0831,bykaranteli.com
2021-05-02,ETH,2952.09,2949.56,0.0858,bykaranteli.com
2021-05-03,BTC,57212.73,57169.39,0.0758,bykaranteli.com
2021-05-03,ETH,3433.99,3431.04,0.086,bykaranteli.com
2021-05-04,BTC,53241.92,53200.01,0.0788,bykaranteli.com
2021-05-04,ETH,3240.01,3239.01,0.0309,bykaranteli.com
2021-05-05,BTC,57515.69,57436.11,0.1386,bykaranteli.com
2021-05-05,ETH,3529.97,3524.26,0.162,bykaranteli.com
2021-05-06,BTC,56440.66,56393.68,0.0833,bykaranteli.com
2021-05-06,ETH,3492.75,3489.73,0.0865,bykaranteli.com
2021-05-07,BTC,57380.39,57314.75,0.1145,bykaranteli.com
2021-05-07,ETH,3484.7,3479.53,0.1486,bykaranteli.com
2021-05-08,BTC,58958.05,58862.05,0.1631,bykaranteli.com
2021-05-08,ETH,3917.26,3910.26,0.179,bykaranteli.com
2021-05-09,BTC,58312.57,58240.84,0.1232,bykaranteli.com
2021-05-09,ETH,3928.44,3923.95,0.1144,bykaranteli.com
2021-05-10,BTC,55866.41,55816.14,0.0901,bykaranteli.com
2021-05-10,ETH,3949.45,3945.88,0.0905,bykaranteli.com
2021-05-11,BTC,56753.19,56670.02,0.1468,bykaranteli.com
2021-05-11,ETH,4179.76,4173.45,0.1512,bykaranteli.com
2021-05-12,BTC,49498.77,49631.32,-0.2671,bykaranteli.com
2021-05-12,ETH,3826.37,3823.21,0.0827,bykaranteli.com
2021-05-13,BTC,49690.11,49670.97,0.0385,bykaranteli.com
2021-05-13,ETH,3719.23,3717.91,0.0355,bykaranteli.com
2021-05-14,BTC,49893.48,49841.45,0.1044,bykaranteli.com
2021-05-14,ETH,4080.51,4075.01,0.135,bykaranteli.com
2021-05-15,BTC,46775.51,46762.99,0.0268,bykaranteli.com
2021-05-15,ETH,3649.54,3646.68,0.0784,bykaranteli.com
2021-05-16,BTC,46450.79,46431.5,0.0415,bykaranteli.com
2021-05-16,ETH,3585.62,3582.1,0.0983,bykaranteli.com
2021-05-17,BTC,43580.5,43538.04,0.0975,bykaranteli.com
2021-05-17,ETH,3283.32,3282.51,0.0247,bykaranteli.com
2021-05-18,BTC,42857.15,42849.78,0.0172,bykaranteli.com
2021-05-18,ETH,3375.96,3375.07,0.0264,bykaranteli.com
2021-05-19,BTC,36731.75,36690.09,0.1135,bykaranteli.com
2021-05-19,ETH,2443.91,2438.92,0.2046,bykaranteli.com
2021-05-20,BTC,40623.33,40526.64,0.2386,bykaranteli.com
2021-05-20,ETH,2775.07,2768.62,0.233,bykaranteli.com
2021-05-21,BTC,37340.77,37252.01,0.2383,bykaranteli.com
2021-05-21,ETH,2434.86,2430.98,0.1596,bykaranteli.com
2021-05-22,BTC,37476.83,37449.73,0.0724,bykaranteli.com
2021-05-22,ETH,2297.19,2294.87,0.1011,bykaranteli.com
2021-05-23,BTC,34758.67,34655.25,0.2984,bykaranteli.com
2021-05-23,ETH,2099.58,2096.39,0.1522,bykaranteli.com
2021-05-24,BTC,38878.56,38796.29,0.2121,bykaranteli.com
2021-05-24,ETH,2651.24,2648.43,0.1061,bykaranteli.com
2021-05-25,BTC,38361.81,38324.72,0.0968,bykaranteli.com
2021-05-25,ETH,2707.56,2705.11,0.0906,bykaranteli.com
2021-05-26,BTC,39293.23,39241.91,0.1308,bykaranteli.com
2021-05-26,ETH,2889.84,2884.94,0.1698,bykaranteli.com
2021-05-27,BTC,38556.88,38529.98,0.0698,bykaranteli.com
2021-05-27,ETH,2745.51,2742.23,0.1196,bykaranteli.com
2021-05-28,BTC,35680.47,35663.49,0.0476,bykaranteli.com
2021-05-28,ETH,2413.81,2412.1,0.0709,bykaranteli.com
2021-05-29,BTC,34627.82,34605.15,0.0655,bykaranteli.com
2021-05-29,ETH,2280.72,2278.74,0.0869,bykaranteli.com
2021-05-30,BTC,35669.44,35641.27,0.079,bykaranteli.com
2021-05-30,ETH,2387.66,2385.98,0.0704,bykaranteli.com
2021-05-31,BTC,37279.31,37253.81,0.0684,bykaranteli.com
2021-05-31,ETH,2707.12,2706.15,0.0358,bykaranteli.com
2021-06-01,BTC,36685,36693.09,-0.022,bykaranteli.com
2021-06-01,ETH,2634.42,2634.57,-0.0057,bykaranteli.com
2021-06-02,BTC,37577.91,37568.68,0.0246,bykaranteli.com
2021-06-02,ETH,2706.64,2706.22,0.0155,bykaranteli.com
2021-06-03,BTC,39248.55,39246.79,0.0045,bykaranteli.com
2021-06-03,ETH,2856.68,2857.25,-0.0199,bykaranteli.com
2021-06-04,BTC,36856.52,36829,0.0747,bykaranteli.com
2021-06-04,ETH,2690.68,2689.51,0.0435,bykaranteli.com
2021-06-05,BTC,35539.49,35513.2,0.074,bykaranteli.com
2021-06-05,ETH,2629.75,2627.73,0.0769,bykaranteli.com
2021-06-06,BTC,35800.48,35796.31,0.0116,bykaranteli.com
2021-06-06,ETH,2710.97,2711.92,-0.035,bykaranteli.com
2021-06-07,BTC,33575.91,33552.79,0.0689,bykaranteli.com
2021-06-07,ETH,2592.47,2592.05,0.0162,bykaranteli.com
2021-06-08,BTC,33402.13,33380.81,0.0639,bykaranteli.com
2021-06-08,ETH,2509.11,2507.23,0.075,bykaranteli.com
2021-06-09,BTC,37403.86,37388.05,0.0423,bykaranteli.com
2021-06-09,ETH,2611.27,2610.18,0.0418,bykaranteli.com
2021-06-10,BTC,36694.05,36675.72,0.05,bykaranteli.com
2021-06-10,ETH,2471.59,2471.09,0.0202,bykaranteli.com
2021-06-11,BTC,37338.44,37331.98,0.0173,bykaranteli.com
2021-06-11,ETH,2355.27,2354.01,0.0535,bykaranteli.com
2021-06-12,BTC,35557.33,35546.11,0.0316,bykaranteli.com
2021-06-12,ETH,2371.49,2370.74,0.0316,bykaranteli.com
2021-06-13,BTC,39015.24,39020.57,-0.0137,bykaranteli.com
2021-06-13,ETH,2510.23,2509.33,0.0359,bykaranteli.com
2021-06-14,BTC,40539.47,40516.29,0.0572,bykaranteli.com
2021-06-14,ETH,2582.86,2580.77,0.081,bykaranteli.com
2021-06-15,BTC,40162.37,40144.04,0.0457,bykaranteli.com
2021-06-15,ETH,2543.58,2543.54,0.0016,bykaranteli.com
2021-06-16,BTC,38351,38349.01,0.0052,bykaranteli.com
2021-06-16,ETH,2367.73,2367.89,-0.0068,bykaranteli.com
2021-06-17,BTC,38095.17,38092.97,0.0058,bykaranteli.com
2021-06-17,ETH,2373.33,2373.28,0.0021,bykaranteli.com
2021-06-18,BTC,35841.81,35819.84,0.0613,bykaranteli.com
2021-06-18,ETH,2234.47,2234.09,0.017,bykaranteli.com
2021-06-19,BTC,35484.79,35483.72,0.003,bykaranteli.com
2021-06-19,ETH,2164.72,2164.67,0.0023,bykaranteli.com
2021-06-20,BTC,35585.78,35600.16,-0.0404,bykaranteli.com
2021-06-20,ETH,2242.9,2243.47,-0.0254,bykaranteli.com
2021-06-21,BTC,31609.82,31608.93,0.0028,bykaranteli.com
2021-06-21,ETH,1885.67,1885.49,0.0095,bykaranteli.com
2021-06-22,BTC,32538.37,32509.56,0.0886,bykaranteli.com
2021-06-22,ETH,1881.65,1879.28,0.1261,bykaranteli.com
2021-06-23,BTC,33688.35,33678.07,0.0305,bykaranteli.com
2021-06-23,ETH,1968.37,1968.14,0.0117,bykaranteli.com
2021-06-24,BTC,34654.58,34663.09,-0.0246,bykaranteli.com
2021-06-24,ETH,1988.81,1989.52,-0.0357,bykaranteli.com
2021-06-25,BTC,31594.63,31584.45,0.0322,bykaranteli.com
2021-06-25,ETH,1809.07,1808.82,0.0138,bykaranteli.com
2021-06-26,BTC,32275.19,32283.65,-0.0262,bykaranteli.com
2021-06-26,ETH,1829.17,1829.64,-0.0257,bykaranteli.com
2021-06-27,BTC,34709.23,34700.34,0.0256,bykaranteli.com
2021-06-27,ETH,1984.71,1982.28,0.1226,bykaranteli.com
2021-06-28,BTC,34493.22,34494.89,-0.0048,bykaranteli.com
2021-06-28,ETH,2083.79,2084.41,-0.0297,bykaranteli.com
2021-06-29,BTC,35904.28,35911.73,-0.0207,bykaranteli.com
2021-06-29,ETH,2166.18,2165.33,0.0393,bykaranteli.com
2021-06-30,BTC,35060,35045,0.0428,bykaranteli.com
2021-06-30,ETH,2276.72,2275.68,0.0457,bykaranteli.com
2021-07-01,BTC,33516.11,33504.69,0.0341,bykaranteli.com
2021-07-01,ETH,2107.01,2106.41,0.0285,bykaranteli.com
2021-07-02,BTC,33805.02,33786.55,0.0547,bykaranteli.com
2021-07-02,ETH,2156,2154.13,0.0868,bykaranteli.com
2021-07-03,BTC,34682.16,34669.13,0.0376,bykaranteli.com
2021-07-03,ETH,2226.95,2226.99,-0.0018,bykaranteli.com
2021-07-04,BTC,35284.05,35286.51,-0.007,bykaranteli.com
2021-07-04,ETH,2323.15,2322.69,0.0198,bykaranteli.com
2021-07-05,BTC,33697.78,33690.14,0.0227,bykaranteli.com
2021-07-05,ETH,2197.34,2196.53,0.0369,bykaranteli.com
2021-07-06,BTC,34225.73,34220.01,0.0167,bykaranteli.com
2021-07-06,ETH,2321.84,2322.5,-0.0284,bykaranteli.com
2021-07-07,BTC,33878.56,33862.12,0.0485,bykaranteli.com
2021-07-07,ETH,2316.82,2316.57,0.0108,bykaranteli.com
2021-07-08,BTC,32875.95,32875.71,0.0007,bykaranteli.com
2021-07-08,ETH,2116.95,2116.33,0.0293,bykaranteli.com
2021-07-09,BTC,33824.26,33815.81,0.025,bykaranteli.com
2021-07-09,ETH,2147.38,2146.99,0.0182,bykaranteli.com
2021-07-10,BTC,33515.35,33502.87,0.0373,bykaranteli.com
2021-07-10,ETH,2110.55,2110.69,-0.0066,bykaranteli.com
2021-07-11,BTC,34259.23,34258.99,0.0007,bykaranteli.com
2021-07-11,ETH,2140.82,2140.45,0.0173,bykaranteli.com
2021-07-12,BTC,33091.1,33086.63,0.0135,bykaranteli.com
2021-07-12,ETH,2030.72,2031.58,-0.0423,bykaranteli.com
2021-07-13,BTC,32734.14,32729.77,0.0134,bykaranteli.com
2021-07-13,ETH,1940.76,1940.15,0.0314,bykaranteli.com
2021-07-14,BTC,32816.39,32820.02,-0.0111,bykaranteli.com
2021-07-14,ETH,1994.11,1994.58,-0.0236,bykaranteli.com
2021-07-15,BTC,31868.68,31880,-0.0355,bykaranteli.com
2021-07-15,ETH,1918.07,1919.51,-0.075,bykaranteli.com
2021-07-16,BTC,31388.06,31383.87,0.0134,bykaranteli.com
2021-07-16,ETH,1877.22,1876.26,0.0512,bykaranteli.com
2021-07-17,BTC,31533.91,31520.07,0.0439,bykaranteli.com
2021-07-17,ETH,1899.75,1899.59,0.0084,bykaranteli.com
2021-07-18,BTC,31788.25,31778.56,0.0305,bykaranteli.com
2021-07-18,ETH,1891.46,1891.64,-0.0095,bykaranteli.com
2021-07-19,BTC,30842.03,30839.65,0.0077,bykaranteli.com
2021-07-19,ETH,1818.44,1818.73,-0.0159,bykaranteli.com
2021-07-20,BTC,29796.16,29790.35,0.0195,bykaranteli.com
2021-07-20,ETH,1786.46,1786.03,0.0241,bykaranteli.com
2021-07-21,BTC,32135.19,32144.51,-0.029,bykaranteli.com
2021-07-21,ETH,1996.18,1995.5,0.0341,bykaranteli.com
2021-07-22,BTC,32287.74,32287.83,-0.0003,bykaranteli.com
2021-07-22,ETH,2024.75,2024.56,0.0094,bykaranteli.com
2021-07-23,BTC,33647.26,33634.09,0.0392,bykaranteli.com
2021-07-23,ETH,2125.81,2124.25,0.0734,bykaranteli.com
2021-07-24,BTC,34283.01,34258.14,0.0726,bykaranteli.com
2021-07-24,ETH,2185.95,2184.75,0.0549,bykaranteli.com
2021-07-25,BTC,35428.26,35381.02,0.1335,bykaranteli.com
2021-07-25,ETH,2193.03,2189.79,0.148,bykaranteli.com
2021-07-26,BTC,37262.77,37237.6,0.0676,bykaranteli.com
2021-07-26,ETH,2228.26,2228.08,0.0081,bykaranteli.com
2021-07-27,BTC,39470.48,39457.87,0.032,bykaranteli.com
2021-07-27,ETH,2300.59,2299.49,0.0478,bykaranteli.com
2021-07-28,BTC,40035.1,40019.56,0.0388,bykaranteli.com
2021-07-28,ETH,2300.42,2300.9,-0.0209,bykaranteli.com
2021-07-29,BTC,40039.44,40016.48,0.0574,bykaranteli.com
2021-07-29,ETH,2383.32,2382.92,0.0168,bykaranteli.com
2021-07-30,BTC,42237.95,42206.37,0.0748,bykaranteli.com
2021-07-30,ETH,2463.9,2461.81,0.0849,bykaranteli.com
2021-07-31,BTC,41495.01,41461.83,0.08,bykaranteli.com
2021-07-31,ETH,2533.74,2531.05,0.1063,bykaranteli.com
2021-08-01,BTC,39865.41,39845.44,0.0501,bykaranteli.com
2021-08-01,ETH,2555.43,2555.69,-0.0102,bykaranteli.com
2021-08-02,BTC,39149.59,39147.82,0.0045,bykaranteli.com
2021-08-02,ETH,2608.12,2606.93,0.0456,bykaranteli.com
2021-08-03,BTC,38191.44,38207.05,-0.0409,bykaranteli.com
2021-08-03,ETH,2508.31,2509.04,-0.0291,bykaranteli.com
2021-08-04,BTC,39722.41,39723.18,-0.0019,bykaranteli.com
2021-08-04,ETH,2724.71,2724.78,-0.0026,bykaranteli.com
2021-08-05,BTC,40888.74,40862.46,0.0643,bykaranteli.com
2021-08-05,ETH,2829.35,2826.99,0.0835,bykaranteli.com
2021-08-06,BTC,42869.58,42836.87,0.0764,bykaranteli.com
2021-08-06,ETH,2892.98,2891.58,0.0484,bykaranteli.com
2021-08-07,BTC,44637.34,44572.54,0.1454,bykaranteli.com
2021-08-07,ETH,3163.09,3160.31,0.088,bykaranteli.com
2021-08-08,BTC,43829.14,43794.37,0.0794,bykaranteli.com
2021-08-08,ETH,3014.13,3011.85,0.0757,bykaranteli.com
2021-08-09,BTC,46285.48,46253.4,0.0694,bykaranteli.com
2021-08-09,ETH,3162.34,3160.52,0.0576,bykaranteli.com
2021-08-10,BTC,45595.66,45584.99,0.0234,bykaranteli.com
2021-08-10,ETH,3142.09,3141.66,0.0137,bykaranteli.com
2021-08-11,BTC,45553.49,45511,0.0934,bykaranteli.com
2021-08-11,ETH,3162.61,3160.5,0.0668,bykaranteli.com
2021-08-12,BTC,44422.14,44399,0.0521,bykaranteli.com
2021-08-12,ETH,3047.21,3045.96,0.041,bykaranteli.com
2021-08-13,BTC,47833.64,47800,0.0704,bykaranteli.com
2021-08-13,ETH,3324.51,3322.32,0.0659,bykaranteli.com
2021-08-14,BTC,47109.65,47068.51,0.0874,bykaranteli.com
2021-08-14,ETH,3266.52,3263.16,0.103,bykaranteli.com
2021-08-15,BTC,47014.49,46973.82,0.0866,bykaranteli.com
2021-08-15,ETH,3310.93,3307.09,0.1161,bykaranteli.com
2021-08-16,BTC,45902.46,45901.29,0.0025,bykaranteli.com
2021-08-16,ETH,3146.6,3146.53,0.0022,bykaranteli.com
2021-08-17,BTC,44671.58,44695.95,-0.0545,bykaranteli.com
2021-08-17,ETH,3011.01,3011.72,-0.0236,bykaranteli.com
2021-08-18,BTC,44707.98,44705.29,0.006,bykaranteli.com
2021-08-18,ETH,3014.38,3014.55,-0.0056,bykaranteli.com
2021-08-19,BTC,46765.87,46760.62,0.0112,bykaranteli.com
2021-08-19,ETH,3184.21,3184.12,0.0028,bykaranteli.com
2021-08-20,BTC,49342.4,49322.47,0.0404,bykaranteli.com
2021-08-20,ETH,3286.58,3284.82,0.0536,bykaranteli.com
2021-08-21,BTC,48867.02,48821.87,0.0925,bykaranteli.com
2021-08-21,ETH,3226.73,3223.43,0.1024,bykaranteli.com
2021-08-22,BTC,49284.63,49239.22,0.0922,bykaranteli.com
2021-08-22,ETH,3241.42,3238,0.1056,bykaranteli.com
2021-08-23,BTC,49506.5,49488.85,0.0357,bykaranteli.com
2021-08-23,ETH,3323.12,3321.28,0.0554,bykaranteli.com
2021-08-24,BTC,47682.45,47674.01,0.0177,bykaranteli.com
2021-08-24,ETH,3171.52,3170.62,0.0284,bykaranteli.com
2021-08-25,BTC,48987.33,48973.32,0.0286,bykaranteli.com
2021-08-25,ETH,3228.51,3226.87,0.0508,bykaranteli.com
2021-08-26,BTC,46851.47,46843.87,0.0162,bykaranteli.com
2021-08-26,ETH,3093.2,3093.2,0,bykaranteli.com
2021-08-27,BTC,49077.57,49069.9,0.0156,bykaranteli.com
2021-08-27,ETH,3274.67,3273.45,0.0373,bykaranteli.com
2021-08-28,BTC,48942.94,48895.35,0.0973,bykaranteli.com
2021-08-28,ETH,3247.99,3244.48,0.1082,bykaranteli.com
2021-08-29,BTC,48802.58,48767.83,0.0713,bykaranteli.com
2021-08-29,ETH,3226.46,3223.47,0.0928,bykaranteli.com
2021-08-30,BTC,46993.71,46982.91,0.023,bykaranteli.com
2021-08-30,ETH,3229.01,3229.64,-0.0195,bykaranteli.com
2021-08-31,BTC,47112.5,47100.89,0.0246,bykaranteli.com
2021-08-31,ETH,3430.23,3429.2,0.03,bykaranteli.com
2021-09-01,BTC,48839.86,48810.52,0.0601,bykaranteli.com
2021-09-01,ETH,3829.39,3826.82,0.0672,bykaranteli.com
2021-09-02,BTC,49279.37,49246.64,0.0665,bykaranteli.com
2021-09-02,ETH,3787.97,3785.82,0.0568,bykaranteli.com
2021-09-03,BTC,50025,49999.14,0.0517,bykaranteli.com
2021-09-03,ETH,3940.06,3938.11,0.0495,bykaranteli.com
2021-09-04,BTC,49942.98,49915.64,0.0548,bykaranteli.com
2021-09-04,ETH,3887.53,3885.52,0.0517,bykaranteli.com
2021-09-05,BTC,51789.17,51756.88,0.0624,bykaranteli.com
2021-09-05,ETH,3952.17,3950.29,0.0476,bykaranteli.com
2021-09-06,BTC,52698.81,52663.9,0.0663,bykaranteli.com
2021-09-06,ETH,3928.89,3926.77,0.054,bykaranteli.com
2021-09-07,BTC,46894.5,46863.73,0.0657,bykaranteli.com
2021-09-07,ETH,3436.96,3434.57,0.0696,bykaranteli.com
2021-09-08,BTC,46060.36,46048.31,0.0262,bykaranteli.com
2021-09-08,ETH,3500.34,3499,0.0383,bykaranteli.com
2021-09-09,BTC,46400,46395.14,0.0105,bykaranteli.com
2021-09-09,ETH,3424.95,3424.93,0.0006,bykaranteli.com
2021-09-10,BTC,44851.45,44850.91,0.0012,bykaranteli.com
2021-09-10,ETH,3209.82,3208.86,0.0299,bykaranteli.com
2021-09-11,BTC,45171.83,45173.69,-0.0041,bykaranteli.com
2021-09-11,ETH,3266.77,3267.21,-0.0135,bykaranteli.com
2021-09-12,BTC,46024.23,46025.24,-0.0022,bykaranteli.com
2021-09-12,ETH,3403.75,3404.21,-0.0135,bykaranteli.com
2021-09-13,BTC,44947.72,44940.73,0.0156,bykaranteli.com
2021-09-13,ETH,3286.2,3285.35,0.0259,bykaranteli.com
2021-09-14,BTC,47127.22,47111.52,0.0333,bykaranteli.com
2021-09-14,ETH,3436.29,3434.37,0.0559,bykaranteli.com
2021-09-15,BTC,48148.12,48121.41,0.0555,bykaranteli.com
2021-09-15,ETH,3615.65,3613.55,0.0581,bykaranteli.com
2021-09-16,BTC,47753.16,47737.82,0.0321,bykaranteli.com
2021-09-16,ETH,3568.66,3567.98,0.0191,bykaranteli.com
2021-09-17,BTC,47303.5,47299.98,0.0074,bykaranteli.com
2021-09-17,ETH,3400,3399.81,0.0056,bykaranteli.com
2021-09-18,BTC,48314.56,48292.74,0.0452,bykaranteli.com
2021-09-18,ETH,3436.31,3435.64,0.0195,bykaranteli.com
2021-09-19,BTC,47255.92,47241.75,0.03,bykaranteli.com
2021-09-19,ETH,3328.59,3328.62,-0.0009,bykaranteli.com
2021-09-20,BTC,43012.97,43015.62,-0.0062,bykaranteli.com
2021-09-20,ETH,2976.48,2977.28,-0.0269,bykaranteli.com
2021-09-21,BTC,40719.6,40734.38,-0.0363,bykaranteli.com
2021-09-21,ETH,2765.69,2765.9,-0.0076,bykaranteli.com
2021-09-22,BTC,43575.1,43543.61,0.0723,bykaranteli.com
2021-09-22,ETH,3078.43,3076.92,0.0491,bykaranteli.com
2021-09-23,BTC,44897.59,44865.26,0.0721,bykaranteli.com
2021-09-23,ETH,3154.62,3152.5,0.0672,bykaranteli.com
2021-09-24,BTC,42848.92,42810.57,0.0896,bykaranteli.com
2021-09-24,ETH,2930.61,2928.53,0.071,bykaranteli.com
2021-09-25,BTC,42705.51,42670.64,0.0817,bykaranteli.com
2021-09-25,ETH,2924.01,2921.73,0.078,bykaranteli.com
2021-09-26,BTC,43178.02,43160.9,0.0397,bykaranteli.com
2021-09-26,ETH,3060.71,3059.37,0.0438,bykaranteli.com
2021-09-27,BTC,42171.76,42147.35,0.0579,bykaranteli.com
2021-09-27,ETH,2925.27,2925.59,-0.0109,bykaranteli.com
2021-09-28,BTC,41026.07,41026.54,-0.0011,bykaranteli.com
2021-09-28,ETH,2805.65,2804.91,0.0264,bykaranteli.com
2021-09-29,BTC,41522.16,41524.28,-0.0051,bykaranteli.com
2021-09-29,ETH,2850.14,2850.45,-0.0109,bykaranteli.com
2021-09-30,BTC,43824.43,43824.1,0.0008,bykaranteli.com
2021-09-30,ETH,3000.46,3000.61,-0.005,bykaranteli.com
2021-10-01,BTC,48165.76,48141.61,0.0502,bykaranteli.com
2021-10-01,ETH,3311.16,3309.91,0.0378,bykaranteli.com
2021-10-02,BTC,47657.69,47634.9,0.0478,bykaranteli.com
2021-10-02,ETH,3387.82,3387.76,0.0018,bykaranteli.com
2021-10-03,BTC,48233.99,48200.01,0.0705,bykaranteli.com
2021-10-03,ETH,3420.07,3417.73,0.0685,bykaranteli.com
2021-10-04,BTC,49245.54,49224.94,0.0418,bykaranteli.com
2021-10-04,ETH,3387.2,3386.31,0.0263,bykaranteli.com
2021-10-05,BTC,51493.99,51471.99,0.0427,bykaranteli.com
2021-10-05,ETH,3515.3,3515.27,0.0009,bykaranteli.com
2021-10-06,BTC,55339.48,55315,0.0443,bykaranteli.com
2021-10-06,ETH,3575.85,3574.89,0.0269,bykaranteli.com
2021-10-07,BTC,53797.82,53785.22,0.0234,bykaranteli.com
2021-10-07,ETH,3588.51,3587.47,0.029,bykaranteli.com
2021-10-08,BTC,53963.82,53951.43,0.023,bykaranteli.com
2021-10-08,ETH,3563.96,3563.13,0.0233,bykaranteli.com
2021-10-09,BTC,54962.29,54949.72,0.0229,bykaranteli.com
2021-10-09,ETH,3575.83,3574.82,0.0283,bykaranteli.com
2021-10-10,BTC,54690.53,54659,0.0577,bykaranteli.com
2021-10-10,ETH,3415,3414.22,0.0228,bykaranteli.com
2021-10-11,BTC,57487.44,57471.35,0.028,bykaranteli.com
2021-10-11,ETH,3542.37,3542.12,0.0071,bykaranteli.com
2021-10-12,BTC,56005.1,55996.93,0.0146,bykaranteli.com
2021-10-12,ETH,3490.61,3491.46,-0.0243,bykaranteli.com
2021-10-13,BTC,57367.32,57367,0.0006,bykaranteli.com
2021-10-13,ETH,3608.21,3607.42,0.0219,bykaranteli.com
2021-10-14,BTC,57359.51,57347.94,0.0202,bykaranteli.com
2021-10-14,ETH,3791.66,3790.82,0.0222,bykaranteli.com
2021-10-15,BTC,61695.39,61672.42,0.0372,bykaranteli.com
2021-10-15,ETH,3869.73,3868.99,0.0191,bykaranteli.com
2021-10-16,BTC,60877.42,60875.57,0.003,bykaranteli.com
2021-10-16,ETH,3829.66,3829.96,-0.0078,bykaranteli.com
2021-10-17,BTC,61527.11,61528.33,-0.002,bykaranteli.com
2021-10-17,ETH,3847.18,3846.85,0.0086,bykaranteli.com
2021-10-18,BTC,62042.41,62009.84,0.0525,bykaranteli.com
2021-10-18,ETH,3745.48,3744.96,0.0139,bykaranteli.com
2021-10-19,BTC,64303.14,64280.59,0.0351,bykaranteli.com
2021-10-19,ETH,3878.17,3877.03,0.0294,bykaranteli.com
2021-10-20,BTC,66026.54,66001.41,0.0381,bykaranteli.com
2021-10-20,ETH,4161.94,4161.15,0.019,bykaranteli.com
2021-10-21,BTC,62204.02,62193.15,0.0175,bykaranteli.com
2021-10-21,ETH,4053.9,4052.99,0.0225,bykaranteli.com
2021-10-22,BTC,60687.64,60688.22,-0.001,bykaranteli.com
2021-10-22,ETH,3971.55,3972.2,-0.0164,bykaranteli.com
2021-10-23,BTC,61300.01,61286.75,0.0216,bykaranteli.com
2021-10-23,ETH,4168.56,4167.12,0.0346,bykaranteli.com
2021-10-24,BTC,60854.48,60852.22,0.0037,bykaranteli.com
2021-10-24,ETH,4082.64,4082.33,0.0076,bykaranteli.com
2021-10-25,BTC,63083.54,63078.78,0.0075,bykaranteli.com
2021-10-25,ETH,4220.93,4220.37,0.0133,bykaranteli.com
2021-10-26,BTC,60337.62,60328.81,0.0146,bykaranteli.com
2021-10-26,ETH,4131.47,4131.52,-0.0012,bykaranteli.com
2021-10-27,BTC,58455.47,58413.44,0.072,bykaranteli.com
2021-10-27,ETH,3923.94,3922,0.0495,bykaranteli.com
2021-10-28,BTC,60591.65,60575.89,0.026,bykaranteli.com
2021-10-28,ETH,4288.26,4286.02,0.0523,bykaranteli.com
2021-10-29,BTC,62276.72,62253.71,0.037,bykaranteli.com
2021-10-29,ETH,4421.23,4418.89,0.053,bykaranteli.com
2021-10-30,BTC,61892.41,61859.19,0.0537,bykaranteli.com
2021-10-30,ETH,4324.67,4322.68,0.046,bykaranteli.com
2021-10-31,BTC,61343.68,61299.8,0.0716,bykaranteli.com
2021-10-31,ETH,4290.16,4287.21,0.0688,bykaranteli.com
2021-11-01,BTC,60949.54,60911.11,0.0631,bykaranteli.com
2021-11-01,ETH,4322.89,4319.43,0.0801,bykaranteli.com
2021-11-02,BTC,63266.51,63219.99,0.0736,bykaranteli.com
2021-11-02,ETH,4595.01,4589.89,0.1115,bykaranteli.com
2021-11-03,BTC,62935.41,62896.48,0.0619,bykaranteli.com
2021-11-03,ETH,4606.07,4603.35,0.0591,bykaranteli.com
2021-11-04,BTC,61444.5,61395.01,0.0806,bykaranteli.com
2021-11-04,ETH,4537.15,4532.32,0.1066,bykaranteli.com
2021-11-05,BTC,61006.15,60937.12,0.1133,bykaranteli.com
2021-11-05,ETH,4479.47,4474.24,0.1169,bykaranteli.com
2021-11-06,BTC,61539.31,61470.61,0.1118,bykaranteli.com
2021-11-06,ETH,4523.16,4518,0.1142,bykaranteli.com
2021-11-07,BTC,63309.13,63273.59,0.0562,bykaranteli.com
2021-11-07,ETH,4617.02,4612.59,0.096,bykaranteli.com
2021-11-08,BTC,67554.84,67525.83,0.043,bykaranteli.com
2021-11-08,ETH,4811.9,4807.98,0.0815,bykaranteli.com
2021-11-09,BTC,66944.66,66947.66,-0.0045,bykaranteli.com
2021-11-09,ETH,4731.59,4732.33,-0.0156,bykaranteli.com
2021-11-10,BTC,64912.2,64882.43,0.0459,bykaranteli.com
2021-11-10,ETH,4632.22,4628.78,0.0743,bykaranteli.com
2021-11-11,BTC,64807.59,64774.26,0.0515,bykaranteli.com
2021-11-11,ETH,4721.87,4719,0.0608,bykaranteli.com
2021-11-12,BTC,64147.9,64122.23,0.04,bykaranteli.com
2021-11-12,ETH,4667.34,4665.46,0.0403,bykaranteli.com
2021-11-13,BTC,64400.01,64380,0.0311,bykaranteli.com
2021-11-13,ETH,4644.44,4644.28,0.0034,bykaranteli.com
2021-11-14,BTC,65505.02,65519.1,-0.0215,bykaranteli.com
2021-11-14,ETH,4627.03,4626.5,0.0115,bykaranteli.com
2021-11-15,BTC,63624.59,63606.74,0.0281,bykaranteli.com
2021-11-15,ETH,4565.06,4563.78,0.028,bykaranteli.com
2021-11-16,BTC,60107.98,60058.87,0.0818,bykaranteli.com
2021-11-16,ETH,4209.5,4209.76,-0.0062,bykaranteli.com
2021-11-17,BTC,60351.51,60344.87,0.011,bykaranteli.com
2021-11-17,ETH,4289.4,4287.8,0.0373,bykaranteli.com
2021-11-18,BTC,56898,56891.62,0.0112,bykaranteli.com
2021-11-18,ETH,3997.93,3996.9,0.0258,bykaranteli.com
2021-11-19,BTC,58122.16,58052.24,0.1204,bykaranteli.com
2021-11-19,ETH,4299.55,4294.76,0.1115,bykaranteli.com
2021-11-20,BTC,59760.76,59707.51,0.0892,bykaranteli.com
2021-11-20,ETH,4416.69,4412.17,0.1024,bykaranteli.com
2021-11-21,BTC,58671.21,58622.02,0.0839,bykaranteli.com
2021-11-21,ETH,4262.99,4258.31,0.1099,bykaranteli.com
2021-11-22,BTC,56280.81,56247.18,0.0598,bykaranteli.com
2021-11-22,ETH,4089.16,4085.97,0.0781,bykaranteli.com
2021-11-23,BTC,57566.85,57541.27,0.0445,bykaranteli.com
2021-11-23,ETH,4341.62,4339.44,0.0502,bykaranteli.com
2021-11-24,BTC,57162.66,57138.29,0.0427,bykaranteli.com
2021-11-24,ETH,4270.74,4269.36,0.0323,bykaranteli.com
2021-11-25,BTC,58987.27,58960.36,0.0456,bykaranteli.com
2021-11-25,ETH,4525.87,4524.85,0.0225,bykaranteli.com
2021-11-26,BTC,53757.67,53726.53,0.058,bykaranteli.com
2021-11-26,ETH,4043.67,4041.2,0.0611,bykaranteli.com
2021-11-27,BTC,54759.05,54721.03,0.0695,bykaranteli.com
2021-11-27,ETH,4098.31,4095.29,0.0737,bykaranteli.com
2021-11-28,BTC,57317.17,57274.88,0.0738,bykaranteli.com
2021-11-28,ETH,4298.38,4294.78,0.0838,bykaranteli.com
2021-11-29,BTC,57838.06,57776.25,0.107,bykaranteli.com
2021-11-29,ETH,4449.42,4444.53,0.11,bykaranteli.com
2021-11-30,BTC,56987.97,56950.56,0.0657,bykaranteli.com
2021-11-30,ETH,4634.95,4630.26,0.1013,bykaranteli.com
2021-12-01,BTC,57226.5,57184.07,0.0742,bykaranteli.com
2021-12-01,ETH,4586.95,4582.95,0.0873,bykaranteli.com
2021-12-02,BTC,56521.46,56480.34,0.0728,bykaranteli.com
2021-12-02,ETH,4514.59,4511.21,0.0749,bykaranteli.com
2021-12-03,BTC,53638.04,53601.05,0.069,bykaranteli.com
2021-12-03,ETH,4216.93,4215.73,0.0285,bykaranteli.com
2021-12-04,BTC,49241.12,49152.47,0.1804,bykaranteli.com
2021-12-04,ETH,4123.13,4117.25,0.1428,bykaranteli.com
2021-12-05,BTC,49484.22,49396.33,0.1779,bykaranteli.com
2021-12-05,ETH,4203.22,4196.44,0.1616,bykaranteli.com
2021-12-06,BTC,50529.56,50441.92,0.1737,bykaranteli.com
2021-12-06,ETH,4354.22,4347.59,0.1525,bykaranteli.com
2021-12-07,BTC,50625.48,50588.95,0.0722,bykaranteli.com
2021-12-07,ETH,4310.19,4306.4,0.088,bykaranteli.com
2021-12-08,BTC,50519.68,50471.19,0.0961,bykaranteli.com
2021-12-08,ETH,4440.51,4436.91,0.0811,bykaranteli.com
2021-12-09,BTC,47568.43,47545.59,0.048,bykaranteli.com
2021-12-09,ETH,4106.06,4105.64,0.0102,bykaranteli.com
2021-12-10,BTC,47170.94,47140.54,0.0645,bykaranteli.com
2021-12-10,ETH,3900.91,3897.94,0.0762,bykaranteli.com
2021-12-11,BTC,49407.75,49389.99,0.036,bykaranteli.com
2021-12-11,ETH,4091.18,4089.37,0.0443,bykaranteli.com
2021-12-12,BTC,50089.64,50053.9,0.0714,bykaranteli.com
2021-12-12,ETH,4132.92,4130,0.0707,bykaranteli.com
2021-12-13,BTC,46727.89,46702.75,0.0538,bykaranteli.com
2021-12-13,ETH,3783.81,3781.93,0.0497,bykaranteli.com
2021-12-14,BTC,48367.43,48343.28,0.05,bykaranteli.com
2021-12-14,ETH,3860.74,3858.99,0.0453,bykaranteli.com
2021-12-15,BTC,48884.78,48864.98,0.0405,bykaranteli.com
2021-12-15,ETH,4021.53,4019.08,0.061,bykaranteli.com
2021-12-16,BTC,47634.22,47632.38,0.0039,bykaranteli.com
2021-12-16,ETH,3957.28,3958.11,-0.021,bykaranteli.com
2021-12-17,BTC,46166.5,46131.2,0.0765,bykaranteli.com
2021-12-17,ETH,3876.02,3875.42,0.0155,bykaranteli.com
2021-12-18,BTC,46859.46,46834.48,0.0533,bykaranteli.com
2021-12-18,ETH,3961.92,3959.93,0.0503,bykaranteli.com
2021-12-19,BTC,46687.19,46681.23,0.0128,bykaranteli.com
2021-12-19,ETH,3925.79,3924.14,0.042,bykaranteli.com
2021-12-20,BTC,46926.07,46914.16,0.0254,bykaranteli.com
2021-12-20,ETH,3946.16,3944.73,0.0363,bykaranteli.com
2021-12-21,BTC,48914.7,48889.88,0.0508,bykaranteli.com
2021-12-21,ETH,4017.11,4014.15,0.0737,bykaranteli.com
2021-12-22,BTC,48608.62,48588.16,0.0421,bykaranteli.com
2021-12-22,ETH,3981.12,3979.51,0.0405,bykaranteli.com
2021-12-23,BTC,50842.2,50838.81,0.0067,bykaranteli.com
2021-12-23,ETH,4113.08,4111.41,0.0406,bykaranteli.com
2021-12-24,BTC,50851.38,50820,0.0617,bykaranteli.com
2021-12-24,ETH,4049.65,4046.36,0.0813,bykaranteli.com
2021-12-25,BTC,50428.31,50399.66,0.0568,bykaranteli.com
2021-12-25,ETH,4097.43,4094.83,0.0635,bykaranteli.com
2021-12-26,BTC,50801.79,50775.49,0.0518,bykaranteli.com
2021-12-26,ETH,4065.91,4063.56,0.0578,bykaranteli.com
2021-12-27,BTC,50717.77,50701.44,0.0322,bykaranteli.com
2021-12-27,ETH,4038.64,4037.23,0.0349,bykaranteli.com
2021-12-28,BTC,47543.09,47543.74,-0.0014,bykaranteli.com
2021-12-28,ETH,3793.67,3792.75,0.0243,bykaranteli.com
2021-12-29,BTC,46471.24,46464.66,0.0142,bykaranteli.com
2021-12-29,ETH,3630.59,3630.19,0.011,bykaranteli.com
2021-12-30,BTC,47122.08,47120.87,0.0026,bykaranteli.com
2021-12-30,ETH,3710.02,3709.27,0.0202,bykaranteli.com
2021-12-31,BTC,46211.24,46216.93,-0.0123,bykaranteli.com
2021-12-31,ETH,3675.8,3676.23,-0.0117,bykaranteli.com
2022-01-01,BTC,47733.43,47722.65,0.0226,bykaranteli.com
2022-01-01,ETH,3765.72,3765.54,0.0048,bykaranteli.com
2022-01-02,BTC,47299.07,47286.18,0.0273,bykaranteli.com
2022-01-02,ETH,3828.87,3828.27,0.0157,bykaranteli.com
2022-01-03,BTC,46459.56,46446.1,0.029,bykaranteli.com
2022-01-03,ETH,3766.04,3765.89,0.004,bykaranteli.com
2022-01-04,BTC,45814.61,45832.01,-0.038,bykaranteli.com
2022-01-04,ETH,3785,3785.11,-0.0029,bykaranteli.com
2022-01-05,BTC,43436.04,43451.13,-0.0347,bykaranteli.com
2022-01-05,ETH,3539,3540.63,-0.046,bykaranteli.com
2022-01-06,BTC,43083.76,43082.31,0.0034,bykaranteli.com
2022-01-06,ETH,3406.03,3406.81,-0.0229,bykaranteli.com
2022-01-07,BTC,41565.18,41566.48,-0.0031,bykaranteli.com
2022-01-07,ETH,3198.82,3199.24,-0.0131,bykaranteli.com
2022-01-08,BTC,41684.84,41679.74,0.0122,bykaranteli.com
2022-01-08,ETH,3080.48,3080.95,-0.0153,bykaranteli.com
2022-01-09,BTC,41876.52,41864.62,0.0284,bykaranteli.com
2022-01-09,ETH,3151.66,3151.97,-0.0098,bykaranteli.com
2022-01-10,BTC,41824.07,41822.49,0.0038,bykaranteli.com
2022-01-10,ETH,3083.51,3082.68,0.0269,bykaranteli.com
2022-01-11,BTC,42753.44,42729.29,0.0565,bykaranteli.com
2022-01-11,ETH,3240.83,3239.72,0.0343,bykaranteli.com
2022-01-12,BTC,43920.37,43902.66,0.0403,bykaranteli.com
2022-01-12,ETH,3373.64,3371.26,0.0706,bykaranteli.com
2022-01-13,BTC,42581.65,42560.11,0.0506,bykaranteli.com
2022-01-13,ETH,3241.88,3240.61,0.0392,bykaranteli.com
2022-01-14,BTC,43090.72,43059.96,0.0714,bykaranteli.com
2022-01-14,ETH,3310.45,3307.42,0.0916,bykaranteli.com
2022-01-15,BTC,43098.2,43084.29,0.0323,bykaranteli.com
2022-01-15,ETH,3328.12,3326.04,0.0625,bykaranteli.com
2022-01-16,BTC,43104.34,43071.66,0.0759,bykaranteli.com
2022-01-16,ETH,3349.46,3346.88,0.0771,bykaranteli.com
2022-01-17,BTC,42218.01,42201.62,0.0388,bykaranteli.com
2022-01-17,ETH,3210.98,3209.67,0.0408,bykaranteli.com
2022-01-18,BTC,42369.74,42352.12,0.0416,bykaranteli.com
2022-01-18,ETH,3160.81,3159.85,0.0304,bykaranteli.com
2022-01-19,BTC,41674.27,41660.01,0.0342,bykaranteli.com
2022-01-19,ETH,3085.27,3084.02,0.0405,bykaranteli.com
2022-01-20,BTC,40670.97,40680.91,-0.0244,bykaranteli.com
2022-01-20,ETH,3000.94,3001.48,-0.018,bykaranteli.com
2022-01-21,BTC,36456.94,36445.31,0.0319,bykaranteli.com
2022-01-21,ETH,2569.01,2568.15,0.0335,bykaranteli.com
2022-01-22,BTC,35066.43,35071.42,-0.0142,bykaranteli.com
2022-01-22,ETH,2411.9,2412.18,-0.0116,bykaranteli.com
2022-01-23,BTC,36282.47,36244.55,0.1046,bykaranteli.com
2022-01-23,ETH,2541.19,2539.01,0.0859,bykaranteli.com
2022-01-24,BTC,36693.32,36660.35,0.0899,bykaranteli.com
2022-01-24,ETH,2441.74,2439.29,0.1004,bykaranteli.com
2022-01-25,BTC,36980,36958.32,0.0587,bykaranteli.com
2022-01-25,ETH,2460.68,2458.83,0.0752,bykaranteli.com
2022-01-26,BTC,36840.63,36809.34,0.085,bykaranteli.com
2022-01-26,ETH,2465,2462.99,0.0816,bykaranteli.com
2022-01-27,BTC,37188.37,37160.1,0.0761,bykaranteli.com
2022-01-27,ETH,2425.82,2424.25,0.0648,bykaranteli.com
2022-01-28,BTC,37741.9,37716.56,0.0672,bykaranteli.com
2022-01-28,ETH,2546.84,2544.99,0.0727,bykaranteli.com
2022-01-29,BTC,38191.1,38166.84,0.0636,bykaranteli.com
2022-01-29,ETH,2603.74,2601.43,0.0888,bykaranteli.com
2022-01-30,BTC,37901.35,37881.76,0.0517,bykaranteli.com
2022-01-30,ETH,2602.89,2601.68,0.0465,bykaranteli.com
2022-01-31,BTC,38491.93,38466.9,0.0651,bykaranteli.com
2022-01-31,ETH,2689.72,2686.94,0.1035,bykaranteli.com
2022-02-01,BTC,38716.88,38694.59,0.0576,bykaranteli.com
2022-02-01,ETH,2789.66,2787.23,0.0872,bykaranteli.com
2022-02-02,BTC,36923.39,36896.36,0.0733,bykaranteli.com
2022-02-02,ETH,2682.66,2680.67,0.0742,bykaranteli.com
2022-02-03,BTC,37329.91,37311.61,0.049,bykaranteli.com
2022-02-03,ETH,2697.59,2695.46,0.079,bykaranteli.com
2022-02-04,BTC,41614.64,41574.25,0.0972,bykaranteli.com
2022-02-04,ETH,2998.19,2994.99,0.1068,bykaranteli.com
2022-02-05,BTC,41404.85,41382.59,0.0538,bykaranteli.com
2022-02-05,ETH,3014.5,3012.65,0.0614,bykaranteli.com
2022-02-06,BTC,42415.16,42380.87,0.0809,bykaranteli.com
2022-02-06,ETH,3058.22,3054.99,0.1057,bykaranteli.com
2022-02-07,BTC,43868.07,43839.99,0.0641,bykaranteli.com
2022-02-07,ETH,3141.89,3139.77,0.0675,bykaranteli.com
2022-02-08,BTC,44085.59,44042.99,0.0967,bykaranteli.com
2022-02-08,ETH,3119.57,3116.69,0.0924,bykaranteli.com
2022-02-09,BTC,44416.35,44372.72,0.0983,bykaranteli.com
2022-02-09,ETH,3246.22,3243.94,0.0703,bykaranteli.com
2022-02-10,BTC,43527.71,43495.44,0.0742,bykaranteli.com
2022-02-10,ETH,3074.85,3072.49,0.0768,bykaranteli.com
2022-02-11,BTC,42386.47,42373.73,0.0301,bykaranteli.com
2022-02-11,ETH,2929.08,2927.54,0.0526,bykaranteli.com
2022-02-12,BTC,42244.97,42217.87,0.0642,bykaranteli.com
2022-02-12,ETH,2919.99,2918.88,0.038,bykaranteli.com
2022-02-13,BTC,42074.99,42053.66,0.0507,bykaranteli.com
2022-02-13,ETH,2872.84,2871.13,0.0596,bykaranteli.com
2022-02-14,BTC,42548.71,42535.94,0.03,bykaranteli.com
2022-02-14,ETH,2931.01,2929.75,0.043,bykaranteli.com
2022-02-15,BTC,44583.52,44544.86,0.0868,bykaranteli.com
2022-02-15,ETH,3186.24,3183.52,0.0854,bykaranteli.com
2022-02-16,BTC,43895.56,43873.56,0.0501,bykaranteli.com
2022-02-16,ETH,3124.45,3122.3,0.0689,bykaranteli.com
2022-02-17,BTC,40536.73,40515.7,0.0519,bykaranteli.com
2022-02-17,ETH,2893.56,2891.87,0.0584,bykaranteli.com
2022-02-18,BTC,39983.56,39974.44,0.0228,bykaranteli.com
2022-02-18,ETH,2780.08,2779.48,0.0216,bykaranteli.com
2022-02-19,BTC,40101.94,40079.17,0.0568,bykaranteli.com
2022-02-19,ETH,2764.44,2763.63,0.0293,bykaranteli.com
2022-02-20,BTC,38389.03,38386.89,0.0056,bykaranteli.com
2022-02-20,ETH,2622.47,2621.99,0.0183,bykaranteli.com
2022-02-21,BTC,37023,37008.16,0.0401,bykaranteli.com
2022-02-21,ETH,2569,2568.02,0.0382,bykaranteli.com
2022-02-22,BTC,38251.48,38230.33,0.0553,bykaranteli.com
2022-02-22,ETH,2637.98,2636.29,0.0641,bykaranteli.com
2022-02-23,BTC,37268.19,37250.01,0.0488,bykaranteli.com
2022-02-23,ETH,2580.97,2579.71,0.0488,bykaranteli.com
2022-02-24,BTC,38347.3,38327.21,0.0524,bykaranteli.com
2022-02-24,ETH,2597.42,2596.2,0.047,bykaranteli.com
2022-02-25,BTC,39238.48,39219.17,0.0492,bykaranteli.com
2022-02-25,ETH,2769.52,2768.49,0.0372,bykaranteli.com
2022-02-26,BTC,39137.8,39116.72,0.0539,bykaranteli.com
2022-02-26,ETH,2780.71,2779.47,0.0446,bykaranteli.com
2022-02-27,BTC,37717.08,37699.07,0.0478,bykaranteli.com
2022-02-27,ETH,2618.01,2616.79,0.0466,bykaranteli.com
2022-02-28,BTC,43192.66,43160,0.0757,bykaranteli.com
2022-02-28,ETH,2923.08,2920.95,0.0729,bykaranteli.com
2022-03-01,BTC,44439.95,44421.2,0.0422,bykaranteli.com
2022-03-01,ETH,2977.72,2976.33,0.0467,bykaranteli.com
2022-03-02,BTC,43912.34,43892.98,0.0441,bykaranteli.com
2022-03-02,ETH,2948.56,2947.3,0.0428,bykaranteli.com
2022-03-03,BTC,42464.41,42454,0.0245,bykaranteli.com
2022-03-03,ETH,2833.66,2833.99,-0.0116,bykaranteli.com
2022-03-04,BTC,39166.51,39148.66,0.0456,bykaranteli.com
2022-03-04,ETH,2623.07,2622.1,0.037,bykaranteli.com
2022-03-05,BTC,39402.43,39397.96,0.0113,bykaranteli.com
2022-03-05,ETH,2665.77,2665.15,0.0233,bykaranteli.com
2022-03-06,BTC,38408.38,38420.81,-0.0324,bykaranteli.com
2022-03-06,ETH,2550.77,2551.29,-0.0204,bykaranteli.com
2022-03-07,BTC,37994,37988,0.0158,bykaranteli.com
2022-03-07,ETH,2491.58,2491.12,0.0185,bykaranteli.com
2022-03-08,BTC,38749.38,38730.63,0.0484,bykaranteli.com
2022-03-08,ETH,2576.72,2575.97,0.0291,bykaranteli.com
2022-03-09,BTC,41953.97,41941.71,0.0292,bykaranteli.com
2022-03-09,ETH,2727.6,2726.98,0.0227,bykaranteli.com
2022-03-10,BTC,39433.71,39422,0.0297,bykaranteli.com
2022-03-10,ETH,2608.22,2606.7,0.0583,bykaranteli.com
2022-03-11,BTC,38732.04,38729.57,0.0064,bykaranteli.com
2022-03-11,ETH,2556.42,2556.86,-0.0172,bykaranteli.com
2022-03-12,BTC,38813.02,38807.36,0.0146,bykaranteli.com
2022-03-12,ETH,2569.3,2568.8,0.0195,bykaranteli.com
2022-03-13,BTC,37793.01,37777.34,0.0415,bykaranteli.com
2022-03-13,ETH,2516.41,2515.65,0.0302,bykaranteli.com
2022-03-14,BTC,39674.17,39671.37,0.0071,bykaranteli.com
2022-03-14,ETH,2590.23,2589.41,0.0317,bykaranteli.com
2022-03-15,BTC,39298.1,39280.33,0.0452,bykaranteli.com
2022-03-15,ETH,2619.15,2617.73,0.0542,bykaranteli.com
2022-03-16,BTC,41127.97,41114,0.034,bykaranteli.com
2022-03-16,ETH,2774.89,2773.81,0.0389,bykaranteli.com
2022-03-17,BTC,40950.33,40917.9,0.0793,bykaranteli.com
2022-03-17,ETH,2814.67,2811.92,0.0978,bykaranteli.com
2022-03-18,BTC,41774.98,41757.51,0.0418,bykaranteli.com
2022-03-18,ETH,2939.17,2938.92,0.0085,bykaranteli.com
2022-03-19,BTC,42232.26,42201.13,0.0738,bykaranteli.com
2022-03-19,ETH,2952.16,2950.84,0.0447,bykaranteli.com
2022-03-20,BTC,41287.24,41262.11,0.0609,bykaranteli.com
2022-03-20,ETH,2862.44,2861.38,0.037,bykaranteli.com
2022-03-21,BTC,41017.71,41002.25,0.0377,bykaranteli.com
2022-03-21,ETH,2891.08,2890.03,0.0363,bykaranteli.com
2022-03-22,BTC,42378.26,42364.13,0.0334,bykaranteli.com
2022-03-22,ETH,2970.51,2969.64,0.0293,bykaranteli.com
2022-03-23,BTC,42899.71,42882.76,0.0395,bykaranteli.com
2022-03-23,ETH,3038.93,3036,0.0965,bykaranteli.com
2022-03-24,BTC,44012.29,43991.46,0.0474,bykaranteli.com
2022-03-24,ETH,3112.52,3110.76,0.0566,bykaranteli.com
2022-03-25,BTC,44331.85,44313.16,0.0422,bykaranteli.com
2022-03-25,ETH,3104.15,3102.14,0.0648,bykaranteli.com
2022-03-26,BTC,44539.42,44511.27,0.0632,bykaranteli.com
2022-03-26,ETH,3146.22,3145,0.0388,bykaranteli.com
2022-03-27,BTC,46850.01,46827.76,0.0475,bykaranteli.com
2022-03-27,ETH,3296.29,3295.65,0.0194,bykaranteli.com
2022-03-28,BTC,47144.92,47122.21,0.0482,bykaranteli.com
2022-03-28,ETH,3334.47,3332.92,0.0465,bykaranteli.com
2022-03-29,BTC,47454.19,47434.8,0.0409,bykaranteli.com
2022-03-29,ETH,3401.71,3400.51,0.0353,bykaranteli.com
2022-03-30,BTC,47078.03,47067.99,0.0213,bykaranteli.com
2022-03-30,ETH,3386.68,3385.79,0.0263,bykaranteli.com
2022-03-31,BTC,45528.45,45510.34,0.0398,bykaranteli.com
2022-03-31,ETH,3283.08,3281.51,0.0478,bykaranteli.com
2022-04-01,BTC,46296.34,46283.49,0.0278,bykaranteli.com
2022-04-01,ETH,3456.48,3455.21,0.0368,bykaranteli.com
2022-04-02,BTC,45826.27,45811,0.0333,bykaranteli.com
2022-04-02,ETH,3445.38,3443.77,0.0468,bykaranteli.com
2022-04-03,BTC,46422.16,46407.35,0.0319,bykaranteli.com
2022-04-03,ETH,3522.78,3521.91,0.0247,bykaranteli.com
2022-04-04,BTC,46596.83,46580.51,0.035,bykaranteli.com
2022-04-04,ETH,3520.66,3519.5,0.033,bykaranteli.com
2022-04-05,BTC,45506.5,45497.55,0.0197,bykaranteli.com
2022-04-05,ETH,3407,3406.99,0.0003,bykaranteli.com
2022-04-06,BTC,43166.7,43170.47,-0.0087,bykaranteli.com
2022-04-06,ETH,3168.52,3168.51,0.0003,bykaranteli.com
2022-04-07,BTC,43452.18,43444.19,0.0184,bykaranteli.com
2022-04-07,ETH,3227.56,3227.19,0.0115,bykaranteli.com
2022-04-08,BTC,42262.02,42252.01,0.0237,bykaranteli.com
2022-04-08,ETH,3192.54,3192.39,0.0047,bykaranteli.com
2022-04-09,BTC,42766.93,42753.97,0.0303,bykaranteli.com
2022-04-09,ETH,3258.99,3258.57,0.0129,bykaranteli.com
2022-04-10,BTC,42165.96,42158.85,0.0169,bykaranteli.com
2022-04-10,ETH,3203.05,3203.04,0.0003,bykaranteli.com
2022-04-11,BTC,39535.87,39530.45,0.0137,bykaranteli.com
2022-04-11,ETH,2979.55,2979.74,-0.0064,bykaranteli.com
2022-04-12,BTC,40086.23,40074.94,0.0282,bykaranteli.com
2022-04-12,ETH,3027.82,3027.66,0.0053,bykaranteli.com
2022-04-13,BTC,41146.68,41147.79,-0.0027,bykaranteli.com
2022-04-13,ETH,3119,3118.28,0.0231,bykaranteli.com
2022-04-14,BTC,39954.08,39942.38,0.0293,bykaranteli.com
2022-04-14,ETH,3021.78,3021.98,-0.0066,bykaranteli.com
2022-04-15,BTC,40554.58,40551.9,0.0066,bykaranteli.com
2022-04-15,ETH,3040.19,3040.56,-0.0122,bykaranteli.com
2022-04-16,BTC,40387.6,40378.71,0.022,bykaranteli.com
2022-04-16,ETH,3060.35,3059.3,0.0343,bykaranteli.com
2022-04-17,BTC,39683.54,39678.12,0.0137,bykaranteli.com
2022-04-17,ETH,2988.4,2988.06,0.0114,bykaranteli.com
2022-04-18,BTC,40803.58,40801.13,0.006,bykaranteli.com
2022-04-18,ETH,3056.19,3055.56,0.0206,bykaranteli.com
2022-04-19,BTC,41503.85,41493.18,0.0257,bykaranteli.com
2022-04-19,ETH,3102.26,3101.77,0.0158,bykaranteli.com
2022-04-20,BTC,41377.61,41358.19,0.047,bykaranteli.com
2022-04-20,ETH,3077.06,3076.04,0.0332,bykaranteli.com
2022-04-21,BTC,40480.81,40480.01,0.002,bykaranteli.com
2022-04-21,ETH,2983.94,2983.58,0.0121,bykaranteli.com
2022-04-22,BTC,39712.25,39709.18,0.0077,bykaranteli.com
2022-04-22,ETH,2963.05,2962.39,0.0223,bykaranteli.com
2022-04-23,BTC,39465.87,39441.6,0.0615,bykaranteli.com
2022-04-23,ETH,2933.44,2933.03,0.014,bykaranteli.com
2022-04-24,BTC,39464.56,39450.13,0.0366,bykaranteli.com
2022-04-24,ETH,2921.96,2921,0.0329,bykaranteli.com
2022-04-25,BTC,40439.22,40426.08,0.0325,bykaranteli.com
2022-04-25,ETH,3007.22,3006.62,0.02,bykaranteli.com
2022-04-26,BTC,38113.82,38112.65,0.0031,bykaranteli.com
2022-04-26,ETH,2809.26,2809.67,-0.0146,bykaranteli.com
2022-04-27,BTC,39251.11,39235.72,0.0392,bykaranteli.com
2022-04-27,ETH,2889.78,2888.96,0.0284,bykaranteli.com
2022-04-28,BTC,39743.22,39742.07,0.0029,bykaranteli.com
2022-04-28,ETH,2935.91,2936.93,-0.0347,bykaranteli.com
2022-04-29,BTC,38593.1,38596.11,-0.0078,bykaranteli.com
2022-04-29,ETH,2816.94,2817.13,-0.0067,bykaranteli.com
2022-04-30,BTC,37644.1,37630.8,0.0353,bykaranteli.com
2022-04-30,ETH,2726.59,2726.66,-0.0026,bykaranteli.com
2022-05-01,BTC,38473.05,38468.35,0.0122,bykaranteli.com
2022-05-01,ETH,2824.86,2824.81,0.0018,bykaranteli.com
2022-05-02,BTC,38510.89,38525.16,-0.037,bykaranteli.com
2022-05-02,ETH,2856.21,2856.54,-0.0116,bykaranteli.com
2022-05-03,BTC,37719.59,37728.95,-0.0248,bykaranteli.com
2022-05-03,ETH,2780.34,2781.7,-0.0489,bykaranteli.com
2022-05-04,BTC,39669.56,39690,-0.0515,bykaranteli.com
2022-05-04,ETH,2939.98,2940.64,-0.0224,bykaranteli.com
2022-05-05,BTC,36537.22,36552.97,-0.0431,bykaranteli.com
2022-05-05,ETH,2747.43,2747.97,-0.0197,bykaranteli.com
2022-05-06,BTC,35999.1,36013.77,-0.0407,bykaranteli.com
2022-05-06,ETH,2691.72,2692.85,-0.042,bykaranteli.com
2022-05-07,BTC,35458,35472.39,-0.0406,bykaranteli.com
2022-05-07,ETH,2634.8,2635.34,-0.0205,bykaranteli.com
2022-05-08,BTC,34027.91,34038.4,-0.0308,bykaranteli.com
2022-05-08,ETH,2519.1,2519.71,-0.0242,bykaranteli.com
2022-05-09,BTC,30078.27,30076.31,0.0065,bykaranteli.com
2022-05-09,ETH,2228.5,2228.55,-0.0022,bykaranteli.com
2022-05-10,BTC,31002.39,31017.1,-0.0474,bykaranteli.com
2022-05-10,ETH,2340.51,2342.05,-0.0658,bykaranteli.com
2022-05-11,BTC,28972.34,29103.94,-0.4522,bykaranteli.com
2022-05-11,ETH,2075.93,2084.99,-0.4345,bykaranteli.com
2022-05-12,BTC,28941.95,29029.75,-0.3024,bykaranteli.com
2022-05-12,ETH,1954.39,1960.22,-0.2974,bykaranteli.com
2022-05-13,BTC,29232.18,29287.05,-0.1874,bykaranteli.com
2022-05-13,ETH,2005.48,2009.69,-0.2095,bykaranteli.com
2022-05-14,BTC,30041.88,30086.74,-0.1491,bykaranteli.com
2022-05-14,ETH,2053.33,2056.48,-0.1532,bykaranteli.com
2022-05-15,BTC,31290.05,31328.89,-0.124,bykaranteli.com
2022-05-15,ETH,2142.69,2145.29,-0.1212,bykaranteli.com
2022-05-16,BTC,29839.89,29874.01,-0.1142,bykaranteli.com
2022-05-16,ETH,2020.58,2023.66,-0.1522,bykaranteli.com
2022-05-17,BTC,30412.12,30444.93,-0.1078,bykaranteli.com
2022-05-17,ETH,2088.96,2090.72,-0.0842,bykaranteli.com
2022-05-18,BTC,28672.94,28715.32,-0.1476,bykaranteli.com
2022-05-18,ETH,1911.98,1915.11,-0.1634,bykaranteli.com
2022-05-19,BTC,30274.59,30319.23,-0.1472,bykaranteli.com
2022-05-19,ETH,2017.57,2019.55,-0.098,bykaranteli.com
2022-05-20,BTC,29155.75,29201.01,-0.155,bykaranteli.com
2022-05-20,ETH,1956.58,1959.08,-0.1276,bykaranteli.com
2022-05-21,BTC,29408.26,29445.06,-0.125,bykaranteli.com
2022-05-21,ETH,1972.64,1975.07,-0.123,bykaranteli.com
2022-05-22,BTC,30260.87,30293.94,-0.1092,bykaranteli.com
2022-05-22,ETH,2040.92,2043.19,-0.1111,bykaranteli.com
2022-05-23,BTC,29082.52,29109.15,-0.0915,bykaranteli.com
2022-05-23,ETH,1971.06,1973.32,-0.1145,bykaranteli.com
2022-05-24,BTC,29626.44,29654.58,-0.0949,bykaranteli.com
2022-05-24,ETH,1978.15,1979.41,-0.0637,bykaranteli.com
2022-05-25,BTC,29503.49,29542.15,-0.1309,bykaranteli.com
2022-05-25,ETH,1940.83,1942.63,-0.0927,bykaranteli.com
2022-05-26,BTC,29166.06,29201.35,-0.1209,bykaranteli.com
2022-05-26,ETH,1790.65,1792.23,-0.0882,bykaranteli.com
2022-05-27,BTC,28598.31,28629.8,-0.11,bykaranteli.com
2022-05-27,ETH,1724.83,1727.27,-0.1413,bykaranteli.com
2022-05-28,BTC,29008.99,29031.33,-0.077,bykaranteli.com
2022-05-28,ETH,1790.23,1792.22,-0.111,bykaranteli.com
2022-05-29,BTC,29447.07,29468.1,-0.0714,bykaranteli.com
2022-05-29,ETH,1811.1,1813.64,-0.14,bykaranteli.com
2022-05-30,BTC,31711.42,31734.22,-0.0718,bykaranteli.com
2022-05-30,ETH,1998.3,1998.78,-0.024,bykaranteli.com
2022-05-31,BTC,31784.05,31801.04,-0.0534,bykaranteli.com
2022-05-31,ETH,1940.59,1941.9,-0.0675,bykaranteli.com
2022-06-01,BTC,29788.79,29805.83,-0.0572,bykaranteli.com
2022-06-01,ETH,1816.05,1817.95,-0.1045,bykaranteli.com
2022-06-02,BTC,30433.75,30452.62,-0.062,bykaranteli.com
2022-06-02,ETH,1832.45,1834.08,-0.0889,bykaranteli.com
2022-06-03,BTC,29670.85,29700.21,-0.0989,bykaranteli.com
2022-06-03,ETH,1773.25,1775.12,-0.1053,bykaranteli.com
2022-06-04,BTC,29843.18,29864.04,-0.0698,bykaranteli.com
2022-06-04,ETH,1803.35,1804.58,-0.0682,bykaranteli.com
2022-06-05,BTC,29901.54,29919.21,-0.0591,bykaranteli.com
2022-06-05,ETH,1804.7,1806.23,-0.0847,bykaranteli.com
2022-06-06,BTC,31343.61,31373.1,-0.094,bykaranteli.com
2022-06-06,ETH,1858.21,1859.84,-0.0876,bykaranteli.com
2022-06-07,BTC,31106.9,31125.33,-0.0592,bykaranteli.com
2022-06-07,ETH,1811.89,1813.33,-0.0794,bykaranteli.com
2022-06-08,BTC,30177,30204.77,-0.0919,bykaranteli.com
2022-06-08,ETH,1790.72,1791.88,-0.0647,bykaranteli.com
2022-06-09,BTC,30079.62,30109.93,-0.1007,bykaranteli.com
2022-06-09,ETH,1787.55,1788.81,-0.0704,bykaranteli.com
2022-06-10,BTC,29063.11,29091.88,-0.0989,bykaranteli.com
2022-06-10,ETH,1660.78,1662.91,-0.1281,bykaranteli.com
2022-06-11,BTC,28388.63,28424.7,-0.1269,bykaranteli.com
2022-06-11,ETH,1531.09,1532.89,-0.1174,bykaranteli.com
2022-06-12,BTC,26555.2,26574.53,-0.0727,bykaranteli.com
2022-06-12,ETH,1433.19,1434.84,-0.115,bykaranteli.com
2022-06-13,BTC,22460.97,22487.41,-0.1176,bykaranteli.com
2022-06-13,ETH,1207.82,1209.82,-0.1653,bykaranteli.com
2022-06-14,BTC,22120.25,22136.41,-0.073,bykaranteli.com
2022-06-14,ETH,1207.58,1208.9,-0.1092,bykaranteli.com
2022-06-15,BTC,22562.33,22583.72,-0.0947,bykaranteli.com
2022-06-15,ETH,1236.45,1237.52,-0.0865,bykaranteli.com
2022-06-16,BTC,20372,20401.31,-0.1437,bykaranteli.com
2022-06-16,ETH,1066.87,1068.5,-0.1526,bykaranteli.com
2022-06-17,BTC,20447.86,20468.81,-0.1024,bykaranteli.com
2022-06-17,ETH,1085.76,1086.94,-0.1086,bykaranteli.com
2022-06-18,BTC,18948.89,18970.79,-0.1154,bykaranteli.com
2022-06-18,ETH,993.64,995.13,-0.1497,bykaranteli.com
2022-06-19,BTC,20552.44,20574,-0.1048,bykaranteli.com
2022-06-19,ETH,1126.9,1128.53,-0.1444,bykaranteli.com
2022-06-20,BTC,20549.75,20573.89,-0.1173,bykaranteli.com
2022-06-20,ETH,1126.84,1128.24,-0.1241,bykaranteli.com
2022-06-21,BTC,20696.96,20723.52,-0.1282,bykaranteli.com
2022-06-21,ETH,1124.85,1125.85,-0.0888,bykaranteli.com
2022-06-22,BTC,19968.46,19987.99,-0.0977,bykaranteli.com
2022-06-22,ETH,1048.96,1050.19,-0.1171,bykaranteli.com
2022-06-23,BTC,21104.45,21110.13,-0.0269,bykaranteli.com
2022-06-23,ETH,1144,1144.72,-0.0629,bykaranteli.com
2022-06-24,BTC,21223.72,21237.69,-0.0658,bykaranteli.com
2022-06-24,ETH,1224.47,1225.02,-0.0449,bykaranteli.com
2022-06-25,BTC,21478.04,21491.19,-0.0612,bykaranteli.com
2022-06-25,ETH,1241.33,1242.36,-0.0829,bykaranteli.com
2022-06-26,BTC,21027.92,21038.07,-0.0482,bykaranteli.com
2022-06-26,ETH,1197.13,1197.79,-0.0551,bykaranteli.com
2022-06-27,BTC,20725.17,20742.56,-0.0838,bykaranteli.com
2022-06-27,ETH,1191.27,1192.51,-0.104,bykaranteli.com
2022-06-28,BTC,20252.89,20281.29,-0.14,bykaranteli.com
2022-06-28,ETH,1142.65,1144.05,-0.1224,bykaranteli.com
2022-06-29,BTC,20094.79,20123.01,-0.1402,bykaranteli.com
2022-06-29,ETH,1099.15,1100.21,-0.0963,bykaranteli.com
2022-06-30,BTC,19985.62,19942.21,0.2177,bykaranteli.com
2022-06-30,ETH,1070.08,1071.01,-0.0868,bykaranteli.com
2022-07-01,BTC,19252.76,19279.8,-0.1403,bykaranteli.com
2022-07-01,ETH,1057.57,1059.73,-0.2038,bykaranteli.com
2022-07-02,BTC,19224.03,19252.81,-0.1495,bykaranteli.com
2022-07-02,ETH,1065.61,1067.01,-0.1312,bykaranteli.com
2022-07-03,BTC,19291.33,19315.83,-0.1268,bykaranteli.com
2022-07-03,ETH,1072.88,1074.26,-0.1285,bykaranteli.com
2022-07-04,BTC,20211.35,20236.71,-0.1253,bykaranteli.com
2022-07-04,ETH,1149.98,1151,-0.0886,bykaranteli.com
2022-07-05,BTC,20153.51,20175.83,-0.1106,bykaranteli.com
2022-07-05,ETH,1131.26,1132.5,-0.1095,bykaranteli.com
2022-07-06,BTC,20542.67,20564.51,-0.1062,bykaranteli.com
2022-07-06,ETH,1185.61,1186.57,-0.0809,bykaranteli.com
2022-07-07,BTC,21614.6,21624.98,-0.048,bykaranteli.com
2022-07-07,ETH,1237.13,1237.49,-0.0291,bykaranteli.com
2022-07-08,BTC,21582.2,21594.75,-0.0581,bykaranteli.com
2022-07-08,ETH,1213.19,1214.04,-0.07,bykaranteli.com
2022-07-09,BTC,21583.99,21591.83,-0.0363,bykaranteli.com
2022-07-09,ETH,1216.78,1217.02,-0.0197,bykaranteli.com
2022-07-10,BTC,20850.65,20862.47,-0.0567,bykaranteli.com
2022-07-10,ETH,1167.68,1168.36,-0.0582,bykaranteli.com
2022-07-11,BTC,19942.43,19963.61,-0.1061,bykaranteli.com
2022-07-11,ETH,1095.56,1096.4,-0.0766,bykaranteli.com
2022-07-12,BTC,19303.65,19328.75,-0.1299,bykaranteli.com
2022-07-12,ETH,1037.34,1038.58,-0.1194,bykaranteli.com
2022-07-13,BTC,20220.23,20234.87,-0.0724,bykaranteli.com
2022-07-13,ETH,1114.26,1115,-0.0664,bykaranteli.com
2022-07-14,BTC,20577.02,20588.84,-0.0574,bykaranteli.com
2022-07-14,ETH,1192.7,1193.42,-0.0603,bykaranteli.com
2022-07-15,BTC,20827.55,20830.04,-0.012,bykaranteli.com
2022-07-15,ETH,1231.1,1231.25,-0.0122,bykaranteli.com
2022-07-16,BTC,21189.68,21195.6,-0.0279,bykaranteli.com
2022-07-16,ETH,1355.7,1355.85,-0.0111,bykaranteli.com
2022-07-17,BTC,20791.74,20798.16,-0.0309,bykaranteli.com
2022-07-17,ETH,1338.2,1338.65,-0.0336,bykaranteli.com
2022-07-18,BTC,22427.56,22432.58,-0.0224,bykaranteli.com
2022-07-18,ETH,1581.34,1581.04,0.019,bykaranteli.com
2022-07-19,BTC,23395.06,23396.62,-0.0067,bykaranteli.com
2022-07-19,ETH,1542.63,1542.32,0.0201,bykaranteli.com
2022-07-20,BTC,23226.99,23223.3,0.0159,bykaranteli.com
2022-07-20,ETH,1522.12,1521.58,0.0355,bykaranteli.com
2022-07-21,BTC,23153.96,23152.19,0.0076,bykaranteli.com
2022-07-21,ETH,1575.68,1575.45,0.0146,bykaranteli.com
2022-07-22,BTC,22687.68,22684.83,0.0126,bykaranteli.com
2022-07-22,ETH,1535.84,1535.27,0.0371,bykaranteli.com
2022-07-23,BTC,22450.69,22451.07,-0.0017,bykaranteli.com
2022-07-23,ETH,1549.15,1548.67,0.031,bykaranteli.com
2022-07-24,BTC,22583.43,22579.68,0.0166,bykaranteli.com
2022-07-24,ETH,1597.72,1597.7,0.0013,bykaranteli.com
2022-07-25,BTC,21313.41,21310.9,0.0118,bykaranteli.com
2022-07-25,ETH,1440.75,1440.79,-0.0028,bykaranteli.com
2022-07-26,BTC,21261.57,21254.67,0.0325,bykaranteli.com
2022-07-26,ETH,1449.63,1449.12,0.0352,bykaranteli.com
2022-07-27,BTC,22962.59,22952.45,0.0442,bykaranteli.com
2022-07-27,ETH,1636.4,1635.74,0.0403,bykaranteli.com
2022-07-28,BTC,23851.7,23842.93,0.0368,bykaranteli.com
2022-07-28,ETH,1725.19,1724.52,0.0389,bykaranteli.com
2022-07-29,BTC,23784.5,23773.75,0.0452,bykaranteli.com
2022-07-29,ETH,1722.25,1721.68,0.0331,bykaranteli.com
2022-07-30,BTC,23650.13,23643.51,0.028,bykaranteli.com
2022-07-30,ETH,1698.01,1697,0.0595,bykaranteli.com
2022-07-31,BTC,23307.44,23293.32,0.0606,bykaranteli.com
2022-07-31,ETH,1679.31,1678.12,0.0709,bykaranteli.com
2022-08-01,BTC,23273.86,23268.01,0.0251,bykaranteli.com
2022-08-01,ETH,1630.82,1630.28,0.0331,bykaranteli.com
2022-08-02,BTC,22989.4,22987.79,0.007,bykaranteli.com
2022-08-02,ETH,1631.28,1630.91,0.0227,bykaranteli.com
2022-08-03,BTC,22825,22818.37,0.0291,bykaranteli.com
2022-08-03,ETH,1618.82,1618.16,0.0408,bykaranteli.com
2022-08-04,BTC,22623.94,22622.98,0.0042,bykaranteli.com
2022-08-04,ETH,1608.16,1607.96,0.0124,bykaranteli.com
2022-08-05,BTC,23320.81,23312.42,0.036,bykaranteli.com
2022-08-05,ETH,1736.79,1736.81,-0.0012,bykaranteli.com
2022-08-06,BTC,22960.93,22954.21,0.0293,bykaranteli.com
2022-08-06,ETH,1690.81,1690.6,0.0124,bykaranteli.com
2022-08-07,BTC,23177.39,23174.39,0.0129,bykaranteli.com
2022-08-07,ETH,1700.42,1700.19,0.0135,bykaranteli.com
2022-08-08,BTC,23815.65,23810,0.0237,bykaranteli.com
2022-08-08,ETH,1777.36,1777.05,0.0174,bykaranteli.com
2022-08-09,BTC,23158.27,23149.95,0.0359,bykaranteli.com
2022-08-09,ETH,1703.35,1702.76,0.0346,bykaranteli.com
2022-08-10,BTC,23962.18,23954.05,0.0339,bykaranteli.com
2022-08-10,ETH,1854.12,1853.57,0.0297,bykaranteli.com
2022-08-11,BTC,23944.86,23934.39,0.0437,bykaranteli.com
2022-08-11,ETH,1881.04,1880.19,0.0452,bykaranteli.com
2022-08-12,BTC,24415.18,24403.68,0.0471,bykaranteli.com
2022-08-12,ETH,1959.91,1958.28,0.0832,bykaranteli.com
2022-08-13,BTC,24456.49,24441.38,0.0618,bykaranteli.com
2022-08-13,ETH,1984.75,1983.55,0.0605,bykaranteli.com
2022-08-14,BTC,24316.71,24305.24,0.0472,bykaranteli.com
2022-08-14,ETH,1935.85,1935.31,0.0279,bykaranteli.com
2022-08-15,BTC,24097.82,24094.82,0.0125,bykaranteli.com
2022-08-15,ETH,1899.39,1899.06,0.0174,bykaranteli.com
2022-08-16,BTC,23857.93,23854.74,0.0134,bykaranteli.com
2022-08-16,ETH,1876.57,1876.67,-0.0053,bykaranteli.com
2022-08-17,BTC,23341.17,23342.66,-0.0064,bykaranteli.com
2022-08-17,ETH,1834.61,1834.25,0.0196,bykaranteli.com
2022-08-18,BTC,23189.46,23191.2,-0.0075,bykaranteli.com
2022-08-18,ETH,1845.9,1846.39,-0.0265,bykaranteli.com
2022-08-19,BTC,20834.94,20834.39,0.0026,bykaranteli.com
2022-08-19,ETH,1608.72,1609.01,-0.018,bykaranteli.com
2022-08-20,BTC,21139.23,21140.07,-0.004,bykaranteli.com
2022-08-20,ETH,1575.76,1576.04,-0.0178,bykaranteli.com
2022-08-21,BTC,21518.62,21515.61,0.014,bykaranteli.com
2022-08-21,ETH,1617.84,1618.13,-0.0179,bykaranteli.com
2022-08-22,BTC,21398.25,21399.83,-0.0074,bykaranteli.com
2022-08-22,ETH,1624.78,1624.66,0.0074,bykaranteli.com
2022-08-23,BTC,21528.34,21529.12,-0.0036,bykaranteli.com
2022-08-23,ETH,1665.93,1665.41,0.0312,bykaranteli.com
2022-08-24,BTC,21367.12,21368.08,-0.0045,bykaranteli.com
2022-08-24,ETH,1656.74,1656.56,0.0109,bykaranteli.com
2022-08-25,BTC,21561.86,21559.04,0.0131,bykaranteli.com
2022-08-25,ETH,1695.27,1695.11,0.0094,bykaranteli.com
2022-08-26,BTC,20240.72,20241.05,-0.0016,bykaranteli.com
2022-08-26,ETH,1508.02,1508.18,-0.0106,bykaranteli.com
2022-08-27,BTC,20036.69,20037.6,-0.0045,bykaranteli.com
2022-08-27,ETH,1491.22,1491.06,0.0107,bykaranteli.com
2022-08-28,BTC,19554.03,19555.61,-0.0081,bykaranteli.com
2022-08-28,ETH,1426.63,1426.76,-0.0091,bykaranteli.com
2022-08-29,BTC,20286.97,20285.73,0.0061,bykaranteli.com
2022-08-29,ETH,1551.65,1551.8,-0.0097,bykaranteli.com
2022-08-30,BTC,19813.17,19811.66,0.0076,bykaranteli.com
2022-08-30,ETH,1524.81,1524.59,0.0144,bykaranteli.com
2022-08-31,BTC,20048.26,20050.02,-0.0088,bykaranteli.com
2022-08-31,ETH,1554,1554.1,-0.0064,bykaranteli.com
2022-09-01,BTC,20133.65,20131.46,0.0109,bykaranteli.com
2022-09-01,ETH,1586.23,1586.16,0.0044,bykaranteli.com
2022-09-02,BTC,19953.74,19951.86,0.0094,bykaranteli.com
2022-09-02,ETH,1575.69,1575.35,0.0216,bykaranteli.com
2022-09-03,BTC,19835.47,19831.9,0.018,bykaranteli.com
2022-09-03,ETH,1557.7,1557.46,0.0154,bykaranteli.com
2022-09-04,BTC,20004.73,20000.3,0.0221,bykaranteli.com
2022-09-04,ETH,1579.04,1579.28,-0.0152,bykaranteli.com
2022-09-05,BTC,19794.58,19796.84,-0.0114,bykaranteli.com
2022-09-05,ETH,1618.01,1617.8,0.013,bykaranteli.com
2022-09-06,BTC,18790.91,18790.61,0.0016,bykaranteli.com
2022-09-06,ETH,1559.28,1559.01,0.0173,bykaranteli.com
2022-09-07,BTC,19293.52,19292.84,0.0035,bykaranteli.com
2022-09-07,ETH,1629.92,1630,-0.0049,bykaranteli.com
2022-09-08,BTC,19321.87,19319.77,0.0109,bykaranteli.com
2022-09-08,ETH,1635.73,1635.37,0.022,bykaranteli.com
2022-09-09,BTC,21364.5,21360.11,0.0206,bykaranteli.com
2022-09-09,ETH,1719.21,1718.23,0.057,bykaranteli.com
2022-09-10,BTC,21651.52,21648.34,0.0147,bykaranteli.com
2022-09-10,ETH,1774.69,1774.12,0.0321,bykaranteli.com
2022-09-11,BTC,21831.72,21826.87,0.0222,bykaranteli.com
2022-09-11,ETH,1766.95,1766.11,0.0476,bykaranteli.com
2022-09-12,BTC,22402.71,22395.74,0.0311,bykaranteli.com
2022-09-12,ETH,1716.71,1716.37,0.0198,bykaranteli.com
2022-09-13,BTC,20174.78,20173.57,0.006,bykaranteli.com
2022-09-13,ETH,1574.71,1574.4,0.0197,bykaranteli.com
2022-09-14,BTC,20227.77,20226.71,0.0052,bykaranteli.com
2022-09-14,ETH,1639.14,1638.39,0.0458,bykaranteli.com
2022-09-15,BTC,19703.67,19701.88,0.0091,bykaranteli.com
2022-09-15,ETH,1472.68,1472.75,-0.0048,bykaranteli.com
2022-09-16,BTC,19801.04,19803.3,-0.0114,bykaranteli.com
2022-09-16,ETH,1433.73,1433.9,-0.0119,bykaranteli.com
2022-09-17,BTC,20113.37,20113.62,-0.0012,bykaranteli.com
2022-09-17,ETH,1468.97,1468.83,0.0095,bykaranteli.com
2022-09-18,BTC,19417.64,19416.18,0.0075,bykaranteli.com
2022-09-18,ETH,1334.72,1334.51,0.0157,bykaranteli.com
2022-09-19,BTC,19540.38,19537.02,0.0172,bykaranteli.com
2022-09-19,ETH,1376.17,1375.98,0.0138,bykaranteli.com
2022-09-20,BTC,18876.91,18875,0.0101,bykaranteli.com
2022-09-20,ETH,1322.8,1322.93,-0.0098,bykaranteli.com
2022-09-21,BTC,18462.64,18461.36,0.0069,bykaranteli.com
2022-09-21,ETH,1245.65,1245.78,-0.0104,bykaranteli.com
2022-09-22,BTC,19401.25,19401.63,-0.002,bykaranteli.com
2022-09-22,ETH,1326.43,1326.46,-0.0023,bykaranteli.com
2022-09-23,BTC,19286.01,19289.91,-0.0202,bykaranteli.com
2022-09-23,ETH,1326.82,1327.25,-0.0324,bykaranteli.com
2022-09-24,BTC,18923.2,18920.5,0.0143,bykaranteli.com
2022-09-24,ETH,1317.25,1317.13,0.0091,bykaranteli.com
2022-09-25,BTC,18808.61,18807.38,0.0065,bykaranteli.com
2022-09-25,ETH,1294.63,1294.63,0,bykaranteli.com
2022-09-26,BTC,19228,19227.82,0.0009,bykaranteli.com
2022-09-26,ETH,1336.61,1336.17,0.0329,bykaranteli.com
2022-09-27,BTC,19077.57,19079.13,-0.0082,bykaranteli.com
2022-09-27,ETH,1327.92,1328.02,-0.0075,bykaranteli.com
2022-09-28,BTC,19412.07,19412.82,-0.0039,bykaranteli.com
2022-09-28,ETH,1336.93,1337.2,-0.0202,bykaranteli.com
2022-09-29,BTC,19595.57,19591.51,0.0207,bykaranteli.com
2022-09-29,ETH,1336.02,1335.7,0.024,bykaranteli.com
2022-09-30,BTC,19426.11,19422.61,0.018,bykaranteli.com
2022-09-30,ETH,1328.95,1328.72,0.0173,bykaranteli.com
2022-10-01,BTC,19315.27,19310.95,0.0224,bykaranteli.com
2022-10-01,ETH,1311.76,1311.79,-0.0023,bykaranteli.com
2022-10-02,BTC,19059.17,19056.8,0.0124,bykaranteli.com
2022-10-02,ETH,1277.02,1276.72,0.0235,bykaranteli.com
2022-10-03,BTC,19633.46,19629.08,0.0223,bykaranteli.com
2022-10-03,ETH,1323.31,1323.09,0.0166,bykaranteli.com
2022-10-04,BTC,20345.19,20337.82,0.0362,bykaranteli.com
2022-10-04,ETH,1362.06,1361.49,0.0419,bykaranteli.com
2022-10-05,BTC,20161.62,20158.26,0.0167,bykaranteli.com
2022-10-05,ETH,1352.48,1352.2,0.0207,bykaranteli.com
2022-10-06,BTC,19965.64,19960.67,0.0249,bykaranteli.com
2022-10-06,ETH,1352.24,1352.06,0.0133,bykaranteli.com
2022-10-07,BTC,19533.05,19530.09,0.0152,bykaranteli.com
2022-10-07,ETH,1331.14,1331.1,0.003,bykaranteli.com
2022-10-08,BTC,19419.39,19417.96,0.0074,bykaranteli.com
2022-10-08,ETH,1315.71,1315.48,0.0175,bykaranteli.com
2022-10-09,BTC,19443.47,19439.02,0.0229,bykaranteli.com
2022-10-09,ETH,1323.41,1323.13,0.0212,bykaranteli.com
2022-10-10,BTC,19132.83,19131.87,0.005,bykaranteli.com
2022-10-10,ETH,1290.06,1290.03,0.0023,bykaranteli.com
2022-10-11,BTC,19058.11,19060,-0.0099,bykaranteli.com
2022-10-11,ETH,1279.94,1280.11,-0.0133,bykaranteli.com
2022-10-12,BTC,19155.92,19155.53,0.002,bykaranteli.com
2022-10-12,ETH,1294.33,1294.44,-0.0085,bykaranteli.com
2022-10-13,BTC,19378.65,19375.13,0.0182,bykaranteli.com
2022-10-13,ETH,1286.96,1287.08,-0.0093,bykaranteli.com
2022-10-14,BTC,19178,19176.93,0.0056,bykaranteli.com
2022-10-14,ETH,1296.36,1296.27,0.0069,bykaranteli.com
2022-10-15,BTC,19070.24,19069.39,0.0045,bykaranteli.com
2022-10-15,ETH,1275.09,1274.92,0.0133,bykaranteli.com
2022-10-16,BTC,19264.44,19262.98,0.0076,bykaranteli.com
2022-10-16,ETH,1306.04,1305.95,0.0069,bykaranteli.com
2022-10-17,BTC,19550.4,19549.86,0.0028,bykaranteli.com
2022-10-17,ETH,1331.49,1331.4,0.0068,bykaranteli.com
2022-10-18,BTC,19328.76,19327.44,0.0068,bykaranteli.com
2022-10-18,ETH,1310.78,1310.71,0.0053,bykaranteli.com
2022-10-19,BTC,19124.18,19123.97,0.0011,bykaranteli.com
2022-10-19,ETH,1284.76,1285.09,-0.0257,bykaranteli.com
2022-10-20,BTC,19042.48,19041.92,0.0029,bykaranteli.com
2022-10-20,ETH,1282.6,1282.57,0.0023,bykaranteli.com
2022-10-21,BTC,19166.45,19164.37,0.0109,bykaranteli.com
2022-10-21,ETH,1299.83,1299.75,0.0062,bykaranteli.com
2022-10-22,BTC,19209.1,19204.35,0.0247,bykaranteli.com
2022-10-22,ETH,1313.88,1313.61,0.0206,bykaranteli.com
2022-10-23,BTC,19572.44,19570.4,0.0104,bykaranteli.com
2022-10-23,ETH,1364.06,1364.2,-0.0103,bykaranteli.com
2022-10-24,BTC,19330.41,19329.72,0.0036,bykaranteli.com
2022-10-24,ETH,1343.71,1343.61,0.0074,bykaranteli.com
2022-10-25,BTC,20086.28,20080.07,0.0309,bykaranteli.com
2022-10-25,ETH,1460.34,1459.74,0.0411,bykaranteli.com
2022-10-26,BTC,20775.4,20771.59,0.0183,bykaranteli.com
2022-10-26,ETH,1566.37,1566.1,0.0172,bykaranteli.com
2022-10-27,BTC,20296.97,20295.11,0.0092,bykaranteli.com
2022-10-27,ETH,1514.09,1514.05,0.0026,bykaranteli.com
2022-10-28,BTC,20597.91,20591.84,0.0295,bykaranteli.com
2022-10-28,ETH,1554.83,1554.41,0.027,bykaranteli.com
2022-10-29,BTC,20823.53,20809.67,0.0666,bykaranteli.com
2022-10-29,ETH,1620.09,1619.55,0.0333,bykaranteli.com
2022-10-30,BTC,20630.68,20627.48,0.0155,bykaranteli.com
2022-10-30,ETH,1590.89,1590.44,0.0283,bykaranteli.com
2022-10-31,BTC,20489.94,20490.74,-0.0039,bykaranteli.com
2022-10-31,ETH,1572.67,1572.69,-0.0013,bykaranteli.com
2022-11-01,BTC,20479.63,20483.62,-0.0195,bykaranteli.com
2022-11-01,ETH,1578.24,1578.48,-0.0152,bykaranteli.com
2022-11-02,BTC,20151.4,20151.84,-0.0022,bykaranteli.com
2022-11-02,ETH,1518.04,1518.34,-0.0198,bykaranteli.com
2022-11-03,BTC,20206.88,20207.82,-0.0047,bykaranteli.com
2022-11-03,ETH,1530.81,1531.01,-0.0131,bykaranteli.com
2022-11-04,BTC,21144.2,21148.52,-0.0204,bykaranteli.com
2022-11-04,ETH,1644.61,1644.78,-0.0103,bykaranteli.com
2022-11-05,BTC,21300.45,21299.37,0.0051,bykaranteli.com
2022-11-05,ETH,1627,1626.98,0.0012,bykaranteli.com
2022-11-06,BTC,20909.17,20905.58,0.0172,bykaranteli.com
2022-11-06,ETH,1568.34,1568.29,0.0032,bykaranteli.com
2022-11-07,BTC,20593.49,20591.13,0.0115,bykaranteli.com
2022-11-07,ETH,1568.34,1568.1,0.0153,bykaranteli.com
2022-11-08,BTC,18550.25,18547.23,0.0163,bykaranteli.com
2022-11-08,ETH,1334.25,1334.77,-0.039,bykaranteli.com
2022-11-09,BTC,15891.96,15922.81,-0.1937,bykaranteli.com
2022-11-09,ETH,1099.9,1102.73,-0.2566,bykaranteli.com
2022-11-10,BTC,17553.89,17601.15,-0.2685,bykaranteli.com
2022-11-10,ETH,1295.36,1299.28,-0.3017,bykaranteli.com
2022-11-11,BTC,17013.62,17070.31,-0.3321,bykaranteli.com
2022-11-11,ETH,1285.29,1289.28,-0.3095,bykaranteli.com
2022-11-12,BTC,16783.33,16812.08,-0.171,bykaranteli.com
2022-11-12,ETH,1255.14,1257.25,-0.1678,bykaranteli.com
2022-11-13,BTC,16301.39,16329.85,-0.1743,bykaranteli.com
2022-11-13,ETH,1219.43,1221.49,-0.1686,bykaranteli.com
2022-11-14,BTC,16590.73,16619.46,-0.1729,bykaranteli.com
2022-11-14,ETH,1241.56,1243.28,-0.1383,bykaranteli.com
2022-11-15,BTC,16877.93,16900.57,-0.134,bykaranteli.com
2022-11-15,ETH,1251.74,1253.23,-0.1189,bykaranteli.com
2022-11-16,BTC,16645.24,16662.76,-0.1051,bykaranteli.com
2022-11-16,ETH,1215.21,1216.17,-0.0789,bykaranteli.com
2022-11-17,BTC,16680.47,16692.56,-0.0724,bykaranteli.com
2022-11-17,ETH,1199.44,1200.43,-0.0825,bykaranteli.com
2022-11-18,BTC,16680.59,16700.45,-0.1189,bykaranteli.com
2022-11-18,ETH,1210.93,1212.58,-0.1361,bykaranteli.com
2022-11-19,BTC,16683.02,16700.68,-0.1057,bykaranteli.com
2022-11-19,ETH,1216.12,1217.67,-0.1273,bykaranteli.com
2022-11-20,BTC,16252.53,16280.23,-0.1701,bykaranteli.com
2022-11-20,ETH,1140.07,1142.21,-0.1874,bykaranteli.com
2022-11-21,BTC,15760.14,15781.29,-0.134,bykaranteli.com
2022-11-21,ETH,1105.91,1107.34,-0.1291,bykaranteli.com
2022-11-22,BTC,16199.71,16226.94,-0.1678,bykaranteli.com
2022-11-22,ETH,1138.17,1139.6,-0.1255,bykaranteli.com
2022-11-23,BTC,16587,16603.11,-0.097,bykaranteli.com
2022-11-23,ETH,1183.53,1184.52,-0.0836,bykaranteli.com
2022-11-24,BTC,16587.61,16598.95,-0.0683,bykaranteli.com
2022-11-24,ETH,1202.81,1203.73,-0.0764,bykaranteli.com
2022-11-25,BTC,16510.9,16522.14,-0.068,bykaranteli.com
2022-11-25,ETH,1198.66,1199.3,-0.0534,bykaranteli.com
2022-11-26,BTC,16450.93,16458.57,-0.0464,bykaranteli.com
2022-11-26,ETH,1204.8,1205.6,-0.0664,bykaranteli.com
2022-11-27,BTC,16419.88,16428.78,-0.0542,bykaranteli.com
2022-11-27,ETH,1193.3,1193.88,-0.0486,bykaranteli.com
2022-11-28,BTC,16206.3,16212.91,-0.0408,bykaranteli.com
2022-11-28,ETH,1167.24,1167.77,-0.0454,bykaranteli.com
2022-11-29,BTC,16438,16442.53,-0.0276,bykaranteli.com
2022-11-29,ETH,1215.91,1216.49,-0.0477,bykaranteli.com
2022-11-30,BTC,17167.33,17163.64,0.0215,bykaranteli.com
2022-11-30,ETH,1294.77,1294.46,0.0239,bykaranteli.com
2022-12-01,BTC,16980.08,16977.37,0.016,bykaranteli.com
2022-12-01,ETH,1276.48,1276.41,0.0055,bykaranteli.com
2022-12-02,BTC,17094.71,17092.74,0.0115,bykaranteli.com
2022-12-02,ETH,1295.63,1295.59,0.0031,bykaranteli.com
2022-12-03,BTC,16888.53,16885.2,0.0197,bykaranteli.com
2022-12-03,ETH,1240.91,1240.51,0.0322,bykaranteli.com
2022-12-04,BTC,17108.9,17105.7,0.0187,bykaranteli.com
2022-12-04,ETH,1279.68,1279.41,0.0211,bykaranteli.com
2022-12-05,BTC,16966.05,16966.35,-0.0018,bykaranteli.com
2022-12-05,ETH,1259.23,1259.41,-0.0143,bykaranteli.com
2022-12-06,BTC,17089.05,17088.96,0.0005,bykaranteli.com
2022-12-06,ETH,1271.19,1271.32,-0.0102,bykaranteli.com
2022-12-07,BTC,16840,16836.64,0.02,bykaranteli.com
2022-12-07,ETH,1231.56,1231.18,0.0309,bykaranteli.com
2022-12-08,BTC,17226.01,17224.1,0.0111,bykaranteli.com
2022-12-08,ETH,1280.33,1280.18,0.0117,bykaranteli.com
2022-12-09,BTC,17130.59,17128.56,0.0119,bykaranteli.com
2022-12-09,ETH,1262.95,1263.1,-0.0119,bykaranteli.com
2022-12-10,BTC,17128.1,17127.49,0.0036,bykaranteli.com
2022-12-10,ETH,1266.45,1266.35,0.0079,bykaranteli.com
2022-12-11,BTC,17085.21,17085.05,0.0009,bykaranteli.com
2022-12-11,ETH,1262.92,1263.01,-0.0071,bykaranteli.com
2022-12-12,BTC,17211.66,17209.83,0.0106,bykaranteli.com
2022-12-12,ETH,1275.72,1275.4,0.0251,bykaranteli.com
2022-12-13,BTC,17773.18,17774.7,-0.0086,bykaranteli.com
2022-12-13,ETH,1320.47,1320.69,-0.0167,bykaranteli.com
2022-12-14,BTC,17804.97,17803.15,0.0102,bykaranteli.com
2022-12-14,ETH,1307.47,1307.44,0.0023,bykaranteli.com
2022-12-15,BTC,17357.96,17356.34,0.0093,bykaranteli.com
2022-12-15,ETH,1266.48,1266.54,-0.0047,bykaranteli.com
2022-12-16,BTC,16632.64,16632.12,0.0031,bykaranteli.com
2022-12-16,ETH,1166.98,1166.83,0.0129,bykaranteli.com
2022-12-17,BTC,16782.25,16776.52,0.0342,bykaranteli.com
2022-12-17,ETH,1187.06,1187.16,-0.0084,bykaranteli.com
2022-12-18,BTC,16741.16,16738.21,0.0176,bykaranteli.com
2022-12-18,ETH,1183.32,1183.06,0.022,bykaranteli.com
2022-12-19,BTC,16439.74,16438.88,0.0052,bykaranteli.com
2022-12-19,ETH,1167.6,1167.82,-0.0188,bykaranteli.com
2022-12-20,BTC,16897.65,16895.56,0.0124,bykaranteli.com
2022-12-20,ETH,1216.69,1216.94,-0.0205,bykaranteli.com
2022-12-21,BTC,16826.56,16824.67,0.0112,bykaranteli.com
2022-12-21,ETH,1213.7,1213.78,-0.0066,bykaranteli.com
2022-12-22,BTC,16815.51,16821.43,-0.0352,bykaranteli.com
2022-12-22,ETH,1217.5,1217.71,-0.0172,bykaranteli.com
2022-12-23,BTC,16777.21,16778.5,-0.0077,bykaranteli.com
2022-12-23,ETH,1219.92,1219.99,-0.0057,bykaranteli.com
2022-12-24,BTC,16837.12,16836.12,0.0059,bykaranteli.com
2022-12-24,ETH,1220.51,1220.41,0.0082,bykaranteli.com
2022-12-25,BTC,16829.02,16832.11,-0.0184,bykaranteli.com
2022-12-25,ETH,1218.37,1218.51,-0.0115,bykaranteli.com
2022-12-26,BTC,16917.96,16919.39,-0.0085,bykaranteli.com
2022-12-26,ETH,1227.58,1228.11,-0.0432,bykaranteli.com
2022-12-27,BTC,16698.73,16706.36,-0.0457,bykaranteli.com
2022-12-27,ETH,1210.99,1211.55,-0.0462,bykaranteli.com
2022-12-28,BTC,16539.66,16547.31,-0.0462,bykaranteli.com
2022-12-28,ETH,1189.24,1190.15,-0.0765,bykaranteli.com
2022-12-29,BTC,16627.54,16633.47,-0.0357,bykaranteli.com
2022-12-29,ETH,1199.74,1200.49,-0.0625,bykaranteli.com
2022-12-30,BTC,16600.1,16607.48,-0.0444,bykaranteli.com
2022-12-30,ETH,1199.1,1199.99,-0.0742,bykaranteli.com
2022-12-31,BTC,16530.35,16542.4,-0.0728,bykaranteli.com
2022-12-31,ETH,1195.25,1196.13,-0.0736,bykaranteli.com
2023-01-01,BTC,16611.58,16616.75,-0.0311,bykaranteli.com
2023-01-01,ETH,1199.92,1200.34,-0.035,bykaranteli.com
2023-01-02,BTC,16666.95,16672.87,-0.0355,bykaranteli.com
2023-01-02,ETH,1213.69,1214,-0.0255,bykaranteli.com
2023-01-03,BTC,16669.47,16675.18,-0.0342,bykaranteli.com
2023-01-03,ETH,1214.21,1214.55,-0.028,bykaranteli.com
2023-01-04,BTC,16844.42,16850.36,-0.0353,bykaranteli.com
2023-01-04,ETH,1256.34,1256.9,-0.0446,bykaranteli.com
2023-01-05,BTC,16825.69,16831.85,-0.0366,bykaranteli.com
2023-01-05,ETH,1250.88,1251.24,-0.0288,bykaranteli.com
2023-01-06,BTC,16948.06,16950.65,-0.0153,bykaranteli.com
2023-01-06,ETH,1268.84,1269.14,-0.0236,bykaranteli.com
2023-01-07,BTC,16942.37,16943.57,-0.0071,bykaranteli.com
2023-01-07,ETH,1263.94,1264.07,-0.0103,bykaranteli.com
2023-01-08,BTC,17125.18,17127.83,-0.0155,bykaranteli.com
2023-01-08,ETH,1289.92,1290.16,-0.0186,bykaranteli.com
2023-01-09,BTC,17177.98,17178.26,-0.0016,bykaranteli.com
2023-01-09,ETH,1320.02,1320.39,-0.028,bykaranteli.com
2023-01-10,BTC,17443.5,17440.66,0.0163,bykaranteli.com
2023-01-10,ETH,1335.56,1335.62,-0.0045,bykaranteli.com
2023-01-11,BTC,17944.27,17943.26,0.0056,bykaranteli.com
2023-01-11,ETH,1389.24,1389.39,-0.0108,bykaranteli.com
2023-01-12,BTC,18847.75,18846.62,0.006,bykaranteli.com
2023-01-12,ETH,1416.05,1415.92,0.0092,bykaranteli.com
2023-01-13,BTC,19934.88,19930.01,0.0244,bykaranteli.com
2023-01-13,ETH,1451.78,1451.2,0.04,bykaranteli.com
2023-01-14,BTC,20957.02,20954.92,0.01,bykaranteli.com
2023-01-14,ETH,1550.06,1549.9,0.0103,bykaranteli.com
2023-01-15,BTC,20879.7,20871.5,0.0393,bykaranteli.com
2023-01-15,ETH,1552.89,1552.52,0.0238,bykaranteli.com
2023-01-16,BTC,21187.5,21185.65,0.0087,bykaranteli.com
2023-01-16,ETH,1576.85,1576.94,-0.0057,bykaranteli.com
2023-01-17,BTC,21136.33,21134.81,0.0072,bykaranteli.com
2023-01-17,ETH,1565.68,1565.57,0.007,bykaranteli.com
2023-01-18,BTC,20674.29,20677.47,-0.0154,bykaranteli.com
2023-01-18,ETH,1510.83,1511.43,-0.0397,bykaranteli.com
2023-01-19,BTC,21084.22,21071.59,0.0599,bykaranteli.com
2023-01-19,ETH,1550.98,1551.09,-0.0071,bykaranteli.com
2023-01-20,BTC,22669.81,22667.21,0.0115,bykaranteli.com
2023-01-20,ETH,1658.25,1658.52,-0.0163,bykaranteli.com
2023-01-21,BTC,22789.37,22783.55,0.0255,bykaranteli.com
2023-01-21,ETH,1626.8,1626.66,0.0086,bykaranteli.com
2023-01-22,BTC,22714.87,22707.88,0.0308,bykaranteli.com
2023-01-22,ETH,1627.88,1627.44,0.027,bykaranteli.com
2023-01-23,BTC,22920.29,22916.45,0.0168,bykaranteli.com
2023-01-23,ETH,1626.55,1626.29,0.016,bykaranteli.com
2023-01-24,BTC,22636.17,22632.89,0.0145,bykaranteli.com
2023-01-24,ETH,1556.09,1555.97,0.0077,bykaranteli.com
2023-01-25,BTC,23062.36,23060.94,0.0062,bykaranteli.com
2023-01-25,ETH,1612.54,1611.94,0.0372,bykaranteli.com
2023-01-26,BTC,23010.47,23009.65,0.0036,bykaranteli.com
2023-01-26,ETH,1601.1,1601.09,0.0006,bykaranteli.com
2023-01-27,BTC,23084.4,23074.16,0.0444,bykaranteli.com
2023-01-27,ETH,1598.18,1597.62,0.0351,bykaranteli.com
2023-01-28,BTC,23028.95,23022.6,0.0276,bykaranteli.com
2023-01-28,ETH,1572.3,1572.1,0.0127,bykaranteli.com
2023-01-29,BTC,23745.8,23742.3,0.0147,bykaranteli.com
2023-01-29,ETH,1644.89,1644.72,0.0103,bykaranteli.com
2023-01-30,BTC,22836.03,22826.15,0.0433,bykaranteli.com
2023-01-30,ETH,1566.23,1566.2,0.0019,bykaranteli.com
2023-01-31,BTC,23128.86,23125.13,0.0161,bykaranteli.com
2023-01-31,ETH,1585.39,1585.33,0.0038,bykaranteli.com
2023-02-01,BTC,23735.97,23732.66,0.0139,bykaranteli.com
2023-02-01,ETH,1642.05,1641.68,0.0225,bykaranteli.com
2023-02-02,BTC,23493.84,23488.94,0.0209,bykaranteli.com
2023-02-02,ETH,1643.19,1643.12,0.0043,bykaranteli.com
2023-02-03,BTC,23433.54,23431.9,0.007,bykaranteli.com
2023-02-03,ETH,1663.69,1663.52,0.0102,bykaranteli.com
2023-02-04,BTC,23328.87,23326.84,0.0087,bykaranteli.com
2023-02-04,ETH,1666.83,1666.38,0.027,bykaranteli.com
2023-02-05,BTC,22936.34,22932.91,0.015,bykaranteli.com
2023-02-05,ETH,1629.37,1629.02,0.0215,bykaranteli.com
2023-02-06,BTC,22764.07,22762.52,0.0068,bykaranteli.com
2023-02-06,ETH,1614.5,1614.29,0.013,bykaranteli.com
2023-02-07,BTC,23244.67,23240.46,0.0181,bykaranteli.com
2023-02-07,ETH,1671.28,1671.03,0.015,bykaranteli.com
2023-02-08,BTC,22964.38,22963,0.006,bykaranteli.com
2023-02-08,ETH,1650.65,1650.43,0.0133,bykaranteli.com
2023-02-09,BTC,21800.63,21796.35,0.0196,bykaranteli.com
2023-02-09,ETH,1545.54,1545.35,0.0123,bykaranteli.com
2023-02-10,BTC,21628.97,21625.19,0.0175,bykaranteli.com
2023-02-10,ETH,1513.04,1513.06,-0.0013,bykaranteli.com
2023-02-11,BTC,21863.73,21862.55,0.0054,bykaranteli.com
2023-02-11,ETH,1538.86,1538.51,0.0227,bykaranteli.com
2023-02-12,BTC,21789.8,21783.54,0.0287,bykaranteli.com
2023-02-12,ETH,1515.25,1514.83,0.0277,bykaranteli.com
2023-02-13,BTC,21789.14,21773.97,0.0697,bykaranteli.com
2023-02-13,ETH,1506.29,1505.24,0.0698,bykaranteli.com
2023-02-14,BTC,22206.27,22199.84,0.029,bykaranteli.com
2023-02-14,ETH,1556.67,1555.71,0.0617,bykaranteli.com
2023-02-15,BTC,24329.04,24324.05,0.0205,bykaranteli.com
2023-02-15,ETH,1674.88,1674.92,-0.0024,bykaranteli.com
2023-02-16,BTC,23516.15,23517.72,-0.0067,bykaranteli.com
2023-02-16,ETH,1637.83,1637.84,-0.0006,bykaranteli.com
2023-02-17,BTC,24577.6,24569.97,0.0311,bykaranteli.com
2023-02-17,ETH,1694.37,1693.87,0.0295,bykaranteli.com
2023-02-18,BTC,24636.23,24631.95,0.0174,bykaranteli.com
2023-02-18,ETH,1691.82,1691.62,0.0118,bykaranteli.com
2023-02-19,BTC,24281.31,24271.76,0.0393,bykaranteli.com
2023-02-19,ETH,1680.23,1679.75,0.0286,bykaranteli.com
2023-02-20,BTC,24844.97,24842.2,0.0112,bykaranteli.com
2023-02-20,ETH,1703.63,1703.27,0.0211,bykaranteli.com
2023-02-21,BTC,24454.43,24452.16,0.0093,bykaranteli.com
2023-02-21,ETH,1659.76,1659.76,0,bykaranteli.com
2023-02-22,BTC,24184.44,24182.21,0.0092,bykaranteli.com
2023-02-22,ETH,1642.95,1643.14,-0.0116,bykaranteli.com
2023-02-23,BTC,23943.32,23940.2,0.013,bykaranteli.com
2023-02-23,ETH,1650.62,1650.53,0.0055,bykaranteli.com
2023-02-24,BTC,23186.88,23185.29,0.0069,bykaranteli.com
2023-02-24,ETH,1607.57,1607.8,-0.0143,bykaranteli.com
2023-02-25,BTC,23159.71,23157.07,0.0114,bykaranteli.com
2023-02-25,ETH,1594.51,1594.58,-0.0044,bykaranteli.com
2023-02-26,BTC,23556.83,23554.85,0.0084,bykaranteli.com
2023-02-26,ETH,1641.41,1641.36,0.003,bykaranteli.com
2023-02-27,BTC,23489.52,23492.09,-0.0109,bykaranteli.com
2023-02-27,ETH,1633.26,1633.45,-0.0116,bykaranteli.com
2023-02-28,BTC,23145.32,23141.57,0.0162,bykaranteli.com
2023-02-28,ETH,1605.4,1605.23,0.0106,bykaranteli.com
2023-03-01,BTC,23631.52,23628.97,0.0108,bykaranteli.com
2023-03-01,ETH,1665.2,1665.22,-0.0012,bykaranteli.com
2023-03-02,BTC,23468.24,23465.32,0.0124,bykaranteli.com
2023-03-02,ETH,1647.87,1647.86,0.0006,bykaranteli.com
2023-03-03,BTC,22358.18,22354.34,0.0172,bykaranteli.com
2023-03-03,ETH,1569.54,1569.45,0.0057,bykaranteli.com
2023-03-04,BTC,22350.95,22346.57,0.0196,bykaranteli.com
2023-03-04,ETH,1566.72,1566.73,-0.0006,bykaranteli.com
2023-03-05,BTC,22432.69,22430.24,0.0109,bykaranteli.com
2023-03-05,ETH,1564.81,1564.58,0.0147,bykaranteli.com
2023-03-06,BTC,22410.31,22410,0.0014,bykaranteli.com
2023-03-06,ETH,1565.85,1565.84,0.0006,bykaranteli.com
2023-03-07,BTC,22198.48,22197.96,0.0023,bykaranteli.com
2023-03-07,ETH,1561.67,1561.96,-0.0186,bykaranteli.com
2023-03-08,BTC,21698.37,21705.44,-0.0326,bykaranteli.com
2023-03-08,ETH,1532.17,1532.38,-0.0137,bykaranteli.com
2023-03-09,BTC,20367.01,20362.22,0.0235,bykaranteli.com
2023-03-09,ETH,1437.41,1437.32,0.0063,bykaranteli.com
2023-03-10,BTC,20230.08,20150.69,0.394,bykaranteli.com
2023-03-10,ETH,1432.15,1426.44,0.4003,bykaranteli.com
2023-03-11,BTC,20620.54,20455.73,0.8057,bykaranteli.com
2023-03-11,ETH,1483.68,1471.97,0.7955,bykaranteli.com
2023-03-12,BTC,22219.08,21997.11,1.0091,bykaranteli.com
2023-03-12,ETH,1592.31,1580.33,0.7581,bykaranteli.com
2023-03-13,BTC,24220,24113.48,0.4417,bykaranteli.com
2023-03-13,ETH,1681.93,1673.45,0.5067,bykaranteli.com
2023-03-14,BTC,24762.65,24670.41,0.3739,bykaranteli.com
2023-03-14,ETH,1704.95,1699.4,0.3266,bykaranteli.com
2023-03-15,BTC,24377.16,24285.66,0.3768,bykaranteli.com
2023-03-15,ETH,1656.8,1649.96,0.4146,bykaranteli.com
2023-03-16,BTC,25051.85,24998.78,0.2123,bykaranteli.com
2023-03-16,ETH,1677.24,1673.73,0.2097,bykaranteli.com
2023-03-17,BTC,27453.62,27395.13,0.2135,bykaranteli.com
2023-03-17,ETH,1793.66,1789.27,0.2454,bykaranteli.com
2023-03-18,BTC,26980.35,26907.49,0.2708,bykaranteli.com
2023-03-18,ETH,1763.68,1758.84,0.2752,bykaranteli.com
2023-03-19,BTC,28054.46,27972.87,0.2917,bykaranteli.com
2023-03-19,ETH,1786.4,1780.68,0.3212,bykaranteli.com
2023-03-20,BTC,27823.32,27717.01,0.3836,bykaranteli.com
2023-03-20,ETH,1739.42,1732.78,0.3832,bykaranteli.com
2023-03-21,BTC,28207.33,28105.47,0.3624,bykaranteli.com
2023-03-21,ETH,1807.23,1801.23,0.3331,bykaranteli.com
2023-03-22,BTC,27325.15,27250.97,0.2722,bykaranteli.com
2023-03-22,ETH,1739.18,1734.33,0.2796,bykaranteli.com
2023-03-23,BTC,28352.94,28295.41,0.2033,bykaranteli.com
2023-03-23,ETH,1817.49,1813.79,0.204,bykaranteli.com
2023-03-24,BTC,27489.24,27454.47,0.1266,bykaranteli.com
2023-03-24,ETH,1751.93,1749.57,0.1349,bykaranteli.com
2023-03-25,BTC,27488.18,27462.95,0.0919,bykaranteli.com
2023-03-25,ETH,1743.8,1741.88,0.1102,bykaranteli.com
2023-03-26,BTC,27992.9,27968.05,0.0889,bykaranteli.com
2023-03-26,ETH,1775.86,1773.88,0.1116,bykaranteli.com
2023-03-27,BTC,27142.87,27124.91,0.0662,bykaranteli.com
2023-03-27,ETH,1716.42,1715.22,0.07,bykaranteli.com
2023-03-28,BTC,27274.15,27261.07,0.048,bykaranteli.com
2023-03-28,ETH,1773.7,1772.99,0.04,bykaranteli.com
2023-03-29,BTC,28359.54,28348.6,0.0386,bykaranteli.com
2023-03-29,ETH,1793.41,1793.07,0.019,bykaranteli.com
2023-03-30,BTC,28035.48,28028.53,0.0248,bykaranteli.com
2023-03-30,ETH,1793.68,1793.61,0.0039,bykaranteli.com
2023-03-31,BTC,28474.4,28465.36,0.0318,bykaranteli.com
2023-03-31,ETH,1822.01,1821.52,0.0269,bykaranteli.com
2023-04-01,BTC,28471.46,28452.73,0.0658,bykaranteli.com
2023-04-01,ETH,1821.73,1820.79,0.0516,bykaranteli.com
2023-04-02,BTC,28188.34,28171.87,0.0585,bykaranteli.com
2023-04-02,ETH,1795.37,1794.51,0.0479,bykaranteli.com
2023-04-03,BTC,27811.77,27800,0.0423,bykaranteli.com
2023-04-03,ETH,1810.92,1810.51,0.0226,bykaranteli.com
2023-04-04,BTC,28179.64,28165.47,0.0503,bykaranteli.com
2023-04-04,ETH,1871.36,1870.37,0.0529,bykaranteli.com
2023-04-05,BTC,28175.37,28170.01,0.019,bykaranteli.com
2023-04-05,ETH,1908.9,1908.69,0.011,bykaranteli.com
2023-04-06,BTC,28053.46,28033.82,0.0701,bykaranteli.com
2023-04-06,ETH,1873.29,1872.41,0.047,bykaranteli.com
2023-04-07,BTC,27931.94,27906.33,0.0918,bykaranteli.com
2023-04-07,ETH,1865.02,1863.72,0.0698,bykaranteli.com
2023-04-08,BTC,27958.81,27938.38,0.0731,bykaranteli.com
2023-04-08,ETH,1850.06,1848.82,0.0671,bykaranteli.com
2023-04-09,BTC,28340.99,28323.76,0.0608,bykaranteli.com
2023-04-09,ETH,1859.84,1858.92,0.0495,bykaranteli.com
2023-04-10,BTC,29660.41,29637.34,0.0778,bykaranteli.com
2023-04-10,ETH,1911.23,1910.2,0.0539,bykaranteli.com
2023-04-11,BTC,30227.19,30200.42,0.0886,bykaranteli.com
2023-04-11,ETH,1891.82,1889.86,0.1037,bykaranteli.com
2023-04-12,BTC,29912.2,29888.07,0.0807,bykaranteli.com
2023-04-12,ETH,1918.91,1917.39,0.0793,bykaranteli.com
2023-04-13,BTC,30406.78,30373.84,0.1084,bykaranteli.com
2023-04-13,ETH,2013.98,2012.01,0.0979,bykaranteli.com
2023-04-14,BTC,30492.92,30466.93,0.0853,bykaranteli.com
2023-04-14,ETH,2101.85,2099.99,0.0886,bykaranteli.com
2023-04-15,BTC,30324.11,30295.09,0.0958,bykaranteli.com
2023-04-15,ETH,2092.45,2090.6,0.0885,bykaranteli.com
2023-04-16,BTC,30326.09,30304.65,0.0707,bykaranteli.com
2023-04-16,ETH,2120.07,2118.67,0.0661,bykaranteli.com
2023-04-17,BTC,29449.91,29430.27,0.0667,bykaranteli.com
2023-04-17,ETH,2075.63,2074,0.0786,bykaranteli.com
2023-04-18,BTC,30393.4,30380.01,0.0441,bykaranteli.com
2023-04-18,ETH,2104.61,2103.5,0.0528,bykaranteli.com
2023-04-19,BTC,28809.72,28797.1,0.0438,bykaranteli.com
2023-04-19,ETH,1934.8,1933.73,0.0553,bykaranteli.com
2023-04-20,BTC,28248.18,28243.65,0.016,bykaranteli.com
2023-04-20,ETH,1943.16,1942.98,0.0093,bykaranteli.com
2023-04-21,BTC,27253.85,27262.84,-0.033,bykaranteli.com
2023-04-21,ETH,1848.16,1848.78,-0.0335,bykaranteli.com
2023-04-22,BTC,27821.41,27816.85,0.0164,bykaranteli.com
2023-04-22,ETH,1874.48,1874.16,0.0171,bykaranteli.com
2023-04-23,BTC,27592.98,27590.6,0.0086,bykaranteli.com
2023-04-23,ETH,1861.9,1862,-0.0054,bykaranteli.com
2023-04-24,BTC,27515.05,27510.93,0.015,bykaranteli.com
2023-04-24,ETH,1842.17,1841.84,0.0179,bykaranteli.com
2023-04-25,BTC,28304.42,28300.79,0.0128,bykaranteli.com
2023-04-25,ETH,1866.23,1866.1,0.007,bykaranteli.com
2023-04-26,BTC,28426.08,28415.29,0.038,bykaranteli.com
2023-04-26,ETH,1866.73,1866.01,0.0386,bykaranteli.com
2023-04-27,BTC,29483.72,29472.77,0.0372,bykaranteli.com
2023-04-27,ETH,1908.92,1908.68,0.0126,bykaranteli.com
2023-04-28,BTC,29338.63,29311.7,0.0919,bykaranteli.com
2023-04-28,ETH,1892.54,1890.94,0.0846,bykaranteli.com
2023-04-29,BTC,29249.35,29230.45,0.0647,bykaranteli.com
2023-04-29,ETH,1908.96,1907.8,0.0608,bykaranteli.com
2023-04-30,BTC,29247.14,29233.21,0.0477,bykaranteli.com
2023-04-30,ETH,1870.76,1870.09,0.0358,bykaranteli.com
2023-05-01,BTC,28077.27,28068.26,0.0321,bykaranteli.com
2023-05-01,ETH,1831.41,1830.73,0.0371,bykaranteli.com
2023-05-02,BTC,28684.4,28669.86,0.0507,bykaranteli.com
2023-05-02,ETH,1871.26,1870.08,0.0631,bykaranteli.com
2023-05-03,BTC,29038.75,29026.16,0.0434,bykaranteli.com
2023-05-03,ETH,1905.89,1905.12,0.0404,bykaranteli.com
2023-05-04,BTC,28857.23,28838.16,0.0661,bykaranteli.com
2023-05-04,ETH,1878.01,1877.07,0.0501,bykaranteli.com
2023-05-05,BTC,29536.76,29505.61,0.1056,bykaranteli.com
2023-05-05,ETH,1995.76,1993.3,0.1234,bykaranteli.com
2023-05-06,BTC,28902.66,28848.2,0.1888,bykaranteli.com
2023-05-06,ETH,1900.12,1896.33,0.1999,bykaranteli.com
2023-05-07,BTC,28474.53,28430.1,0.1563,bykaranteli.com
2023-05-07,ETH,1873.27,1870.4,0.1534,bykaranteli.com
2023-05-08,BTC,27695.06,27668.79,0.0949,bykaranteli.com
2023-05-08,ETH,1849.11,1847.56,0.0839,bykaranteli.com
2023-05-09,BTC,27647.29,27628.27,0.0688,bykaranteli.com
2023-05-09,ETH,1847.7,1846.52,0.0639,bykaranteli.com
2023-05-10,BTC,27624.01,27598.75,0.0915,bykaranteli.com
2023-05-10,ETH,1842.47,1840.84,0.0885,bykaranteli.com
2023-05-11,BTC,26986.56,26968.62,0.0665,bykaranteli.com
2023-05-11,ETH,1795.24,1794.3,0.0524,bykaranteli.com
2023-05-12,BTC,26808.84,26795.01,0.0516,bykaranteli.com
2023-05-12,ETH,1808.35,1807.45,0.0498,bykaranteli.com
2023-05-13,BTC,26789.48,26775.28,0.053,bykaranteli.com
2023-05-13,ETH,1795.99,1795.11,0.049,bykaranteli.com
2023-05-14,BTC,26929.98,26917.62,0.0459,bykaranteli.com
2023-05-14,ETH,1800.03,1799.21,0.0456,bykaranteli.com
2023-05-15,BTC,27171.13,27162.14,0.0331,bykaranteli.com
2023-05-15,ETH,1816.79,1816.2,0.0325,bykaranteli.com
2023-05-16,BTC,27037.68,27033.84,0.0142,bykaranteli.com
2023-05-16,ETH,1824.64,1824.21,0.0236,bykaranteli.com
2023-05-17,BTC,27407.77,27405.61,0.0079,bykaranteli.com
2023-05-17,ETH,1822.49,1822.12,0.0203,bykaranteli.com
2023-05-18,BTC,26820.49,26821.28,-0.0029,bykaranteli.com
2023-05-18,ETH,1800.61,1800.56,0.0028,bykaranteli.com
2023-05-19,BTC,26890.27,26880.26,0.0372,bykaranteli.com
2023-05-19,ETH,1812.84,1812.32,0.0287,bykaranteli.com
2023-05-20,BTC,27113.61,27102.43,0.0413,bykaranteli.com
2023-05-20,ETH,1819.96,1819.42,0.0297,bykaranteli.com
2023-05-21,BTC,26752.65,26747.78,0.0182,bykaranteli.com
2023-05-21,ETH,1805.28,1804.91,0.0205,bykaranteli.com
2023-05-22,BTC,26854.73,26849.27,0.0203,bykaranteli.com
2023-05-22,ETH,1817.76,1817.35,0.0226,bykaranteli.com
2023-05-23,BTC,27223.22,27219.61,0.0133,bykaranteli.com
2023-05-23,ETH,1854.41,1854.05,0.0194,bykaranteli.com
2023-05-24,BTC,26321.4,26329.01,-0.0289,bykaranteli.com
2023-05-24,ETH,1799.75,1799.89,-0.0078,bykaranteli.com
2023-05-25,BTC,26479.06,26473.79,0.0199,bykaranteli.com
2023-05-25,ETH,1805.83,1805.6,0.0127,bykaranteli.com
2023-05-26,BTC,26714.86,26705.92,0.0335,bykaranteli.com
2023-05-26,ETH,1828.43,1827.79,0.035,bykaranteli.com
2023-05-27,BTC,26867.99,26854.27,0.0511,bykaranteli.com
2023-05-27,ETH,1830.67,1829.89,0.0426,bykaranteli.com
2023-05-28,BTC,28070.04,28065,0.018,bykaranteli.com
2023-05-28,ETH,1909.25,1908.64,0.032,bykaranteli.com
2023-05-29,BTC,27744.82,27736.4,0.0304,bykaranteli.com
2023-05-29,ETH,1893.2,1892.6,0.0317,bykaranteli.com
2023-05-30,BTC,27700.15,27694.4,0.0208,bykaranteli.com
2023-05-30,ETH,1901.11,1900.59,0.0274,bykaranteli.com
2023-05-31,BTC,27223.08,27210.35,0.0468,bykaranteli.com
2023-05-31,ETH,1874.04,1873.63,0.0219,bykaranteli.com
2023-06-01,BTC,26828.42,26817.93,0.0391,bykaranteli.com
2023-06-01,ETH,1862.43,1861.78,0.0349,bykaranteli.com
2023-06-02,BTC,27250.69,27242.59,0.0297,bykaranteli.com
2023-06-02,ETH,1907.41,1906.68,0.0383,bykaranteli.com
2023-06-03,BTC,27077.6,27069.22,0.031,bykaranteli.com
2023-06-03,ETH,1892.62,1892.06,0.0296,bykaranteli.com
2023-06-04,BTC,27122.04,27115.21,0.0252,bykaranteli.com
2023-06-04,ETH,1890.23,1890.01,0.0116,bykaranteli.com
2023-06-05,BTC,25741.5,25728.2,0.0517,bykaranteli.com
2023-06-05,ETH,1811.21,1810.5,0.0392,bykaranteli.com
2023-06-06,BTC,27243.63,27230.08,0.0498,bykaranteli.com
2023-06-06,ETH,1884.95,1884.64,0.0164,bykaranteli.com
2023-06-07,BTC,26346.41,26339.34,0.0268,bykaranteli.com
2023-06-07,ETH,1832.49,1832.13,0.0196,bykaranteli.com
2023-06-08,BTC,26508.32,26498.61,0.0366,bykaranteli.com
2023-06-08,ETH,1845.99,1845.64,0.019,bykaranteli.com
2023-06-09,BTC,26482.81,26477.81,0.0189,bykaranteli.com
2023-06-09,ETH,1840.46,1840.37,0.0049,bykaranteli.com
2023-06-10,BTC,25856.1,25841.21,0.0576,bykaranteli.com
2023-06-10,ETH,1752.32,1751.53,0.0451,bykaranteli.com
2023-06-11,BTC,25937.02,25925.55,0.0442,bykaranteli.com
2023-06-11,ETH,1753.1,1752.76,0.0194,bykaranteli.com
2023-06-12,BTC,25905.82,25905.19,0.0024,bykaranteli.com
2023-06-12,ETH,1742.66,1742.57,0.0052,bykaranteli.com
2023-06-13,BTC,25930.23,25934.25,-0.0155,bykaranteli.com
2023-06-13,ETH,1739.54,1740.12,-0.0333,bykaranteli.com
2023-06-14,BTC,25123.34,25128.6,-0.0209,bykaranteli.com
2023-06-14,ETH,1650.84,1650.95,-0.0067,bykaranteli.com
2023-06-15,BTC,25569.99,25598.49,-0.1113,bykaranteli.com
2023-06-15,ETH,1665.28,1666.96,-0.1008,bykaranteli.com
2023-06-16,BTC,26329.6,26345,-0.0585,bykaranteli.com
2023-06-16,ETH,1716.8,1717.92,-0.0652,bykaranteli.com
2023-06-17,BTC,26506.56,26516.99,-0.0393,bykaranteli.com
2023-06-17,ETH,1727.09,1727.76,-0.0388,bykaranteli.com
2023-06-18,BTC,26336.46,26339.97,-0.0133,bykaranteli.com
2023-06-18,ETH,1720.43,1720.95,-0.0302,bykaranteli.com
2023-06-19,BTC,26837.78,26844.35,-0.0245,bykaranteli.com
2023-06-19,ETH,1736.58,1737.11,-0.0305,bykaranteli.com
2023-06-20,BTC,28320.43,28307.99,0.0439,bykaranteli.com
2023-06-20,ETH,1792.86,1791.99,0.0485,bykaranteli.com
2023-06-21,BTC,29995.08,29993.89,0.004,bykaranteli.com
2023-06-21,ETH,1889.57,1889.11,0.0244,bykaranteli.com
2023-06-22,BTC,29886.31,29884.92,0.0047,bykaranteli.com
2023-06-22,ETH,1872.13,1872.01,0.0064,bykaranteli.com
2023-06-23,BTC,30707.61,30688.5,0.0623,bykaranteli.com
2023-06-23,ETH,1893.66,1892.63,0.0544,bykaranteli.com
2023-06-24,BTC,30547.18,30527.43,0.0647,bykaranteli.com
2023-06-24,ETH,1875.87,1874.96,0.0485,bykaranteli.com
2023-06-25,BTC,30480.24,30462.66,0.0577,bykaranteli.com
2023-06-25,ETH,1899.73,1898.8,0.049,bykaranteli.com
2023-06-26,BTC,30272.18,30267.99,0.0138,bykaranteli.com
2023-06-26,ETH,1859.19,1858.97,0.0118,bykaranteli.com
2023-06-27,BTC,30697.38,30692.44,0.0161,bykaranteli.com
2023-06-27,ETH,1889.82,1889.58,0.0127,bykaranteli.com
2023-06-28,BTC,30074.94,30077.41,-0.0082,bykaranteli.com
2023-06-28,ETH,1827.37,1828.02,-0.0356,bykaranteli.com
2023-06-29,BTC,30446.47,30447.31,-0.0028,bykaranteli.com
2023-06-29,ETH,1852.11,1851.99,0.0065,bykaranteli.com
2023-06-30,BTC,30466.72,30472,-0.0173,bykaranteli.com
2023-06-30,ETH,1933.57,1933.79,-0.0114,bykaranteli.com
2023-07-01,BTC,30587.21,30585.9,0.0043,bykaranteli.com
2023-07-01,ETH,1924.14,1924.5,-0.0187,bykaranteli.com
2023-07-02,BTC,30613.51,30617.03,-0.0115,bykaranteli.com
2023-07-02,ETH,1937.26,1937.48,-0.0114,bykaranteli.com
2023-07-03,BTC,31161.8,31156.2,0.018,bykaranteli.com
2023-07-03,ETH,1955.76,1955.54,0.0113,bykaranteli.com
2023-07-04,BTC,30771.25,30766.51,0.0154,bykaranteli.com
2023-07-04,ETH,1936.42,1936.2,0.0114,bykaranteli.com
2023-07-05,BTC,30499.27,30504.81,-0.0182,bykaranteli.com
2023-07-05,ETH,1910.14,1910.36,-0.0115,bykaranteli.com
2023-07-06,BTC,29899.38,29895.43,0.0132,bykaranteli.com
2023-07-06,ETH,1845.8,1846.17,-0.02,bykaranteli.com
2023-07-07,BTC,30352.08,30344.7,0.0243,bykaranteli.com
2023-07-07,ETH,1870.93,1870.91,0.0011,bykaranteli.com
2023-07-08,BTC,30291.69,30284.63,0.0233,bykaranteli.com
2023-07-08,ETH,1865.56,1865.24,0.0172,bykaranteli.com
2023-07-09,BTC,30168.38,30160.71,0.0254,bykaranteli.com
2023-07-09,ETH,1863.01,1862.8,0.0113,bykaranteli.com
2023-07-10,BTC,30419.89,30411.57,0.0274,bykaranteli.com
2023-07-10,ETH,1880.62,1880.4,0.0117,bykaranteli.com
2023-07-11,BTC,30626.55,30622.1,0.0145,bykaranteli.com
2023-07-11,ETH,1878.66,1878.3,0.0192,bykaranteli.com
2023-07-12,BTC,30381.81,30380,0.006,bykaranteli.com
2023-07-12,ETH,1871.65,1871.82,-0.0091,bykaranteli.com
2023-07-13,BTC,31471.83,31454.23,0.056,bykaranteli.com
2023-07-13,ETH,2005.95,2004.49,0.0728,bykaranteli.com
2023-07-14,BTC,30330.52,30312.01,0.0611,bykaranteli.com
2023-07-14,ETH,1938.91,1937.83,0.0557,bykaranteli.com
2023-07-15,BTC,30301.65,30289.52,0.04,bykaranteli.com
2023-07-15,ETH,1931.9,1931.41,0.0254,bykaranteli.com
2023-07-16,BTC,30247.64,30231.99,0.0518,bykaranteli.com
2023-07-16,ETH,1923.38,1922.11,0.0661,bykaranteli.com
2023-07-17,BTC,30143.08,30138,0.0169,bykaranteli.com
2023-07-17,ETH,1911.38,1911.2,0.0094,bykaranteli.com
2023-07-18,BTC,29861.93,29859.13,0.0094,bykaranteli.com
2023-07-18,ETH,1897.72,1897.21,0.0269,bykaranteli.com
2023-07-19,BTC,29916.72,29909.21,0.0251,bykaranteli.com
2023-07-19,ETH,1888.73,1888.63,0.0053,bykaranteli.com
2023-07-20,BTC,29809.13,29800,0.0306,bykaranteli.com
2023-07-20,ETH,1891.72,1891.59,0.0069,bykaranteli.com
2023-07-21,BTC,29907.98,29901.72,0.0209,bykaranteli.com
2023-07-21,ETH,1891.92,1891.73,0.01,bykaranteli.com
2023-07-22,BTC,29795.03,29794,0.0035,bykaranteli.com
2023-07-22,ETH,1866.69,1866.52,0.0091,bykaranteli.com
2023-07-23,BTC,30081.61,30083.75,-0.0071,bykaranteli.com
2023-07-23,ETH,1888.65,1888.73,-0.0042,bykaranteli.com
2023-07-24,BTC,29176.98,29176.5,0.0016,bykaranteli.com
2023-07-24,ETH,1849.69,1850,-0.0168,bykaranteli.com
2023-07-25,BTC,29225.14,29228.91,-0.0129,bykaranteli.com
2023-07-25,ETH,1857.28,1857.66,-0.0205,bykaranteli.com
2023-07-26,BTC,29353.23,29351.96,0.0043,bykaranteli.com
2023-07-26,ETH,1871.92,1872,-0.0043,bykaranteli.com
2023-07-27,BTC,29214.92,29222.78,-0.0269,bykaranteli.com
2023-07-27,ETH,1860.88,1861.28,-0.0215,bykaranteli.com
2023-07-28,BTC,29316.15,29314.14,0.0069,bykaranteli.com
2023-07-28,ETH,1874.05,1874.19,-0.0075,bykaranteli.com
2023-07-29,BTC,29355.71,29352.9,0.0096,bykaranteli.com
2023-07-29,ETH,1880.71,1880.46,0.0133,bykaranteli.com
2023-07-30,BTC,29281.39,29281.09,0.001,bykaranteli.com
2023-07-30,ETH,1861.65,1861.79,-0.0075,bykaranteli.com
2023-07-31,BTC,29230.67,29232.25,-0.0054,bykaranteli.com
2023-07-31,ETH,1856,1856.14,-0.0075,bykaranteli.com
2023-08-01,BTC,29697.27,29705.99,-0.0294,bykaranteli.com
2023-08-01,ETH,1872.89,1873.47,-0.031,bykaranteli.com
2023-08-02,BTC,29164.22,29186.01,-0.0747,bykaranteli.com
2023-08-02,ETH,1838.92,1839.9,-0.0533,bykaranteli.com
2023-08-03,BTC,29174.18,29193.64,-0.0667,bykaranteli.com
2023-08-03,ETH,1834.34,1835.81,-0.0801,bykaranteli.com
2023-08-04,BTC,29076.48,29113.99,-0.1288,bykaranteli.com
2023-08-04,ETH,1827.3,1830.23,-0.1601,bykaranteli.com
2023-08-05,BTC,29047.12,29072.13,-0.086,bykaranteli.com
2023-08-05,ETH,1834.66,1836.48,-0.0991,bykaranteli.com
2023-08-06,BTC,29040.01,29088.42,-0.1664,bykaranteli.com
2023-08-06,ETH,1827.5,1830.28,-0.1519,bykaranteli.com
2023-08-07,BTC,29179.21,29211.06,-0.109,bykaranteli.com
2023-08-07,ETH,1826.9,1829.1,-0.1203,bykaranteli.com
2023-08-08,BTC,29770.01,29770.42,-0.0014,bykaranteli.com
2023-08-08,ETH,1855.71,1856.3,-0.0318,bykaranteli.com
2023-08-09,BTC,29562.76,29581.99,-0.065,bykaranteli.com
2023-08-09,ETH,1854.09,1855.35,-0.0679,bykaranteli.com
2023-08-10,BTC,29424.03,29455.75,-0.1077,bykaranteli.com
2023-08-10,ETH,1850.38,1852.47,-0.1128,bykaranteli.com
2023-08-11,BTC,29400.45,29426.03,-0.0869,bykaranteli.com
2023-08-11,ETH,1846.76,1848.84,-0.1125,bykaranteli.com
2023-08-12,BTC,29416.96,29430.17,-0.0449,bykaranteli.com
2023-08-12,ETH,1849.09,1849.93,-0.0454,bykaranteli.com
2023-08-13,BTC,29275.94,29303.84,-0.0952,bykaranteli.com
2023-08-13,ETH,1838.98,1840.73,-0.0951,bykaranteli.com
2023-08-14,BTC,29405.49,29430.93,-0.0864,bykaranteli.com
2023-08-14,ETH,1844.01,1845.5,-0.0807,bykaranteli.com
2023-08-15,BTC,29170.14,29200,-0.1023,bykaranteli.com
2023-08-15,ETH,1827.19,1828.98,-0.0979,bykaranteli.com
2023-08-16,BTC,28700.51,28730.51,-0.1044,bykaranteli.com
2023-08-16,ETH,1805.51,1807.81,-0.1272,bykaranteli.com
2023-08-17,BTC,26627.57,26623.41,0.0156,bykaranteli.com
2023-08-17,ETH,1681.42,1681.49,-0.0042,bykaranteli.com
2023-08-18,BTC,26048.89,26054,-0.0196,bykaranteli.com
2023-08-18,ETH,1661.4,1661.59,-0.0114,bykaranteli.com
2023-08-19,BTC,26096.42,26100.01,-0.0138,bykaranteli.com
2023-08-19,ETH,1669.65,1669.67,-0.0012,bykaranteli.com
2023-08-20,BTC,26189.14,26189.99,-0.0032,bykaranteli.com
2023-08-20,ETH,1685.39,1685.24,0.0089,bykaranteli.com
2023-08-21,BTC,26125.18,26126.92,-0.0067,bykaranteli.com
2023-08-21,ETH,1667.2,1667.55,-0.021,bykaranteli.com
2023-08-22,BTC,26042.11,26056,-0.0533,bykaranteli.com
2023-08-22,ETH,1634.33,1634.99,-0.0404,bykaranteli.com
2023-08-23,BTC,26427.54,26432.72,-0.0196,bykaranteli.com
2023-08-23,ETH,1679.22,1679.61,-0.0232,bykaranteli.com
2023-08-24,BTC,26163.49,26180.05,-0.0633,bykaranteli.com
2023-08-24,ETH,1660.36,1661.16,-0.0482,bykaranteli.com
2023-08-25,BTC,26049.39,26060.01,-0.0408,bykaranteli.com
2023-08-25,ETH,1652.75,1653.8,-0.0635,bykaranteli.com
2023-08-26,BTC,26009.61,26017.37,-0.0298,bykaranteli.com
2023-08-26,ETH,1646.25,1647.04,-0.048,bykaranteli.com
2023-08-27,BTC,26091.16,26101.77,-0.0406,bykaranteli.com
2023-08-27,ETH,1657.51,1658.33,-0.0494,bykaranteli.com
2023-08-28,BTC,26101.04,26120,-0.0726,bykaranteli.com
2023-08-28,ETH,1651.94,1653.08,-0.069,bykaranteli.com
2023-08-29,BTC,27717.98,27716.34,0.0059,bykaranteli.com
2023-08-29,ETH,1729.34,1729.42,-0.0046,bykaranteli.com
2023-08-30,BTC,27306.06,27299.99,0.0222,bykaranteli.com
2023-08-30,ETH,1705.47,1705.23,0.0141,bykaranteli.com
2023-08-31,BTC,25932.45,25940.78,-0.0321,bykaranteli.com
2023-08-31,ETH,1645.58,1645.76,-0.0109,bykaranteli.com
2023-09-01,BTC,25794.88,25805.05,-0.0394,bykaranteli.com
2023-09-01,ETH,1628.46,1629.12,-0.0405,bykaranteli.com
2023-09-02,BTC,25867.83,25869.51,-0.0065,bykaranteli.com
2023-09-02,ETH,1636.83,1637.03,-0.0122,bykaranteli.com
2023-09-03,BTC,25969.83,25971.21,-0.0053,bykaranteli.com
2023-09-03,ETH,1635.68,1635.84,-0.0098,bykaranteli.com
2023-09-04,BTC,25816.13,25826.02,-0.0383,bykaranteli.com
2023-09-04,ETH,1629.75,1630.51,-0.0466,bykaranteli.com
2023-09-05,BTC,25783.91,25792.1,-0.0318,bykaranteli.com
2023-09-05,ETH,1633.85,1634.45,-0.0367,bykaranteli.com
2023-09-06,BTC,25747.63,25759.95,-0.0478,bykaranteli.com
2023-09-06,ETH,1632.08,1633.15,-0.0655,bykaranteli.com
2023-09-07,BTC,26276.3,26255,0.0811,bykaranteli.com
2023-09-07,ETH,1647.44,1648.11,-0.0407,bykaranteli.com
2023-09-08,BTC,25906.34,25910.5,-0.0161,bykaranteli.com
2023-09-08,ETH,1635.94,1636.44,-0.0306,bykaranteli.com
2023-09-09,BTC,25897.82,25901.61,-0.0146,bykaranteli.com
2023-09-09,ETH,1635.14,1635.54,-0.0245,bykaranteli.com
2023-09-10,BTC,25831.76,25841.61,-0.0381,bykaranteli.com
2023-09-10,ETH,1616.65,1617.42,-0.0476,bykaranteli.com
2023-09-11,BTC,25152.14,25162.52,-0.0413,bykaranteli.com
2023-09-11,ETH,1551.36,1551.85,-0.0316,bykaranteli.com
2023-09-12,BTC,25840.61,25840.1,0.002,bykaranteli.com
2023-09-12,ETH,1593.07,1592.97,0.0063,bykaranteli.com
2023-09-13,BTC,26226.65,26222,0.0177,bykaranteli.com
2023-09-13,ETH,1608.06,1607.62,0.0274,bykaranteli.com
2023-09-14,BTC,26532.76,26522.73,0.0378,bykaranteli.com
2023-09-14,ETH,1627.18,1626.47,0.0437,bykaranteli.com
2023-09-15,BTC,26602.42,26600,0.0091,bykaranteli.com
2023-09-15,ETH,1641.49,1641.29,0.0122,bykaranteli.com
2023-09-16,BTC,26569.69,26559.67,0.0377,bykaranteli.com
2023-09-16,ETH,1634.87,1634.4,0.0288,bykaranteli.com
2023-09-17,BTC,26530.95,26527.51,0.013,bykaranteli.com
2023-09-17,ETH,1622.83,1622.48,0.0216,bykaranteli.com
2023-09-18,BTC,26764.49,26762.51,0.0074,bykaranteli.com
2023-09-18,ETH,1636.94,1636.66,0.0171,bykaranteli.com
2023-09-19,BTC,27216.13,27210.26,0.0216,bykaranteli.com
2023-09-19,ETH,1643.42,1643.12,0.0183,bykaranteli.com
2023-09-20,BTC,27123.94,27125,-0.0039,bykaranteli.com
2023-09-20,ETH,1622.27,1622.26,0.0006,bykaranteli.com
2023-09-21,BTC,26564.54,26568.08,-0.0133,bykaranteli.com
2023-09-21,ETH,1583.86,1583.94,-0.0051,bykaranteli.com
2023-09-22,BTC,26578.4,26580.14,-0.0065,bykaranteli.com
2023-09-22,ETH,1593.03,1593.08,-0.0031,bykaranteli.com
2023-09-23,BTC,26579.6,26575.96,0.0137,bykaranteli.com
2023-09-23,ETH,1593.85,1593.86,-0.0006,bykaranteli.com
2023-09-24,BTC,26250.24,26248.38,0.0071,bykaranteli.com
2023-09-24,ETH,1580.64,1580.71,-0.0044,bykaranteli.com
2023-09-25,BTC,26296.08,26304.81,-0.0332,bykaranteli.com
2023-09-25,ETH,1587.75,1588.33,-0.0365,bykaranteli.com
2023-09-26,BTC,26208.44,26221.67,-0.0505,bykaranteli.com
2023-09-26,ETH,1593,1594.01,-0.0634,bykaranteli.com
2023-09-27,BTC,26357.62,26372.99,-0.0583,bykaranteli.com
2023-09-27,ETH,1597.65,1598.64,-0.0619,bykaranteli.com
2023-09-28,BTC,27027.14,27021.39,0.0213,bykaranteli.com
2023-09-28,ETH,1652.94,1652.99,-0.003,bykaranteli.com
2023-09-29,BTC,26907,26906.96,0.0001,bykaranteli.com
2023-09-29,ETH,1667.21,1667.45,-0.0144,bykaranteli.com
2023-09-30,BTC,26961,26962.56,-0.0058,bykaranteli.com
2023-09-30,ETH,1670.84,1670.89,-0.003,bykaranteli.com
2023-10-01,BTC,27995.46,27992.57,0.0103,bykaranteli.com
2023-10-01,ETH,1733.4,1733.79,-0.0225,bykaranteli.com
2023-10-02,BTC,27504.04,27494.51,0.0347,bykaranteli.com
2023-10-02,ETH,1662.62,1662.4,0.0132,bykaranteli.com
2023-10-03,BTC,27428.96,27426.46,0.0091,bykaranteli.com
2023-10-03,ETH,1656.91,1656.88,0.0018,bykaranteli.com
2023-10-04,BTC,27786.75,27778.57,0.0294,bykaranteli.com
2023-10-04,ETH,1646.58,1646.58,0,bykaranteli.com
2023-10-05,BTC,27412.96,27410.39,0.0094,bykaranteli.com
2023-10-05,ETH,1611.63,1611.79,-0.0099,bykaranteli.com
2023-10-06,BTC,27945.17,27931.09,0.0504,bykaranteli.com
2023-10-06,ETH,1645.95,1645.03,0.0559,bykaranteli.com
2023-10-07,BTC,27976.43,27956.67,0.0707,bykaranteli.com
2023-10-07,ETH,1634.65,1633.57,0.0661,bykaranteli.com
2023-10-08,BTC,27933.55,27917.05,0.0591,bykaranteli.com
2023-10-08,ETH,1633.78,1632.84,0.0576,bykaranteli.com
2023-10-09,BTC,27596.67,27590.12,0.0237,bykaranteli.com
2023-10-09,ETH,1580.13,1580.13,0,bykaranteli.com
2023-10-10,BTC,27393.29,27390.12,0.0116,bykaranteli.com
2023-10-10,ETH,1567.63,1567.63,0,bykaranteli.com
2023-10-11,BTC,26869.19,26875.52,-0.0236,bykaranteli.com
2023-10-11,ETH,1566.46,1566.87,-0.0262,bykaranteli.com
2023-10-12,BTC,26750.51,26759.63,-0.0341,bykaranteli.com
2023-10-12,ETH,1539.25,1539.61,-0.0234,bykaranteli.com
2023-10-13,BTC,26863.53,26862,0.0057,bykaranteli.com
2023-10-13,ETH,1552.04,1552.16,-0.0077,bykaranteli.com
2023-10-14,BTC,26851.71,26852.48,-0.0029,bykaranteli.com
2023-10-14,ETH,1554.87,1554.94,-0.0045,bykaranteli.com
2023-10-15,BTC,27186.13,27154.15,0.1178,bykaranteli.com
2023-10-15,ETH,1558.01,1557.77,0.0154,bykaranteli.com
2023-10-16,BTC,28520.24,28500.78,0.0683,bykaranteli.com
2023-10-16,ETH,1600.02,1599.42,0.0375,bykaranteli.com
2023-10-17,BTC,28408.83,28395.91,0.0455,bykaranteli.com
2023-10-17,ETH,1565.24,1565.01,0.0147,bykaranteli.com
2023-10-18,BTC,28326.51,28320,0.023,bykaranteli.com
2023-10-18,ETH,1563.67,1563.44,0.0147,bykaranteli.com
2023-10-19,BTC,28735.34,28713.71,0.0753,bykaranteli.com
2023-10-19,ETH,1567.48,1566.57,0.0581,bykaranteli.com
2023-10-20,BTC,29684.73,29669.04,0.0529,bykaranteli.com
2023-10-20,ETH,1604.96,1603.89,0.0667,bykaranteli.com
2023-10-21,BTC,29924.84,29909.8,0.0503,bykaranteli.com
2023-10-21,ETH,1629.38,1628.94,0.027,bykaranteli.com
2023-10-22,BTC,30004.15,29992.46,0.039,bykaranteli.com
2023-10-22,ETH,1664.43,1663.7,0.0439,bykaranteli.com
2023-10-23,BTC,33087.58,33069.99,0.0532,bykaranteli.com
2023-10-23,ETH,1766.27,1765.46,0.0459,bykaranteli.com
2023-10-24,BTC,33922.52,33922.73,-0.0006,bykaranteli.com
2023-10-24,ETH,1785.28,1784.98,0.0168,bykaranteli.com
2023-10-25,BTC,34506.35,34496.05,0.0299,bykaranteli.com
2023-10-25,ETH,1787.58,1787.15,0.0241,bykaranteli.com
2023-10-26,BTC,34154.71,34151.66,0.0089,bykaranteli.com
2023-10-26,ETH,1803.57,1803.38,0.0105,bykaranteli.com
2023-10-27,BTC,33906.09,33892.02,0.0415,bykaranteli.com
2023-10-27,ETH,1779.81,1779.4,0.023,bykaranteli.com
2023-10-28,BTC,34085.42,34081,0.013,bykaranteli.com
2023-10-28,ETH,1776.48,1776.2,0.0158,bykaranteli.com
2023-10-29,BTC,34534.48,34525.89,0.0249,bykaranteli.com
2023-10-29,ETH,1795.74,1795.14,0.0334,bykaranteli.com
2023-10-30,BTC,34493.79,34474.73,0.0553,bykaranteli.com
2023-10-30,ETH,1809.69,1809.04,0.0359,bykaranteli.com
2023-10-31,BTC,34656.4,34639.77,0.048,bykaranteli.com
2023-10-31,ETH,1815.14,1814.67,0.0259,bykaranteli.com
2023-11-01,BTC,35440.1,35421.43,0.0527,bykaranteli.com
2023-11-01,ETH,1847.74,1846.99,0.0406,bykaranteli.com
2023-11-02,BTC,34950,34941.59,0.0241,bykaranteli.com
2023-11-02,ETH,1801.31,1800.8,0.0283,bykaranteli.com
2023-11-03,BTC,34731.27,34716.78,0.0417,bykaranteli.com
2023-11-03,ETH,1833.76,1832.71,0.0573,bykaranteli.com
2023-11-04,BTC,35087.01,35062.07,0.0711,bykaranteli.com
2023-11-04,ETH,1857.23,1855.54,0.0911,bykaranteli.com
2023-11-05,BTC,35035.42,35011.88,0.0672,bykaranteli.com
2023-11-05,ETH,1893.16,1891.71,0.0767,bykaranteli.com
2023-11-06,BTC,35059.46,35046.09,0.0381,bykaranteli.com
2023-11-06,ETH,1901.68,1900.95,0.0384,bykaranteli.com
2023-11-07,BTC,35416.28,35399.12,0.0485,bykaranteli.com
2023-11-07,ETH,1885.93,1885.27,0.035,bykaranteli.com
2023-11-08,BTC,35639.13,35624.72,0.0404,bykaranteli.com
2023-11-08,ETH,1888.84,1888.12,0.0381,bykaranteli.com
2023-11-09,BTC,36706.59,36701.09,0.015,bykaranteli.com
2023-11-09,ETH,2121.3,2121.32,-0.0009,bykaranteli.com
2023-11-10,BTC,37324.83,37301.63,0.0622,bykaranteli.com
2023-11-10,ETH,2078.57,2077.72,0.0409,bykaranteli.com
2023-11-11,BTC,37139.12,37130,0.0246,bykaranteli.com
2023-11-11,ETH,2053.83,2053.17,0.0321,bykaranteli.com
2023-11-12,BTC,37086.03,37064.13,0.0591,bykaranteli.com
2023-11-12,ETH,2046.06,2044.68,0.0675,bykaranteli.com
2023-11-13,BTC,36475.67,36462.93,0.0349,bykaranteli.com
2023-11-13,ETH,2053.99,2053.65,0.0166,bykaranteli.com
2023-11-14,BTC,35554.09,35551.19,0.0082,bykaranteli.com
2023-11-14,ETH,1979.61,1979.39,0.0111,bykaranteli.com
2023-11-15,BTC,37885.35,37858.2,0.0717,bykaranteli.com
2023-11-15,ETH,2059.38,2058.48,0.0437,bykaranteli.com
2023-11-16,BTC,36161.15,36163.51,-0.0065,bykaranteli.com
2023-11-16,ETH,1961.76,1961.77,-0.0005,bykaranteli.com
2023-11-17,BTC,36630.38,36613.92,0.045,bykaranteli.com
2023-11-17,ETH,1961.57,1960.82,0.0382,bykaranteli.com
2023-11-18,BTC,36594.89,36568.1,0.0733,bykaranteli.com
2023-11-18,ETH,1963.76,1962.6,0.0591,bykaranteli.com
2023-11-19,BTC,37391.19,37359.86,0.0839,bykaranteli.com
2023-11-19,ETH,2012.29,2011.47,0.0408,bykaranteli.com
2023-11-20,BTC,37475.64,37448.78,0.0717,bykaranteli.com
2023-11-20,ETH,2022.55,2021.4,0.0569,bykaranteli.com
2023-11-21,BTC,35751.89,35741.65,0.0287,bykaranteli.com
2023-11-21,ETH,1933.45,1933.01,0.0228,bykaranteli.com
2023-11-22,BTC,37424.31,37408.34,0.0427,bykaranteli.com
2023-11-22,ETH,2063.94,2063.21,0.0354,bykaranteli.com
2023-11-23,BTC,37304.05,37294.28,0.0262,bykaranteli.com
2023-11-23,ETH,2062.78,2062.2,0.0281,bykaranteli.com
2023-11-24,BTC,37745.84,37713.57,0.0856,bykaranteli.com
2023-11-24,ETH,2082.61,2080.84,0.0851,bykaranteli.com
2023-11-25,BTC,37805.99,37780.67,0.067,bykaranteli.com
2023-11-25,ETH,2084.02,2083.09,0.0446,bykaranteli.com
2023-11-26,BTC,37462.79,37447.43,0.041,bykaranteli.com
2023-11-26,ETH,2063.09,2062.33,0.0369,bykaranteli.com
2023-11-27,BTC,37241.63,37242.7,-0.0029,bykaranteli.com
2023-11-27,ETH,2027.47,2027.5,-0.0015,bykaranteli.com
2023-11-28,BTC,37838.26,37818.87,0.0513,bykaranteli.com
2023-11-28,ETH,2049.08,2048.14,0.0459,bykaranteli.com
2023-11-29,BTC,37863.84,37854.64,0.0243,bykaranteli.com
2023-11-29,ETH,2029.11,2028.81,0.0148,bykaranteli.com
2023-11-30,BTC,37732.27,37723.96,0.022,bykaranteli.com
2023-11-30,ETH,2053.1,2051.96,0.0556,bykaranteli.com
2023-12-01,BTC,38703.54,38682.52,0.0543,bykaranteli.com
2023-12-01,ETH,2088.4,2087.24,0.0556,bykaranteli.com
2023-12-02,BTC,39478.95,39450.35,0.0725,bykaranteli.com
2023-12-02,ETH,2165.76,2164.74,0.0471,bykaranteli.com
2023-12-03,BTC,39984.81,39972.26,0.0314,bykaranteli.com
2023-12-03,ETH,2194.13,2192.95,0.0538,bykaranteli.com
2023-12-04,BTC,41987.24,41991.1,-0.0092,bykaranteli.com
2023-12-04,ETH,2243.29,2243.37,-0.0036,bykaranteli.com
2023-12-05,BTC,44084.39,44073.32,0.0251,bykaranteli.com
2023-12-05,ETH,2293.97,2293.33,0.0279,bykaranteli.com
2023-12-06,BTC,43764.05,43762.69,0.0031,bykaranteli.com
2023-12-06,ETH,2232.8,2232.7,0.0045,bykaranteli.com
2023-12-07,BTC,43280.95,43273.14,0.018,bykaranteli.com
2023-12-07,ETH,2356.57,2355.73,0.0357,bykaranteli.com
2023-12-08,BTC,44192.87,44170.99,0.0495,bykaranteli.com
2023-12-08,ETH,2358.59,2358.72,-0.0055,bykaranteli.com
2023-12-09,BTC,43723.25,43713.6,0.0221,bykaranteli.com
2023-12-09,ETH,2341.28,2340.49,0.0338,bykaranteli.com
2023-12-10,BTC,43793.68,43789.51,0.0095,bykaranteli.com
2023-12-10,ETH,2352.29,2352.39,-0.0043,bykaranteli.com
2023-12-11,BTC,41229.61,41253.4,-0.0577,bykaranteli.com
2023-12-11,ETH,2224.06,2225.12,-0.0476,bykaranteli.com
2023-12-12,BTC,41477.39,41492.39,-0.0362,bykaranteli.com
2023-12-12,ETH,2202.34,2203.46,-0.0508,bykaranteli.com
2023-12-13,BTC,42885.54,42869.03,0.0385,bykaranteli.com
2023-12-13,ETH,2260.69,2260.16,0.0234,bykaranteli.com
2023-12-14,BTC,43027.77,43022.26,0.0128,bykaranteli.com
2023-12-14,ETH,2315.95,2315.32,0.0272,bykaranteli.com
2023-12-15,BTC,41933.89,41940.3,-0.0153,bykaranteli.com
2023-12-15,ETH,2220.31,2220.5,-0.0086,bykaranteli.com
2023-12-16,BTC,42237.29,42278.03,-0.0964,bykaranteli.com
2023-12-16,ETH,2227.29,2228.96,-0.0749,bykaranteli.com
2023-12-17,BTC,41349.59,41374.65,-0.0606,bykaranteli.com
2023-12-17,ETH,2194.75,2196.52,-0.0806,bykaranteli.com
2023-12-18,BTC,42650.01,42657.8,-0.0183,bykaranteli.com
2023-12-18,ETH,2218.71,2219.43,-0.0324,bykaranteli.com
2023-12-19,BTC,42266.22,42275.99,-0.0231,bykaranteli.com
2023-12-19,ETH,2177.27,2177.91,-0.0294,bykaranteli.com
2023-12-20,BTC,43674.77,43668.93,0.0134,bykaranteli.com
2023-12-20,ETH,2202,2202.17,-0.0077,bykaranteli.com
2023-12-21,BTC,43875.32,43861.8,0.0308,bykaranteli.com
2023-12-21,ETH,2239.92,2239.61,0.0138,bykaranteli.com
2023-12-22,BTC,44013.73,43969.04,0.1016,bykaranteli.com
2023-12-22,ETH,2326.35,2324.54,0.0779,bykaranteli.com
2023-12-23,BTC,43726.35,43702.16,0.0554,bykaranteli.com
2023-12-23,ETH,2309.58,2308.2,0.0598,bykaranteli.com
2023-12-24,BTC,43025.03,42991.5,0.078,bykaranteli.com
2023-12-24,ETH,2265.33,2264.05,0.0565,bykaranteli.com
2023-12-25,BTC,43589.67,43576.13,0.0311,bykaranteli.com
2023-12-25,ETH,2271.53,2271.35,0.0079,bykaranteli.com
2023-12-26,BTC,42515.53,42508.93,0.0155,bykaranteli.com
2023-12-26,ETH,2230.91,2230.88,0.0013,bykaranteli.com
2023-12-27,BTC,43474.4,43428.85,0.1049,bykaranteli.com
2023-12-27,ETH,2380.66,2378.35,0.0971,bykaranteli.com
2023-12-28,BTC,42581.23,42563.76,0.041,bykaranteli.com
2023-12-28,ETH,2344.94,2344.15,0.0337,bykaranteli.com
2023-12-29,BTC,42063.45,42066.95,-0.0083,bykaranteli.com
2023-12-29,ETH,2299.37,2299.2,0.0074,bykaranteli.com
2023-12-30,BTC,42141.03,42140.28,0.0018,bykaranteli.com
2023-12-30,ETH,2291.15,2291.68,-0.0231,bykaranteli.com
2023-12-31,BTC,42288.06,42283.58,0.0106,bykaranteli.com
2023-12-31,ETH,2281.07,2281.87,-0.0351,bykaranteli.com
2024-01-01,BTC,44220.78,44179.55,0.0933,bykaranteli.com
2024-01-01,ETH,2352.76,2352.04,0.0306,bykaranteli.com
2024-01-02,BTC,44972.8,44946.91,0.0576,bykaranteli.com
2024-01-02,ETH,2356.16,2355.34,0.0348,bykaranteli.com
2024-01-03,BTC,42862.44,42845.23,0.0402,bykaranteli.com
2024-01-03,ETH,2210.49,2209.72,0.0348,bykaranteli.com
2024-01-04,BTC,44193.29,44151.1,0.0956,bykaranteli.com
2024-01-04,ETH,2269.47,2267.11,0.1041,bykaranteli.com
2024-01-05,BTC,44186.59,44145.11,0.094,bykaranteli.com
2024-01-05,ETH,2270.35,2268.78,0.0692,bykaranteli.com
2024-01-06,BTC,43992.44,43968.32,0.0549,bykaranteli.com
2024-01-06,ETH,2241.87,2240.78,0.0486,bykaranteli.com
2024-01-07,BTC,43950.28,43929.02,0.0484,bykaranteli.com
2024-01-07,ETH,2222.69,2221.42,0.0572,bykaranteli.com
2024-01-08,BTC,46995.1,46951.04,0.0938,bykaranteli.com
2024-01-08,ETH,2332.51,2330.44,0.0888,bykaranteli.com
2024-01-09,BTC,46124.08,46110,0.0305,bykaranteli.com
2024-01-09,ETH,2344.93,2344.29,0.0273,bykaranteli.com
2024-01-10,BTC,46666.11,46653.99,0.026,bykaranteli.com
2024-01-10,ETH,2584.77,2584.38,0.0151,bykaranteli.com
2024-01-11,BTC,46342.66,46339.16,0.0076,bykaranteli.com
2024-01-11,ETH,2618.31,2618.01,0.0115,bykaranteli.com
2024-01-12,BTC,42773.03,42782.73,-0.0227,bykaranteli.com
2024-01-12,ETH,2522.03,2522.54,-0.0202,bykaranteli.com
2024-01-13,BTC,42839.33,42847.99,-0.0202,bykaranteli.com
2024-01-13,ETH,2578.12,2578.19,-0.0027,bykaranteli.com
2024-01-14,BTC,41697.33,41732.35,-0.0839,bykaranteli.com
2024-01-14,ETH,2470.66,2472.87,-0.0894,bykaranteli.com
2024-01-15,BTC,42490.16,42511.1,-0.0493,bykaranteli.com
2024-01-15,ETH,2509.94,2511.78,-0.0733,bykaranteli.com
2024-01-16,BTC,43130.45,43137.95,-0.0174,bykaranteli.com
2024-01-16,ETH,2586.83,2587.4,-0.022,bykaranteli.com
2024-01-17,BTC,42739.49,42776.1,-0.0856,bykaranteli.com
2024-01-17,ETH,2527.94,2530.19,-0.0889,bykaranteli.com
2024-01-18,BTC,41293.5,41327.5,-0.0823,bykaranteli.com
2024-01-18,ETH,2468.82,2470.81,-0.0805,bykaranteli.com
2024-01-19,BTC,41624.07,41659.03,-0.0839,bykaranteli.com
2024-01-19,ETH,2490.13,2492,-0.075,bykaranteli.com
2024-01-20,BTC,41666.67,41696.04,-0.0704,bykaranteli.com
2024-01-20,ETH,2470.44,2472.01,-0.0635,bykaranteli.com
2024-01-21,BTC,41554.05,41580.33,-0.0632,bykaranteli.com
2024-01-21,ETH,2455.52,2457.05,-0.0623,bykaranteli.com
2024-01-22,BTC,39524.27,39568.02,-0.1106,bykaranteli.com
2024-01-22,ETH,2311.34,2314.2,-0.1236,bykaranteli.com
2024-01-23,BTC,39878.3,39897.6,-0.0484,bykaranteli.com
2024-01-23,ETH,2240.81,2242.6,-0.0798,bykaranteli.com
2024-01-24,BTC,40077.78,40084.88,-0.0177,bykaranteli.com
2024-01-24,ETH,2234.06,2235.02,-0.043,bykaranteli.com
2024-01-25,BTC,39941.66,39961.09,-0.0486,bykaranteli.com
2024-01-25,ETH,2217.3,2218.64,-0.0604,bykaranteli.com
2024-01-26,BTC,41814.8,41823.51,-0.0208,bykaranteli.com
2024-01-26,ETH,2267.34,2267.68,-0.015,bykaranteli.com
2024-01-27,BTC,42126.55,42120.63,0.0141,bykaranteli.com
2024-01-27,ETH,2268.07,2267.94,0.0057,bykaranteli.com
2024-01-28,BTC,42034.59,42031.06,0.0084,bykaranteli.com
2024-01-28,ETH,2256.51,2256.9,-0.0173,bykaranteli.com
2024-01-29,BTC,43306.18,43302.7,0.008,bykaranteli.com
2024-01-29,ETH,2317.42,2317.6,-0.0078,bykaranteli.com
2024-01-30,BTC,42942.78,42941.1,0.0039,bykaranteli.com
2024-01-30,ETH,2342.96,2343.01,-0.0021,bykaranteli.com
2024-01-31,BTC,42548.08,42580,-0.075,bykaranteli.com
2024-01-31,ETH,2281.6,2283.14,-0.0675,bykaranteli.com
2024-02-01,BTC,43078.81,43082.94,-0.0096,bykaranteli.com
2024-02-01,ETH,2303.61,2304.28,-0.0291,bykaranteli.com
2024-02-02,BTC,43181.66,43200,-0.0425,bykaranteli.com
2024-02-02,ETH,2308.03,2309.06,-0.0446,bykaranteli.com
2024-02-03,BTC,43010.67,43011.09,-0.001,bykaranteli.com
2024-02-03,ETH,2295.97,2296.49,-0.0226,bykaranteli.com
2024-02-04,BTC,42568.55,42582.88,-0.0337,bykaranteli.com
2024-02-04,ETH,2288.82,2289.79,-0.0424,bykaranteli.com
2024-02-05,BTC,42657.67,42708.7,-0.1195,bykaranteli.com
2024-02-05,ETH,2298.91,2301.83,-0.1269,bykaranteli.com
2024-02-06,BTC,43095.79,43098.95,-0.0073,bykaranteli.com
2024-02-06,ETH,2372.09,2372.64,-0.0232,bykaranteli.com
2024-02-07,BTC,44343.61,44349.6,-0.0135,bykaranteli.com
2024-02-07,ETH,2424.55,2425.1,-0.0227,bykaranteli.com
2024-02-08,BTC,45305.2,45288.65,0.0365,bykaranteli.com
2024-02-08,ETH,2419.78,2419.55,0.0095,bykaranteli.com
2024-02-09,BTC,47160.41,47132.77,0.0586,bykaranteli.com
2024-02-09,ETH,2487.84,2486.56,0.0515,bykaranteli.com
2024-02-10,BTC,47767.06,47751.09,0.0334,bykaranteli.com
2024-02-10,ETH,2501.08,2500.24,0.0336,bykaranteli.com
2024-02-11,BTC,48316.3,48299.99,0.0338,bykaranteli.com
2024-02-11,ETH,2508.11,2507.21,0.0359,bykaranteli.com
2024-02-12,BTC,49941.81,49917.27,0.0492,bykaranteli.com
2024-02-12,ETH,2661.03,2659.99,0.0391,bykaranteli.com
2024-02-13,BTC,49725.36,49699.59,0.0519,bykaranteli.com
2024-02-13,ETH,2641.63,2639.99,0.0621,bykaranteli.com
2024-02-14,BTC,51858.59,51795.17,0.1224,bykaranteli.com
2024-02-14,ETH,2777.56,2774.81,0.0991,bykaranteli.com
2024-02-15,BTC,51934.29,51880,0.1046,bykaranteli.com
2024-02-15,ETH,2825.94,2822.59,0.1187,bykaranteli.com
2024-02-16,BTC,52162.64,52124.11,0.0739,bykaranteli.com
2024-02-16,ETH,2803.89,2801.8,0.0746,bykaranteli.com
2024-02-17,BTC,51666.22,51642.64,0.0457,bykaranteli.com
2024-02-17,ETH,2786.83,2785.93,0.0323,bykaranteli.com
2024-02-18,BTC,52153.63,52137.67,0.0306,bykaranteli.com
2024-02-18,ETH,2882.06,2881.2,0.0298,bykaranteli.com
2024-02-19,BTC,51787.05,51774.73,0.0238,bykaranteli.com
2024-02-19,ETH,2945.43,2944.8,0.0214,bykaranteli.com
2024-02-20,BTC,52277.52,52258.82,0.0358,bykaranteli.com
2024-02-20,ETH,3015.56,3014.81,0.0249,bykaranteli.com
2024-02-21,BTC,51851.67,51849.39,0.0044,bykaranteli.com
2024-02-21,ETH,2968.37,2967.9,0.0158,bykaranteli.com
2024-02-22,BTC,51258.7,51288.42,-0.0579,bykaranteli.com
2024-02-22,ETH,2969.77,2971.4,-0.0549,bykaranteli.com
2024-02-23,BTC,50747.05,50744.15,0.0057,bykaranteli.com
2024-02-23,ETH,2921.79,2922.24,-0.0154,bykaranteli.com
2024-02-24,BTC,51570.65,51568.22,0.0047,bykaranteli.com
2024-02-24,ETH,2992.66,2992.62,0.0013,bykaranteli.com
2024-02-25,BTC,51731,51728.85,0.0042,bykaranteli.com
2024-02-25,ETH,3113.17,3112.59,0.0186,bykaranteli.com
2024-02-26,BTC,54533.48,54476.47,0.1047,bykaranteli.com
2024-02-26,ETH,3178.34,3175.94,0.0756,bykaranteli.com
2024-02-27,BTC,57077.07,57037.34,0.0697,bykaranteli.com
2024-02-27,ETH,3243.84,3242.36,0.0456,bykaranteli.com
2024-02-28,BTC,62518.9,62432.1,0.139,bykaranteli.com
2024-02-28,ETH,3386.64,3383.1,0.1046,bykaranteli.com
2024-02-29,BTC,61179.03,61130.98,0.0786,bykaranteli.com
2024-02-29,ETH,3341.78,3340.09,0.0506,bykaranteli.com
2024-03-01,BTC,62436.72,62387.9,0.0783,bykaranteli.com
2024-03-01,ETH,3436,3433.43,0.0749,bykaranteli.com
2024-03-02,BTC,62045.78,61987.28,0.0944,bykaranteli.com
2024-03-02,ETH,3424.04,3421.4,0.0772,bykaranteli.com
2024-03-03,BTC,63154.49,63113.97,0.0642,bykaranteli.com
2024-03-03,ETH,3489.53,3487.81,0.0493,bykaranteli.com
2024-03-04,BTC,68360.14,68245.71,0.1677,bykaranteli.com
2024-03-04,ETH,3633.23,3627.76,0.1508,bykaranteli.com
2024-03-05,BTC,63800.78,63724.01,0.1205,bykaranteli.com
2024-03-05,ETH,3557.41,3553.65,0.1058,bykaranteli.com
2024-03-06,BTC,66122.28,66074.04,0.073,bykaranteli.com
2024-03-06,ETH,3821.82,3818.59,0.0846,bykaranteli.com
2024-03-07,BTC,66938.21,66823.17,0.1722,bykaranteli.com
2024-03-07,ETH,3875.28,3868.76,0.1685,bykaranteli.com
2024-03-08,BTC,68289.16,68124.19,0.2422,bykaranteli.com
2024-03-08,ETH,3892.6,3883.36,0.2379,bykaranteli.com
2024-03-09,BTC,68480,68313.27,0.2441,bykaranteli.com
2024-03-09,ETH,3913.55,3905.21,0.2136,bykaranteli.com
2024-03-10,BTC,69032.12,68955.88,0.1106,bykaranteli.com
2024-03-10,ETH,3881.96,3878.47,0.09,bykaranteli.com
2024-03-11,BTC,72110.98,72078.1,0.0456,bykaranteli.com
2024-03-11,ETH,4066.21,4064.8,0.0347,bykaranteli.com
2024-03-12,BTC,71475.93,71452.01,0.0335,bykaranteli.com
2024-03-12,ETH,3980.34,3979.96,0.0095,bykaranteli.com
2024-03-13,BTC,73135.04,73072.41,0.0857,bykaranteli.com
2024-03-13,ETH,4007.7,4004.79,0.0727,bykaranteli.com
2024-03-14,BTC,71364.58,71388.94,-0.0341,bykaranteli.com
2024-03-14,ETH,3880.45,3881.7,-0.0322,bykaranteli.com
2024-03-15,BTC,69506.88,69499.85,0.0101,bykaranteli.com
2024-03-15,ETH,3742.95,3742.19,0.0203,bykaranteli.com
2024-03-16,BTC,65254.22,65300.63,-0.0711,bykaranteli.com
2024-03-16,ETH,3520.1,3523.09,-0.0849,bykaranteli.com
2024-03-17,BTC,68343.64,68393.48,-0.0729,bykaranteli.com
2024-03-17,ETH,3641.02,3644.71,-0.1012,bykaranteli.com
2024-03-18,BTC,67613.04,67609.99,0.0045,bykaranteli.com
2024-03-18,ETH,3520.66,3520.46,0.0057,bykaranteli.com
2024-03-19,BTC,61906.27,61937.4,-0.0503,bykaranteli.com
2024-03-19,ETH,3156.97,3158.64,-0.0529,bykaranteli.com
2024-03-20,BTC,67858.8,67840.51,0.027,bykaranteli.com
2024-03-20,ETH,3516.68,3516.53,0.0043,bykaranteli.com
2024-03-21,BTC,65484.7,65501.27,-0.0253,bykaranteli.com
2024-03-21,ETH,3491.78,3492.85,-0.0306,bykaranteli.com
2024-03-22,BTC,63814.56,63796.64,0.0281,bykaranteli.com
2024-03-22,ETH,3337.41,3336.35,0.0318,bykaranteli.com
2024-03-23,BTC,63998.86,63990.01,0.0138,bykaranteli.com
2024-03-23,ETH,3330.05,3329.53,0.0156,bykaranteli.com
2024-03-24,BTC,67204.93,67209.99,-0.0075,bykaranteli.com
2024-03-24,ETH,3454.67,3454.98,-0.009,bykaranteli.com
2024-03-25,BTC,69890.28,69880.01,0.0147,bykaranteli.com
2024-03-25,ETH,3591.02,3590.42,0.0167,bykaranteli.com
2024-03-26,BTC,69992.4,69988,0.0063,bykaranteli.com
2024-03-26,ETH,3587.67,3587.33,0.0095,bykaranteli.com
2024-03-27,BTC,69435.96,69469.99,-0.049,bykaranteli.com
2024-03-27,ETH,3499.56,3501.19,-0.0466,bykaranteli.com
2024-03-28,BTC,70801.18,70780.6,0.0291,bykaranteli.com
2024-03-28,ETH,3561.1,3560.49,0.0171,bykaranteli.com
2024-03-29,BTC,69903.75,69850.54,0.0762,bykaranteli.com
2024-03-29,ETH,3511.08,3509.74,0.0382,bykaranteli.com
2024-03-30,BTC,69626.87,69582.18,0.0642,bykaranteli.com
2024-03-30,ETH,3507.51,3505.64,0.0533,bykaranteli.com
2024-03-31,BTC,71288.9,71280.01,0.0125,bykaranteli.com
2024-03-31,ETH,3645.48,3645.29,0.0052,bykaranteli.com
2024-04-01,BTC,69681.82,69649.8,0.046,bykaranteli.com
2024-04-01,ETH,3505.85,3503.8,0.0585,bykaranteli.com
2024-04-02,BTC,65464.14,65463.99,0.0002,bykaranteli.com
2024-04-02,ETH,3279.64,3278.96,0.0207,bykaranteli.com
2024-04-03,BTC,65987.92,65963.28,0.0374,bykaranteli.com
2024-04-03,ETH,3312.43,3310.83,0.0483,bykaranteli.com
2024-04-04,BTC,68525.23,68487.79,0.0547,bykaranteli.com
2024-04-04,ETH,3329.39,3327.4,0.0598,bykaranteli.com
2024-04-05,BTC,67856.51,67820.62,0.0529,bykaranteli.com
2024-04-05,ETH,3319.26,3317.85,0.0425,bykaranteli.com
2024-04-06,BTC,68919.89,68896,0.0347,bykaranteli.com
2024-04-06,ETH,3352.66,3351.59,0.0319,bykaranteli.com
2024-04-07,BTC,69350.34,69360.39,-0.0145,bykaranteli.com
2024-04-07,ETH,3453.67,3454.2,-0.0153,bykaranteli.com
2024-04-08,BTC,71622.53,71620,0.0035,bykaranteli.com
2024-04-08,ETH,3694.56,3694.61,-0.0014,bykaranteli.com
2024-04-09,BTC,69117.01,69146,-0.0419,bykaranteli.com
2024-04-09,ETH,3504.58,3506.39,-0.0516,bykaranteli.com
2024-04-10,BTC,70634.04,70631.08,0.0042,bykaranteli.com
2024-04-10,ETH,3546,3545.64,0.0102,bykaranteli.com
2024-04-11,BTC,70020.73,70006.23,0.0207,bykaranteli.com
2024-04-11,ETH,3503.06,3502.52,0.0154,bykaranteli.com
2024-04-12,BTC,67148.61,67116.52,0.0478,bykaranteli.com
2024-04-12,ETH,3239.31,3237.43,0.0581,bykaranteli.com
2024-04-13,BTC,64024.77,63924.51,0.1568,bykaranteli.com
2024-04-13,ETH,3011.39,3007.01,0.1457,bykaranteli.com
2024-04-14,BTC,65777.05,65661.84,0.1755,bykaranteli.com
2024-04-14,ETH,3158.06,3155.11,0.0935,bykaranteli.com
2024-04-15,BTC,63452.18,63419.99,0.0508,bykaranteli.com
2024-04-15,ETH,3103.13,3101.99,0.0368,bykaranteli.com
2024-04-16,BTC,63814.94,63793.39,0.0338,bykaranteli.com
2024-04-16,ETH,3085.25,3084.22,0.0334,bykaranteli.com
2024-04-17,BTC,61279.36,61277.37,0.0032,bykaranteli.com
2024-04-17,ETH,2984.98,2985.41,-0.0144,bykaranteli.com
2024-04-18,BTC,63513.85,63470.08,0.069,bykaranteli.com
2024-04-18,ETH,3065.82,3064.4,0.0463,bykaranteli.com
2024-04-19,BTC,63848.37,63818.01,0.0476,bykaranteli.com
2024-04-19,ETH,3057.93,3056.46,0.0481,bykaranteli.com
2024-04-20,BTC,64968.87,64940.59,0.0435,bykaranteli.com
2024-04-20,ETH,3157.01,3155.79,0.0387,bykaranteli.com
2024-04-21,BTC,64952.92,64941.15,0.0181,bykaranteli.com
2024-04-21,ETH,3148.1,3147.67,0.0137,bykaranteli.com
2024-04-22,BTC,66859.17,66819.32,0.0596,bykaranteli.com
2024-04-22,ETH,3201.46,3200.2,0.0394,bykaranteli.com
2024-04-23,BTC,66414.16,66414,0.0002,bykaranteli.com
2024-04-23,ETH,3219.49,3219.46,0.0009,bykaranteli.com
2024-04-24,BTC,64255.78,64289.59,-0.0526,bykaranteli.com
2024-04-24,ETH,3138.91,3140.8,-0.0602,bykaranteli.com
2024-04-25,BTC,64484.44,64498.34,-0.0216,bykaranteli.com
2024-04-25,ETH,3155.36,3155.8,-0.0139,bykaranteli.com
2024-04-26,BTC,63742.39,63770.01,-0.0433,bykaranteli.com
2024-04-26,ETH,3130,3131.3,-0.0415,bykaranteli.com
2024-04-27,BTC,63422,63461.98,-0.063,bykaranteli.com
2024-04-27,ETH,3253.04,3255.56,-0.0774,bykaranteli.com
2024-04-28,BTC,63108.94,63118.62,-0.0153,bykaranteli.com
2024-04-28,ETH,3262.6,3263.45,-0.026,bykaranteli.com
2024-04-29,BTC,63844.85,63866,-0.0331,bykaranteli.com
2024-04-29,ETH,3215.53,3216.73,-0.0373,bykaranteli.com
2024-04-30,BTC,60622.1,60672,-0.0822,bykaranteli.com
2024-04-30,ETH,3011.4,3014.05,-0.0879,bykaranteli.com
2024-05-01,BTC,58265.59,58364.97,-0.1703,bykaranteli.com
2024-05-01,ETH,2968.12,2972.46,-0.146,bykaranteli.com
2024-05-02,BTC,59071.89,59060.61,0.0191,bykaranteli.com
2024-05-02,ETH,2986.32,2986.19,0.0044,bykaranteli.com
2024-05-03,BTC,62913.03,62882.01,0.0493,bykaranteli.com
2024-05-03,ETH,3103.27,3102.61,0.0213,bykaranteli.com
2024-05-04,BTC,63902.88,63892.04,0.017,bykaranteli.com
2024-05-04,ETH,3117.41,3117.23,0.0058,bykaranteli.com
2024-05-05,BTC,64023.45,64012,0.0179,bykaranteli.com
2024-05-05,ETH,3136.95,3136.41,0.0172,bykaranteli.com
2024-05-06,BTC,63162.24,63165.19,-0.0047,bykaranteli.com
2024-05-06,ETH,3062.69,3062.6,0.0029,bykaranteli.com
2024-05-07,BTC,62315.76,62312.08,0.0059,bykaranteli.com
2024-05-07,ETH,3005.78,3005.69,0.003,bykaranteli.com
2024-05-08,BTC,61169.53,61193.03,-0.0384,bykaranteli.com
2024-05-08,ETH,2972.82,2974.21,-0.0467,bykaranteli.com
2024-05-09,BTC,63073.57,63074.01,-0.0007,bykaranteli.com
2024-05-09,ETH,3035.92,3036.23,-0.0102,bykaranteli.com
2024-05-10,BTC,60787.47,60799.99,-0.0206,bykaranteli.com
2024-05-10,ETH,2909.43,2909.99,-0.0192,bykaranteli.com
2024-05-11,BTC,60814.63,60825.99,-0.0187,bykaranteli.com
2024-05-11,ETH,2911.75,2912.45,-0.024,bykaranteli.com
2024-05-12,BTC,61453.02,61483.99,-0.0504,bykaranteli.com
2024-05-12,ETH,2927.75,2929.29,-0.0526,bykaranteli.com
2024-05-13,BTC,62932.37,62940.08,-0.0122,bykaranteli.com
2024-05-13,ETH,2950.21,2950.99,-0.0264,bykaranteli.com
2024-05-14,BTC,61539.84,61577.49,-0.0611,bykaranteli.com
2024-05-14,ETH,2880.4,2881.93,-0.0531,bykaranteli.com
2024-05-15,BTC,66244.69,66206.5,0.0577,bykaranteli.com
2024-05-15,ETH,3033.2,3032.55,0.0214,bykaranteli.com
2024-05-16,BTC,65252.18,65235.21,0.026,bykaranteli.com
2024-05-16,ETH,2945.11,2944.7,0.0139,bykaranteli.com
2024-05-17,BTC,67046.33,67024,0.0333,bykaranteli.com
2024-05-17,ETH,3093.39,3092.01,0.0446,bykaranteli.com
2024-05-18,BTC,66923.87,66915.2,0.013,bykaranteli.com
2024-05-18,ETH,3123.99,3122.94,0.0336,bykaranteli.com
2024-05-19,BTC,66261.62,66274.01,-0.0187,bykaranteli.com
2024-05-19,ETH,3070.9,3071.19,-0.0094,bykaranteli.com
2024-05-20,BTC,71432.17,71446.62,-0.0202,bykaranteli.com
2024-05-20,ETH,3661.52,3661.78,-0.0071,bykaranteli.com
2024-05-21,BTC,70142.84,70148.34,-0.0078,bykaranteli.com
2024-05-21,ETH,3789.37,3789.6,-0.0061,bykaranteli.com
2024-05-22,BTC,69109.93,69166.62,-0.082,bykaranteli.com
2024-05-22,ETH,3735.99,3737.73,-0.0466,bykaranteli.com
2024-05-23,BTC,67940.45,67969.65,-0.043,bykaranteli.com
2024-05-23,ETH,3780.83,3783.61,-0.0735,bykaranteli.com
2024-05-24,BTC,68547.8,68549.99,-0.0032,bykaranteli.com
2024-05-24,ETH,3726.89,3728.28,-0.0373,bykaranteli.com
2024-05-25,BTC,69289.67,69290.57,-0.0013,bykaranteli.com
2024-05-25,ETH,3749.06,3749.26,-0.0053,bykaranteli.com
2024-05-26,BTC,68473.72,68507.67,-0.0496,bykaranteli.com
2024-05-26,ETH,3823.83,3826.47,-0.069,bykaranteli.com
2024-05-27,BTC,69368.72,69436.43,-0.0975,bykaranteli.com
2024-05-27,ETH,3890.72,3894.22,-0.0899,bykaranteli.com
2024-05-28,BTC,68321.98,68398.39,-0.1117,bykaranteli.com
2024-05-28,ETH,3839.98,3844.69,-0.1225,bykaranteli.com
2024-05-29,BTC,67569.45,67652.42,-0.1226,bykaranteli.com
2024-05-29,ETH,3762.11,3767.43,-0.1412,bykaranteli.com
2024-05-30,BTC,68338.58,68352.17,-0.0199,bykaranteli.com
2024-05-30,ETH,3746.74,3747.91,-0.0312,bykaranteli.com
2024-05-31,BTC,67472.41,67540.01,-0.1001,bykaranteli.com
2024-05-31,ETH,3758.44,3762.29,-0.1023,bykaranteli.com
2024-06-01,BTC,67719.29,67766.85,-0.0702,bykaranteli.com
2024-06-01,ETH,3812.48,3815.82,-0.0875,bykaranteli.com
2024-06-02,BTC,67735.52,67765.63,-0.0444,bykaranteli.com
2024-06-02,ETH,3778.88,3780.91,-0.0537,bykaranteli.com
2024-06-03,BTC,68791,68809.9,-0.0275,bykaranteli.com
2024-06-03,ETH,3766.09,3767.06,-0.0257,bykaranteli.com
2024-06-04,BTC,70542.32,70537.84,0.0064,bykaranteli.com
2024-06-04,ETH,3810.29,3810.23,0.0016,bykaranteli.com
2024-06-05,BTC,71121.11,71108,0.0184,bykaranteli.com
2024-06-05,ETH,3866.57,3865.99,0.015,bykaranteli.com
2024-06-06,BTC,70773.64,70799.06,-0.0359,bykaranteli.com
2024-06-06,ETH,3812.09,3813.46,-0.0359,bykaranteli.com
2024-06-07,BTC,69324.53,69355.6,-0.0448,bykaranteli.com
2024-06-07,ETH,3676.35,3678.32,-0.0536,bykaranteli.com
2024-06-08,BTC,69304.05,69310.46,-0.0092,bykaranteli.com
2024-06-08,ETH,3680.84,3681.57,-0.0198,bykaranteli.com
2024-06-09,BTC,69637.87,69648.14,-0.0147,bykaranteli.com
2024-06-09,ETH,3706.27,3706.4,-0.0035,bykaranteli.com
2024-06-10,BTC,69497.73,69540,-0.0608,bykaranteli.com
2024-06-10,ETH,3665.86,3667.85,-0.0543,bykaranteli.com
2024-06-11,BTC,67316.53,67314.24,0.0034,bykaranteli.com
2024-06-11,ETH,3497.31,3497.33,-0.0006,bykaranteli.com
2024-06-12,BTC,68248.6,68263.99,-0.0225,bykaranteli.com
2024-06-12,ETH,3559.14,3560.12,-0.0275,bykaranteli.com
2024-06-13,BTC,66738.85,66773.01,-0.0512,bykaranteli.com
2024-06-13,ETH,3467.65,3469.4,-0.0504,bykaranteli.com
2024-06-14,BTC,66004.39,66043.99,-0.06,bykaranteli.com
2024-06-14,ETH,3479.53,3481.8,-0.0652,bykaranteli.com
2024-06-15,BTC,66192,66228.25,-0.0547,bykaranteli.com
2024-06-15,ETH,3566.69,3568.74,-0.0574,bykaranteli.com
2024-06-16,BTC,66628.75,66676.87,-0.0722,bykaranteli.com
2024-06-16,ETH,3622.1,3624.41,-0.0637,bykaranteli.com
2024-06-17,BTC,66481.81,66504.33,-0.0339,bykaranteli.com
2024-06-17,ETH,3509.55,3511.46,-0.0544,bykaranteli.com
2024-06-18,BTC,65152.8,65175.32,-0.0346,bykaranteli.com
2024-06-18,ETH,3482.06,3483.42,-0.039,bykaranteli.com
2024-06-19,BTC,64943.79,64974.37,-0.0471,bykaranteli.com
2024-06-19,ETH,3559.14,3560.51,-0.0385,bykaranteli.com
2024-06-20,BTC,64840.88,64869.99,-0.0449,bykaranteli.com
2024-06-20,ETH,3510.73,3513.08,-0.0669,bykaranteli.com
2024-06-21,BTC,64120.28,64143.56,-0.0363,bykaranteli.com
2024-06-21,ETH,3517.19,3518.5,-0.0372,bykaranteli.com
2024-06-22,BTC,64235.01,64262.01,-0.042,bykaranteli.com
2024-06-22,ETH,3494.09,3495.75,-0.0475,bykaranteli.com
2024-06-23,BTC,63171.43,63210.01,-0.061,bykaranteli.com
2024-06-23,ETH,3418.42,3420.91,-0.0728,bykaranteli.com
2024-06-24,BTC,60263,60293.3,-0.0503,bykaranteli.com
2024-06-24,ETH,3350.59,3352.73,-0.0638,bykaranteli.com
2024-06-25,BTC,61789.71,61806.01,-0.0264,bykaranteli.com
2024-06-25,ETH,3393.6,3394.91,-0.0386,bykaranteli.com
2024-06-26,BTC,60816.68,60864.99,-0.0794,bykaranteli.com
2024-06-26,ETH,3369.31,3371.44,-0.0632,bykaranteli.com
2024-06-27,BTC,61615.39,61706.47,-0.1476,bykaranteli.com
2024-06-27,ETH,3445.58,3450.44,-0.1409,bykaranteli.com
2024-06-28,BTC,60313.35,60427.84,-0.1895,bykaranteli.com
2024-06-28,ETH,3373.62,3380.15,-0.1932,bykaranteli.com
2024-06-29,BTC,60885.67,60986.68,-0.1656,bykaranteli.com
2024-06-29,ETH,3373.26,3378.8,-0.164,bykaranteli.com
2024-06-30,BTC,62668.26,62772.01,-0.1653,bykaranteli.com
2024-06-30,ETH,3432.37,3438.16,-0.1684,bykaranteli.com
2024-07-01,BTC,62830.13,62899.99,-0.1111,bykaranteli.com
2024-07-01,ETH,3438.59,3442.2,-0.1049,bykaranteli.com
2024-07-02,BTC,62040.22,62135.47,-0.1533,bykaranteli.com
2024-07-02,ETH,3416.17,3421.35,-0.1514,bykaranteli.com
2024-07-03,BTC,60145.01,60208.58,-0.1056,bykaranteli.com
2024-07-03,ETH,3291.73,3295.48,-0.1138,bykaranteli.com
2024-07-04,BTC,57042.14,57050.01,-0.0138,bykaranteli.com
2024-07-04,ETH,3058.89,3059.7,-0.0265,bykaranteli.com
2024-07-05,BTC,56639.43,56628.79,0.0188,bykaranteli.com
2024-07-05,ETH,2981.74,2981.78,-0.0013,bykaranteli.com
2024-07-06,BTC,58244.75,58230.13,0.0251,bykaranteli.com
2024-07-06,ETH,3067.39,3066.83,0.0183,bykaranteli.com
2024-07-07,BTC,55854.09,55857.81,-0.0067,bykaranteli.com
2024-07-07,ETH,2930.78,2931,-0.0075,bykaranteli.com
2024-07-08,BTC,56699.43,56714.62,-0.0268,bykaranteli.com
2024-07-08,ETH,3018.48,3019.01,-0.0176,bykaranteli.com
2024-07-09,BTC,58047.86,58050,-0.0037,bykaranteli.com
2024-07-09,ETH,3066.51,3066.65,-0.0046,bykaranteli.com
2024-07-10,BTC,57712.59,57725.85,-0.023,bykaranteli.com
2024-07-10,ETH,3100.3,3101.05,-0.0242,bykaranteli.com
2024-07-11,BTC,57340.77,57339.89,0.0015,bykaranteli.com
2024-07-11,ETH,3099.29,3099.57,-0.009,bykaranteli.com
2024-07-12,BTC,57909.03,57889.1,0.0344,bykaranteli.com
2024-07-12,ETH,3135.05,3133.88,0.0373,bykaranteli.com
2024-07-13,BTC,59224.58,59204.02,0.0347,bykaranteli.com
2024-07-13,ETH,3176.71,3175.93,0.0246,bykaranteli.com
2024-07-14,BTC,60808.42,60797.91,0.0173,bykaranteli.com
2024-07-14,ETH,3246.38,3245.08,0.0401,bykaranteli.com
2024-07-15,BTC,64757.16,64724.14,0.051,bykaranteli.com
2024-07-15,ETH,3485.87,3483.39,0.0712,bykaranteli.com
2024-07-16,BTC,65088.99,65043.99,0.0692,bykaranteli.com
2024-07-16,ETH,3446.67,3444.13,0.0737,bykaranteli.com
2024-07-17,BTC,64085.81,64087.99,-0.0034,bykaranteli.com
2024-07-17,ETH,3387.45,3387.05,0.0118,bykaranteli.com
2024-07-18,BTC,63982.86,63987.92,-0.0079,bykaranteli.com
2024-07-18,ETH,3425.58,3426.5,-0.0268,bykaranteli.com
2024-07-19,BTC,66707.61,66660,0.0714,bykaranteli.com
2024-07-19,ETH,3505.75,3503.53,0.0634,bykaranteli.com
2024-07-20,BTC,67163.83,67139.96,0.0356,bykaranteli.com
2024-07-20,ETH,3519.06,3517.5,0.0443,bykaranteli.com
2024-07-21,BTC,68181.28,68165.34,0.0234,bykaranteli.com
2024-07-21,ETH,3536.2,3535.92,0.0079,bykaranteli.com
2024-07-22,BTC,67558.22,67532.01,0.0388,bykaranteli.com
2024-07-22,ETH,3441.1,3439.6,0.0436,bykaranteli.com
2024-07-23,BTC,65939.24,65936.01,0.0049,bykaranteli.com
2024-07-23,ETH,3482.9,3482.51,0.0112,bykaranteli.com
2024-07-24,BTC,65366.4,65376,-0.0147,bykaranteli.com
2024-07-24,ETH,3334.99,3335.81,-0.0246,bykaranteli.com
2024-07-25,BTC,65795.42,65799.95,-0.0069,bykaranteli.com
2024-07-25,ETH,3174.3,3175.48,-0.0372,bykaranteli.com
2024-07-26,BTC,67924.08,67907.99,0.0237,bykaranteli.com
2024-07-26,ETH,3274.95,3274.61,0.0104,bykaranteli.com
2024-07-27,BTC,67899.41,67896.5,0.0043,bykaranteli.com
2024-07-27,ETH,3249.25,3249.01,0.0074,bykaranteli.com
2024-07-28,BTC,68244.3,68249.88,-0.0082,bykaranteli.com
2024-07-28,ETH,3269.98,3270.16,-0.0055,bykaranteli.com
2024-07-29,BTC,66771.45,66784.69,-0.0198,bykaranteli.com
2024-07-29,ETH,3317.55,3317.66,-0.0033,bykaranteli.com
2024-07-30,BTC,66169.68,66188,-0.0277,bykaranteli.com
2024-07-30,ETH,3278.27,3279.21,-0.0287,bykaranteli.com
2024-07-31,BTC,64609.62,64628,-0.0284,bykaranteli.com
2024-07-31,ETH,3231.81,3232.74,-0.0288,bykaranteli.com
2024-08-01,BTC,65288.18,65354.02,-0.1007,bykaranteli.com
2024-08-01,ETH,3200.54,3203.4,-0.0893,bykaranteli.com
2024-08-02,BTC,61418.06,61498.33,-0.1305,bykaranteli.com
2024-08-02,ETH,2985.84,2989.61,-0.1261,bykaranteli.com
2024-08-03,BTC,60674.93,60697.99,-0.038,bykaranteli.com
2024-08-03,ETH,2901.72,2903.64,-0.0661,bykaranteli.com
2024-08-04,BTC,58130.95,58161,-0.0517,bykaranteli.com
2024-08-04,ETH,2688.31,2688.92,-0.0227,bykaranteli.com
2024-08-05,BTC,54029.12,54018.81,0.0191,bykaranteli.com
2024-08-05,ETH,2420.37,2419.59,0.0322,bykaranteli.com
2024-08-06,BTC,56048.08,56022.01,0.0465,bykaranteli.com
2024-08-06,ETH,2462.52,2461.33,0.0483,bykaranteli.com
2024-08-07,BTC,55148.1,55134.16,0.0253,bykaranteli.com
2024-08-07,ETH,2343.66,2342.8,0.0367,bykaranteli.com
2024-08-08,BTC,61705.58,61685.99,0.0318,bykaranteli.com
2024-08-08,ETH,2683.59,2682.5,0.0406,bykaranteli.com
2024-08-09,BTC,60862.13,60837.99,0.0397,bykaranteli.com
2024-08-09,ETH,2599.94,2598.78,0.0446,bykaranteli.com
2024-08-10,BTC,60935.02,60923.51,0.0189,bykaranteli.com
2024-08-10,ETH,2610.69,2609.92,0.0295,bykaranteli.com
2024-08-11,BTC,58722.49,58712.59,0.0169,bykaranteli.com
2024-08-11,ETH,2555.58,2555.38,0.0078,bykaranteli.com
2024-08-12,BTC,59358.78,59346.64,0.0205,bykaranteli.com
2024-08-12,ETH,2723,2722.3,0.0257,bykaranteli.com
2024-08-13,BTC,60603.19,60587.15,0.0265,bykaranteli.com
2024-08-13,ETH,2703.49,2702.44,0.0389,bykaranteli.com
2024-08-14,BTC,58690.62,58683.39,0.0123,bykaranteli.com
2024-08-14,ETH,2661.67,2661.45,0.0083,bykaranteli.com
2024-08-15,BTC,57543.61,57541.06,0.0044,bykaranteli.com
2024-08-15,ETH,2570.5,2569.89,0.0237,bykaranteli.com
2024-08-16,BTC,58888.99,58874.6,0.0244,bykaranteli.com
2024-08-16,ETH,2593.75,2592.73,0.0393,bykaranteli.com
2024-08-17,BTC,59497.49,59491.99,0.0092,bykaranteli.com
2024-08-17,ETH,2614.64,2614.51,0.005,bykaranteli.com
2024-08-18,BTC,58437.9,58427.35,0.0181,bykaranteli.com
2024-08-18,ETH,2612.68,2612.15,0.0203,bykaranteli.com
2024-08-19,BTC,59452.67,59438.5,0.0238,bykaranteli.com
2024-08-19,ETH,2637.15,2636.36,0.03,bykaranteli.com
2024-08-20,BTC,59017.59,59013.8,0.0064,bykaranteli.com
2024-08-20,ETH,2573.04,2572.82,0.0086,bykaranteli.com
2024-08-21,BTC,61163.28,61156.03,0.0119,bykaranteli.com
2024-08-21,ETH,2631.14,2630.71,0.0163,bykaranteli.com
2024-08-22,BTC,60383.29,60375.84,0.0123,bykaranteli.com
2024-08-22,ETH,2623.3,2622.88,0.016,bykaranteli.com
2024-08-23,BTC,64086.72,64037.24,0.0773,bykaranteli.com
2024-08-23,ETH,2764.73,2762.48,0.0814,bykaranteli.com
2024-08-24,BTC,64179.63,64157.01,0.0353,bykaranteli.com
2024-08-24,ETH,2769,2768,0.0361,bykaranteli.com
2024-08-25,BTC,64251.93,64220,0.0497,bykaranteli.com
2024-08-25,ETH,2747.57,2746.13,0.0524,bykaranteli.com
2024-08-26,BTC,62840,62834,0.0095,bykaranteli.com
2024-08-26,ETH,2680.77,2680.49,0.0104,bykaranteli.com
2024-08-27,BTC,59439.64,59415,0.0415,bykaranteli.com
2024-08-27,ETH,2458.22,2457.33,0.0362,bykaranteli.com
2024-08-28,BTC,59045.88,59034.9,0.0186,bykaranteli.com
2024-08-28,ETH,2528.51,2528.33,0.0071,bykaranteli.com
2024-08-29,BTC,59364.47,59359.01,0.0092,bykaranteli.com
2024-08-29,ETH,2527.71,2527.61,0.004,bykaranteli.com
2024-08-30,BTC,59112.77,59123.99,-0.019,bykaranteli.com
2024-08-30,ETH,2525.74,2526,-0.0103,bykaranteli.com
2024-08-31,BTC,58968.37,58973.99,-0.0095,bykaranteli.com
2024-08-31,ETH,2512.62,2513.01,-0.0155,bykaranteli.com
2024-09-01,BTC,57299,57301.86,-0.005,bykaranteli.com
2024-09-01,ETH,2425.9,2425.72,0.0074,bykaranteli.com
2024-09-02,BTC,59139.83,59132.13,0.013,bykaranteli.com
2024-09-02,ETH,2537.81,2538.01,-0.0079,bykaranteli.com
2024-09-03,BTC,57468.84,57487.73,-0.0329,bykaranteli.com
2024-09-03,ETH,2424.18,2425.29,-0.0458,bykaranteli.com
2024-09-04,BTC,57971,57970.9,0.0002,bykaranteli.com
2024-09-04,ETH,2450.46,2450.71,-0.0102,bykaranteli.com
2024-09-05,BTC,56156.82,56180,-0.0413,bykaranteli.com
2024-09-05,ETH,2367.8,2368.81,-0.0426,bykaranteli.com
2024-09-06,BTC,53950.01,53962.97,-0.024,bykaranteli.com
2024-09-06,ETH,2224.46,2225.23,-0.0346,bykaranteli.com
2024-09-07,BTC,54156.33,54160.86,-0.0084,bykaranteli.com
2024-09-07,ETH,2272.88,2273.58,-0.0308,bykaranteli.com
2024-09-08,BTC,54881.11,54869.95,0.0203,bykaranteli.com
2024-09-08,ETH,2297.47,2297.3,0.0074,bykaranteli.com
2024-09-09,BTC,57053.9,57042,0.0209,bykaranteli.com
2024-09-09,ETH,2360.1,2359.5,0.0254,bykaranteli.com
2024-09-10,BTC,57645.59,57635.99,0.0167,bykaranteli.com
2024-09-10,ETH,2388.26,2388.52,-0.0109,bykaranteli.com
2024-09-11,BTC,57352.79,57338,0.0258,bykaranteli.com
2024-09-11,ETH,2340.54,2340.55,-0.0004,bykaranteli.com
2024-09-12,BTC,58137.54,58132.32,0.009,bykaranteli.com
2024-09-12,ETH,2361.63,2361.76,-0.0055,bykaranteli.com
2024-09-13,BTC,60543.35,60498,0.075,bykaranteli.com
2024-09-13,ETH,2440.96,2439.19,0.0726,bykaranteli.com
2024-09-14,BTC,60012.35,59993.03,0.0322,bykaranteli.com
2024-09-14,ETH,2418.19,2417.79,0.0165,bykaranteli.com
2024-09-15,BTC,59122.33,59132,-0.0164,bykaranteli.com
2024-09-15,ETH,2316.37,2316.1,0.0117,bykaranteli.com
2024-09-16,BTC,58208.75,58213.99,-0.009,bykaranteli.com
2024-09-16,ETH,2295.21,2295.68,-0.0205,bykaranteli.com
2024-09-17,BTC,60312.6,60313.99,-0.0023,bykaranteli.com
2024-09-17,ETH,2342.1,2341.8,0.0128,bykaranteli.com
2024-09-18,BTC,61769.18,61759.99,0.0149,bykaranteli.com
2024-09-18,ETH,2374.59,2374.75,-0.0067,bykaranteli.com
2024-09-19,BTC,62960.14,62947.99,0.0193,bykaranteli.com
2024-09-19,ETH,2465.84,2465.21,0.0256,bykaranteli.com
2024-09-20,BTC,63210.69,63201.05,0.0153,bykaranteli.com
2024-09-20,ETH,2562.02,2561.4,0.0242,bykaranteli.com
2024-09-21,BTC,63362.74,63348.96,0.0218,bykaranteli.com
2024-09-21,ETH,2613.16,2612.4,0.0291,bykaranteli.com
2024-09-22,BTC,63577.66,63578.76,-0.0017,bykaranteli.com
2024-09-22,ETH,2580.92,2581,-0.0031,bykaranteli.com
2024-09-23,BTC,63338.87,63339.99,-0.0018,bykaranteli.com
2024-09-23,ETH,2646.72,2646.97,-0.0094,bykaranteli.com
2024-09-24,BTC,64272.93,64262.7,0.0159,bykaranteli.com
2024-09-24,ETH,2653.31,2653.2,0.0041,bykaranteli.com
2024-09-25,BTC,63130.89,63152.01,-0.0334,bykaranteli.com
2024-09-25,ETH,2579.25,2579.95,-0.0271,bykaranteli.com
2024-09-26,BTC,65177.21,65173.99,0.0049,bykaranteli.com
2024-09-26,ETH,2632.53,2632.26,0.0103,bykaranteli.com
2024-09-27,BTC,65789,65769.95,0.029,bykaranteli.com
2024-09-27,ETH,2695.37,2694.43,0.0349,bykaranteli.com
2024-09-28,BTC,65858.99,65858,0.0015,bykaranteli.com
2024-09-28,ETH,2675.79,2675.21,0.0217,bykaranteli.com
2024-09-29,BTC,65600.01,65602.01,-0.003,bykaranteli.com
2024-09-29,ETH,2657.89,2657.62,0.0102,bykaranteli.com
2024-09-30,BTC,63301.25,63327.59,-0.0416,bykaranteli.com
2024-09-30,ETH,2601.27,2602.23,-0.0369,bykaranteli.com
2024-10-01,BTC,60790,60805.78,-0.026,bykaranteli.com
2024-10-01,ETH,2447.55,2447.79,-0.0098,bykaranteli.com
2024-10-02,BTC,60631.37,60649.28,-0.0295,bykaranteli.com
2024-10-02,ETH,2363.76,2364.1,-0.0144,bykaranteli.com
2024-10-03,BTC,60744.99,60752.71,-0.0127,bykaranteli.com
2024-10-03,ETH,2349.97,2349.8,0.0072,bykaranteli.com
2024-10-04,BTC,62090.71,62086,0.0076,bykaranteli.com
2024-10-04,ETH,2414.43,2414.41,0.0008,bykaranteli.com
2024-10-05,BTC,62051.29,62058,-0.0108,bykaranteli.com
2024-10-05,ETH,2414.51,2414.66,-0.0062,bykaranteli.com
2024-10-06,BTC,62810.86,62819.91,-0.0144,bykaranteli.com
2024-10-06,ETH,2439.84,2440.03,-0.0078,bykaranteli.com
2024-10-07,BTC,62200.28,62224,-0.0381,bykaranteli.com
2024-10-07,ETH,2421.68,2422.71,-0.0425,bykaranteli.com
2024-10-08,BTC,62122.02,62160.49,-0.0619,bykaranteli.com
2024-10-08,ETH,2439.48,2440.89,-0.0578,bykaranteli.com
2024-10-09,BTC,60578.28,60636.02,-0.0952,bykaranteli.com
2024-10-09,ETH,2368.66,2370.47,-0.0764,bykaranteli.com
2024-10-10,BTC,60279.53,60326.39,-0.0777,bykaranteli.com
2024-10-10,ETH,2384.32,2386.49,-0.0909,bykaranteli.com
2024-10-11,BTC,62518.75,62540,-0.034,bykaranteli.com
2024-10-11,ETH,2438.77,2439.5,-0.0299,bykaranteli.com
2024-10-12,BTC,63187.47,63206.22,-0.0297,bykaranteli.com
2024-10-12,ETH,2475.79,2476.4,-0.0246,bykaranteli.com
2024-10-13,BTC,62845.3,62870.02,-0.0393,bykaranteli.com
2024-10-13,ETH,2467.67,2468.91,-0.0502,bykaranteli.com
2024-10-14,BTC,66065.65,66083.99,-0.0278,bykaranteli.com
2024-10-14,ETH,2628.74,2629.79,-0.0399,bykaranteli.com
2024-10-15,BTC,67056.6,67074.14,-0.0262,bykaranteli.com
2024-10-15,ETH,2606.63,2607.41,-0.0299,bykaranteli.com
2024-10-16,BTC,67608.44,67620.01,-0.0171,bykaranteli.com
2024-10-16,ETH,2610.54,2611.1,-0.0214,bykaranteli.com
2024-10-17,BTC,67402.33,67421.78,-0.0288,bykaranteli.com
2024-10-17,ETH,2604.91,2605.8,-0.0342,bykaranteli.com
2024-10-18,BTC,68426.11,68428,-0.0028,bykaranteli.com
2024-10-18,ETH,2641.98,2642.17,-0.0072,bykaranteli.com
2024-10-19,BTC,68363.73,68378,-0.0209,bykaranteli.com
2024-10-19,ETH,2647.97,2648.2,-0.0087,bykaranteli.com
2024-10-20,BTC,69014.86,69031.99,-0.0248,bykaranteli.com
2024-10-20,ETH,2746.22,2746.91,-0.0251,bykaranteli.com
2024-10-21,BTC,67346.15,67377.5,-0.0465,bykaranteli.com
2024-10-21,ETH,2665.35,2666.7,-0.0506,bykaranteli.com
2024-10-22,BTC,67380.08,67426,-0.0681,bykaranteli.com
2024-10-22,ETH,2620.84,2622.81,-0.0751,bykaranteli.com
2024-10-23,BTC,66601.11,66668.65,-0.1013,bykaranteli.com
2024-10-23,ETH,2521.94,2524.61,-0.1058,bykaranteli.com
2024-10-24,BTC,68156.84,68198.28,-0.0608,bykaranteli.com
2024-10-24,ETH,2533.99,2535.82,-0.0722,bykaranteli.com
2024-10-25,BTC,66564.51,66698.33,-0.2006,bykaranteli.com
2024-10-25,ETH,2436.01,2440.62,-0.1889,bykaranteli.com
2024-10-26,BTC,67012.56,67092.76,-0.1195,bykaranteli.com
2024-10-26,ETH,2479.49,2482.51,-0.1217,bykaranteli.com
2024-10-27,BTC,67943.19,68021.7,-0.1154,bykaranteli.com
2024-10-27,ETH,2504.69,2507.8,-0.124,bykaranteli.com
2024-10-28,BTC,69924.5,69962.21,-0.0539,bykaranteli.com
2024-10-28,ETH,2565.66,2567.48,-0.0709,bykaranteli.com
2024-10-29,BTC,72724.35,72736.42,-0.0166,bykaranteli.com
2024-10-29,ETH,2637.85,2638.8,-0.036,bykaranteli.com
2024-10-30,BTC,72322.91,72344.74,-0.0302,bykaranteli.com
2024-10-30,ETH,2658.16,2659.19,-0.0387,bykaranteli.com
2024-10-31,BTC,70197.83,70292.01,-0.134,bykaranteli.com
2024-10-31,ETH,2514.84,2518.61,-0.1497,bykaranteli.com
2024-11-01,BTC,69467.29,69496.01,-0.0413,bykaranteli.com
2024-11-01,ETH,2510.27,2511.49,-0.0486,bykaranteli.com
2024-11-02,BTC,69358.94,69374.74,-0.0228,bykaranteli.com
2024-11-02,ETH,2493.44,2494.23,-0.0317,bykaranteli.com
2024-11-03,BTC,68738.18,68775.99,-0.055,bykaranteli.com
2024-11-03,ETH,2456.57,2457.73,-0.0472,bykaranteli.com
2024-11-04,BTC,67807.48,67850.01,-0.0627,bykaranteli.com
2024-11-04,ETH,2397,2398.21,-0.0505,bykaranteli.com
2024-11-05,BTC,69380.73,69372.01,0.0126,bykaranteli.com
2024-11-05,ETH,2422.24,2422.55,-0.0128,bykaranteli.com
2024-11-06,BTC,75646.55,75571.99,0.0987,bykaranteli.com
2024-11-06,ETH,2724.27,2721.87,0.0882,bykaranteli.com
2024-11-07,BTC,75920,75857.89,0.0819,bykaranteli.com
2024-11-07,ETH,2897.65,2895.47,0.0753,bykaranteli.com
2024-11-08,BTC,76566.73,76509.78,0.0744,bykaranteli.com
2024-11-08,ETH,2964.09,2961.75,0.079,bykaranteli.com
2024-11-09,BTC,76716.06,76677.46,0.0503,bykaranteli.com
2024-11-09,ETH,3127.97,3126.21,0.0563,bykaranteli.com
2024-11-10,BTC,80428.92,80370.01,0.0733,bykaranteli.com
2024-11-10,ETH,3186.07,3183.21,0.0898,bykaranteli.com
2024-11-11,BTC,88770.73,88647.99,0.1385,bykaranteli.com
2024-11-11,ETH,3375.78,3371.59,0.1243,bykaranteli.com
2024-11-12,BTC,88035.43,87952.01,0.0948,bykaranteli.com
2024-11-12,ETH,3247.21,3243.8,0.1051,bykaranteli.com
2024-11-13,BTC,90493.82,90375.2,0.1313,bykaranteli.com
2024-11-13,ETH,3191.45,3187.16,0.1346,bykaranteli.com
2024-11-14,BTC,87340.4,87325.59,0.017,bykaranteli.com
2024-11-14,ETH,3059.04,3058.82,0.0072,bykaranteli.com
2024-11-15,BTC,91058.36,91032.07,0.0289,bykaranteli.com
2024-11-15,ETH,3090.76,3090.01,0.0243,bykaranteli.com
2024-11-16,BTC,90636.24,90586.92,0.0544,bykaranteli.com
2024-11-16,ETH,3134.25,3132.87,0.044,bykaranteli.com
2024-11-17,BTC,89886.69,89855.99,0.0342,bykaranteli.com
2024-11-17,ETH,3076.79,3076,0.0257,bykaranteli.com
2024-11-18,BTC,90520.3,90464.08,0.0621,bykaranteli.com
2024-11-18,ETH,3209.21,3207.8,0.044,bykaranteli.com
2024-11-19,BTC,92435.89,92310.79,0.1355,bykaranteli.com
2024-11-19,ETH,3111.7,3107.44,0.1371,bykaranteli.com
2024-11-20,BTC,94393.15,94286.56,0.113,bykaranteli.com
2024-11-20,ETH,3072.24,3069.97,0.0739,bykaranteli.com
2024-11-21,BTC,98439.09,98317.12,0.1241,bykaranteli.com
2024-11-21,ETH,3359.9,3355.81,0.1219,bykaranteli.com
2024-11-22,BTC,99024.03,98892,0.1335,bykaranteli.com
2024-11-22,ETH,3331.77,3327.78,0.1199,bykaranteli.com
2024-11-23,BTC,97778.77,97672.4,0.1089,bykaranteli.com
2024-11-23,ETH,3397.51,3393.91,0.1061,bykaranteli.com
2024-11-24,BTC,98028.18,97900.04,0.1309,bykaranteli.com
2024-11-24,ETH,3365.16,3361.2,0.1178,bykaranteli.com
2024-11-25,BTC,93000.01,93010.01,-0.0108,bykaranteli.com
2024-11-25,ETH,3414.72,3414.49,0.0067,bykaranteli.com
2024-11-26,BTC,91929.54,91965.16,-0.0387,bykaranteli.com
2024-11-26,ETH,3323.67,3324.73,-0.0319,bykaranteli.com
2024-11-27,BTC,95951.19,95863.11,0.0919,bykaranteli.com
2024-11-27,ETH,3657.63,3653.28,0.1191,bykaranteli.com
2024-11-28,BTC,95665.53,95643.98,0.0225,bykaranteli.com
2024-11-28,ETH,3579.11,3578.79,0.0089,bykaranteli.com
2024-11-29,BTC,97490.56,97460,0.0314,bykaranteli.com
2024-11-29,ETH,3593.67,3592.21,0.0406,bykaranteli.com
2024-11-30,BTC,96465.42,96407.99,0.0596,bykaranteli.com
2024-11-30,ETH,3706.35,3703.6,0.0743,bykaranteli.com
2024-12-01,BTC,97263.18,97185.18,0.0803,bykaranteli.com
2024-12-01,ETH,3710.24,3707.61,0.0709,bykaranteli.com
2024-12-02,BTC,95862.89,95840.62,0.0232,bykaranteli.com
2024-12-02,ETH,3644.52,3643.42,0.0302,bykaranteli.com
2024-12-03,BTC,95924.52,95849.69,0.0781,bykaranteli.com
2024-12-03,ETH,3617.59,3614.51,0.0852,bykaranteli.com
2024-12-04,BTC,98746.24,98587.32,0.1612,bykaranteli.com
2024-12-04,ETH,3843.33,3837.8,0.1441,bykaranteli.com
2024-12-05,BTC,97044.23,96945.63,0.1017,bykaranteli.com
2024-12-05,ETH,3788.93,3785.2,0.0985,bykaranteli.com
2024-12-06,BTC,99891.35,99740.84,0.1509,bykaranteli.com
2024-12-06,ETH,4004.83,3998.87,0.149,bykaranteli.com
2024-12-07,BTC,99929.32,99831.99,0.0975,bykaranteli.com
2024-12-07,ETH,4000.01,3996.22,0.0948,bykaranteli.com
2024-12-08,BTC,101174.99,101109.59,0.0647,bykaranteli.com
2024-12-08,ETH,4006.75,4004.15,0.0649,bykaranteli.com
2024-12-09,BTC,97324.81,97276.47,0.0497,bykaranteli.com
2024-12-09,ETH,3713.57,3712,0.0423,bykaranteli.com
2024-12-10,BTC,96660.76,96593,0.0702,bykaranteli.com
2024-12-10,ETH,3630.34,3628.25,0.0576,bykaranteli.com
2024-12-11,BTC,101202.11,101125,0.0763,bykaranteli.com
2024-12-11,ETH,3835.08,3831.81,0.0853,bykaranteli.com
2024-12-12,BTC,100030.47,100004.29,0.0262,bykaranteli.com
2024-12-12,ETH,3882.68,3881.61,0.0276,bykaranteli.com
2024-12-13,BTC,101428.75,101424.25,0.0044,bykaranteli.com
2024-12-13,ETH,3907.87,3906.8,0.0274,bykaranteli.com
2024-12-14,BTC,101399.99,101420,-0.0197,bykaranteli.com
2024-12-14,ETH,3869.25,3870.29,-0.0269,bykaranteli.com
2024-12-15,BTC,104447.76,104463.99,-0.0155,bykaranteli.com
2024-12-15,ETH,3957.7,3959.09,-0.0351,bykaranteli.com
2024-12-16,BTC,106099.81,106058.66,0.0388,bykaranteli.com
2024-12-16,ETH,3987.6,3986.24,0.0341,bykaranteli.com
2024-12-17,BTC,106136.99,106133.74,0.0031,bykaranteli.com
2024-12-17,ETH,3893.54,3893.01,0.0136,bykaranteli.com
2024-12-18,BTC,100150.73,100204.01,-0.0532,bykaranteli.com
2024-12-18,ETH,3624.84,3626.8,-0.054,bykaranteli.com
2024-12-19,BTC,97372.21,97461.86,-0.092,bykaranteli.com
2024-12-19,ETH,3414.35,3417.01,-0.0778,bykaranteli.com
2024-12-20,BTC,97765,97805.44,-0.0413,bykaranteli.com
2024-12-20,ETH,3470.47,3472.21,-0.0501,bykaranteli.com
2024-12-21,BTC,97230.08,97291.99,-0.0636,bykaranteli.com
2024-12-21,ETH,3337.09,3338.92,-0.0548,bykaranteli.com
2024-12-22,BTC,95087.75,95186.27,-0.1035,bykaranteli.com
2024-12-22,ETH,3278.6,3281.83,-0.0984,bykaranteli.com
2024-12-23,BTC,94764.56,94881.47,-0.1232,bykaranteli.com
2024-12-23,ETH,3418.12,3422.53,-0.1289,bykaranteli.com
2024-12-24,BTC,98594.47,98663.58,-0.07,bykaranteli.com
2024-12-24,ETH,3491.13,3493.18,-0.0587,bykaranteli.com
2024-12-25,BTC,99346.28,99429.6,-0.0838,bykaranteli.com
2024-12-25,ETH,3493.95,3497,-0.0872,bykaranteli.com
2024-12-26,BTC,95669.49,95791.6,-0.1275,bykaranteli.com
2024-12-26,ETH,3330.86,3335.05,-0.1256,bykaranteli.com
2024-12-27,BTC,94171.89,94299.03,-0.1348,bykaranteli.com
2024-12-27,ETH,3328.6,3333.51,-0.1473,bykaranteli.com
2024-12-28,BTC,95130.82,95300,-0.1775,bykaranteli.com
2024-12-28,ETH,3397.87,3404,-0.1801,bykaranteli.com
2024-12-29,BTC,93563.35,93738.2,-0.1865,bykaranteli.com
2024-12-29,ETH,3350.23,3356.48,-0.1862,bykaranteli.com
2024-12-30,BTC,92620.71,92792.05,-0.1846,bykaranteli.com
2024-12-30,ETH,3355.66,3361.84,-0.1838,bykaranteli.com
2024-12-31,BTC,93354.22,93576,-0.237,bykaranteli.com
2024-12-31,ETH,3330.32,3337.78,-0.2235,bykaranteli.com
2025-01-01,BTC,94383.59,94591.79,-0.2201,bykaranteli.com
2025-01-01,ETH,3353.32,3360.38,-0.2101,bykaranteli.com
2025-01-02,BTC,96903.19,96984.79,-0.0841,bykaranteli.com
2025-01-02,ETH,3452.39,3455.67,-0.0949,bykaranteli.com
2025-01-03,BTC,98136.51,98174.18,-0.0384,bykaranteli.com
2025-01-03,ETH,3607.68,3609.01,-0.0369,bykaranteli.com
2025-01-04,BTC,98209.85,98220.5,-0.0108,bykaranteli.com
2025-01-04,ETH,3656.4,3656.88,-0.0131,bykaranteli.com
2025-01-05,BTC,98345.33,98363.61,-0.0186,bykaranteli.com
2025-01-05,ETH,3635.46,3635.99,-0.0146,bykaranteli.com
2025-01-06,BTC,102279.41,102235.6,0.0429,bykaranteli.com
2025-01-06,ETH,3688.74,3687.45,0.035,bykaranteli.com
2025-01-07,BTC,96941.98,96954.61,-0.013,bykaranteli.com
2025-01-07,ETH,3380.29,3381.31,-0.0302,bykaranteli.com
2025-01-08,BTC,95036.63,95060.61,-0.0252,bykaranteli.com
2025-01-08,ETH,3326.29,3327.29,-0.0301,bykaranteli.com
2025-01-09,BTC,92547.44,92552.49,-0.0055,bykaranteli.com
2025-01-09,ETH,3218.81,3219.2,-0.0121,bykaranteli.com
2025-01-10,BTC,94701.18,94726.11,-0.0263,bykaranteli.com
2025-01-10,ETH,3266.53,3267.04,-0.0156,bykaranteli.com
2025-01-11,BTC,94565.02,94599.99,-0.037,bykaranteli.com
2025-01-11,ETH,3282.01,3282.83,-0.025,bykaranteli.com
2025-01-12,BTC,94509.62,94545.06,-0.0375,bykaranteli.com
2025-01-12,ETH,3266.02,3267.3,-0.0392,bykaranteli.com
2025-01-13,BTC,94506.45,94536.1,-0.0314,bykaranteli.com
2025-01-13,ETH,3136.08,3137.51,-0.0456,bykaranteli.com
2025-01-14,BTC,96534.96,96560.86,-0.0268,bykaranteli.com
2025-01-14,ETH,3223.97,3225.63,-0.0515,bykaranteli.com
2025-01-15,BTC,100510.23,100497.35,0.0128,bykaranteli.com
2025-01-15,ETH,3451.58,3451.52,0.0017,bykaranteli.com
2025-01-16,BTC,99981.78,99987.3,-0.0055,bykaranteli.com
2025-01-16,ETH,3307.73,3308.05,-0.0097,bykaranteli.com
2025-01-17,BTC,104107,104077.48,0.0284,bykaranteli.com
2025-01-17,ETH,3475.47,3473.63,0.053,bykaranteli.com
2025-01-18,BTC,104435,104556.23,-0.1159,bykaranteli.com
2025-01-18,ETH,3304.07,3307.71,-0.11,bykaranteli.com
2025-01-19,BTC,101211.13,101331.57,-0.1189,bykaranteli.com
2025-01-19,ETH,3210.03,3215.12,-0.1583,bykaranteli.com
2025-01-20,BTC,102145.43,102260.01,-0.112,bykaranteli.com
2025-01-20,ETH,3280.4,3284,-0.1096,bykaranteli.com
2025-01-21,BTC,106159.26,106143.82,0.0145,bykaranteli.com
2025-01-21,ETH,3327.57,3327.54,0.0009,bykaranteli.com
2025-01-22,BTC,103667.11,103706.66,-0.0381,bykaranteli.com
2025-01-22,ETH,3241.35,3242.6,-0.0385,bykaranteli.com
2025-01-23,BTC,103926.36,103910.34,0.0154,bykaranteli.com
2025-01-23,ETH,3338.67,3338.21,0.0138,bykaranteli.com
2025-01-24,BTC,104850.27,104870.5,-0.0193,bykaranteli.com
2025-01-24,ETH,3309.72,3310.09,-0.0112,bykaranteli.com
2025-01-25,BTC,104733.56,104746.85,-0.0127,bykaranteli.com
2025-01-25,ETH,3318.37,3318.77,-0.0121,bykaranteli.com
2025-01-26,BTC,102563,102620,-0.0555,bykaranteli.com
2025-01-26,ETH,3231.48,3232.61,-0.035,bykaranteli.com
2025-01-27,BTC,102062.42,102082.83,-0.02,bykaranteli.com
2025-01-27,ETH,3181.93,3182.44,-0.016,bykaranteli.com
2025-01-28,BTC,101290,101335.52,-0.0449,bykaranteli.com
2025-01-28,ETH,3076.06,3077.72,-0.0539,bykaranteli.com
2025-01-29,BTC,103747.25,103733.24,0.0135,bykaranteli.com
2025-01-29,ETH,3114.03,3113.9,0.0042,bykaranteli.com
2025-01-30,BTC,104742.64,104722.94,0.0188,bykaranteli.com
2025-01-30,ETH,3247.48,3247.39,0.0028,bykaranteli.com
2025-01-31,BTC,102411.26,102429.56,-0.0179,bykaranteli.com
2025-01-31,ETH,3299.99,3300.99,-0.0303,bykaranteli.com
2025-02-01,BTC,100623.85,100635.65,-0.0117,bykaranteli.com
2025-02-01,ETH,3116.78,3117.54,-0.0244,bykaranteli.com
2025-02-02,BTC,97676.52,97700.59,-0.0246,bykaranteli.com
2025-02-02,ETH,2869.25,2869.68,-0.015,bykaranteli.com
2025-02-03,BTC,101460.2,101328.52,0.13,bykaranteli.com
2025-02-03,ETH,2883.62,2879.9,0.1292,bykaranteli.com
2025-02-04,BTC,97795.05,97763.13,0.0327,bykaranteli.com
2025-02-04,ETH,2732.07,2731.19,0.0322,bykaranteli.com
2025-02-05,BTC,96638.33,96612.43,0.0268,bykaranteli.com
2025-02-05,ETH,2788.3,2788.25,0.0018,bykaranteli.com
2025-02-06,BTC,96564.62,96554.35,0.0106,bykaranteli.com
2025-02-06,ETH,2687.1,2686.64,0.0171,bykaranteli.com
2025-02-07,BTC,96537.08,96506.8,0.0314,bykaranteli.com
2025-02-07,ETH,2622.95,2622.1,0.0324,bykaranteli.com
2025-02-08,BTC,96476.25,96444.74,0.0327,bykaranteli.com
2025-02-08,ETH,2632.62,2632.46,0.0061,bykaranteli.com
2025-02-09,BTC,96475.82,96462.75,0.0135,bykaranteli.com
2025-02-09,ETH,2627.87,2627.18,0.0263,bykaranteli.com
2025-02-10,BTC,97444.41,97430.82,0.0139,bykaranteli.com
2025-02-10,ETH,2661.87,2661.19,0.0256,bykaranteli.com
2025-02-11,BTC,95774.08,95778.2,-0.0043,bykaranteli.com
2025-02-11,ETH,2602.03,2602.59,-0.0215,bykaranteli.com
2025-02-12,BTC,97862.53,97869.99,-0.0076,bykaranteli.com
2025-02-12,ETH,2738.58,2738.27,0.0113,bykaranteli.com
2025-02-13,BTC,96625.29,96608.14,0.0178,bykaranteli.com
2025-02-13,ETH,2676.09,2675.87,0.0082,bykaranteli.com
2025-02-14,BTC,97509.03,97500.48,0.0088,bykaranteli.com
2025-02-14,ETH,2726.32,2725.95,0.0136,bykaranteli.com
2025-02-15,BTC,97596.94,97569.66,0.028,bykaranteli.com
2025-02-15,ETH,2693.58,2693.04,0.0201,bykaranteli.com
2025-02-16,BTC,96119.88,96118.12,0.0018,bykaranteli.com
2025-02-16,ETH,2661.51,2661.41,0.0038,bykaranteli.com
2025-02-17,BTC,95781.8,95780,0.0019,bykaranteli.com
2025-02-17,ETH,2744.1,2744.05,0.0018,bykaranteli.com
2025-02-18,BTC,95607.4,95671.74,-0.0673,bykaranteli.com
2025-02-18,ETH,2670.59,2671.99,-0.0524,bykaranteli.com
2025-02-19,BTC,96632.03,96644.37,-0.0128,bykaranteli.com
2025-02-19,ETH,2715.27,2715.5,-0.0085,bykaranteli.com
2025-02-20,BTC,98347.2,98305,0.0429,bykaranteli.com
2025-02-20,ETH,2738.65,2738.04,0.0223,bykaranteli.com
2025-02-21,BTC,96157.03,96181.98,-0.0259,bykaranteli.com
2025-02-21,ETH,2661.69,2663,-0.0492,bykaranteli.com
2025-02-22,BTC,96582.12,96551.01,0.0322,bykaranteli.com
2025-02-22,ETH,2763.5,2763.22,0.0101,bykaranteli.com
2025-02-23,BTC,96265.98,96258,0.0083,bykaranteli.com
2025-02-23,ETH,2819.63,2819.69,-0.0021,bykaranteli.com
2025-02-24,BTC,91510.82,91552.88,-0.0459,bykaranteli.com
2025-02-24,ETH,2513.35,2513.52,-0.0068,bykaranteli.com
2025-02-25,BTC,88583.74,88680.4,-0.109,bykaranteli.com
2025-02-25,ETH,2492.37,2495.7,-0.1334,bykaranteli.com
2025-02-26,BTC,84111.78,84250.09,-0.1642,bykaranteli.com
2025-02-26,ETH,2332.93,2336.37,-0.1472,bykaranteli.com
2025-02-27,BTC,84625.19,84708.58,-0.0984,bykaranteli.com
2025-02-27,ETH,2305.21,2307.72,-0.1088,bykaranteli.com
2025-02-28,BTC,84297.73,84349.94,-0.0619,bykaranteli.com
2025-02-28,ETH,2236.36,2237.59,-0.055,bykaranteli.com
2025-03-01,BTC,86018.76,86064.53,-0.0532,bykaranteli.com
2025-03-01,ETH,2216.51,2217.39,-0.0397,bykaranteli.com
2025-03-02,BTC,94265.48,94270,-0.0048,bykaranteli.com
2025-03-02,ETH,2518.39,2518.11,0.0111,bykaranteli.com
2025-03-03,BTC,86161.1,86220.61,-0.069,bykaranteli.com
2025-03-03,ETH,2147.53,2149.01,-0.0689,bykaranteli.com
2025-03-04,BTC,87249.96,87281.98,-0.0367,bykaranteli.com
2025-03-04,ETH,2170.92,2171.51,-0.0272,bykaranteli.com
2025-03-05,BTC,90603.73,90606.01,-0.0025,bykaranteli.com
2025-03-05,ETH,2241.53,2241.59,-0.0027,bykaranteli.com
2025-03-06,BTC,89921.85,89931.89,-0.0112,bykaranteli.com
2025-03-06,ETH,2202.42,2202.2,0.01,bykaranteli.com
2025-03-07,BTC,86756.98,86801.75,-0.0516,bykaranteli.com
2025-03-07,ETH,2140.81,2141.6,-0.0369,bykaranteli.com
2025-03-08,BTC,86206.69,86222.45,-0.0183,bykaranteli.com
2025-03-08,ETH,2203.03,2203.58,-0.025,bykaranteli.com
2025-03-09,BTC,80699.17,80734.37,-0.0436,bykaranteli.com
2025-03-09,ETH,2020.02,2020.41,-0.0193,bykaranteli.com
2025-03-10,BTC,78544.71,78595.86,-0.0651,bykaranteli.com
2025-03-10,ETH,1864.12,1865.1,-0.0525,bykaranteli.com
2025-03-11,BTC,82914.51,82932.99,-0.0223,bykaranteli.com
2025-03-11,ETH,1923.08,1923.43,-0.0182,bykaranteli.com
2025-03-12,BTC,83659.43,83680.12,-0.0247,bykaranteli.com
2025-03-12,ETH,1907.93,1908.2,-0.0141,bykaranteli.com
2025-03-13,BTC,81073.43,81115.78,-0.0522,bykaranteli.com
2025-03-13,ETH,1863.81,1864.59,-0.0418,bykaranteli.com
2025-03-14,BTC,83980.49,83983.2,-0.0032,bykaranteli.com
2025-03-14,ETH,1911.65,1911.65,0,bykaranteli.com
2025-03-15,BTC,84351.46,84338.44,0.0154,bykaranteli.com
2025-03-15,ETH,1937.61,1937.17,0.0227,bykaranteli.com
2025-03-16,BTC,82562.57,82574.53,-0.0145,bykaranteli.com
2025-03-16,ETH,1886.8,1887,-0.0106,bykaranteli.com
2025-03-17,BTC,84011.4,84010.03,0.0016,bykaranteli.com
2025-03-17,ETH,1926.28,1926.31,-0.0016,bykaranteli.com
2025-03-18,BTC,82698.76,82715.03,-0.0197,bykaranteli.com
2025-03-18,ETH,1931.25,1931.54,-0.015,bykaranteli.com
2025-03-19,BTC,86877.96,86845.94,0.0369,bykaranteli.com
2025-03-19,ETH,2057.06,2056.06,0.0486,bykaranteli.com
2025-03-20,BTC,84183.42,84223.39,-0.0475,bykaranteli.com
2025-03-20,ETH,1982.67,1983.79,-0.0565,bykaranteli.com
2025-03-21,BTC,84061.96,84088.79,-0.0319,bykaranteli.com
2025-03-21,ETH,1964.98,1965.75,-0.0392,bykaranteli.com
2025-03-22,BTC,83852.03,83840.59,0.0136,bykaranteli.com
2025-03-22,ETH,1980.35,1980.69,-0.0172,bykaranteli.com
2025-03-23,BTC,86092.94,86082.5,0.0121,bykaranteli.com
2025-03-23,ETH,2005.97,2005.99,-0.001,bykaranteli.com
2025-03-24,BTC,87523.62,87498.16,0.0291,bykaranteli.com
2025-03-24,ETH,2081.62,2081.2,0.0202,bykaranteli.com
2025-03-25,BTC,87427.88,87392.87,0.0401,bykaranteli.com
2025-03-25,ETH,2066.78,2066.15,0.0305,bykaranteli.com
2025-03-26,BTC,86926.01,86909.17,0.0194,bykaranteli.com
2025-03-26,ETH,2009.72,2009.52,0.01,bykaranteli.com
2025-03-27,BTC,87217.48,87232.01,-0.0167,bykaranteli.com
2025-03-27,ETH,2003.32,2003.66,-0.017,bykaranteli.com
2025-03-28,BTC,84381.8,84424.38,-0.0504,bykaranteli.com
2025-03-28,ETH,1896.23,1896.9,-0.0353,bykaranteli.com
2025-03-29,BTC,82616.83,82648.54,-0.0384,bykaranteli.com
2025-03-29,ETH,1827.39,1828.08,-0.0377,bykaranteli.com
2025-03-30,BTC,82379.98,82389.99,-0.0121,bykaranteli.com
2025-03-30,ETH,1807.31,1807.74,-0.0238,bykaranteli.com
2025-03-31,BTC,82534.32,82550.01,-0.019,bykaranteli.com
2025-03-31,ETH,1822.03,1822.43,-0.0219,bykaranteli.com
2025-04-01,BTC,85170.37,85158.34,0.0141,bykaranteli.com
2025-04-01,ETH,1905.13,1904.98,0.0079,bykaranteli.com
2025-04-02,BTC,82490.08,82516.29,-0.0318,bykaranteli.com
2025-04-02,ETH,1794.7,1795.22,-0.029,bykaranteli.com
2025-04-03,BTC,83174.33,83213.09,-0.0466,bykaranteli.com
2025-04-03,ETH,1816.36,1817.23,-0.0479,bykaranteli.com
2025-04-04,BTC,83860.16,83889.87,-0.0354,bykaranteli.com
2025-04-04,ETH,1816.39,1816.87,-0.0264,bykaranteli.com
2025-04-05,BTC,83498.25,83537.99,-0.0476,bykaranteli.com
2025-04-05,ETH,1805.09,1806.01,-0.0509,bykaranteli.com
2025-04-06,BTC,78370.75,78430,-0.0755,bykaranteli.com
2025-04-06,ETH,1579.77,1580.76,-0.0626,bykaranteli.com
2025-04-07,BTC,79140.01,79163.24,-0.0293,bykaranteli.com
2025-04-07,ETH,1552.64,1553.04,-0.0258,bykaranteli.com
2025-04-08,BTC,76251.64,76322.42,-0.0927,bykaranteli.com
2025-04-08,ETH,1471.94,1473.41,-0.0998,bykaranteli.com
2025-04-09,BTC,82594.75,82615.22,-0.0248,bykaranteli.com
2025-04-09,ETH,1669.27,1669.51,-0.0144,bykaranteli.com
2025-04-10,BTC,79552.34,79607.3,-0.069,bykaranteli.com
2025-04-10,ETH,1521.51,1522.25,-0.0486,bykaranteli.com
2025-04-11,BTC,83380.47,83423.84,-0.052,bykaranteli.com
2025-04-11,ETH,1566.13,1566.85,-0.046,bykaranteli.com
2025-04-12,BTC,85271.01,85276.9,-0.0069,bykaranteli.com
2025-04-12,ETH,1643.85,1644.18,-0.0201,bykaranteli.com
2025-04-13,BTC,83733.07,83760,-0.0322,bykaranteli.com
2025-04-13,ETH,1597.04,1597.76,-0.0451,bykaranteli.com
2025-04-14,BTC,84590.36,84591.58,-0.0014,bykaranteli.com
2025-04-14,ETH,1624.03,1623.77,0.016,bykaranteli.com
2025-04-15,BTC,83629.78,83643.99,-0.017,bykaranteli.com
2025-04-15,ETH,1588.64,1588.78,-0.0088,bykaranteli.com
2025-04-16,BTC,84028.72,84030.38,-0.002,bykaranteli.com
2025-04-16,ETH,1577.27,1577.14,0.0082,bykaranteli.com
2025-04-17,BTC,84961.97,84947.91,0.0166,bykaranteli.com
2025-04-17,ETH,1583.83,1583.62,0.0133,bykaranteli.com
2025-04-18,BTC,84466.47,84474.69,-0.0097,bykaranteli.com
2025-04-18,ETH,1588.57,1588.6,-0.0019,bykaranteli.com
2025-04-19,BTC,85074.99,85077.01,-0.0024,bykaranteli.com
2025-04-19,ETH,1612.87,1613.27,-0.0248,bykaranteli.com
2025-04-20,BTC,85177.34,85179.24,-0.0022,bykaranteli.com
2025-04-20,ETH,1587.32,1587.36,-0.0025,bykaranteli.com
2025-04-21,BTC,87522.07,87516.23,0.0067,bykaranteli.com
2025-04-21,ETH,1579.55,1579.57,-0.0013,bykaranteli.com
2025-04-22,BTC,93489.1,93442.99,0.0493,bykaranteli.com
2025-04-22,ETH,1757,1756.26,0.0421,bykaranteli.com
2025-04-23,BTC,93740.92,93691.08,0.0532,bykaranteli.com
2025-04-23,ETH,1795.92,1795.07,0.0474,bykaranteli.com
2025-04-24,BTC,94021.96,93980.47,0.0441,bykaranteli.com
2025-04-24,ETH,1770.41,1769.65,0.0429,bykaranteli.com
2025-04-25,BTC,94708.79,94638.68,0.0741,bykaranteli.com
2025-04-25,ETH,1785.95,1784.6,0.0756,bykaranteli.com
2025-04-26,BTC,94666.64,94628,0.0408,bykaranteli.com
2025-04-26,ETH,1821.6,1820.88,0.0395,bykaranteli.com
2025-04-27,BTC,93780.57,93749.3,0.0334,bykaranteli.com
2025-04-27,ETH,1791.88,1791.29,0.0329,bykaranteli.com
2025-04-28,BTC,95042.57,95011.18,0.033,bykaranteli.com
2025-04-28,ETH,1800.26,1799.88,0.0211,bykaranteli.com
2025-04-29,BTC,94271.09,94256.82,0.0151,bykaranteli.com
2025-04-29,ETH,1798.21,1797.81,0.0222,bykaranteli.com
2025-04-30,BTC,94182.54,94172,0.0112,bykaranteli.com
2025-04-30,ETH,1793.79,1793.61,0.01,bykaranteli.com
2025-05-01,BTC,96524.98,96489.91,0.0363,bykaranteli.com
2025-05-01,ETH,1838.82,1838.11,0.0386,bykaranteli.com
2025-05-02,BTC,96929.81,96887.14,0.044,bykaranteli.com
2025-05-02,ETH,1842.98,1842.2,0.0423,bykaranteli.com
2025-05-03,BTC,95861.33,95856.42,0.0051,bykaranteli.com
2025-05-03,ETH,1834.03,1833.52,0.0278,bykaranteli.com
2025-05-04,BTC,94272.55,94277.62,-0.0054,bykaranteli.com
2025-05-04,ETH,1809,1808.86,0.0077,bykaranteli.com
2025-05-05,BTC,94733.99,94733.68,0.0003,bykaranteli.com
2025-05-05,ETH,1820.15,1820.19,-0.0022,bykaranteli.com
2025-05-06,BTC,96839.17,96834.02,0.0053,bykaranteli.com
2025-05-06,ETH,1817.06,1817,0.0033,bykaranteli.com
2025-05-07,BTC,97058.32,97030.5,0.0287,bykaranteli.com
2025-05-07,ETH,1811.35,1811.11,0.0133,bykaranteli.com
2025-05-08,BTC,103253.49,103261.6,-0.0079,bykaranteli.com
2025-05-08,ETH,2207.09,2207.39,-0.0136,bykaranteli.com
2025-05-09,BTC,102986.96,102971.99,0.0145,bykaranteli.com
2025-05-09,ETH,2345.29,2345.04,0.0107,bykaranteli.com
2025-05-10,BTC,104821.19,104809.53,0.0111,bykaranteli.com
2025-05-10,ETH,2583.8,2583.23,0.0221,bykaranteli.com
2025-05-11,BTC,104137.62,104118,0.0188,bykaranteli.com
2025-05-11,ETH,2514.79,2514.57,0.0087,bykaranteli.com
2025-05-12,BTC,102800.21,102791.32,0.0086,bykaranteli.com
2025-05-12,ETH,2495.83,2495.47,0.0144,bykaranteli.com
2025-05-13,BTC,104131.06,104103.72,0.0263,bykaranteli.com
2025-05-13,ETH,2679.88,2679.71,0.0063,bykaranteli.com
2025-05-14,BTC,103545.38,103507.82,0.0363,bykaranteli.com
2025-05-14,ETH,2610.31,2609.74,0.0218,bykaranteli.com
2025-05-15,BTC,103786.43,103763.71,0.0219,bykaranteli.com
2025-05-15,ETH,2548.84,2548.69,0.0059,bykaranteli.com
2025-05-16,BTC,103500.03,103463.9,0.0349,bykaranteli.com
2025-05-16,ETH,2538.02,2537.12,0.0355,bykaranteli.com
2025-05-17,BTC,103161.07,103126.65,0.0334,bykaranteli.com
2025-05-17,ETH,2476.11,2475.08,0.0416,bykaranteli.com
2025-05-18,BTC,106473.46,106454.26,0.018,bykaranteli.com
2025-05-18,ETH,2498.24,2497.78,0.0184,bykaranteli.com
2025-05-19,BTC,105616.18,105573.74,0.0402,bykaranteli.com
2025-05-19,ETH,2528.71,2528.14,0.0225,bykaranteli.com
2025-05-20,BTC,106883.24,106849.99,0.0311,bykaranteli.com
2025-05-20,ETH,2525.05,2524.19,0.0341,bykaranteli.com
2025-05-21,BTC,109699.54,109643.99,0.0507,bykaranteli.com
2025-05-21,ETH,2551.73,2550.99,0.029,bykaranteli.com
2025-05-22,BTC,111722.53,111696.21,0.0236,bykaranteli.com
2025-05-22,ETH,2665.39,2664.82,0.0214,bykaranteli.com
2025-05-23,BTC,107329.61,107318.3,0.0105,bykaranteli.com
2025-05-23,ETH,2527.02,2526.5,0.0206,bykaranteli.com
2025-05-24,BTC,107794.01,107761.91,0.0298,bykaranteli.com
2025-05-24,ETH,2530.99,2530.4,0.0233,bykaranteli.com
2025-05-25,BTC,109048.68,109004.19,0.0408,bykaranteli.com
2025-05-25,ETH,2552.32,2551.22,0.0431,bykaranteli.com
2025-05-26,BTC,109464.32,109434.79,0.027,bykaranteli.com
2025-05-26,ETH,2564.32,2563.7,0.0242,bykaranteli.com
2025-05-27,BTC,108978.46,108938.17,0.037,bykaranteli.com
2025-05-27,ETH,2662.04,2660.81,0.0462,bykaranteli.com
2025-05-28,BTC,107819.29,107781.78,0.0348,bykaranteli.com
2025-05-28,ETH,2682.16,2681.6,0.0209,bykaranteli.com
2025-05-29,BTC,105572.58,105589.75,-0.0163,bykaranteli.com
2025-05-29,ETH,2631.68,2631.39,0.011,bykaranteli.com
2025-05-30,BTC,104033.26,103985.48,0.0459,bykaranteli.com
2025-05-30,ETH,2531.94,2531.34,0.0237,bykaranteli.com
2025-05-31,BTC,104645.87,104591.88,0.0516,bykaranteli.com
2025-05-31,ETH,2529.31,2528.06,0.0494,bykaranteli.com
2025-06-01,BTC,105697.94,105642.93,0.0521,bykaranteli.com
2025-06-01,ETH,2540.38,2539.21,0.0461,bykaranteli.com
2025-06-02,BTC,105904.94,105857.99,0.0444,bykaranteli.com
2025-06-02,ETH,2609.29,2607.41,0.0721,bykaranteli.com
2025-06-03,BTC,105447.82,105376.89,0.0673,bykaranteli.com
2025-06-03,ETH,2595.03,2593.36,0.0644,bykaranteli.com
2025-06-04,BTC,104753.38,104696.86,0.054,bykaranteli.com
2025-06-04,ETH,2609.07,2607.68,0.0533,bykaranteli.com
2025-06-05,BTC,101570.2,101508.68,0.0606,bykaranteli.com
2025-06-05,ETH,2415.34,2414.01,0.0551,bykaranteli.com
2025-06-06,BTC,104397.99,104288.44,0.105,bykaranteli.com
2025-06-06,ETH,2478.24,2476.1,0.0864,bykaranteli.com
2025-06-07,BTC,105619.02,105552.15,0.0634,bykaranteli.com
2025-06-07,ETH,2526.14,2524.63,0.0598,bykaranteli.com
2025-06-08,BTC,105784.4,105734,0.0477,bykaranteli.com
2025-06-08,ETH,2510.78,2509.83,0.0379,bykaranteli.com
2025-06-09,BTC,110301.15,110263.02,0.0346,bykaranteli.com
2025-06-09,ETH,2681.29,2680.13,0.0433,bykaranteli.com
2025-06-10,BTC,110300.24,110274.39,0.0234,bykaranteli.com
2025-06-10,ETH,2816.5,2816.4,0.0036,bykaranteli.com
2025-06-11,BTC,108669.37,108645.12,0.0223,bykaranteli.com
2025-06-11,ETH,2772.39,2771.61,0.0281,bykaranteli.com
2025-06-12,BTC,105721.05,105671.73,0.0467,bykaranteli.com
2025-06-12,ETH,2643.8,2642.65,0.0435,bykaranteli.com
2025-06-13,BTC,106118.7,106066.59,0.0491,bykaranteli.com
2025-06-13,ETH,2580.21,2579.19,0.0395,bykaranteli.com
2025-06-14,BTC,105465.42,105414.64,0.0482,bykaranteli.com
2025-06-14,ETH,2531.97,2530.76,0.0478,bykaranteli.com
2025-06-15,BTC,105599.25,105594.01,0.005,bykaranteli.com
2025-06-15,ETH,2548.03,2547.61,0.0165,bykaranteli.com
2025-06-16,BTC,106853.38,106794.53,0.0551,bykaranteli.com
2025-06-16,ETH,2545.27,2544.17,0.0432,bykaranteli.com
2025-06-17,BTC,104590.44,104551.17,0.0376,bykaranteli.com
2025-06-17,ETH,2510.7,2509.95,0.0299,bykaranteli.com
2025-06-18,BTC,104915.6,104886.78,0.0275,bykaranteli.com
2025-06-18,ETH,2525.54,2525,0.0214,bykaranteli.com
2025-06-19,BTC,104671.9,104658.59,0.0127,bykaranteli.com
2025-06-19,ETH,2521.52,2521.12,0.0159,bykaranteli.com
2025-06-20,BTC,103317.8,103297.99,0.0192,bykaranteli.com
2025-06-20,ETH,2407.2,2406.49,0.0295,bykaranteli.com
2025-06-21,BTC,102160.03,102120.01,0.0392,bykaranteli.com
2025-06-21,ETH,2297.28,2295.73,0.0675,bykaranteli.com
2025-06-22,BTC,100996.87,100963.87,0.0327,bykaranteli.com
2025-06-22,ETH,2228.46,2227.7,0.0341,bykaranteli.com
2025-06-23,BTC,105419.39,105333.93,0.0811,bykaranteli.com
2025-06-23,ETH,2413,2411.66,0.0556,bykaranteli.com
2025-06-24,BTC,106141,106083,0.0547,bykaranteli.com
2025-06-24,ETH,2449.87,2448.45,0.058,bykaranteli.com
2025-06-25,BTC,107400.22,107340.58,0.0556,bykaranteli.com
2025-06-25,ETH,2420.09,2418.49,0.0662,bykaranteli.com
2025-06-26,BTC,107029.64,106947.06,0.0772,bykaranteli.com
2025-06-26,ETH,2417.4,2415.96,0.0596,bykaranteli.com
2025-06-27,BTC,107113.38,107047.59,0.0615,bykaranteli.com
2025-06-27,ETH,2424.2,2423.17,0.0425,bykaranteli.com
2025-06-28,BTC,107352.2,107296.79,0.0516,bykaranteli.com
2025-06-28,ETH,2437.08,2435.62,0.0599,bykaranteli.com
2025-06-29,BTC,108386.44,108356.93,0.0272,bykaranteli.com
2025-06-29,ETH,2500.69,2500.09,0.024,bykaranteli.com
2025-06-30,BTC,107173.21,107146.5,0.0249,bykaranteli.com
2025-06-30,ETH,2486.15,2485.47,0.0274,bykaranteli.com
2025-07-01,BTC,105711.78,105681.14,0.029,bykaranteli.com
2025-07-01,ETH,2405.32,2405.01,0.0129,bykaranteli.com
2025-07-02,BTC,108888.32,108849.6,0.0356,bykaranteli.com
2025-07-02,ETH,2571.13,2570.41,0.028,bykaranteli.com
2025-07-03,BTC,109628.83,109584.78,0.0402,bykaranteli.com
2025-07-03,ETH,2592.13,2591.25,0.034,bykaranteli.com
2025-07-04,BTC,108028.6,107984.24,0.0411,bykaranteli.com
2025-07-04,ETH,2508.8,2508.04,0.0303,bykaranteli.com
2025-07-05,BTC,108246.65,108198.12,0.0449,bykaranteli.com
2025-07-05,ETH,2517.01,2516.41,0.0238,bykaranteli.com
2025-07-06,BTC,109217.98,109203.84,0.0129,bykaranteli.com
2025-07-06,ETH,2570.84,2570.35,0.0191,bykaranteli.com
2025-07-07,BTC,108269.84,108262.94,0.0064,bykaranteli.com
2025-07-07,ETH,2542.38,2542.29,0.0035,bykaranteli.com
2025-07-08,BTC,108958.04,108922.98,0.0322,bykaranteli.com
2025-07-08,ETH,2616.52,2615.25,0.0486,bykaranteli.com
2025-07-09,BTC,111282.85,111233.99,0.0439,bykaranteli.com
2025-07-09,ETH,2769.83,2768.74,0.0394,bykaranteli.com
2025-07-10,BTC,116031.3,116010,0.0184,bykaranteli.com
2025-07-10,ETH,2951.22,2951.29,-0.0024,bykaranteli.com
2025-07-11,BTC,117582.16,117527.66,0.0464,bykaranteli.com
2025-07-11,ETH,2959.12,2958.22,0.0304,bykaranteli.com
2025-07-12,BTC,117472.65,117420,0.0448,bykaranteli.com
2025-07-12,ETH,2944.37,2943.28,0.037,bykaranteli.com
2025-07-13,BTC,119130.81,119086.64,0.0371,bykaranteli.com
2025-07-13,ETH,2973.38,2972.03,0.0454,bykaranteli.com
2025-07-14,BTC,119863.71,119841.18,0.0188,bykaranteli.com
2025-07-14,ETH,3014.53,3013.62,0.0302,bykaranteli.com
2025-07-15,BTC,117781.64,117758.09,0.02,bykaranteli.com
2025-07-15,ETH,3138.01,3137.89,0.0038,bykaranteli.com
2025-07-16,BTC,118681.68,118630.43,0.0432,bykaranteli.com
2025-07-16,ETH,3373.12,3371.35,0.0525,bykaranteli.com
2025-07-17,BTC,119273.69,119177.56,0.0807,bykaranteli.com
2025-07-17,ETH,3479.77,3476.87,0.0834,bykaranteli.com
2025-07-18,BTC,118023.05,117924.84,0.0833,bykaranteli.com
2025-07-18,ETH,3549.67,3546.92,0.0775,bykaranteli.com
2025-07-19,BTC,117914.17,117840,0.0629,bykaranteli.com
2025-07-19,ETH,3594.3,3592.01,0.0638,bykaranteli.com
2025-07-20,BTC,117312.7,117265.12,0.0406,bykaranteli.com
2025-07-20,ETH,3758.6,3756.69,0.0508,bykaranteli.com
2025-07-21,BTC,117428.79,117380.36,0.0413,bykaranteli.com
2025-07-21,ETH,3763.75,3762.33,0.0377,bykaranteli.com
2025-07-22,BTC,120026.42,119954.42,0.06,bykaranteli.com
2025-07-22,ETH,3748.62,3746.21,0.0643,bykaranteli.com
2025-07-23,BTC,118810.44,118755.99,0.0459,bykaranteli.com
2025-07-23,ETH,3630.34,3628.29,0.0565,bykaranteli.com
2025-07-24,BTC,118397.04,118340.99,0.0474,bykaranteli.com
2025-07-24,ETH,3708.6,3706.94,0.0448,bykaranteli.com
2025-07-25,BTC,117633.27,117614.31,0.0161,bykaranteli.com
2025-07-25,ETH,3725.84,3724.96,0.0236,bykaranteli.com
2025-07-26,BTC,117969.63,117919.99,0.0421,bykaranteli.com
2025-07-26,ETH,3743.06,3741.1,0.0524,bykaranteli.com
2025-07-27,BTC,119465.52,119415.55,0.0418,bykaranteli.com
2025-07-27,ETH,3873.92,3872.1,0.047,bykaranteli.com
2025-07-28,BTC,118070.59,118062.32,0.007,bykaranteli.com
2025-07-28,ETH,3799.46,3799,0.0121,bykaranteli.com
2025-07-29,BTC,117933.39,117950.76,-0.0147,bykaranteli.com
2025-07-29,ETH,3793.4,3793.79,-0.0103,bykaranteli.com
2025-07-30,BTC,117830.15,117840.3,-0.0086,bykaranteli.com
2025-07-30,ETH,3810.44,3810,0.0115,bykaranteli.com
2025-07-31,BTC,115761.13,115764.08,-0.0025,bykaranteli.com
2025-07-31,ETH,3698.07,3698.39,-0.0087,bykaranteli.com
2025-08-01,BTC,113248.73,113297.93,-0.0434,bykaranteli.com
2025-08-01,ETH,3486.39,3488.2,-0.0519,bykaranteli.com
2025-08-02,BTC,112542.74,112546.35,-0.0032,bykaranteli.com
2025-08-02,ETH,3392.8,3393.94,-0.0336,bykaranteli.com
2025-08-03,BTC,114215.73,114208.8,0.0061,bykaranteli.com
2025-08-03,ETH,3497.31,3496.74,0.0163,bykaranteli.com
2025-08-04,BTC,115051.85,115055.03,-0.0028,bykaranteli.com
2025-08-04,ETH,3720.87,3720.99,-0.0032,bykaranteli.com
2025-08-05,BTC,114112.95,114129.75,-0.0147,bykaranteli.com
2025-08-05,ETH,3611.57,3612,-0.0119,bykaranteli.com
2025-08-06,BTC,115028.83,114992.27,0.0318,bykaranteli.com
2025-08-06,ETH,3683.8,3683.31,0.0133,bykaranteli.com
2025-08-07,BTC,117515.49,117472.01,0.037,bykaranteli.com
2025-08-07,ETH,3911.28,3910.31,0.0248,bykaranteli.com
2025-08-08,BTC,116683.79,116674.74,0.0078,bykaranteli.com
2025-08-08,ETH,4011,4009.5,0.0374,bykaranteli.com
2025-08-09,BTC,116492.51,116462.25,0.026,bykaranteli.com
2025-08-09,ETH,4262.46,4260.62,0.0432,bykaranteli.com
2025-08-10,BTC,119309.37,119294.01,0.0129,bykaranteli.com
2025-08-10,ETH,4251.91,4250.57,0.0315,bykaranteli.com
2025-08-11,BTC,118701.84,118686,0.0133,bykaranteli.com
2025-08-11,ETH,4224.48,4223.22,0.0298,bykaranteli.com
2025-08-12,BTC,120113.18,120134.08,-0.0174,bykaranteli.com
2025-08-12,ETH,4589.88,4590.52,-0.0139,bykaranteli.com
2025-08-13,BTC,123365.63,123306.43,0.048,bykaranteli.com
2025-08-13,ETH,4751.46,4749.3,0.0455,bykaranteli.com
2025-08-14,BTC,118389.79,118295.09,0.0801,bykaranteli.com
2025-08-14,ETH,4550.59,4546.84,0.0825,bykaranteli.com
2025-08-15,BTC,117436.96,117342.05,0.0809,bykaranteli.com
2025-08-15,ETH,4442.56,4439.47,0.0696,bykaranteli.com
2025-08-16,BTC,117455.68,117380.66,0.0639,bykaranteli.com
2025-08-16,ETH,4425.13,4421.99,0.071,bykaranteli.com
2025-08-17,BTC,117488.6,117405.01,0.0712,bykaranteli.com
2025-08-17,ETH,4475.47,4472.33,0.0702,bykaranteli.com
2025-08-18,BTC,116286.76,116227.05,0.0514,bykaranteli.com
2025-08-18,ETH,4315.37,4312.99,0.0552,bykaranteli.com
2025-08-19,BTC,112856.19,112872.94,-0.0148,bykaranteli.com
2025-08-19,ETH,4075.89,4075.59,0.0074,bykaranteli.com
2025-08-20,BTC,114276,114271.24,0.0042,bykaranteli.com
2025-08-20,ETH,4336.41,4336.16,0.0058,bykaranteli.com
2025-08-21,BTC,112480.3,112500,-0.0175,bykaranteli.com
2025-08-21,ETH,4224.43,4225.3,-0.0206,bykaranteli.com
2025-08-22,BTC,116908.68,116935.99,-0.0234,bykaranteli.com
2025-08-22,ETH,4831.24,4832.07,-0.0172,bykaranteli.com
2025-08-23,BTC,115383.87,115438.05,-0.0469,bykaranteli.com
2025-08-23,ETH,4776.73,4778.4,-0.0349,bykaranteli.com
2025-08-24,BTC,113478,113493.59,-0.0137,bykaranteli.com
2025-08-24,ETH,4779.87,4780.15,-0.0059,bykaranteli.com
2025-08-25,BTC,110127.74,110111.98,0.0143,bykaranteli.com
2025-08-25,ETH,4377.02,4376.18,0.0192,bykaranteli.com
2025-08-26,BTC,111788.01,111763.22,0.0222,bykaranteli.com
2025-08-26,ETH,4601.64,4600.63,0.022,bykaranteli.com
2025-08-27,BTC,111253.21,111262.01,-0.0079,bykaranteli.com
2025-08-27,ETH,4506.95,4506.71,0.0053,bykaranteli.com
2025-08-28,BTC,112574.85,112566.9,0.0071,bykaranteli.com
2025-08-28,ETH,4511.3,4511.21,0.002,bykaranteli.com
2025-08-29,BTC,108378.32,108377.4,0.0008,bykaranteli.com
2025-08-29,ETH,4360.2,4360.18,0.0005,bykaranteli.com
2025-08-30,BTC,108827.93,108816.33,0.0107,bykaranteli.com
2025-08-30,ETH,4374.58,4373.7,0.0201,bykaranteli.com
2025-08-31,BTC,108247.95,108246.35,0.0015,bykaranteli.com
2025-08-31,ETH,4391.91,4391.83,0.0018,bykaranteli.com
2025-09-01,BTC,109240.55,109237.42,0.0029,bykaranteli.com
2025-09-01,ETH,4314.76,4314.5,0.006,bykaranteli.com
2025-09-02,BTC,111247.94,111240.01,0.0071,bykaranteli.com
2025-09-02,ETH,4326.57,4326.5,0.0016,bykaranteli.com
2025-09-03,BTC,111756.41,111705.71,0.0454,bykaranteli.com
2025-09-03,ETH,4452.4,4450.46,0.0436,bykaranteli.com
2025-09-04,BTC,110720.79,110730.87,-0.0091,bykaranteli.com
2025-09-04,ETH,4298.37,4297.55,0.0191,bykaranteli.com
2025-09-05,BTC,110670.02,110659.99,0.0091,bykaranteli.com
2025-09-05,ETH,4307.65,4307.45,0.0046,bykaranteli.com
2025-09-06,BTC,110212.6,110187.97,0.0224,bykaranteli.com
2025-09-06,ETH,4274.15,4273.14,0.0236,bykaranteli.com
2025-09-07,BTC,111129.61,111137.34,-0.007,bykaranteli.com
2025-09-07,ETH,4305.56,4306.19,-0.0146,bykaranteli.com
2025-09-08,BTC,112072.57,112065.23,0.0065,bykaranteli.com
2025-09-08,ETH,4305.84,4306.37,-0.0123,bykaranteli.com
2025-09-09,BTC,111549.32,111546.39,0.0026,bykaranteli.com
2025-09-09,ETH,4309.93,4310.09,-0.0037,bykaranteli.com
2025-09-10,BTC,113983.97,113960,0.021,bykaranteli.com
2025-09-10,ETH,4350,4349.32,0.0156,bykaranteli.com
2025-09-11,BTC,115540,115482.69,0.0496,bykaranteli.com
2025-09-11,ETH,4460.51,4458.82,0.0379,bykaranteli.com
2025-09-12,BTC,116106.03,116029.42,0.066,bykaranteli.com
2025-09-12,ETH,4714.66,4712.16,0.0531,bykaranteli.com
2025-09-13,BTC,115968.35,115918.29,0.0432,bykaranteli.com
2025-09-13,ETH,4669,4666.53,0.0529,bykaranteli.com
2025-09-14,BTC,115314.13,115268.01,0.04,bykaranteli.com
2025-09-14,ETH,4605.93,4604.49,0.0313,bykaranteli.com
2025-09-15,BTC,115381.08,115349.71,0.0272,bykaranteli.com
2025-09-15,ETH,4524.56,4523.74,0.0181,bykaranteli.com
2025-09-16,BTC,116832.56,116788.96,0.0373,bykaranteli.com
2025-09-16,ETH,4502.7,4501.29,0.0313,bykaranteli.com
2025-09-17,BTC,116484.4,116447.59,0.0316,bykaranteli.com
2025-09-17,ETH,4592.17,4590.53,0.0357,bykaranteli.com
2025-09-18,BTC,117117.99,117073.53,0.038,bykaranteli.com
2025-09-18,ETH,4589.4,4587.66,0.0379,bykaranteli.com
2025-09-19,BTC,115690.55,115632.38,0.0503,bykaranteli.com
2025-09-19,ETH,4471,4468.59,0.0539,bykaranteli.com
2025-09-20,BTC,115752.4,115685.63,0.0577,bykaranteli.com
2025-09-20,ETH,4482.69,4480.42,0.0507,bykaranteli.com
2025-09-21,BTC,115282.27,115232.29,0.0434,bykaranteli.com
2025-09-21,ETH,4447.03,4444.97,0.0463,bykaranteli.com
2025-09-22,BTC,112736.59,112650.99,0.076,bykaranteli.com
2025-09-22,ETH,4202.42,4199.08,0.0795,bykaranteli.com
2025-09-23,BTC,112017.21,111998.8,0.0164,bykaranteli.com
2025-09-23,ETH,4165.19,4164.26,0.0223,bykaranteli.com
2025-09-24,BTC,113348.17,113307,0.0363,bykaranteli.com
2025-09-24,ETH,4153.9,4152.81,0.0262,bykaranteli.com
2025-09-25,BTC,109035.72,108994.49,0.0378,bykaranteli.com
2025-09-25,ETH,3875.7,3874.36,0.0346,bykaranteli.com
2025-09-26,BTC,109697.29,109643.46,0.0491,bykaranteli.com
2025-09-26,ETH,4034.27,4032.24,0.0503,bykaranteli.com
2025-09-27,BTC,109681.16,109635.85,0.0413,bykaranteli.com
2025-09-27,ETH,4020.35,4018.38,0.049,bykaranteli.com
2025-09-28,BTC,112197.67,112163.95,0.0301,bykaranteli.com
2025-09-28,ETH,4143.25,4142.16,0.0263,bykaranteli.com
2025-09-29,BTC,114365.07,114311.96,0.0465,bykaranteli.com
2025-09-29,ETH,4217.25,4215.07,0.0517,bykaranteli.com
2025-09-30,BTC,114067.71,114048.93,0.0165,bykaranteli.com
2025-09-30,ETH,4145.99,4145.15,0.0203,bykaranteli.com
2025-10-01,BTC,118659.97,118594.99,0.0548,bykaranteli.com
2025-10-01,ETH,4350.52,4348.03,0.0573,bykaranteli.com
2025-10-02,BTC,120621.32,120529.35,0.0763,bykaranteli.com
2025-10-02,ETH,4487.49,4484.35,0.07,bykaranteli.com
2025-10-03,BTC,122318.4,122232,0.0707,bykaranteli.com
2025-10-03,ETH,4515.89,4512.87,0.0669,bykaranteli.com
2025-10-04,BTC,122458.56,122391,0.0552,bykaranteli.com
2025-10-04,ETH,4490.01,4487.15,0.0637,bykaranteli.com
2025-10-05,BTC,123520.79,123482.31,0.0312,bykaranteli.com
2025-10-05,ETH,4515.4,4514.32,0.0239,bykaranteli.com
2025-10-06,BTC,124720.09,124658.54,0.0494,bykaranteli.com
2025-10-06,ETH,4686.32,4684.01,0.0493,bykaranteli.com
2025-10-07,BTC,121393.95,121332.95,0.0503,bykaranteli.com
2025-10-07,ETH,4449.8,4447.7,0.0472,bykaranteli.com
2025-10-08,BTC,123343.25,123306,0.0302,bykaranteli.com
2025-10-08,ETH,4527.3,4525.72,0.0349,bykaranteli.com
2025-10-09,BTC,121714.51,121662.4,0.0428,bykaranteli.com
2025-10-09,ETH,4370.9,4368.09,0.0643,bykaranteli.com
2025-10-10,BTC,112980.28,112774.5,0.1825,bykaranteli.com
2025-10-10,ETH,3836.15,3829.72,0.1679,bykaranteli.com
2025-10-11,BTC,110768.89,110644.4,0.1125,bykaranteli.com
2025-10-11,ETH,3750.6,3746.79,0.1017,bykaranteli.com
2025-10-12,BTC,115067.98,114958.8,0.095,bykaranteli.com
2025-10-12,ETH,4156.21,4152.29,0.0944,bykaranteli.com
2025-10-13,BTC,115274.03,115166,0.0938,bykaranteli.com
2025-10-13,ETH,4244.69,4240.85,0.0905,bykaranteli.com
2025-10-14,BTC,113068,113028.14,0.0353,bykaranteli.com
2025-10-14,ETH,4126.39,4125.02,0.0332,bykaranteli.com
2025-10-15,BTC,110804.12,110763.28,0.0369,bykaranteli.com
2025-10-15,ETH,3987.53,3985.61,0.0482,bykaranteli.com
2025-10-16,BTC,108198,108194.28,0.0034,bykaranteli.com
2025-10-16,ETH,3894.91,3894.51,0.0103,bykaranteli.com
2025-10-17,BTC,106463.3,106431.68,0.0297,bykaranteli.com
2025-10-17,ETH,3832.99,3831.57,0.0371,bykaranteli.com
2025-10-18,BTC,107208.91,107185.01,0.0223,bykaranteli.com
2025-10-18,ETH,3890.4,3889.21,0.0306,bykaranteli.com
2025-10-19,BTC,108676.78,108642.78,0.0313,bykaranteli.com
2025-10-19,ETH,3983.89,3982.58,0.0329,bykaranteli.com
2025-10-20,BTC,110568.06,110532.09,0.0325,bykaranteli.com
2025-10-20,ETH,3980.42,3979.22,0.0302,bykaranteli.com
2025-10-21,BTC,108362.27,108297.67,0.0597,bykaranteli.com
2025-10-21,ETH,3874.57,3873.05,0.0392,bykaranteli.com
2025-10-22,BTC,107585.98,107567.44,0.0172,bykaranteli.com
2025-10-22,ETH,3806.12,3805.53,0.0155,bykaranteli.com
2025-10-23,BTC,110116.03,110078.18,0.0344,bykaranteli.com
2025-10-23,ETH,3858.41,3856.8,0.0417,bykaranteli.com
2025-10-24,BTC,111042.13,111004.89,0.0335,bykaranteli.com
2025-10-24,ETH,3936.1,3934.88,0.031,bykaranteli.com
2025-10-25,BTC,111666.21,111646.27,0.0179,bykaranteli.com
2025-10-25,ETH,3954.52,3953.82,0.0177,bykaranteli.com
2025-10-26,BTC,114548.09,114559.4,-0.0099,bykaranteli.com
2025-10-26,ETH,4158.81,4158.46,0.0084,bykaranteli.com
2025-10-27,BTC,114087.06,114107.65,-0.018,bykaranteli.com
2025-10-27,ETH,4120.1,4120.15,-0.0012,bykaranteli.com
2025-10-28,BTC,112906.75,112898.45,0.0074,bykaranteli.com
2025-10-28,ETH,3980.25,3979.2,0.0264,bykaranteli.com
2025-10-29,BTC,110032.13,110021.29,0.0099,bykaranteli.com
2025-10-29,ETH,3904.2,3902.99,0.031,bykaranteli.com
2025-10-30,BTC,108308.18,108322.88,-0.0136,bykaranteli.com
2025-10-30,ETH,3804.02,3805.09,-0.0281,bykaranteli.com
2025-10-31,BTC,109555.27,109608.01,-0.0481,bykaranteli.com
2025-10-31,ETH,3845.79,3847.99,-0.0572,bykaranteli.com
2025-11-01,BTC,110052.25,110098.1,-0.0416,bykaranteli.com
2025-11-01,ETH,3872.16,3873.77,-0.0416,bykaranteli.com
2025-11-02,BTC,110536.01,110540.68,-0.0042,bykaranteli.com
2025-11-02,ETH,3905.97,3906.58,-0.0156,bykaranteli.com
2025-11-03,BTC,106557.98,106583.04,-0.0235,bykaranteli.com
2025-11-03,ETH,3602.88,3603.83,-0.0264,bykaranteli.com
2025-11-04,BTC,101468.15,101497.22,-0.0286,bykaranteli.com
2025-11-04,ETH,3286.21,3287.05,-0.0256,bykaranteli.com
2025-11-05,BTC,103869,103885.16,-0.0156,bykaranteli.com
2025-11-05,ETH,3423.89,3424.29,-0.0117,bykaranteli.com
2025-11-06,BTC,101290.5,101346.04,-0.0548,bykaranteli.com
2025-11-06,ETH,3313.46,3315.14,-0.0507,bykaranteli.com
2025-11-07,BTC,103284.27,103339.08,-0.053,bykaranteli.com
2025-11-07,ETH,3433.71,3436.05,-0.0681,bykaranteli.com
2025-11-08,BTC,102285.57,102312.94,-0.0268,bykaranteli.com
2025-11-08,ETH,3400.46,3401.51,-0.0309,bykaranteli.com
2025-11-09,BTC,104694.95,104722.96,-0.0267,bykaranteli.com
2025-11-09,ETH,3582.92,3583.46,-0.0151,bykaranteli.com
2025-11-10,BTC,105979.38,106011.13,-0.0299,bykaranteli.com
2025-11-10,ETH,3566.49,3567.85,-0.0381,bykaranteli.com
2025-11-11,BTC,103009.35,103058.99,-0.0482,bykaranteli.com
2025-11-11,ETH,3416.54,3417.76,-0.0357,bykaranteli.com
2025-11-12,BTC,101639.01,101654.37,-0.0151,bykaranteli.com
2025-11-12,ETH,3414.06,3414.92,-0.0252,bykaranteli.com
2025-11-13,BTC,99614.54,99692.02,-0.0777,bykaranteli.com
2025-11-13,ETH,3229.65,3231.54,-0.0585,bykaranteli.com
2025-11-14,BTC,94503.96,94594,-0.0952,bykaranteli.com
2025-11-14,ETH,3109.49,3112.4,-0.0935,bykaranteli.com
2025-11-15,BTC,95544.94,95596.24,-0.0537,bykaranteli.com
2025-11-15,ETH,3166.3,3167.88,-0.0499,bykaranteli.com
2025-11-16,BTC,94183.97,94261.44,-0.0822,bykaranteli.com
2025-11-16,ETH,3092.25,3095.29,-0.0982,bykaranteli.com
2025-11-17,BTC,92100.6,92215.14,-0.1242,bykaranteli.com
2025-11-17,ETH,3027.89,3031.44,-0.1171,bykaranteli.com
2025-11-18,BTC,92914.46,92960.83,-0.0499,bykaranteli.com
2025-11-18,ETH,3121.74,3123.66,-0.0615,bykaranteli.com
2025-11-19,BTC,91461.6,91554.96,-0.102,bykaranteli.com
2025-11-19,ETH,3023.1,3025.48,-0.0787,bykaranteli.com
2025-11-20,BTC,86536.88,86637.23,-0.1158,bykaranteli.com
2025-11-20,ETH,2830.59,2834.22,-0.1281,bykaranteli.com
2025-11-21,BTC,85068.88,85129.43,-0.0711,bykaranteli.com
2025-11-21,ETH,2763.99,2765.85,-0.0672,bykaranteli.com
2025-11-22,BTC,84684,84739.74,-0.0658,bykaranteli.com
2025-11-22,ETH,2768.5,2770.12,-0.0585,bykaranteli.com
2025-11-23,BTC,86808.28,86830,-0.025,bykaranteli.com
2025-11-23,ETH,2801.14,2802.16,-0.0364,bykaranteli.com
2025-11-24,BTC,88266.2,88300.01,-0.0383,bykaranteli.com
2025-11-24,ETH,2952.59,2953.38,-0.0267,bykaranteli.com
2025-11-25,BTC,87325.01,87369.96,-0.0514,bykaranteli.com
2025-11-25,ETH,2958.17,2959.36,-0.0402,bykaranteli.com
2025-11-26,BTC,90468.84,90484.02,-0.0168,bykaranteli.com
2025-11-26,ETH,3026.43,3026.56,-0.0043,bykaranteli.com
2025-11-27,BTC,91316.7,91333.95,-0.0189,bykaranteli.com
2025-11-27,ETH,3014.86,3015.23,-0.0123,bykaranteli.com
2025-11-28,BTC,90902.7,90890.7,0.0132,bykaranteli.com
2025-11-28,ETH,3031.86,3031.15,0.0234,bykaranteli.com
2025-11-29,BTC,90828.06,90802.44,0.0282,bykaranteli.com
2025-11-29,ETH,2990.31,2989.16,0.0385,bykaranteli.com
2025-11-30,BTC,90369.51,90360,0.0105,bykaranteli.com
2025-11-30,ETH,2991.9,2991.26,0.0214,bykaranteli.com
2025-12-01,BTC,86282.36,86286.01,-0.0042,bykaranteli.com
2025-12-01,ETH,2798.3,2799.07,-0.0275,bykaranteli.com
2025-12-02,BTC,91308.05,91277.88,0.0331,bykaranteli.com
2025-12-02,ETH,2996.7,2996.07,0.021,bykaranteli.com
2025-12-03,BTC,93453.84,93429.95,0.0256,bykaranteli.com
2025-12-03,ETH,3189.79,3188.36,0.0449,bykaranteli.com
2025-12-04,BTC,92093.54,92078.06,0.0168,bykaranteli.com
2025-12-04,ETH,3134.13,3133.26,0.0278,bykaranteli.com
2025-12-05,BTC,89345.29,89330.04,0.0171,bykaranteli.com
2025-12-05,ETH,3022.61,3021.78,0.0275,bykaranteli.com
2025-12-06,BTC,89267.97,89236.79,0.0349,bykaranteli.com
2025-12-06,ETH,3039.13,3038.06,0.0352,bykaranteli.com
2025-12-07,BTC,90402.29,90395.31,0.0077,bykaranteli.com
2025-12-07,ETH,3061,3059.85,0.0376,bykaranteli.com
2025-12-08,BTC,90653.86,90634.34,0.0215,bykaranteli.com
2025-12-08,ETH,3124.93,3124.16,0.0246,bykaranteli.com
2025-12-09,BTC,92690,92678.8,0.0121,bykaranteli.com
2025-12-09,ETH,3318.54,3318.04,0.0151,bykaranteli.com
2025-12-10,BTC,92035.99,92015.37,0.0224,bykaranteli.com
2025-12-10,ETH,3325.02,3324.14,0.0265,bykaranteli.com
2025-12-11,BTC,92542,92513.38,0.0309,bykaranteli.com
2025-12-11,ETH,3237.4,3237.39,0.0003,bykaranteli.com
2025-12-12,BTC,90278,90268.42,0.0106,bykaranteli.com
2025-12-12,ETH,3084.91,3084.86,0.0016,bykaranteli.com
2025-12-13,BTC,90255.32,90240.01,0.017,bykaranteli.com
2025-12-13,ETH,3115,3114.64,0.0116,bykaranteli.com
2025-12-14,BTC,88171.61,88172.17,-0.0006,bykaranteli.com
2025-12-14,ETH,3063.3,3063.5,-0.0065,bykaranteli.com
2025-12-15,BTC,86417.5,86432.08,-0.0169,bykaranteli.com
2025-12-15,ETH,2964.4,2964.85,-0.0152,bykaranteli.com
2025-12-16,BTC,87854.01,87863.42,-0.0107,bykaranteli.com
2025-12-16,ETH,2961.96,2962.3,-0.0115,bykaranteli.com
2025-12-17,BTC,86209.77,86243.22,-0.0388,bykaranteli.com
2025-12-17,ETH,2832.25,2833.49,-0.0438,bykaranteli.com
2025-12-18,BTC,85460.02,85516.41,-0.0659,bykaranteli.com
2025-12-18,ETH,2826.57,2828.57,-0.0707,bykaranteli.com
2025-12-19,BTC,88092.65,88136.94,-0.0503,bykaranteli.com
2025-12-19,ETH,2978.03,2979.5,-0.0493,bykaranteli.com
2025-12-20,BTC,88324,88360.9,-0.0418,bykaranteli.com
2025-12-20,ETH,2976.6,2977.93,-0.0447,bykaranteli.com
2025-12-21,BTC,88639.95,88658.86,-0.0213,bykaranteli.com
2025-12-21,ETH,3001.42,3002.02,-0.02,bykaranteli.com
2025-12-22,BTC,88556.77,88620.79,-0.0722,bykaranteli.com
2025-12-22,ETH,3007.69,3009.49,-0.0598,bykaranteli.com
2025-12-23,BTC,87429.32,87486,-0.0648,bykaranteli.com
2025-12-23,ETH,2962.85,2965.02,-0.0732,bykaranteli.com
2025-12-24,BTC,87609.03,87669.45,-0.0689,bykaranteli.com
2025-12-24,ETH,2945.07,2947.47,-0.0814,bykaranteli.com
2025-12-25,BTC,87171.68,87225.27,-0.0614,bykaranteli.com
2025-12-25,ETH,2902.34,2903.95,-0.0554,bykaranteli.com
2025-12-26,BTC,87296.01,87369.56,-0.0842,bykaranteli.com
2025-12-26,ETH,2925.43,2927.99,-0.0874,bykaranteli.com
2025-12-27,BTC,87808,87877.01,-0.0785,bykaranteli.com
2025-12-27,ETH,2946.6,2949.05,-0.0831,bykaranteli.com
2025-12-28,BTC,87877.29,87952.71,-0.0858,bykaranteli.com
2025-12-28,ETH,2948.92,2950.91,-0.0674,bykaranteli.com
2025-12-29,BTC,87110.78,87237.13,-0.1448,bykaranteli.com
2025-12-29,ETH,2934.19,2937.9,-0.1263,bykaranteli.com
2025-12-30,BTC,88397.5,88485.49,-0.0994,bykaranteli.com
2025-12-30,ETH,2970.42,2973.69,-0.11,bykaranteli.com
2025-12-31,BTC,87497.94,87648.22,-0.1715,bykaranteli.com
2025-12-31,ETH,2966.84,2971.64,-0.1615,bykaranteli.com
2026-01-01,BTC,88738.34,88839.04,-0.1134,bykaranteli.com
2026-01-01,ETH,3000.41,3004.19,-0.1258,bykaranteli.com
2026-01-02,BTC,89957.99,89995.13,-0.0413,bykaranteli.com
2026-01-02,ETH,3125.24,3125.45,-0.0067,bykaranteli.com
2026-01-03,BTC,90598.02,90628.01,-0.0331,bykaranteli.com
2026-01-03,ETH,3125.43,3127.11,-0.0537,bykaranteli.com
2026-01-04,BTC,91494,91529.73,-0.039,bykaranteli.com
2026-01-04,ETH,3143.14,3144.7,-0.0496,bykaranteli.com
2026-01-05,BTC,93870.06,93859.71,0.011,bykaranteli.com
2026-01-05,ETH,3225.19,3224.99,0.0062,bykaranteli.com
2026-01-06,BTC,93722.01,93747.97,-0.0277,bykaranteli.com
2026-01-06,ETH,3295.59,3296.84,-0.0379,bykaranteli.com
2026-01-07,BTC,91279.73,91364.16,-0.0924,bykaranteli.com
2026-01-07,ETH,3165.64,3168.72,-0.0972,bykaranteli.com
2026-01-08,BTC,91026,91099.99,-0.0812,bykaranteli.com
2026-01-08,ETH,3104.3,3106.65,-0.0756,bykaranteli.com
2026-01-09,BTC,90515.45,90641.28,-0.1388,bykaranteli.com
2026-01-09,ETH,3084.31,3088.4,-0.1324,bykaranteli.com
2026-01-10,BTC,90385.54,90504.7,-0.1317,bykaranteli.com
2026-01-10,ETH,3082.39,3086.72,-0.1403,bykaranteli.com
2026-01-11,BTC,90872.01,91013.65,-0.1556,bykaranteli.com
2026-01-11,ETH,3118.65,3123.45,-0.1537,bykaranteli.com
2026-01-12,BTC,91188.09,91296.2,-0.1184,bykaranteli.com
2026-01-12,ETH,3091.94,3095.75,-0.1231,bykaranteli.com
2026-01-13,BTC,95384.23,95414,-0.0312,bykaranteli.com
2026-01-13,ETH,3323.38,3325.82,-0.0734,bykaranteli.com
2026-01-14,BTC,96955.16,96951.78,0.0035,bykaranteli.com
2026-01-14,ETH,3354.82,3354.92,-0.003,bykaranteli.com
2026-01-15,BTC,95587.65,95604.8,-0.0179,bykaranteli.com
2026-01-15,ETH,3317.98,3318.69,-0.0214,bykaranteli.com
2026-01-16,BTC,95504,95550.94,-0.0491,bykaranteli.com
2026-01-16,ETH,3294.88,3296.28,-0.0425,bykaranteli.com
2026-01-17,BTC,95109.99,95147.77,-0.0397,bykaranteli.com
2026-01-17,ETH,3309.33,3310.56,-0.0372,bykaranteli.com
2026-01-18,BTC,93633.53,93673.14,-0.0423,bykaranteli.com
2026-01-18,ETH,3282.55,3284.03,-0.0451,bykaranteli.com
2026-01-19,BTC,92559.66,92631,-0.077,bykaranteli.com
2026-01-19,ETH,3187.51,3189.55,-0.064,bykaranteli.com
2026-01-20,BTC,88310.6,88427.66,-0.1324,bykaranteli.com
2026-01-20,ETH,2936.5,2939.88,-0.115,bykaranteli.com
2026-01-21,BTC,89363.71,89454.73,-0.1017,bykaranteli.com
2026-01-21,ETH,2979.6,2982.27,-0.0895,bykaranteli.com
2026-01-22,BTC,89463.5,89559.67,-0.1074,bykaranteli.com
2026-01-22,ETH,2949.36,2952.69,-0.1128,bykaranteli.com
2026-01-23,BTC,89474.93,89600.26,-0.1399,bykaranteli.com
2026-01-23,ETH,2952.77,2956.41,-0.1231,bykaranteli.com
2026-01-24,BTC,89082.17,89225.34,-0.1605,bykaranteli.com
2026-01-24,ETH,2948.86,2953.22,-0.1476,bykaranteli.com
2026-01-25,BTC,86561.94,86670.36,-0.1251,bykaranteli.com
2026-01-25,ETH,2814.28,2816.89,-0.0927,bykaranteli.com
2026-01-26,BTC,88250.01,88347.08,-0.1099,bykaranteli.com
2026-01-26,ETH,2926.85,2930.35,-0.1194,bykaranteli.com
2026-01-27,BTC,89116.96,89250,-0.1491,bykaranteli.com
2026-01-27,ETH,3021.91,3026.77,-0.1606,bykaranteli.com
2026-01-28,BTC,89162.4,89299.99,-0.1541,bykaranteli.com
2026-01-28,ETH,3006.17,3010.78,-0.1531,bykaranteli.com
2026-01-29,BTC,84513.2,84650.16,-0.1618,bykaranteli.com
2026-01-29,ETH,2817.79,2822.59,-0.1701,bykaranteli.com
2026-01-30,BTC,84110.99,84260.49,-0.1774,bykaranteli.com
2026-01-30,ETH,2702.69,2707.38,-0.1732,bykaranteli.com
2026-01-31,BTC,78648,78741.09,-0.1182,bykaranteli.com
2026-01-31,ETH,2449.36,2451.95,-0.1056,bykaranteli.com
2026-02-01,BTC,76895.53,76968.21,-0.0944,bykaranteli.com
2026-02-01,ETH,2268.18,2270.15,-0.0868,bykaranteli.com
2026-02-02,BTC,78666.85,78738.61,-0.0911,bykaranteli.com
2026-02-02,ETH,2345.11,2347.02,-0.0814,bykaranteli.com
2026-02-03,BTC,75661.49,75770.21,-0.1435,bykaranteli.com
2026-02-03,ETH,2230.48,2233.72,-0.145,bykaranteli.com
2026-02-04,BTC,72998,73165.83,-0.2294,bykaranteli.com
2026-02-04,ETH,2143.57,2148.26,-0.2183,bykaranteli.com
2026-02-05,BTC,62791,62909.86,-0.1889,bykaranteli.com
2026-02-05,ETH,1823.2,1826.83,-0.1987,bykaranteli.com
2026-02-06,BTC,70527.7,70580.26,-0.0745,bykaranteli.com
2026-02-06,ETH,2061.95,2063.38,-0.0693,bykaranteli.com
2026-02-07,BTC,69244.74,69289.38,-0.0644,bykaranteli.com
2026-02-07,ETH,2086.17,2087.08,-0.0436,bykaranteli.com
2026-02-08,BTC,70279.33,70330.38,-0.0726,bykaranteli.com
2026-02-08,ETH,2088.42,2089.74,-0.0632,bykaranteli.com
2026-02-09,BTC,70101.99,70138,-0.0513,bykaranteli.com
2026-02-09,ETH,2103.83,2105.02,-0.0565,bykaranteli.com
2026-02-10,BTC,68803.65,68841.29,-0.0547,bykaranteli.com
2026-02-10,ETH,2021.71,2022.67,-0.0475,bykaranteli.com
2026-02-11,BTC,67024.93,67082.52,-0.0858,bykaranteli.com
2026-02-11,ETH,1939.45,1941.18,-0.0891,bykaranteli.com
2026-02-12,BTC,66208,66272.17,-0.0968,bykaranteli.com
2026-02-12,ETH,1946.11,1947.85,-0.0893,bykaranteli.com
2026-02-13,BTC,68812,68853.96,-0.0609,bykaranteli.com
2026-02-13,ETH,2047.48,2048.72,-0.0605,bykaranteli.com
2026-02-14,BTC,69786.96,69822.95,-0.0515,bykaranteli.com
2026-02-14,ETH,2085.4,2086.59,-0.057,bykaranteli.com
2026-02-15,BTC,68792,68832.58,-0.059,bykaranteli.com
2026-02-15,ETH,1965.36,1966.58,-0.062,bykaranteli.com
2026-02-16,BTC,68858.13,68892.43,-0.0498,bykaranteli.com
2026-02-16,ETH,1997.28,1998.33,-0.0525,bykaranteli.com
2026-02-17,BTC,67466.7,67503.52,-0.0545,bykaranteli.com
2026-02-17,ETH,1990.83,1991.66,-0.0417,bykaranteli.com
2026-02-18,BTC,66419.79,66461,-0.062,bykaranteli.com
2026-02-18,ETH,1955.01,1955.91,-0.046,bykaranteli.com
2026-02-19,BTC,66972.5,67003.73,-0.0466,bykaranteli.com
2026-02-19,ETH,1948.16,1949.08,-0.0472,bykaranteli.com
2026-02-20,BTC,67984.42,68020.01,-0.0523,bykaranteli.com
2026-02-20,ETH,1968.13,1968.88,-0.0381,bykaranteli.com
2026-02-21,BTC,67955.78,67975.93,-0.0296,bykaranteli.com
2026-02-21,ETH,1973,1973.35,-0.0177,bykaranteli.com
2026-02-22,BTC,67617.98,67643.4,-0.0376,bykaranteli.com
2026-02-22,ETH,1956.84,1957.82,-0.0501,bykaranteli.com
2026-02-23,BTC,64625.78,64656.02,-0.0468,bykaranteli.com
2026-02-23,ETH,1855.52,1856.3,-0.042,bykaranteli.com
2026-02-24,BTC,64068.33,64058.15,0.0159,bykaranteli.com
2026-02-24,ETH,1851.94,1851.94,0,bykaranteli.com
2026-02-25,BTC,67992.68,67988.04,0.0068,bykaranteli.com
2026-02-25,ETH,2057.71,2057.48,0.0112,bykaranteli.com
2026-02-26,BTC,67490.51,67485.18,0.0079,bykaranteli.com
2026-02-26,ETH,2027.9,2027.68,0.0108,bykaranteli.com
2026-02-27,BTC,65859.94,65872.1,-0.0185,bykaranteli.com
2026-02-27,ETH,1929.61,1929.84,-0.0119,bykaranteli.com
2026-02-28,BTC,66967.85,66973.26,-0.0081,bykaranteli.com
2026-02-28,ETH,1964.71,1964.51,0.0102,bykaranteli.com
2026-03-01,BTC,65769,65776.47,-0.0114,bykaranteli.com
2026-03-01,ETH,1939.68,1939.71,-0.0015,bykaranteli.com
2026-03-02,BTC,68832.01,68830.06,0.0028,bykaranteli.com
2026-03-02,ETH,2027.49,2027.35,0.0069,bykaranteli.com
2026-03-03,BTC,68335.99,68338,-0.0029,bykaranteli.com
2026-03-03,ETH,1982.87,1982.8,0.0035,bykaranteli.com
2026-03-04,BTC,72683.26,72666.77,0.0227,bykaranteli.com
2026-03-04,ETH,2127.61,2127.28,0.0155,bykaranteli.com
2026-03-05,BTC,70887.6,70890.72,-0.0044,bykaranteli.com
2026-03-05,ETH,2072.99,2072.86,0.0063,bykaranteli.com
2026-03-06,BTC,68108.24,68114.02,-0.0085,bykaranteli.com
2026-03-06,ETH,1978.49,1978.68,-0.0096,bykaranteli.com
2026-03-07,BTC,67259.62,67262.91,-0.0049,bykaranteli.com
2026-03-07,ETH,1969.61,1969.59,0.001,bykaranteli.com
2026-03-08,BTC,65970.56,65971.2,-0.001,bykaranteli.com
2026-03-08,ETH,1936.93,1937.1,-0.0088,bykaranteli.com
2026-03-09,BTC,68432.17,68432.16,0,bykaranteli.com
2026-03-09,ETH,1993.19,1992.98,0.0105,bykaranteli.com
2026-03-10,BTC,69960.83,69948.63,0.0174,bykaranteli.com
2026-03-10,ETH,2036.8,2036.51,0.0142,bykaranteli.com
2026-03-11,BTC,70208,70191.86,0.023,bykaranteli.com
2026-03-11,ETH,2052.25,2051.97,0.0136,bykaranteli.com
2026-03-12,BTC,70531.56,70541.34,-0.0139,bykaranteli.com
2026-03-12,ETH,2074,2073.52,0.0231,bykaranteli.com
2026-03-13,BTC,70944.33,70930,0.0202,bykaranteli.com
2026-03-13,ETH,2092.81,2092.22,0.0282,bykaranteli.com
2026-03-14,BTC,71232.02,71211.95,0.0282,bykaranteli.com
2026-03-14,ETH,2096.7,2096.16,0.0258,bykaranteli.com
2026-03-15,BTC,72830.01,72815.24,0.0203,bykaranteli.com
2026-03-15,ETH,2178.67,2178.3,0.017,bykaranteli.com
2026-03-16,BTC,74886.47,74884.67,0.0024,bykaranteli.com
2026-03-16,ETH,2352.94,2352.97,-0.0013,bykaranteli.com
2026-03-17,BTC,73934.11,73909.36,0.0335,bykaranteli.com
2026-03-17,ETH,2318.03,2317.39,0.0276,bykaranteli.com
2026-03-18,BTC,71245.02,71246.54,-0.0021,bykaranteli.com
2026-03-18,ETH,2203.47,2203.39,0.0036,bykaranteli.com
2026-03-19,BTC,69918.3,69930,-0.0167,bykaranteli.com
2026-03-19,ETH,2137.98,2137.81,0.008,bykaranteli.com
2026-03-20,BTC,70497.01,70510.73,-0.0195,bykaranteli.com
2026-03-20,ETH,2145.89,2146.22,-0.0154,bykaranteli.com
2026-03-21,BTC,68912.02,68918.12,-0.0089,bykaranteli.com
2026-03-21,ETH,2084.64,2084.87,-0.011,bykaranteli.com
2026-03-22,BTC,67844.94,67859,-0.0207,bykaranteli.com
2026-03-22,ETH,2053.49,2053.89,-0.0195,bykaranteli.com
2026-03-23,BTC,70874.23,70906.45,-0.0454,bykaranteli.com
2026-03-23,ETH,2151.71,2152.03,-0.0149,bykaranteli.com
2026-03-24,BTC,70533.49,70556.74,-0.033,bykaranteli.com
2026-03-24,ETH,2155.56,2156.23,-0.0311,bykaranteli.com
2026-03-25,BTC,71301.53,71336.53,-0.0491,bykaranteli.com
2026-03-25,ETH,2167.98,2169.02,-0.0479,bykaranteli.com
2026-03-26,BTC,68769.02,68820.31,-0.0745,bykaranteli.com
2026-03-26,ETH,2058.74,2060.43,-0.082,bykaranteli.com
2026-03-27,BTC,66353.34,66407.28,-0.0812,bykaranteli.com
2026-03-27,ETH,1991.55,1992.75,-0.0602,bykaranteli.com
2026-03-28,BTC,66320.15,66377.03,-0.0857,bykaranteli.com
2026-03-28,ETH,1992.98,1994.74,-0.0882,bykaranteli.com
2026-03-29,BTC,65956.94,66010.93,-0.0818,bykaranteli.com
2026-03-29,ETH,1982.96,1984.64,-0.0847,bykaranteli.com
2026-03-30,BTC,66737.18,66797.37,-0.0901,bykaranteli.com
2026-03-30,ETH,2024.6,2026.48,-0.0928,bykaranteli.com
2026-03-31,BTC,68221.85,68284.48,-0.0917,bykaranteli.com
2026-03-31,ETH,2103.61,2105.43,-0.0864,bykaranteli.com
2026-04-01,BTC,68112.35,68113.92,-0.0023,bykaranteli.com
2026-04-01,ETH,2140.21,2140.35,-0.0065,bykaranteli.com
2026-04-02,BTC,66894.48,66901.99,-0.0112,bykaranteli.com
2026-04-02,ETH,2056.78,2057.17,-0.019,bykaranteli.com
2026-04-03,BTC,66959.99,66964.3,-0.0064,bykaranteli.com
2026-04-03,ETH,2053.52,2053.83,-0.0151,bykaranteli.com
2026-04-04,BTC,67291.73,67300.42,-0.0129,bykaranteli.com
2026-04-04,ETH,2065.17,2065.52,-0.0169,bykaranteli.com
2026-04-05,BTC,69005,69034.18,-0.0423,bykaranteli.com
2026-04-05,ETH,2109.24,2110.17,-0.0441,bykaranteli.com
2026-04-06,BTC,68853.61,68853.66,-0.0001,bykaranteli.com
2026-04-06,ETH,2107.39,2107.16,0.0109,bykaranteli.com
2026-04-07,BTC,71910.2,71924.22,-0.0195,bykaranteli.com
2026-04-07,ETH,2239.68,2240.01,-0.0147,bykaranteli.com
2026-04-08,BTC,71085.99,71069.93,0.0226,bykaranteli.com
2026-04-08,ETH,2190.24,2190,0.011,bykaranteli.com
2026-04-09,BTC,71798.01,71787.97,0.014,bykaranteli.com
2026-04-09,ETH,2190.15,2190.2,-0.0023,bykaranteli.com
2026-04-10,BTC,72997.88,72962.7,0.0482,bykaranteli.com
2026-04-10,ETH,2246.29,2245.05,0.0552,bykaranteli.com
2026-04-11,BTC,73086,73043.16,0.0587,bykaranteli.com
2026-04-11,ETH,2285.79,2284.99,0.035,bykaranteli.com
2026-04-12,BTC,70755.35,70740.98,0.0203,bykaranteli.com
2026-04-12,ETH,2191.8,2191.65,0.0068,bykaranteli.com
2026-04-13,BTC,74446,74417.99,0.0376,bykaranteli.com
2026-04-13,ETH,2370.28,2369.46,0.0346,bykaranteli.com
2026-04-14,BTC,74179.04,74131.55,0.0641,bykaranteli.com
2026-04-14,ETH,2323.58,2322.44,0.0491,bykaranteli.com
2026-04-15,BTC,74836.31,74809.99,0.0352,bykaranteli.com
2026-04-15,ETH,2360.6,2359.95,0.0275,bykaranteli.com
2026-04-16,BTC,75163.09,75154.29,0.0117,bykaranteli.com
2026-04-16,ETH,2348.61,2348.17,0.0187,bykaranteli.com
2026-04-17,BTC,77098.01,77072,0.0337,bykaranteli.com
2026-04-17,ETH,2419.81,2419,0.0335,bykaranteli.com
2026-04-18,BTC,75736.82,75691.76,0.0595,bykaranteli.com
2026-04-18,ETH,2351.36,2350.32,0.0442,bykaranteli.com
2026-04-19,BTC,73823.14,73801.79,0.0289,bykaranteli.com
2026-04-19,ETH,2263.89,2263.27,0.0274,bykaranteli.com
2026-04-20,BTC,75864.86,75840.97,0.0315,bykaranteli.com
2026-04-20,ETH,2314.79,2313.85,0.0406,bykaranteli.com
2026-04-21,BTC,76348.58,76336.15,0.0163,bykaranteli.com
2026-04-21,ETH,2328,2327.14,0.037,bykaranteli.com
2026-04-22,BTC,78208.52,78178.23,0.0387,bykaranteli.com
2026-04-22,ETH,2375.21,2374.07,0.048,bykaranteli.com
2026-04-23,BTC,78281.32,78257.48,0.0305,bykaranteli.com
2026-04-23,ETH,2331.08,2330.26,0.0352,bykaranteli.com
2026-04-24,BTC,77461.8,77437.13,0.0319,bykaranteli.com
2026-04-24,ETH,2315.81,2314.99,0.0354,bykaranteli.com
2026-04-25,BTC,77650.72,77625,0.0331,bykaranteli.com
2026-04-25,ETH,2319.97,2319.5,0.0203,bykaranteli.com
2026-04-26,BTC,78673.83,78657.55,0.0207,bykaranteli.com
2026-04-26,ETH,2370.47,2369.44,0.0435,bykaranteli.com
2026-04-27,BTC,77364.42,77371.32,-0.0089,bykaranteli.com
2026-04-27,ETH,2303.44,2303.67,-0.01,bykaranteli.com
2026-04-28,BTC,76317.99,76342.77,-0.0325,bykaranteli.com
2026-04-28,ETH,2289.29,2289.42,-0.0057,bykaranteli.com
2026-04-29,BTC,75752.88,75780,-0.0358,bykaranteli.com
2026-04-29,ETH,2251.85,2252.9,-0.0466,bykaranteli.com
2026-04-30,BTC,76305.78,76346.57,-0.0534,bykaranteli.com
2026-04-30,ETH,2256.8,2257.51,-0.0315,bykaranteli.com
2026-05-01,BTC,78234.05,78231.13,0.0037,bykaranteli.com
2026-05-01,ETH,2295.54,2295.63,-0.0039,bykaranteli.com
2026-05-02,BTC,78682.31,78686.85,-0.0058,bykaranteli.com
2026-05-02,ETH,2316.89,2316.97,-0.0035,bykaranteli.com
2026-05-03,BTC,78558.89,78568.57,-0.0123,bykaranteli.com
2026-05-03,ETH,2322.5,2322.65,-0.0065,bykaranteli.com
2026-05-04,BTC,79852.37,79861.01,-0.0108,bykaranteli.com
2026-05-04,ETH,2346.95,2347.16,-0.0089,bykaranteli.com
2026-05-05,BTC,80907.72,80905.52,0.0027,bykaranteli.com
2026-05-05,ETH,2360.5,2360.77,-0.0114,bykaranteli.com
2026-05-06,BTC,81438.1,81447.01,-0.0109,bykaranteli.com
2026-05-06,ETH,2350.66,2350.84,-0.0077,bykaranteli.com
2026-05-07,BTC,80005.38,80006,-0.0008,bykaranteli.com
2026-05-07,ETH,2290.81,2291.06,-0.0109,bykaranteli.com
2026-05-08,BTC,80188.82,80193.17,-0.0054,bykaranteli.com
2026-05-08,ETH,2307.24,2307.06,0.0078,bykaranteli.com
2026-05-09,BTC,80655.96,80678.4,-0.0278,bykaranteli.com
2026-05-09,ETH,2326.16,2326.44,-0.012,bykaranteli.com
2026-05-10,BTC,82199.99,82210.07,-0.0123,bykaranteli.com
2026-05-10,ETH,2371.12,2371.27,-0.0063,bykaranteli.com
2026-05-11,BTC,81727.06,81745.65,-0.0227,bykaranteli.com
2026-05-11,ETH,2339.39,2339.87,-0.0205,bykaranteli.com
2026-05-12,BTC,80484.72,80504.47,-0.0245,bykaranteli.com
2026-05-12,ETH,2274.43,2274.96,-0.0233,bykaranteli.com
2026-05-13,BTC,79288.26,79313.61,-0.032,bykaranteli.com
2026-05-13,ETH,2257.85,2258.65,-0.0354,bykaranteli.com
2026-05-14,BTC,81079.39,81089.99,-0.0131,bykaranteli.com
2026-05-14,ETH,2283.08,2283.25,-0.0074,bykaranteli.com
2026-05-15,BTC,79058.51,79113.21,-0.0691,bykaranteli.com
2026-05-15,ETH,2223,2224.66,-0.0746,bykaranteli.com
2026-05-16,BTC,78105.45,78148.05,-0.0545,bykaranteli.com
2026-05-16,ETH,2179.96,2180.77,-0.0371,bykaranteli.com
2026-05-17,BTC,77407.59,77457.67,-0.0647,bykaranteli.com
2026-05-17,ETH,2129.74,2131,-0.0591,bykaranteli.com
2026-05-18,BTC,76943.98,77001.87,-0.0752,bykaranteli.com
2026-05-18,ETH,2128.57,2130.08,-0.0709,bykaranteli.com
2026-05-19,BTC,76767.48,76834.36,-0.087,bykaranteli.com
2026-05-19,ETH,2110.06,2111.93,-0.0885,bykaranteli.com
2026-05-20,BTC,77475.99,77552.23,-0.0983,bykaranteli.com
2026-05-20,ETH,2127.49,2129.44,-0.0916,bykaranteli.com
2026-05-21,BTC,77547.62,77615.52,-0.0875,bykaranteli.com
2026-05-21,ETH,2131.96,2133.76,-0.0844,bykaranteli.com
2026-05-22,BTC,75443.91,75539.5,-0.1265,bykaranteli.com
2026-05-22,ETH,2063.39,2065.85,-0.1191,bykaranteli.com
2026-05-23,BTC,76650,76752.01,-0.1329,bykaranteli.com
2026-05-23,ETH,2115.04,2117.68,-0.1247,bykaranteli.com
2026-05-24,BTC,76975.99,77064.96,-0.1154,bykaranteli.com
2026-05-24,ETH,2097.35,2099.85,-0.1191,bykaranteli.com
2026-05-25,BTC,77249.07,77322.01,-0.0943,bykaranteli.com
2026-05-25,ETH,2110.91,2113.01,-0.0994,bykaranteli.com
2026-05-26,BTC,75826.1,75930.01,-0.1368,bykaranteli.com
2026-05-26,ETH,2070.88,2073.77,-0.1394,bykaranteli.com
2026-05-27,BTC,74315.98,74449.3,-0.1791,bykaranteli.com
2026-05-27,ETH,2021.64,2024.84,-0.158,bykaranteli.com
2026-05-28,BTC,73512.56,73617.51,-0.1426,bykaranteli.com
2026-05-28,ETH,2006.61,2009.9,-0.1637,bykaranteli.com
2026-05-29,BTC,73366.77,73460.78,-0.128,bykaranteli.com
2026-05-29,ETH,2011.65,2014.54,-0.1435,bykaranteli.com
2026-05-30,BTC,73770.69,73884.38,-0.1539,bykaranteli.com
2026-05-30,ETH,2019.58,2022.44,-0.1414,bykaranteli.com
2026-05-31,BTC,73575.17,73674.39,-0.1347,bykaranteli.com
2026-05-31,ETH,2004,2007.01,-0.15,bykaranteli.com
2026-06-01,BTC,71314.42,71408.9,-0.1323,bykaranteli.com
2026-06-01,ETH,2004,2006.73,-0.136,bykaranteli.com
2026-06-02,BTC,66658.35,66760.83,-0.1535,bykaranteli.com
2026-06-02,ETH,1857.32,1859.84,-0.1355,bykaranteli.com
2026-06-03,BTC,64040,64142.75,-0.1602,bykaranteli.com
2026-06-03,ETH,1810.66,1813.05,-0.1318,bykaranteli.com
2026-06-04,BTC,63806.02,63885.99,-0.1252,bykaranteli.com
2026-06-04,ETH,1768.53,1770.77,-0.1265,bykaranteli.com
2026-06-05,BTC,61032,61056.47,-0.0401,bykaranteli.com
2026-06-05,ETH,1582.85,1583.4,-0.0347,bykaranteli.com
2026-06-06,BTC,60850.48,60884.62,-0.0561,bykaranteli.com
2026-06-06,ETH,1568.87,1569.69,-0.0522,bykaranteli.com
2026-06-07,BTC,63302.73,63332.01,-0.0462,bykaranteli.com
2026-06-07,ETH,1689.75,1690.51,-0.045,bykaranteli.com
2026-06-08,BTC,63062.98,63085.99,-0.0365,bykaranteli.com
2026-06-08,ETH,1689.89,1690.49,-0.0355,bykaranteli.com
2026-06-09,BTC,61685.8,61730,-0.0716,bykaranteli.com
2026-06-09,ETH,1638.45,1639.52,-0.0653,bykaranteli.com
2026-06-10,BTC,61449.46,61510.99,-0.1,bykaranteli.com
2026-06-10,ETH,1620.03,1621.59,-0.0962,bykaranteli.com
2026-06-11,BTC,63563.42,63625.99,-0.0983,bykaranteli.com
2026-06-11,ETH,1671.94,1673.46,-0.0908,bykaranteli.com
2026-06-12,BTC,63538.43,63580.01,-0.0654,bykaranteli.com
2026-06-12,ETH,1665.52,1666.41,-0.0534,bykaranteli.com
2026-06-13,BTC,64429.99,64458.01,-0.0435,bykaranteli.com
2026-06-13,ETH,1680.3,1681.18,-0.0523,bykaranteli.com
2026-06-14,BTC,65706.62,65746.45,-0.0606,bykaranteli.com
2026-06-14,ETH,1724.73,1725.62,-0.0516,bykaranteli.com
2026-06-15,BTC,66276.8,66328.74,-0.0783,bykaranteli.com
2026-06-15,ETH,1795.01,1796.13,-0.0624,bykaranteli.com
2026-06-16,BTC,65616.64,65675.01,-0.0889,bykaranteli.com
2026-06-16,ETH,1791.24,1792.99,-0.0976,bykaranteli.com
2026-06-17,BTC,64446.04,64509.4,-0.0982,bykaranteli.com
2026-06-17,ETH,1749,1750.6,-0.0914,bykaranteli.com
2026-06-18,BTC,62879.01,62958.01,-0.1255,bykaranteli.com
2026-06-18,ETH,1709.01,1711.11,-0.1227,bykaranteli.com
2026-06-19,BTC,63475.2,63543.91,-0.1081,bykaranteli.com
2026-06-19,ETH,1709.42,1711.19,-0.1034,bykaranteli.com
2026-06-20,BTC,64222.99,64298.01,-0.1167,bykaranteli.com
2026-06-20,ETH,1738.46,1741.08,-0.1505,bykaranteli.com
2026-06-21,BTC,63235.63,63311.99,-0.1206,bykaranteli.com
2026-06-21,ETH,1704.8,1706.94,-0.1254,bykaranteli.com
2026-06-22,BTC,63950.61,64020.01,-0.1084,bykaranteli.com
2026-06-22,ETH,1726.15,1728.19,-0.118,bykaranteli.com
2026-06-23,BTC,62644.86,62734.57,-0.143,bykaranteli.com
2026-06-23,ETH,1665.04,1667.13,-0.1254,bykaranteli.com
2026-06-24,BTC,60983.13,61077.99,-0.1553,bykaranteli.com
2026-06-24,ETH,1619.72,1622.17,-0.151,bykaranteli.com
2026-06-25,BTC,59703.65,59794,-0.1511,bykaranteli.com
2026-06-25,ETH,1565.19,1567.84,-0.169,bykaranteli.com
2026-06-26,BTC,60002.53,60097.27,-0.1576,bykaranteli.com
2026-06-26,ETH,1576.27,1578.68,-0.1527,bykaranteli.com
2026-06-27,BTC,59934.84,60029,-0.1569,bykaranteli.com
2026-06-27,ETH,1571.6,1573.99,-0.1518,bykaranteli.com
2026-06-28,BTC,59474.01,59577.01,-0.1729,bykaranteli.com
2026-06-28,ETH,1569.41,1571.96,-0.1622,bykaranteli.com
2026-06-29,BTC,60162.73,60260.21,-0.1618,bykaranteli.com
2026-06-29,ETH,1610.62,1613.07,-0.1519,bykaranteli.com
2026-06-30,BTC,58523.93,58624.71,-0.1719,bykaranteli.com
2026-06-30,ETH,1569.45,1572.01,-0.1628,bykaranteli.com
2026-07-01,BTC,59961.45,60024,-0.1042,bykaranteli.com
2026-07-01,ETH,1607.64,1609.58,-0.1205,bykaranteli.com
2026-07-02,BTC,61484.02,61560,-0.1234,bykaranteli.com
2026-07-02,ETH,1698.63,1700.57,-0.1141,bykaranteli.com
2026-07-03,BTC,62520.22,62583.26,-0.1007,bykaranteli.com
2026-07-03,ETH,1756.14,1758.21,-0.1177,bykaranteli.com
2026-07-04,BTC,63086.45,63144.01,-0.0912,bykaranteli.com
2026-07-04,ETH,1779.34,1780.64,-0.073,bykaranteli.com
2026-07-05,BTC,63580.44,63650,-0.1093,bykaranteli.com
2026-07-05,ETH,1784.2,1785.65,-0.0812,bykaranteli.com
2026-07-06,BTC,64001.84,64042.02,-0.0627,bykaranteli.com
2026-07-06,ETH,1798.45,1799.56,-0.0617,bykaranteli.com
2026-07-07,BTC,63323.27,63363.99,-0.0643,bykaranteli.com
2026-07-07,ETH,1770.09,1771.45,-0.0768,bykaranteli.com
2026-07-08,BTC,62237.7,62290,-0.084,bykaranteli.com
2026-07-08,ETH,1741.8,1743.54,-0.0998,bykaranteli.com
2026-07-09,BTC,63175.25,63230,-0.0866,bykaranteli.com
2026-07-09,ETH,1743.82,1745.16,-0.0768,bykaranteli.com
2026-07-10,BTC,64128.49,64161.72,-0.0518,bykaranteli.com
2026-07-10,ETH,1795.74,1796.85,-0.0618,bykaranteli.com
2026-07-11,BTC,63773.04,63819,-0.072,bykaranteli.com
2026-07-11,ETH,1786.81,1787.76,-0.0531,bykaranteli.com
2026-07-12,BTC,63740.32,63780,-0.0622,bykaranteli.com
2026-07-12,ETH,1805.51,1806.8,-0.0714,bykaranteli.com
2026-07-13,BTC,62264.94,62334.52,-0.1116,bykaranteli.com
2026-07-13,ETH,1774.57,1776.72,-0.121,bykaranteli.com
2026-07-14,BTC,64988.64,65043.98,-0.0851,bykaranteli.com
2026-07-14,ETH,1890.63,1891.87,-0.0655,bykaranteli.com
2026-07-15,BTC,64716.63,64756.28,-0.0612,bykaranteli.com
2026-07-15,ETH,1916.76,1917.86,-0.0574,bykaranteli.com
2026-07-16,BTC,63770.6,63830.2,-0.0934,bykaranteli.com
2026-07-16,ETH,1863.17,1864.71,-0.0826,bykaranteli.com
2026-07-17,BTC,63894,63931.67,-0.0589,bykaranteli.com
2026-07-17,ETH,1840.94,1841.93,-0.0537,bykaranteli.com
2026-07-18,BTC,64796.36,64834.22,-0.0584,bykaranteli.com
2026-07-18,ETH,1861.54,1862.61,-0.0574,bykaranteli.com
2026-07-19,BTC,64681.78,64722.54,-0.063,bykaranteli.com
2026-07-19,ETH,1870.89,1872.23,-0.0716,bykaranteli.com
2026-07-20,BTC,65213.05,65255.51,-0.0651,bykaranteli.com
2026-07-20,ETH,1903.52,1904.77,-0.0656,bykaranteli.com
2026-07-21,BTC,66516.18,66556.16,-0.0601,bykaranteli.com
2026-07-21,ETH,1929,1930.09,-0.0565,bykaranteli.com
2026-07-22,BTC,66086.61,66114.49,-0.0422,bykaranteli.com
2026-07-22,ETH,1933.54,1934.25,-0.0367,bykaranteli.com
2026-07-23,BTC,65051.23,65098.97,-0.0733,bykaranteli.com
2026-07-23,ETH,1876.91,1878.38,-0.0783,bykaranteli.com
2026-07-24,BTC,64083.32,64139.99,-0.0884,bykaranteli.com
2026-07-24,ETH,1859.77,1861.44,-0.0897,bykaranteli.com
2026-07-25,BTC,64295.61,64375,-0.1233,bykaranteli.com
2026-07-25,ETH,1873.05,1874.89,-0.0981,bykaranteli.com
2026-07-26,BTC,65341.07,65399.99,-0.0901,bykaranteli.com
2026-07-26,ETH,1952.93,1954.72,-0.0916,bykaranteli.com
2026-07-27,BTC,63694.43,63755.86,-0.0964,bykaranteli.com
2026-07-27,ETH,1890.67,1892.53,-0.0983,bykaranteli.com
2026-07-28,BTC,63847.12,63915,-0.1062,bykaranteli.com
2026-07-28,ETH,1919.9,1922.23,-0.1212,bykaranteli.com
2026-07-29,BTC,63896.14,63984.28,-0.1378,bykaranteli.com
2026-07-29,ETH,1908.48,1910.72,-0.1172,bykaranteli.com
2026-07-30,BTC,64721.9,64780.02,-0.0897,bykaranteli.com
2026-07-30,ETH,1916.82,1918.31,-0.0777,bykaranteli.com
2026-07-31,BTC,62825.9,62887.88,-0.0986,bykaranteli.com
2026-07-31,ETH,1860.66,1862.6,-0.1042,bykaranteli.com
2026-08-01,BTC,62764.2,62823.64,-0.0946,bykaranteli.com
2026-08-01,ETH,1843.18,1844.94,-0.0954,bykaranteli.com
2026-08-02,BTC,63499.49,63570,-0.1109,bykaranteli.com
2026-08-02,ETH,1883.35,1885.36,-0.1066,bykaranteli.com
2026-08-03,BTC,63466.51,63520,-0.0842,bykaranteli.com
2026-08-03,ETH,1858.95,1860.5,-0.0833,bykaranteli.com
2026-08-04,BTC,64050.51,64106.56,-0.0874,bykaranteli.com
2026-08-04,ETH,1868.39,1869.75,-0.0727,bykaranteli.com
2026-08-05,BTC,64603.03,64665.23,-0.0962,bykaranteli.com
2026-08-05,ETH,1907.29,1908.9,-0.0843,bykaranteli.com
2026-08-06,BTC,64267.3,64323.61,-0.0875,bykaranteli.com
2026-08-06,ETH,1902.42,1904.1,-0.0882,bykaranteli.com
2026-08-07,BTC,64891.61,64923.19,-0.0486,bykaranteli.com
2026-08-07,ETH,1913.15,1914.18,-0.0538,bykaranteli.com
2026-08-08,BTC,64908.72,64962.6,-0.0829,bykaranteli.com
2026-08-08,ETH,1915.4,1916.74,-0.0699,bykaranteli.com
2026-08-09,BTC,64848.69,64901.59,-0.0815,bykaranteli.com
2026-08-09,ETH,1909.09,1910.65,-0.0816,bykaranteli.com
2026-08-10,BTC,63911.88,63970.01,-0.0909,bykaranteli.com
2026-08-10,ETH,1871.44,1873.16,-0.0918,bykaranteli.com
2026-08-11,BTC,63531.75,63600,-0.1073,bykaranteli.com
2026-08-11,ETH,1880.72,1882.59,-0.0993,bykaranteli.com
2026-08-12,BTC,63411.72,63479.99,-0.1075,bykaranteli.com
2026-08-12,ETH,1877.59,1879.81,-0.1181,bykaranteli.com
2026-08-13,BTC,63425.35,63490.86,-0.1032,bykaranteli.com
2026-08-13,ETH,1884.61,1886.15,-0.0816,bykaranteli.com
2026-08-14,BTC,62975.19,63043.56,-0.1084,bykaranteli.com
2026-08-14,ETH,1880.41,1882.2,-0.0951,bykaranteli.com
2026-08-15,BTC,63018.75,63086.01,-0.1066,bykaranteli.com
2026-08-15,ETH,1880.94,1882.64,-0.0903,bykaranteli.com
2026-08-16,BTC,62836.66,62900,-0.1007,bykaranteli.com
2026-08-16,ETH,1874.13,1876,-0.0997,bykaranteli.com
2026-08-17,BTC,64484.18,64532.1,-0.0743,bykaranteli.com
2026-08-17,ETH,1911.94,1913.6,-0.0867,bykaranteli.com
2026-08-18,BTC,64681.33,64725.42,-0.0681,bykaranteli.com
2026-08-18,ETH,1916.72,1917.85,-0.0589,bykaranteli.com
2026-08-19,BTC,69300.01,69334.79,-0.0502,bykaranteli.com
2026-08-19,ETH,2251.69,2252.8,-0.0493,bykaranteli.com
2026-08-20,BTC,73011.87,73025.15,-0.0182,bykaranteli.com
2026-08-20,ETH,2326.35,2326.82,-0.0202,bykaranteli.com
2026-08-21,BTC,78325.54,78338.03,-0.0159,bykaranteli.com
2026-08-21,ETH,2515.8,2516.3,-0.0199,bykaranteli.com
2026-08-22,BTC,77054.44,77074.93,-0.0266,bykaranteli.com
2026-08-22,ETH,2422,2422.6,-0.0248,bykaranteli.com
2026-08-23,BTC,77729.36,77734,-0.006,bykaranteli.com
2026-08-23,ETH,2463.39,2463.41,-0.0008,bykaranteli.com
2026-08-24,BTC,78981.59,78992.75,-0.0141,bykaranteli.com
2026-08-24,ETH,2482.2,2482.31,-0.0044,bykaranteli.com
2026-08-25,BTC,78526.8,78539.14,-0.0157,bykaranteli.com
2026-08-25,ETH,2442.55,2442.64,-0.0037,bykaranteli.com
2026-08-26,BTC,79026.18,79023.75,0.0031,bykaranteli.com
2026-08-26,ETH,2506.93,2506.78,0.006,bykaranteli.com
2026-08-27,BTC,80275.34,80249.58,0.0321,bykaranteli.com
2026-08-27,ETH,2511.67,2510.94,0.0291,bykaranteli.com
2026-08-28,BTC,77839.19,77845.87,-0.0086,bykaranteli.com
2026-08-28,ETH,2442.79,2442.8,-0.0004,bykaranteli.com
2026-08-29,BTC,78233.93,78230,0.005,bykaranteli.com
2026-08-29,ETH,2457.68,2457.67,0.0004,bykaranteli.com
2026-08-30,BTC,77665.14,77682,-0.0217,bykaranteli.com
2026-08-30,ETH,2416.86,2416.88,-0.0008,bykaranteli.com
2026-08-31,BTC,78562.74,78581.29,-0.0236,bykaranteli.com
2026-08-31,ETH,2467.29,2467.65,-0.0146,bykaranteli.com
2026-09-01,BTC,77398.69,77439,-0.0521,bykaranteli.com
2026-09-01,ETH,2417.25,2418.57,-0.0546,bykaranteli.com
2026-09-02,BTC,77307.36,77340.01,-0.0422,bykaranteli.com
2026-09-02,ETH,2390.83,2391.92,-0.0456,bykaranteli.com
