date,theme,index,source
2025-07-17,ai,53.067,bykaranteli.com
2025-07-17,defi,80.29,bykaranteli.com
2025-07-17,depin,51.709,bykaranteli.com
2025-07-17,l1,86.964,bykaranteli.com
2025-07-17,l2,41.621,bykaranteli.com
2025-07-17,meme,71.466,bykaranteli.com
2025-07-17,quantum,112.401,bykaranteli.com
2025-07-17,rwa,68.931,bykaranteli.com
2025-07-18,ai,52.482,bykaranteli.com
2025-07-18,defi,81.326,bykaranteli.com
2025-07-18,depin,51.359,bykaranteli.com
2025-07-18,l1,86.873,bykaranteli.com
2025-07-18,l2,41.458,bykaranteli.com
2025-07-18,meme,71.806,bykaranteli.com
2025-07-18,quantum,112.392,bykaranteli.com
2025-07-18,rwa,68.455,bykaranteli.com
2025-07-19,ai,53.81,bykaranteli.com
2025-07-19,defi,83.287,bykaranteli.com
2025-07-19,depin,52.096,bykaranteli.com
2025-07-19,l1,87.824,bykaranteli.com
2025-07-19,l2,42.333,bykaranteli.com
2025-07-19,meme,73.162,bykaranteli.com
2025-07-19,quantum,113.144,bykaranteli.com
2025-07-19,rwa,69.966,bykaranteli.com
2025-07-20,ai,55.643,bykaranteli.com
2025-07-20,defi,86.812,bykaranteli.com
2025-07-20,depin,55.373,bykaranteli.com
2025-07-20,l1,89.583,bykaranteli.com
2025-07-20,l2,44.275,bykaranteli.com
2025-07-20,meme,76.651,bykaranteli.com
2025-07-20,quantum,116.162,bykaranteli.com
2025-07-20,rwa,77.202,bykaranteli.com
2025-07-21,ai,56.911,bykaranteli.com
2025-07-21,defi,89.93,bykaranteli.com
2025-07-21,depin,55.874,bykaranteli.com
2025-07-21,l1,91.379,bykaranteli.com
2025-07-21,l2,44.767,bykaranteli.com
2025-07-21,meme,80.494,bykaranteli.com
2025-07-21,quantum,119.043,bykaranteli.com
2025-07-21,rwa,76.897,bykaranteli.com
2025-07-22,ai,57.879,bykaranteli.com
2025-07-22,defi,90.925,bykaranteli.com
2025-07-22,depin,55.977,bykaranteli.com
2025-07-22,l1,92.775,bykaranteli.com
2025-07-22,l2,44.104,bykaranteli.com
2025-07-22,meme,83.073,bykaranteli.com
2025-07-22,quantum,122.538,bykaranteli.com
2025-07-22,rwa,78.987,bykaranteli.com
2025-07-23,ai,51.903,bykaranteli.com
2025-07-23,defi,84.638,bykaranteli.com
2025-07-23,depin,51,bykaranteli.com
2025-07-23,l1,86.778,bykaranteli.com
2025-07-23,l2,39.631,bykaranteli.com
2025-07-23,meme,76.171,bykaranteli.com
2025-07-23,quantum,116.622,bykaranteli.com
2025-07-23,rwa,72.737,bykaranteli.com
2025-07-24,ai,50.593,bykaranteli.com
2025-07-24,defi,83.261,bykaranteli.com
2025-07-24,depin,49.209,bykaranteli.com
2025-07-24,l1,85.739,bykaranteli.com
2025-07-24,l2,38.955,bykaranteli.com
2025-07-24,meme,71.992,bykaranteli.com
2025-07-24,quantum,116.873,bykaranteli.com
2025-07-24,rwa,72.088,bykaranteli.com
2025-07-25,ai,52.215,bykaranteli.com
2025-07-25,defi,88.524,bykaranteli.com
2025-07-25,depin,50.643,bykaranteli.com
2025-07-25,l1,87.58,bykaranteli.com
2025-07-25,l2,40.199,bykaranteli.com
2025-07-25,meme,74.467,bykaranteli.com
2025-07-25,quantum,117.198,bykaranteli.com
2025-07-25,rwa,76.248,bykaranteli.com
2025-07-26,ai,52.199,bykaranteli.com
2025-07-26,defi,89.604,bykaranteli.com
2025-07-26,depin,50.613,bykaranteli.com
2025-07-26,l1,89.017,bykaranteli.com
2025-07-26,l2,40.336,bykaranteli.com
2025-07-26,meme,74.558,bykaranteli.com
2025-07-26,quantum,117.905,bykaranteli.com
2025-07-26,rwa,76.184,bykaranteli.com
2025-07-27,ai,54.119,bykaranteli.com
2025-07-27,defi,93.523,bykaranteli.com
2025-07-27,depin,53.211,bykaranteli.com
2025-07-27,l1,91.602,bykaranteli.com
2025-07-27,l2,42.052,bykaranteli.com
2025-07-27,meme,76.005,bykaranteli.com
2025-07-27,quantum,122.828,bykaranteli.com
2025-07-27,rwa,77.87,bykaranteli.com
2025-07-28,ai,50.428,bykaranteli.com
2025-07-28,defi,89.464,bykaranteli.com
2025-07-28,depin,49.721,bykaranteli.com
2025-07-28,l1,87.89,bykaranteli.com
2025-07-28,l2,39.676,bykaranteli.com
2025-07-28,meme,71.09,bykaranteli.com
2025-07-28,quantum,118.564,bykaranteli.com
2025-07-28,rwa,73.319,bykaranteli.com
2025-07-29,ai,49.555,bykaranteli.com
2025-07-29,defi,86.564,bykaranteli.com
2025-07-29,depin,49.447,bykaranteli.com
2025-07-29,l1,87.618,bykaranteli.com
2025-07-29,l2,39.213,bykaranteli.com
2025-07-29,meme,68.231,bykaranteli.com
2025-07-29,quantum,117.963,bykaranteli.com
2025-07-29,rwa,71.044,bykaranteli.com
2025-07-30,ai,48.42,bykaranteli.com
2025-07-30,defi,85.803,bykaranteli.com
2025-07-30,depin,49.474,bykaranteli.com
2025-07-30,l1,86.01,bykaranteli.com
2025-07-30,l2,38.113,bykaranteli.com
2025-07-30,meme,66.475,bykaranteli.com
2025-07-30,quantum,118.002,bykaranteli.com
2025-07-30,rwa,69.612,bykaranteli.com
2025-07-31,ai,46.02,bykaranteli.com
2025-07-31,defi,80.603,bykaranteli.com
2025-07-31,depin,47.856,bykaranteli.com
2025-07-31,l1,84.107,bykaranteli.com
2025-07-31,l2,35.947,bykaranteli.com
2025-07-31,meme,63.397,bykaranteli.com
2025-07-31,quantum,114.695,bykaranteli.com
2025-07-31,rwa,65.861,bykaranteli.com
2025-08-01,ai,44.182,bykaranteli.com
2025-08-01,defi,77.279,bykaranteli.com
2025-08-01,depin,45.627,bykaranteli.com
2025-08-01,l1,81.438,bykaranteli.com
2025-08-01,l2,34.982,bykaranteli.com
2025-08-01,meme,61.53,bykaranteli.com
2025-08-01,quantum,110.023,bykaranteli.com
2025-08-01,rwa,64.425,bykaranteli.com
2025-08-02,ai,42.801,bykaranteli.com
2025-08-02,defi,74.413,bykaranteli.com
2025-08-02,depin,44.554,bykaranteli.com
2025-08-02,l1,79.672,bykaranteli.com
2025-08-02,l2,34.087,bykaranteli.com
2025-08-02,meme,59.955,bykaranteli.com
2025-08-02,quantum,107.55,bykaranteli.com
2025-08-02,rwa,62.802,bykaranteli.com
2025-08-03,ai,44.576,bykaranteli.com
2025-08-03,defi,78.742,bykaranteli.com
2025-08-03,depin,45.637,bykaranteli.com
2025-08-03,l1,81.637,bykaranteli.com
2025-08-03,l2,35.464,bykaranteli.com
2025-08-03,meme,62.514,bykaranteli.com
2025-08-03,quantum,110.523,bykaranteli.com
2025-08-03,rwa,65.795,bykaranteli.com
2025-08-04,ai,46.324,bykaranteli.com
2025-08-04,defi,82.362,bykaranteli.com
2025-08-04,depin,47.483,bykaranteli.com
2025-08-04,l1,84.401,bykaranteli.com
2025-08-04,l2,37.458,bykaranteli.com
2025-08-04,meme,64.501,bykaranteli.com
2025-08-04,quantum,113.714,bykaranteli.com
2025-08-04,rwa,68.309,bykaranteli.com
2025-08-05,ai,44.294,bykaranteli.com
2025-08-05,defi,78.711,bykaranteli.com
2025-08-05,depin,45.396,bykaranteli.com
2025-08-05,l1,81.653,bykaranteli.com
2025-08-05,l2,35.856,bykaranteli.com
2025-08-05,meme,60.718,bykaranteli.com
2025-08-05,quantum,110.64,bykaranteli.com
2025-08-05,rwa,66.911,bykaranteli.com
2025-08-06,ai,45.118,bykaranteli.com
2025-08-06,defi,80.853,bykaranteli.com
2025-08-06,depin,46.061,bykaranteli.com
2025-08-06,l1,83.079,bykaranteli.com
2025-08-06,l2,36.515,bykaranteli.com
2025-08-06,meme,62.602,bykaranteli.com
2025-08-06,quantum,112.124,bykaranteli.com
2025-08-06,rwa,69.283,bykaranteli.com
2025-08-07,ai,47.751,bykaranteli.com
2025-08-07,defi,86.149,bykaranteli.com
2025-08-07,depin,48.464,bykaranteli.com
2025-08-07,l1,86.674,bykaranteli.com
2025-08-07,l2,38.996,bykaranteli.com
2025-08-07,meme,66.358,bykaranteli.com
2025-08-07,quantum,117.07,bykaranteli.com
2025-08-07,rwa,75.196,bykaranteli.com
2025-08-08,ai,48.483,bykaranteli.com
2025-08-08,defi,87.751,bykaranteli.com
2025-08-08,depin,49.794,bykaranteli.com
2025-08-08,l1,87.985,bykaranteli.com
2025-08-08,l2,40.118,bykaranteli.com
2025-08-08,meme,68.022,bykaranteli.com
2025-08-08,quantum,117.914,bykaranteli.com
2025-08-08,rwa,77.722,bykaranteli.com
2025-08-09,ai,50.319,bykaranteli.com
2025-08-09,defi,93.887,bykaranteli.com
2025-08-09,depin,51.699,bykaranteli.com
2025-08-09,l1,89.865,bykaranteli.com
2025-08-09,l2,43.119,bykaranteli.com
2025-08-09,meme,70.195,bykaranteli.com
2025-08-09,quantum,120.383,bykaranteli.com
2025-08-09,rwa,80.501,bykaranteli.com
2025-08-10,ai,49.959,bykaranteli.com
2025-08-10,defi,97.125,bykaranteli.com
2025-08-10,depin,51.536,bykaranteli.com
2025-08-10,l1,89.48,bykaranteli.com
2025-08-10,l2,42.404,bykaranteli.com
2025-08-10,meme,69.735,bykaranteli.com
2025-08-10,quantum,120.978,bykaranteli.com
2025-08-10,rwa,79.646,bykaranteli.com
2025-08-11,ai,46.742,bykaranteli.com
2025-08-11,defi,94.359,bykaranteli.com
2025-08-11,depin,48.593,bykaranteli.com
2025-08-11,l1,87.264,bykaranteli.com
2025-08-11,l2,40.124,bykaranteli.com
2025-08-11,meme,64.556,bykaranteli.com
2025-08-11,quantum,119.105,bykaranteli.com
2025-08-11,rwa,76.863,bykaranteli.com
2025-08-12,ai,50.28,bykaranteli.com
2025-08-12,defi,99.492,bykaranteli.com
2025-08-12,depin,52.246,bykaranteli.com
2025-08-12,l1,93.004,bykaranteli.com
2025-08-12,l2,43.428,bykaranteli.com
2025-08-12,meme,68.047,bykaranteli.com
2025-08-12,quantum,124.637,bykaranteli.com
2025-08-12,rwa,80.591,bykaranteli.com
2025-08-13,ai,52.487,bykaranteli.com
2025-08-13,defi,102.901,bykaranteli.com
2025-08-13,depin,54.081,bykaranteli.com
2025-08-13,l1,96.3,bykaranteli.com
2025-08-13,l2,47.564,bykaranteli.com
2025-08-13,meme,70.429,bykaranteli.com
2025-08-13,quantum,127.462,bykaranteli.com
2025-08-13,rwa,81.321,bykaranteli.com
2025-08-14,ai,48,bykaranteli.com
2025-08-14,defi,95.366,bykaranteli.com
2025-08-14,depin,49.127,bykaranteli.com
2025-08-14,l1,92.593,bykaranteli.com
2025-08-14,l2,43.147,bykaranteli.com
2025-08-14,meme,63.417,bykaranteli.com
2025-08-14,quantum,122.058,bykaranteli.com
2025-08-14,rwa,75.36,bykaranteli.com
2025-08-15,ai,47.799,bykaranteli.com
2025-08-15,defi,93.449,bykaranteli.com
2025-08-15,depin,48.962,bykaranteli.com
2025-08-15,l1,91.663,bykaranteli.com
2025-08-15,l2,42.224,bykaranteli.com
2025-08-15,meme,62.936,bykaranteli.com
2025-08-15,quantum,120.363,bykaranteli.com
2025-08-15,rwa,74.402,bykaranteli.com
2025-08-16,ai,48.588,bykaranteli.com
2025-08-16,defi,94.427,bykaranteli.com
2025-08-16,depin,49.894,bykaranteli.com
2025-08-16,l1,92.312,bykaranteli.com
2025-08-16,l2,43.379,bykaranteli.com
2025-08-16,meme,63.895,bykaranteli.com
2025-08-16,quantum,120.086,bykaranteli.com
2025-08-16,rwa,76.157,bykaranteli.com
2025-08-17,ai,48.449,bykaranteli.com
2025-08-17,defi,93.984,bykaranteli.com
2025-08-17,depin,49.739,bykaranteli.com
2025-08-17,l1,93.921,bykaranteli.com
2025-08-17,l2,45.125,bykaranteli.com
2025-08-17,meme,64.104,bykaranteli.com
2025-08-17,quantum,120.709,bykaranteli.com
2025-08-17,rwa,77.891,bykaranteli.com
2025-08-18,ai,46.196,bykaranteli.com
2025-08-18,defi,90.142,bykaranteli.com
2025-08-18,depin,47.875,bykaranteli.com
2025-08-18,l1,90.494,bykaranteli.com
2025-08-18,l2,43.457,bykaranteli.com
2025-08-18,meme,61.564,bykaranteli.com
2025-08-18,quantum,118.23,bykaranteli.com
2025-08-18,rwa,75.559,bykaranteli.com
2025-08-19,ai,44.097,bykaranteli.com
2025-08-19,defi,85.953,bykaranteli.com
2025-08-19,depin,46.28,bykaranteli.com
2025-08-19,l1,86.362,bykaranteli.com
2025-08-19,l2,40.905,bykaranteli.com
2025-08-19,meme,58.514,bykaranteli.com
2025-08-19,quantum,113.188,bykaranteli.com
2025-08-19,rwa,70.889,bykaranteli.com
2025-08-20,ai,46.235,bykaranteli.com
2025-08-20,defi,90.871,bykaranteli.com
2025-08-20,depin,47.904,bykaranteli.com
2025-08-20,l1,90.16,bykaranteli.com
2025-08-20,l2,44.492,bykaranteli.com
2025-08-20,meme,61.5,bykaranteli.com
2025-08-20,quantum,117.666,bykaranteli.com
2025-08-20,rwa,74.812,bykaranteli.com
2025-08-21,ai,44.672,bykaranteli.com
2025-08-21,defi,88.258,bykaranteli.com
2025-08-21,depin,46.726,bykaranteli.com
2025-08-21,l1,88.049,bykaranteli.com
2025-08-21,l2,42.355,bykaranteli.com
2025-08-21,meme,59.38,bykaranteli.com
2025-08-21,quantum,115.758,bykaranteli.com
2025-08-21,rwa,72.497,bykaranteli.com
2025-08-22,ai,48.801,bykaranteli.com
2025-08-22,defi,100.021,bykaranteli.com
2025-08-22,depin,50.602,bykaranteli.com
2025-08-22,l1,95.884,bykaranteli.com
2025-08-22,l2,47.219,bykaranteli.com
2025-08-22,meme,66.026,bykaranteli.com
2025-08-22,quantum,124.583,bykaranteli.com
2025-08-22,rwa,78.544,bykaranteli.com
2025-08-23,ai,48.316,bykaranteli.com
2025-08-23,defi,98.815,bykaranteli.com
2025-08-23,depin,49.746,bykaranteli.com
2025-08-23,l1,95.679,bykaranteli.com
2025-08-23,l2,47.164,bykaranteli.com
2025-08-23,meme,64.663,bykaranteli.com
2025-08-23,quantum,122.999,bykaranteli.com
2025-08-23,rwa,79.1,bykaranteli.com
2025-08-24,ai,47.569,bykaranteli.com
2025-08-24,defi,96.398,bykaranteli.com
2025-08-24,depin,48.565,bykaranteli.com
2025-08-24,l1,94.576,bykaranteli.com
2025-08-24,l2,45.809,bykaranteli.com
2025-08-24,meme,62.49,bykaranteli.com
2025-08-24,quantum,120.769,bykaranteli.com
2025-08-24,rwa,77.287,bykaranteli.com
2025-08-25,ai,42.81,bykaranteli.com
2025-08-25,defi,86.533,bykaranteli.com
2025-08-25,depin,44.468,bykaranteli.com
2025-08-25,l1,87.318,bykaranteli.com
2025-08-25,l2,41.136,bykaranteli.com
2025-08-25,meme,56.612,bykaranteli.com
2025-08-25,quantum,114.899,bykaranteli.com
2025-08-25,rwa,70.034,bykaranteli.com
2025-08-26,ai,45.363,bykaranteli.com
2025-08-26,defi,89.568,bykaranteli.com
2025-08-26,depin,46.557,bykaranteli.com
2025-08-26,l1,90.337,bykaranteli.com
2025-08-26,l2,42.617,bykaranteli.com
2025-08-26,meme,58.994,bykaranteli.com
2025-08-26,quantum,118.898,bykaranteli.com
2025-08-26,rwa,72.93,bykaranteli.com
2025-08-27,ai,45.137,bykaranteli.com
2025-08-27,defi,88.998,bykaranteli.com
2025-08-27,depin,46.763,bykaranteli.com
2025-08-27,l1,89.896,bykaranteli.com
2025-08-27,l2,41.784,bykaranteli.com
2025-08-27,meme,58.584,bykaranteli.com
2025-08-27,quantum,117.159,bykaranteli.com
2025-08-27,rwa,72.589,bykaranteli.com
2025-08-28,ai,46.1,bykaranteli.com
2025-08-28,defi,91.819,bykaranteli.com
2025-08-28,depin,47.961,bykaranteli.com
2025-08-28,l1,91.659,bykaranteli.com
2025-08-28,l2,43.621,bykaranteli.com
2025-08-28,meme,59.959,bykaranteli.com
2025-08-28,quantum,117.979,bykaranteli.com
2025-08-28,rwa,73.748,bykaranteli.com
2025-08-29,ai,43.429,bykaranteli.com
2025-08-29,defi,87.969,bykaranteli.com
2025-08-29,depin,45.5,bykaranteli.com
2025-08-29,l1,88.08,bykaranteli.com
2025-08-29,l2,40.94,bykaranteli.com
2025-08-29,meme,57.668,bykaranteli.com
2025-08-29,quantum,114.227,bykaranteli.com
2025-08-29,rwa,70.683,bykaranteli.com
2025-08-30,ai,44.152,bykaranteli.com
2025-08-30,defi,88.178,bykaranteli.com
2025-08-30,depin,45.627,bykaranteli.com
2025-08-30,l1,88.496,bykaranteli.com
2025-08-30,l2,41.924,bykaranteli.com
2025-08-30,meme,58.378,bykaranteli.com
2025-08-30,quantum,115.337,bykaranteli.com
2025-08-30,rwa,71.863,bykaranteli.com
2025-08-31,ai,43.332,bykaranteli.com
2025-08-31,defi,86.772,bykaranteli.com
2025-08-31,depin,44.986,bykaranteli.com
2025-08-31,l1,87.834,bykaranteli.com
2025-08-31,l2,41.74,bykaranteli.com
2025-08-31,meme,57.685,bykaranteli.com
2025-08-31,quantum,115.004,bykaranteli.com
2025-08-31,rwa,70.036,bykaranteli.com
2025-09-01,ai,42.287,bykaranteli.com
2025-09-01,defi,84.24,bykaranteli.com
2025-09-01,depin,44.096,bykaranteli.com
2025-09-01,l1,86.656,bykaranteli.com
2025-09-01,l2,40.052,bykaranteli.com
2025-09-01,meme,55.926,bykaranteli.com
2025-09-01,quantum,113.43,bykaranteli.com
2025-09-01,rwa,68.243,bykaranteli.com
2025-09-02,ai,43.68,bykaranteli.com
2025-09-02,defi,87.731,bykaranteli.com
2025-09-02,depin,44.923,bykaranteli.com
2025-09-02,l1,89.159,bykaranteli.com
2025-09-02,l2,41.753,bykaranteli.com
2025-09-02,meme,58.015,bykaranteli.com
2025-09-02,quantum,114.451,bykaranteli.com
2025-09-02,rwa,70.493,bykaranteli.com
2025-09-03,ai,43.881,bykaranteli.com
2025-09-03,defi,89.471,bykaranteli.com
2025-09-03,depin,45.251,bykaranteli.com
2025-09-03,l1,90.234,bykaranteli.com
2025-09-03,l2,41.76,bykaranteli.com
2025-09-03,meme,58.307,bykaranteli.com
2025-09-03,quantum,116.007,bykaranteli.com
2025-09-03,rwa,71.833,bykaranteli.com
2025-09-04,ai,42.191,bykaranteli.com
2025-09-04,defi,84.519,bykaranteli.com
2025-09-04,depin,43.761,bykaranteli.com
2025-09-04,l1,87.644,bykaranteli.com
2025-09-04,l2,40.185,bykaranteli.com
2025-09-04,meme,55.81,bykaranteli.com
2025-09-04,quantum,114.078,bykaranteli.com
2025-09-04,rwa,69.15,bykaranteli.com
2025-09-05,ai,43.408,bykaranteli.com
2025-09-05,defi,86.787,bykaranteli.com
2025-09-05,depin,44.572,bykaranteli.com
2025-09-05,l1,88.385,bykaranteli.com
2025-09-05,l2,41.27,bykaranteli.com
2025-09-05,meme,57.429,bykaranteli.com
2025-09-05,quantum,114.623,bykaranteli.com
2025-09-05,rwa,70.856,bykaranteli.com
2025-09-06,ai,43.457,bykaranteli.com
2025-09-06,defi,86.336,bykaranteli.com
2025-09-06,depin,44.105,bykaranteli.com
2025-09-06,l1,87.385,bykaranteli.com
2025-09-06,l2,40.854,bykaranteli.com
2025-09-06,meme,56.809,bykaranteli.com
2025-09-06,quantum,113.999,bykaranteli.com
2025-09-06,rwa,70.432,bykaranteli.com
2025-09-07,ai,44.919,bykaranteli.com
2025-09-07,defi,87.311,bykaranteli.com
2025-09-07,depin,45.124,bykaranteli.com
2025-09-07,l1,89.466,bykaranteli.com
2025-09-07,l2,41.397,bykaranteli.com
2025-09-07,meme,58.904,bykaranteli.com
2025-09-07,quantum,114.732,bykaranteli.com
2025-09-07,rwa,71.549,bykaranteli.com
2025-09-08,ai,51.136,bykaranteli.com
2025-09-08,defi,89.382,bykaranteli.com
2025-09-08,depin,47.203,bykaranteli.com
2025-09-08,l1,90.99,bykaranteli.com
2025-09-08,l2,42.415,bykaranteli.com
2025-09-08,meme,62.306,bykaranteli.com
2025-09-08,quantum,113.885,bykaranteli.com
2025-09-08,rwa,74.441,bykaranteli.com
2025-09-09,ai,54.428,bykaranteli.com
2025-09-09,defi,89.236,bykaranteli.com
2025-09-09,depin,48.085,bykaranteli.com
2025-09-09,l1,91.59,bykaranteli.com
2025-09-09,l2,42.652,bykaranteli.com
2025-09-09,meme,62.035,bykaranteli.com
2025-09-09,quantum,113.14,bykaranteli.com
2025-09-09,rwa,73.747,bykaranteli.com
2025-09-10,ai,54.052,bykaranteli.com
2025-09-10,defi,90.849,bykaranteli.com
2025-09-10,depin,48.421,bykaranteli.com
2025-09-10,l1,94.644,bykaranteli.com
2025-09-10,l2,43.177,bykaranteli.com
2025-09-10,meme,63.279,bykaranteli.com
2025-09-10,quantum,115.534,bykaranteli.com
2025-09-10,rwa,77.208,bykaranteli.com
2025-09-11,ai,54.312,bykaranteli.com
2025-09-11,defi,93.232,bykaranteli.com
2025-09-11,depin,49.615,bykaranteli.com
2025-09-11,l1,95.705,bykaranteli.com
2025-09-11,l2,43.741,bykaranteli.com
2025-09-11,meme,64.67,bykaranteli.com
2025-09-11,quantum,117.167,bykaranteli.com
2025-09-11,rwa,79.246,bykaranteli.com
2025-09-12,ai,55.069,bykaranteli.com
2025-09-12,defi,95.26,bykaranteli.com
2025-09-12,depin,50.354,bykaranteli.com
2025-09-12,l1,98.025,bykaranteli.com
2025-09-12,l2,44.575,bykaranteli.com
2025-09-12,meme,67.98,bykaranteli.com
2025-09-12,quantum,120.263,bykaranteli.com
2025-09-12,rwa,82.499,bykaranteli.com
2025-09-13,ai,55.181,bykaranteli.com
2025-09-13,defi,93.774,bykaranteli.com
2025-09-13,depin,51.009,bykaranteli.com
2025-09-13,l1,99.212,bykaranteli.com
2025-09-13,l2,44.924,bykaranteli.com
2025-09-13,meme,69.723,bykaranteli.com
2025-09-13,quantum,120.679,bykaranteli.com
2025-09-13,rwa,81.931,bykaranteli.com
2025-09-14,ai,52.942,bykaranteli.com
2025-09-14,defi,90.087,bykaranteli.com
2025-09-14,depin,49.147,bykaranteli.com
2025-09-14,l1,97.041,bykaranteli.com
2025-09-14,l2,42.879,bykaranteli.com
2025-09-14,meme,66.47,bykaranteli.com
2025-09-14,quantum,119.003,bykaranteli.com
2025-09-14,rwa,79.803,bykaranteli.com
2025-09-15,ai,51.151,bykaranteli.com
2025-09-15,defi,86.465,bykaranteli.com
2025-09-15,depin,47.876,bykaranteli.com
2025-09-15,l1,95.136,bykaranteli.com
2025-09-15,l2,41.228,bykaranteli.com
2025-09-15,meme,63.285,bykaranteli.com
2025-09-15,quantum,117.515,bykaranteli.com
2025-09-15,rwa,77.033,bykaranteli.com
2025-09-16,ai,51.844,bykaranteli.com
2025-09-16,defi,86.91,bykaranteli.com
2025-09-16,depin,48.546,bykaranteli.com
2025-09-16,l1,96.365,bykaranteli.com
2025-09-16,l2,41.975,bykaranteli.com
2025-09-16,meme,65.149,bykaranteli.com
2025-09-16,quantum,117.63,bykaranteli.com
2025-09-16,rwa,77.476,bykaranteli.com
2025-09-17,ai,54.014,bykaranteli.com
2025-09-17,defi,91.185,bykaranteli.com
2025-09-17,depin,49.48,bykaranteli.com
2025-09-17,l1,99.171,bykaranteli.com
2025-09-17,l2,43.123,bykaranteli.com
2025-09-17,meme,67.281,bykaranteli.com
2025-09-17,quantum,119.183,bykaranteli.com
2025-09-17,rwa,79.317,bykaranteli.com
2025-09-18,ai,55.35,bykaranteli.com
2025-09-18,defi,92.109,bykaranteli.com
2025-09-18,depin,49.772,bykaranteli.com
2025-09-18,l1,101.498,bykaranteli.com
2025-09-18,l2,43.635,bykaranteli.com
2025-09-18,meme,67.478,bykaranteli.com
2025-09-18,quantum,118.669,bykaranteli.com
2025-09-18,rwa,79.779,bykaranteli.com
2025-09-19,ai,52.774,bykaranteli.com
2025-09-19,defi,87.976,bykaranteli.com
2025-09-19,depin,47.404,bykaranteli.com
2025-09-19,l1,98.402,bykaranteli.com
2025-09-19,l2,41.026,bykaranteli.com
2025-09-19,meme,63.961,bykaranteli.com
2025-09-19,quantum,116.363,bykaranteli.com
2025-09-19,rwa,76.499,bykaranteli.com
2025-09-20,ai,53.253,bykaranteli.com
2025-09-20,defi,89.117,bykaranteli.com
2025-09-20,depin,47.569,bykaranteli.com
2025-09-20,l1,99.154,bykaranteli.com
2025-09-20,l2,41.55,bykaranteli.com
2025-09-20,meme,63.889,bykaranteli.com
2025-09-20,quantum,116.303,bykaranteli.com
2025-09-20,rwa,76.424,bykaranteli.com
2025-09-21,ai,52.358,bykaranteli.com
2025-09-21,defi,86.959,bykaranteli.com
2025-09-21,depin,46.667,bykaranteli.com
2025-09-21,l1,98.277,bykaranteli.com
2025-09-21,l2,40.753,bykaranteli.com
2025-09-21,meme,62.244,bykaranteli.com
2025-09-21,quantum,115.535,bykaranteli.com
2025-09-21,rwa,74.839,bykaranteli.com
2025-09-22,ai,48.785,bykaranteli.com
2025-09-22,defi,79.675,bykaranteli.com
2025-09-22,depin,43.701,bykaranteli.com
2025-09-22,l1,93.4,bykaranteli.com
2025-09-22,l2,36.896,bykaranteli.com
2025-09-22,meme,57.339,bykaranteli.com
2025-09-22,quantum,109.998,bykaranteli.com
2025-09-22,rwa,70.035,bykaranteli.com
2025-09-23,ai,47.364,bykaranteli.com
2025-09-23,defi,79.635,bykaranteli.com
2025-09-23,depin,43.002,bykaranteli.com
2025-09-23,l1,92.552,bykaranteli.com
2025-09-23,l2,36.402,bykaranteli.com
2025-09-23,meme,56.491,bykaranteli.com
2025-09-23,quantum,110.197,bykaranteli.com
2025-09-23,rwa,68.945,bykaranteli.com
2025-09-24,ai,48.344,bykaranteli.com
2025-09-24,defi,80.005,bykaranteli.com
2025-09-24,depin,43.561,bykaranteli.com
2025-09-24,l1,92.34,bykaranteli.com
2025-09-24,l2,36.932,bykaranteli.com
2025-09-24,meme,56.915,bykaranteli.com
2025-09-24,quantum,112.188,bykaranteli.com
2025-09-24,rwa,69.462,bykaranteli.com
2025-09-25,ai,44.942,bykaranteli.com
2025-09-25,defi,74.877,bykaranteli.com
2025-09-25,depin,40.804,bykaranteli.com
2025-09-25,l1,86.161,bykaranteli.com
2025-09-25,l2,34.603,bykaranteli.com
2025-09-25,meme,53.179,bykaranteli.com
2025-09-25,quantum,104.388,bykaranteli.com
2025-09-25,rwa,64.784,bykaranteli.com
2025-09-26,ai,46.339,bykaranteli.com
2025-09-26,defi,77.542,bykaranteli.com
2025-09-26,depin,42.415,bykaranteli.com
2025-09-26,l1,89.047,bykaranteli.com
2025-09-26,l2,36.161,bykaranteli.com
2025-09-26,meme,55.222,bykaranteli.com
2025-09-26,quantum,109.564,bykaranteli.com
2025-09-26,rwa,67.205,bykaranteli.com
2025-09-27,ai,45.759,bykaranteli.com
2025-09-27,defi,76.553,bykaranteli.com
2025-09-27,depin,41.871,bykaranteli.com
2025-09-27,l1,88.674,bykaranteli.com
2025-09-27,l2,36.547,bykaranteli.com
2025-09-27,meme,54.346,bykaranteli.com
2025-09-27,quantum,111.132,bykaranteli.com
2025-09-27,rwa,67.472,bykaranteli.com
2025-09-28,ai,46.95,bykaranteli.com
2025-09-28,defi,79.176,bykaranteli.com
2025-09-28,depin,42.494,bykaranteli.com
2025-09-28,l1,90.763,bykaranteli.com
2025-09-28,l2,37.144,bykaranteli.com
2025-09-28,meme,55.548,bykaranteli.com
2025-09-28,quantum,113.224,bykaranteli.com
2025-09-28,rwa,68.69,bykaranteli.com
2025-09-29,ai,46.116,bykaranteli.com
2025-09-29,defi,78.043,bykaranteli.com
2025-09-29,depin,41.936,bykaranteli.com
2025-09-29,l1,91.462,bykaranteli.com
2025-09-29,l2,36.742,bykaranteli.com
2025-09-29,meme,54.851,bykaranteli.com
2025-09-29,quantum,115.797,bykaranteli.com
2025-09-29,rwa,67.255,bykaranteli.com
2025-09-30,ai,44.748,bykaranteli.com
2025-09-30,defi,76.872,bykaranteli.com
2025-09-30,depin,41.029,bykaranteli.com
2025-09-30,l1,90.84,bykaranteli.com
2025-09-30,l2,37.144,bykaranteli.com
2025-09-30,meme,54.237,bykaranteli.com
2025-09-30,quantum,114.153,bykaranteli.com
2025-09-30,rwa,65.221,bykaranteli.com
2025-10-01,ai,47.511,bykaranteli.com
2025-10-01,defi,81.487,bykaranteli.com
2025-10-01,depin,43.154,bykaranteli.com
2025-10-01,l1,95.407,bykaranteli.com
2025-10-01,l2,39.569,bykaranteli.com
2025-10-01,meme,57.569,bykaranteli.com
2025-10-01,quantum,118.825,bykaranteli.com
2025-10-01,rwa,69.667,bykaranteli.com
2025-10-02,ai,49.122,bykaranteli.com
2025-10-02,defi,86.109,bykaranteli.com
2025-10-02,depin,44.276,bykaranteli.com
2025-10-02,l1,98.654,bykaranteli.com
2025-10-02,l2,40.566,bykaranteli.com
2025-10-02,meme,59.294,bykaranteli.com
2025-10-02,quantum,121.559,bykaranteli.com
2025-10-02,rwa,70.777,bykaranteli.com
2025-10-03,ai,48.737,bykaranteli.com
2025-10-03,defi,86.963,bykaranteli.com
2025-10-03,depin,44.421,bykaranteli.com
2025-10-03,l1,99.904,bykaranteli.com
2025-10-03,l2,40.439,bykaranteli.com
2025-10-03,meme,59.97,bykaranteli.com
2025-10-03,quantum,122.066,bykaranteli.com
2025-10-03,rwa,70.81,bykaranteli.com
2025-10-04,ai,47.274,bykaranteli.com
2025-10-04,defi,84.349,bykaranteli.com
2025-10-04,depin,42.925,bykaranteli.com
2025-10-04,l1,97.905,bykaranteli.com
2025-10-04,l2,39.209,bykaranteli.com
2025-10-04,meme,58.739,bykaranteli.com
2025-10-04,quantum,120.733,bykaranteli.com
2025-10-04,rwa,69.1,bykaranteli.com
2025-10-05,ai,46.901,bykaranteli.com
2025-10-05,defi,83.368,bykaranteli.com
2025-10-05,depin,43.334,bykaranteli.com
2025-10-05,l1,98.278,bykaranteli.com
2025-10-05,l2,39.155,bykaranteli.com
2025-10-05,meme,58.925,bykaranteli.com
2025-10-05,quantum,121.061,bykaranteli.com
2025-10-05,rwa,68.536,bykaranteli.com
2025-10-06,ai,49.141,bykaranteli.com
2025-10-06,defi,87.721,bykaranteli.com
2025-10-06,depin,44.666,bykaranteli.com
2025-10-06,l1,100.671,bykaranteli.com
2025-10-06,l2,42.036,bykaranteli.com
2025-10-06,meme,61.577,bykaranteli.com
2025-10-06,quantum,124.231,bykaranteli.com
2025-10-06,rwa,73.611,bykaranteli.com
2025-10-07,ai,46.63,bykaranteli.com
2025-10-07,defi,84.569,bykaranteli.com
2025-10-07,depin,42.504,bykaranteli.com
2025-10-07,l1,97.212,bykaranteli.com
2025-10-07,l2,39.158,bykaranteli.com
2025-10-07,meme,57.441,bykaranteli.com
2025-10-07,quantum,119.221,bykaranteli.com
2025-10-07,rwa,68.647,bykaranteli.com
2025-10-08,ai,47.502,bykaranteli.com
2025-10-08,defi,85.778,bykaranteli.com
2025-10-08,depin,42.997,bykaranteli.com
2025-10-08,l1,98.644,bykaranteli.com
2025-10-08,l2,39.864,bykaranteli.com
2025-10-08,meme,58.894,bykaranteli.com
2025-10-08,quantum,121.211,bykaranteli.com
2025-10-08,rwa,69.374,bykaranteli.com
2025-10-09,ai,45.473,bykaranteli.com
2025-10-09,defi,82.277,bykaranteli.com
2025-10-09,depin,41.778,bykaranteli.com
2025-10-09,l1,95.898,bykaranteli.com
2025-10-09,l2,38.645,bykaranteli.com
2025-10-09,meme,56.218,bykaranteli.com
2025-10-09,quantum,118.728,bykaranteli.com
2025-10-09,rwa,67.343,bykaranteli.com
2025-10-10,ai,33.251,bykaranteli.com
2025-10-10,defi,63.327,bykaranteli.com
2025-10-10,depin,28.649,bykaranteli.com
2025-10-10,l1,77.061,bykaranteli.com
2025-10-10,l2,27.227,bykaranteli.com
2025-10-10,meme,41.39,bykaranteli.com
2025-10-10,quantum,104.597,bykaranteli.com
2025-10-10,rwa,50.74,bykaranteli.com
2025-10-11,ai,33.75,bykaranteli.com
2025-10-11,defi,61.136,bykaranteli.com
2025-10-11,depin,28.525,bykaranteli.com
2025-10-11,l1,76.853,bykaranteli.com
2025-10-11,l2,27.454,bykaranteli.com
2025-10-11,meme,41.588,bykaranteli.com
2025-10-11,quantum,104.471,bykaranteli.com
2025-10-11,rwa,51.388,bykaranteli.com
2025-10-12,ai,37.921,bykaranteli.com
2025-10-12,defi,69.373,bykaranteli.com
2025-10-12,depin,31.766,bykaranteli.com
2025-10-12,l1,83.733,bykaranteli.com
2025-10-12,l2,29.851,bykaranteli.com
2025-10-12,meme,46.553,bykaranteli.com
2025-10-12,quantum,110.962,bykaranteli.com
2025-10-12,rwa,56.893,bykaranteli.com
2025-10-13,ai,40.675,bykaranteli.com
2025-10-13,defi,74.774,bykaranteli.com
2025-10-13,depin,33.91,bykaranteli.com
2025-10-13,l1,86.427,bykaranteli.com
2025-10-13,l2,31.434,bykaranteli.com
2025-10-13,meme,49.057,bykaranteli.com
2025-10-13,quantum,112.056,bykaranteli.com
2025-10-13,rwa,61.158,bykaranteli.com
2025-10-14,ai,38.322,bykaranteli.com
2025-10-14,defi,71.144,bykaranteli.com
2025-10-14,depin,32.168,bykaranteli.com
2025-10-14,l1,82.877,bykaranteli.com
2025-10-14,l2,30.031,bykaranteli.com
2025-10-14,meme,47.018,bykaranteli.com
2025-10-14,quantum,109.521,bykaranteli.com
2025-10-14,rwa,59.559,bykaranteli.com
2025-10-15,ai,36.527,bykaranteli.com
2025-10-15,defi,66.736,bykaranteli.com
2025-10-15,depin,30.548,bykaranteli.com
2025-10-15,l1,79.959,bykaranteli.com
2025-10-15,l2,28.408,bykaranteli.com
2025-10-15,meme,44.611,bykaranteli.com
2025-10-15,quantum,106.39,bykaranteli.com
2025-10-15,rwa,56.844,bykaranteli.com
2025-10-16,ai,34.359,bykaranteli.com
2025-10-16,defi,64.343,bykaranteli.com
2025-10-16,depin,29.094,bykaranteli.com
2025-10-16,l1,77.132,bykaranteli.com
2025-10-16,l2,27.271,bykaranteli.com
2025-10-16,meme,42.875,bykaranteli.com
2025-10-16,quantum,103.387,bykaranteli.com
2025-10-16,rwa,54.039,bykaranteli.com
2025-10-17,ai,33.708,bykaranteli.com
2025-10-17,defi,62.816,bykaranteli.com
2025-10-17,depin,28.611,bykaranteli.com
2025-10-17,l1,74.581,bykaranteli.com
2025-10-17,l2,26.579,bykaranteli.com
2025-10-17,meme,41.611,bykaranteli.com
2025-10-17,quantum,101.527,bykaranteli.com
2025-10-17,rwa,52.123,bykaranteli.com
2025-10-18,ai,33.992,bykaranteli.com
2025-10-18,defi,64.144,bykaranteli.com
2025-10-18,depin,28.923,bykaranteli.com
2025-10-18,l1,75.842,bykaranteli.com
2025-10-18,l2,26.9,bykaranteli.com
2025-10-18,meme,42.225,bykaranteli.com
2025-10-18,quantum,103.425,bykaranteli.com
2025-10-18,rwa,52.341,bykaranteli.com
2025-10-19,ai,35.643,bykaranteli.com
2025-10-19,defi,66.071,bykaranteli.com
2025-10-19,depin,29.439,bykaranteli.com
2025-10-19,l1,77.315,bykaranteli.com
2025-10-19,l2,27.78,bykaranteli.com
2025-10-19,meme,43.383,bykaranteli.com
2025-10-19,quantum,104.596,bykaranteli.com
2025-10-19,rwa,53.372,bykaranteli.com
2025-10-20,ai,35.309,bykaranteli.com
2025-10-20,defi,66.316,bykaranteli.com
2025-10-20,depin,29.404,bykaranteli.com
2025-10-20,l1,77.809,bykaranteli.com
2025-10-20,l2,28.482,bykaranteli.com
2025-10-20,meme,45.023,bykaranteli.com
2025-10-20,quantum,105.408,bykaranteli.com
2025-10-20,rwa,54.234,bykaranteli.com
2025-10-21,ai,33.468,bykaranteli.com
2025-10-21,defi,64.26,bykaranteli.com
2025-10-21,depin,28.723,bykaranteli.com
2025-10-21,l1,75.683,bykaranteli.com
2025-10-21,l2,27.134,bykaranteli.com
2025-10-21,meme,43.408,bykaranteli.com
2025-10-21,quantum,102.49,bykaranteli.com
2025-10-21,rwa,52.144,bykaranteli.com
2025-10-22,ai,32.454,bykaranteli.com
2025-10-22,defi,62.715,bykaranteli.com
2025-10-22,depin,28.04,bykaranteli.com
2025-10-22,l1,74.318,bykaranteli.com
2025-10-22,l2,26.245,bykaranteli.com
2025-10-22,meme,41.774,bykaranteli.com
2025-10-22,quantum,101.279,bykaranteli.com
2025-10-22,rwa,50.701,bykaranteli.com
2025-10-23,ai,33.536,bykaranteli.com
2025-10-23,defi,64.926,bykaranteli.com
2025-10-23,depin,29.021,bykaranteli.com
2025-10-23,l1,75.867,bykaranteli.com
2025-10-23,l2,27.161,bykaranteli.com
2025-10-23,meme,43.293,bykaranteli.com
2025-10-23,quantum,103.378,bykaranteli.com
2025-10-23,rwa,52.438,bykaranteli.com
2025-10-24,ai,34.394,bykaranteli.com
2025-10-24,defi,66.523,bykaranteli.com
2025-10-24,depin,29.176,bykaranteli.com
2025-10-24,l1,76.811,bykaranteli.com
2025-10-24,l2,27.674,bykaranteli.com
2025-10-24,meme,44.327,bykaranteli.com
2025-10-24,quantum,104.008,bykaranteli.com
2025-10-24,rwa,53.511,bykaranteli.com
2025-10-25,ai,34.621,bykaranteli.com
2025-10-25,defi,66.668,bykaranteli.com
2025-10-25,depin,29.317,bykaranteli.com
2025-10-25,l1,76.822,bykaranteli.com
2025-10-25,l2,27.396,bykaranteli.com
2025-10-25,meme,44.271,bykaranteli.com
2025-10-25,quantum,104.316,bykaranteli.com
2025-10-25,rwa,53.513,bykaranteli.com
2025-10-26,ai,36.05,bykaranteli.com
2025-10-26,defi,70.221,bykaranteli.com
2025-10-26,depin,30.33,bykaranteli.com
2025-10-26,l1,80.061,bykaranteli.com
2025-10-26,l2,28.431,bykaranteli.com
2025-10-26,meme,45.899,bykaranteli.com
2025-10-26,quantum,107.927,bykaranteli.com
2025-10-26,rwa,55.661,bykaranteli.com
2025-10-27,ai,35,bykaranteli.com
2025-10-27,defi,68.784,bykaranteli.com
2025-10-27,depin,29.707,bykaranteli.com
2025-10-27,l1,78.934,bykaranteli.com
2025-10-27,l2,27.684,bykaranteli.com
2025-10-27,meme,45.55,bykaranteli.com
2025-10-27,quantum,106.294,bykaranteli.com
2025-10-27,rwa,53.59,bykaranteli.com
2025-10-28,ai,34.453,bykaranteli.com
2025-10-28,defi,66.358,bykaranteli.com
2025-10-28,depin,28.445,bykaranteli.com
2025-10-28,l1,76.833,bykaranteli.com
2025-10-28,l2,26.629,bykaranteli.com
2025-10-28,meme,44.357,bykaranteli.com
2025-10-28,quantum,104.424,bykaranteli.com
2025-10-28,rwa,52.318,bykaranteli.com
2025-10-29,ai,34.505,bykaranteli.com
2025-10-29,defi,66.01,bykaranteli.com
2025-10-29,depin,28.599,bykaranteli.com
2025-10-29,l1,76.824,bykaranteli.com
2025-10-29,l2,26.77,bykaranteli.com
2025-10-29,meme,45.591,bykaranteli.com
2025-10-29,quantum,103.085,bykaranteli.com
2025-10-29,rwa,53.166,bykaranteli.com
2025-10-30,ai,31.832,bykaranteli.com
2025-10-30,defi,61.4,bykaranteli.com
2025-10-30,depin,26.759,bykaranteli.com
2025-10-30,l1,73.062,bykaranteli.com
2025-10-30,l2,24.731,bykaranteli.com
2025-10-30,meme,41.9,bykaranteli.com
2025-10-30,quantum,100.597,bykaranteli.com
2025-10-30,rwa,49.656,bykaranteli.com
2025-10-31,ai,32.7,bykaranteli.com
2025-10-31,defi,61.679,bykaranteli.com
2025-10-31,depin,27.113,bykaranteli.com
2025-10-31,l1,74.345,bykaranteli.com
2025-10-31,l2,24.582,bykaranteli.com
2025-10-31,meme,43.308,bykaranteli.com
2025-10-31,quantum,101.94,bykaranteli.com
2025-10-31,rwa,50.397,bykaranteli.com
2025-11-01,ai,34.72,bykaranteli.com
2025-11-01,defi,62.218,bykaranteli.com
2025-11-01,depin,29.299,bykaranteli.com
2025-11-01,l1,75.222,bykaranteli.com
2025-11-01,l2,29.025,bykaranteli.com
2025-11-01,meme,43.761,bykaranteli.com
2025-11-01,quantum,102.367,bykaranteli.com
2025-11-01,rwa,52.013,bykaranteli.com
2025-11-02,ai,34.114,bykaranteli.com
2025-11-02,defi,61.947,bykaranteli.com
2025-11-02,depin,28.909,bykaranteli.com
2025-11-02,l1,75.338,bykaranteli.com
2025-11-02,l2,30.474,bykaranteli.com
2025-11-02,meme,43.517,bykaranteli.com
2025-11-02,quantum,102.72,bykaranteli.com
2025-11-02,rwa,51.692,bykaranteli.com
2025-11-03,ai,29.671,bykaranteli.com
2025-11-03,defi,54.954,bykaranteli.com
2025-11-03,depin,25.335,bykaranteli.com
2025-11-03,l1,67.056,bykaranteli.com
2025-11-03,l2,26.442,bykaranteli.com
2025-11-03,meme,38.071,bykaranteli.com
2025-11-03,quantum,96.303,bykaranteli.com
2025-11-03,rwa,45.375,bykaranteli.com
2025-11-04,ai,28.374,bykaranteli.com
2025-11-04,defi,53.021,bykaranteli.com
2025-11-04,depin,25.007,bykaranteli.com
2025-11-04,l1,63.667,bykaranteli.com
2025-11-04,l2,26.443,bykaranteli.com
2025-11-04,meme,36.259,bykaranteli.com
2025-11-04,quantum,91.416,bykaranteli.com
2025-11-04,rwa,43.282,bykaranteli.com
2025-11-05,ai,29.455,bykaranteli.com
2025-11-05,defi,55.059,bykaranteli.com
2025-11-05,depin,26.045,bykaranteli.com
2025-11-05,l1,66.099,bykaranteli.com
2025-11-05,l2,28.128,bykaranteli.com
2025-11-05,meme,38.631,bykaranteli.com
2025-11-05,quantum,99.011,bykaranteli.com
2025-11-05,rwa,45.366,bykaranteli.com
2025-11-06,ai,29.448,bykaranteli.com
2025-11-06,defi,53.093,bykaranteli.com
2025-11-06,depin,28.545,bykaranteli.com
2025-11-06,l1,65.007,bykaranteli.com
2025-11-06,l2,27.842,bykaranteli.com
2025-11-06,meme,37.292,bykaranteli.com
2025-11-06,quantum,95.386,bykaranteli.com
2025-11-06,rwa,43.401,bykaranteli.com
2025-11-07,ai,36.481,bykaranteli.com
2025-11-07,defi,58.419,bykaranteli.com
2025-11-07,depin,37.171,bykaranteli.com
2025-11-07,l1,70.63,bykaranteli.com
2025-11-07,l2,31.517,bykaranteli.com
2025-11-07,meme,41.017,bykaranteli.com
2025-11-07,quantum,99.617,bykaranteli.com
2025-11-07,rwa,48.125,bykaranteli.com
2025-11-08,ai,35.244,bykaranteli.com
2025-11-08,defi,57.253,bykaranteli.com
2025-11-08,depin,35.163,bykaranteli.com
2025-11-08,l1,69.938,bykaranteli.com
2025-11-08,l2,30.155,bykaranteli.com
2025-11-08,meme,39.943,bykaranteli.com
2025-11-08,quantum,97.708,bykaranteli.com
2025-11-08,rwa,47.43,bykaranteli.com
2025-11-09,ai,35.906,bykaranteli.com
2025-11-09,defi,59.49,bykaranteli.com
2025-11-09,depin,33.961,bykaranteli.com
2025-11-09,l1,71.284,bykaranteli.com
2025-11-09,l2,30.955,bykaranteli.com
2025-11-09,meme,40.414,bykaranteli.com
2025-11-09,quantum,99.879,bykaranteli.com
2025-11-09,rwa,48.095,bykaranteli.com
2025-11-10,ai,36.236,bykaranteli.com
2025-11-10,defi,65.293,bykaranteli.com
2025-11-10,depin,35.226,bykaranteli.com
2025-11-10,l1,72.189,bykaranteli.com
2025-11-10,l2,31.887,bykaranteli.com
2025-11-10,meme,42.331,bykaranteli.com
2025-11-10,quantum,100.43,bykaranteli.com
2025-11-10,rwa,49.315,bykaranteli.com
2025-11-11,ai,33.495,bykaranteli.com
2025-11-11,defi,59.52,bykaranteli.com
2025-11-11,depin,31.591,bykaranteli.com
2025-11-11,l1,68.379,bykaranteli.com
2025-11-11,l2,28.928,bykaranteli.com
2025-11-11,meme,39.036,bykaranteli.com
2025-11-11,quantum,97.367,bykaranteli.com
2025-11-11,rwa,45.573,bykaranteli.com
2025-11-12,ai,32.888,bykaranteli.com
2025-11-12,defi,59.273,bykaranteli.com
2025-11-12,depin,31.589,bykaranteli.com
2025-11-12,l1,67.413,bykaranteli.com
2025-11-12,l2,28.221,bykaranteli.com
2025-11-12,meme,38.176,bykaranteli.com
2025-11-12,quantum,96.661,bykaranteli.com
2025-11-12,rwa,45.978,bykaranteli.com
2025-11-13,ai,31.826,bykaranteli.com
2025-11-13,defi,57.439,bykaranteli.com
2025-11-13,depin,30.451,bykaranteli.com
2025-11-13,l1,65.273,bykaranteli.com
2025-11-13,l2,27.689,bykaranteli.com
2025-11-13,meme,36.803,bykaranteli.com
2025-11-13,quantum,97.814,bykaranteli.com
2025-11-13,rwa,43.229,bykaranteli.com
2025-11-14,ai,30.094,bykaranteli.com
2025-11-14,defi,53.17,bykaranteli.com
2025-11-14,depin,29.441,bykaranteli.com
2025-11-14,l1,62.666,bykaranteli.com
2025-11-14,l2,27.786,bykaranteli.com
2025-11-14,meme,34.968,bykaranteli.com
2025-11-14,quantum,91.505,bykaranteli.com
2025-11-14,rwa,40.322,bykaranteli.com
2025-11-15,ai,30.593,bykaranteli.com
2025-11-15,defi,54.221,bykaranteli.com
2025-11-15,depin,29.824,bykaranteli.com
2025-11-15,l1,63.481,bykaranteli.com
2025-11-15,l2,28.979,bykaranteli.com
2025-11-15,meme,35.623,bykaranteli.com
2025-11-15,quantum,93.39,bykaranteli.com
2025-11-15,rwa,40.812,bykaranteli.com
2025-11-16,ai,29.369,bykaranteli.com
2025-11-16,defi,52.779,bykaranteli.com
2025-11-16,depin,28.428,bykaranteli.com
2025-11-16,l1,61.99,bykaranteli.com
2025-11-16,l2,28.716,bykaranteli.com
2025-11-16,meme,34.559,bykaranteli.com
2025-11-16,quantum,91.448,bykaranteli.com
2025-11-16,rwa,39.861,bykaranteli.com
2025-11-17,ai,28.591,bykaranteli.com
2025-11-17,defi,51.006,bykaranteli.com
2025-11-17,depin,27.734,bykaranteli.com
2025-11-17,l1,60.081,bykaranteli.com
2025-11-17,l2,26.927,bykaranteli.com
2025-11-17,meme,33.238,bykaranteli.com
2025-11-17,quantum,89.293,bykaranteli.com
2025-11-17,rwa,37.761,bykaranteli.com
2025-11-18,ai,29.918,bykaranteli.com
2025-11-18,defi,53.531,bykaranteli.com
2025-11-18,depin,28.779,bykaranteli.com
2025-11-18,l1,61.839,bykaranteli.com
2025-11-18,l2,27.673,bykaranteli.com
2025-11-18,meme,34.694,bykaranteli.com
2025-11-18,quantum,91.136,bykaranteli.com
2025-11-18,rwa,38.658,bykaranteli.com
2025-11-19,ai,29.943,bykaranteli.com
2025-11-19,defi,52.046,bykaranteli.com
2025-11-19,depin,28.093,bykaranteli.com
2025-11-19,l1,60.255,bykaranteli.com
2025-11-19,l2,27.879,bykaranteli.com
2025-11-19,meme,33.463,bykaranteli.com
2025-11-19,quantum,88.228,bykaranteli.com
2025-11-19,rwa,37.477,bykaranteli.com
2025-11-20,ai,28.968,bykaranteli.com
2025-11-20,defi,49.291,bykaranteli.com
2025-11-20,depin,27.049,bykaranteli.com
2025-11-20,l1,57.154,bykaranteli.com
2025-11-20,l2,26.152,bykaranteli.com
2025-11-20,meme,31.861,bykaranteli.com
2025-11-20,quantum,83.831,bykaranteli.com
2025-11-20,rwa,35.297,bykaranteli.com
2025-11-21,ai,26.376,bykaranteli.com
2025-11-21,defi,46.166,bykaranteli.com
2025-11-21,depin,25.054,bykaranteli.com
2025-11-21,l1,54.244,bykaranteli.com
2025-11-21,l2,23.932,bykaranteli.com
2025-11-21,meme,29.58,bykaranteli.com
2025-11-21,quantum,81.464,bykaranteli.com
2025-11-21,rwa,33.233,bykaranteli.com
2025-11-22,ai,26.005,bykaranteli.com
2025-11-22,defi,45.827,bykaranteli.com
2025-11-22,depin,24.919,bykaranteli.com
2025-11-22,l1,53.717,bykaranteli.com
2025-11-22,l2,22.686,bykaranteli.com
2025-11-22,meme,29.351,bykaranteli.com
2025-11-22,quantum,82.375,bykaranteli.com
2025-11-22,rwa,33.267,bykaranteli.com
2025-11-23,ai,26.449,bykaranteli.com
2025-11-23,defi,46.667,bykaranteli.com
2025-11-23,depin,25.171,bykaranteli.com
2025-11-23,l1,53.826,bykaranteli.com
2025-11-23,l2,22.637,bykaranteli.com
2025-11-23,meme,29.679,bykaranteli.com
2025-11-23,quantum,84.702,bykaranteli.com
2025-11-23,rwa,34.296,bykaranteli.com
2025-11-24,ai,27.272,bykaranteli.com
2025-11-24,defi,49.3,bykaranteli.com
2025-11-24,depin,26.089,bykaranteli.com
2025-11-24,l1,56.195,bykaranteli.com
2025-11-24,l2,23.361,bykaranteli.com
2025-11-24,meme,32.09,bykaranteli.com
2025-11-24,quantum,87.186,bykaranteli.com
2025-11-24,rwa,35.37,bykaranteli.com
2025-11-25,ai,27.483,bykaranteli.com
2025-11-25,defi,50.104,bykaranteli.com
2025-11-25,depin,26.537,bykaranteli.com
2025-11-25,l1,56.194,bykaranteli.com
2025-11-25,l2,23.715,bykaranteli.com
2025-11-25,meme,32.071,bykaranteli.com
2025-11-25,quantum,90.387,bykaranteli.com
2025-11-25,rwa,35.653,bykaranteli.com
2025-11-26,ai,27.493,bykaranteli.com
2025-11-26,defi,51.368,bykaranteli.com
2025-11-26,depin,26.466,bykaranteli.com
2025-11-26,l1,57.371,bykaranteli.com
2025-11-26,l2,24.037,bykaranteli.com
2025-11-26,meme,32.649,bykaranteli.com
2025-11-26,quantum,90.808,bykaranteli.com
2025-11-26,rwa,37.368,bykaranteli.com
2025-11-27,ai,27.249,bykaranteli.com
2025-11-27,defi,51.582,bykaranteli.com
2025-11-27,depin,26.708,bykaranteli.com
2025-11-27,l1,57.421,bykaranteli.com
2025-11-27,l2,23.906,bykaranteli.com
2025-11-27,meme,32.394,bykaranteli.com
2025-11-27,quantum,90.557,bykaranteli.com
2025-11-27,rwa,36.439,bykaranteli.com
2025-11-28,ai,27.017,bykaranteli.com
2025-11-28,defi,50.849,bykaranteli.com
2025-11-28,depin,26.514,bykaranteli.com
2025-11-28,l1,56.358,bykaranteli.com
2025-11-28,l2,23.563,bykaranteli.com
2025-11-28,meme,31.964,bykaranteli.com
2025-11-28,quantum,94.304,bykaranteli.com
2025-11-28,rwa,36.446,bykaranteli.com
2025-11-29,ai,26.41,bykaranteli.com
2025-11-29,defi,50.797,bykaranteli.com
2025-11-29,depin,26.153,bykaranteli.com
2025-11-29,l1,55.364,bykaranteli.com
2025-11-29,l2,23.041,bykaranteli.com
2025-11-29,meme,31.503,bykaranteli.com
2025-11-29,quantum,94.418,bykaranteli.com
2025-11-29,rwa,34.924,bykaranteli.com
2025-11-30,ai,25.818,bykaranteli.com
2025-11-30,defi,49.995,bykaranteli.com
2025-11-30,depin,25.615,bykaranteli.com
2025-11-30,l1,54.86,bykaranteli.com
2025-11-30,l2,22.368,bykaranteli.com
2025-11-30,meme,30.984,bykaranteli.com
2025-11-30,quantum,96.39,bykaranteli.com
2025-11-30,rwa,34.695,bykaranteli.com
2025-12-01,ai,23.668,bykaranteli.com
2025-12-01,defi,46.787,bykaranteli.com
2025-12-01,depin,23.808,bykaranteli.com
2025-12-01,l1,51.466,bykaranteli.com
2025-12-01,l2,20.67,bykaranteli.com
2025-12-01,meme,28.789,bykaranteli.com
2025-12-01,quantum,92.612,bykaranteli.com
2025-12-01,rwa,32.157,bykaranteli.com
2025-12-02,ai,25.555,bykaranteli.com
2025-12-02,defi,50.265,bykaranteli.com
2025-12-02,depin,24.988,bykaranteli.com
2025-12-02,l1,55.838,bykaranteli.com
2025-12-02,l2,21.872,bykaranteli.com
2025-12-02,meme,32.235,bykaranteli.com
2025-12-02,quantum,95.364,bykaranteli.com
2025-12-02,rwa,34.078,bykaranteli.com
2025-12-03,ai,26.261,bykaranteli.com
2025-12-03,defi,52.429,bykaranteli.com
2025-12-03,depin,25.695,bykaranteli.com
2025-12-03,l1,58.277,bykaranteli.com
2025-12-03,l2,22.823,bykaranteli.com
2025-12-03,meme,33.03,bykaranteli.com
2025-12-03,quantum,97.433,bykaranteli.com
2025-12-03,rwa,35.05,bykaranteli.com
2025-12-04,ai,25.436,bykaranteli.com
2025-12-04,defi,51.379,bykaranteli.com
2025-12-04,depin,24.833,bykaranteli.com
2025-12-04,l1,56.874,bykaranteli.com
2025-12-04,l2,21.946,bykaranteli.com
2025-12-04,meme,32.018,bykaranteli.com
2025-12-04,quantum,95.782,bykaranteli.com
2025-12-04,rwa,34.558,bykaranteli.com
2025-12-05,ai,24.014,bykaranteli.com
2025-12-05,defi,48.141,bykaranteli.com
2025-12-05,depin,23.814,bykaranteli.com
2025-12-05,l1,54.201,bykaranteli.com
2025-12-05,l2,20.529,bykaranteli.com
2025-12-05,meme,30.269,bykaranteli.com
2025-12-05,quantum,92.777,bykaranteli.com
2025-12-05,rwa,33.232,bykaranteli.com
2025-12-06,ai,24.411,bykaranteli.com
2025-12-06,defi,48.378,bykaranteli.com
2025-12-06,depin,23.898,bykaranteli.com
2025-12-06,l1,54.459,bykaranteli.com
2025-12-06,l2,20.966,bykaranteli.com
2025-12-06,meme,30.948,bykaranteli.com
2025-12-06,quantum,92.689,bykaranteli.com
2025-12-06,rwa,33.722,bykaranteli.com
2025-12-07,ai,23.94,bykaranteli.com
2025-12-07,defi,48.02,bykaranteli.com
2025-12-07,depin,23.444,bykaranteli.com
2025-12-07,l1,54.497,bykaranteli.com
2025-12-07,l2,20.45,bykaranteli.com
2025-12-07,meme,30.369,bykaranteli.com
2025-12-07,quantum,92.516,bykaranteli.com
2025-12-07,rwa,32.881,bykaranteli.com
2025-12-08,ai,24.845,bykaranteli.com
2025-12-08,defi,49.375,bykaranteli.com
2025-12-08,depin,24.043,bykaranteli.com
2025-12-08,l1,55.284,bykaranteli.com
2025-12-08,l2,20.865,bykaranteli.com
2025-12-08,meme,31.721,bykaranteli.com
2025-12-08,quantum,93.644,bykaranteli.com
2025-12-08,rwa,33.59,bykaranteli.com
2025-12-09,ai,25.895,bykaranteli.com
2025-12-09,defi,51.098,bykaranteli.com
2025-12-09,depin,24.629,bykaranteli.com
2025-12-09,l1,57.744,bykaranteli.com
2025-12-09,l2,21.931,bykaranteli.com
2025-12-09,meme,33.541,bykaranteli.com
2025-12-09,quantum,95.912,bykaranteli.com
2025-12-09,rwa,34.453,bykaranteli.com
2025-12-10,ai,24.917,bykaranteli.com
2025-12-10,defi,49.854,bykaranteli.com
2025-12-10,depin,23.872,bykaranteli.com
2025-12-10,l1,56.454,bykaranteli.com
2025-12-10,l2,21.107,bykaranteli.com
2025-12-10,meme,31.847,bykaranteli.com
2025-12-10,quantum,94.503,bykaranteli.com
2025-12-10,rwa,33.719,bykaranteli.com
2025-12-11,ai,24.285,bykaranteli.com
2025-12-11,defi,49.167,bykaranteli.com
2025-12-11,depin,23.408,bykaranteli.com
2025-12-11,l1,55.107,bykaranteli.com
2025-12-11,l2,20.799,bykaranteli.com
2025-12-11,meme,31.554,bykaranteli.com
2025-12-11,quantum,92.57,bykaranteli.com
2025-12-11,rwa,32.959,bykaranteli.com
2025-12-12,ai,23.509,bykaranteli.com
2025-12-12,defi,47.757,bykaranteli.com
2025-12-12,depin,23.016,bykaranteli.com
2025-12-12,l1,53.437,bykaranteli.com
2025-12-12,l2,20.38,bykaranteli.com
2025-12-12,meme,30.527,bykaranteli.com
2025-12-12,quantum,90.838,bykaranteli.com
2025-12-12,rwa,31.948,bykaranteli.com
2025-12-13,ai,23.893,bykaranteli.com
2025-12-13,defi,48.457,bykaranteli.com
2025-12-13,depin,23.36,bykaranteli.com
2025-12-13,l1,54.163,bykaranteli.com
2025-12-13,l2,20.631,bykaranteli.com
2025-12-13,meme,30.896,bykaranteli.com
2025-12-13,quantum,90.629,bykaranteli.com
2025-12-13,rwa,32.181,bykaranteli.com
2025-12-14,ai,22.715,bykaranteli.com
2025-12-14,defi,46.59,bykaranteli.com
2025-12-14,depin,22.324,bykaranteli.com
2025-12-14,l1,52.633,bykaranteli.com
2025-12-14,l2,19.623,bykaranteli.com
2025-12-14,meme,29.592,bykaranteli.com
2025-12-14,quantum,88.035,bykaranteli.com
2025-12-14,rwa,30.702,bykaranteli.com
2025-12-15,ai,21.801,bykaranteli.com
2025-12-15,defi,44.704,bykaranteli.com
2025-12-15,depin,21.627,bykaranteli.com
2025-12-15,l1,51.255,bykaranteli.com
2025-12-15,l2,19.012,bykaranteli.com
2025-12-15,meme,28.867,bykaranteli.com
2025-12-15,quantum,85.931,bykaranteli.com
2025-12-15,rwa,29.419,bykaranteli.com
2025-12-16,ai,21.781,bykaranteli.com
2025-12-16,defi,45.344,bykaranteli.com
2025-12-16,depin,21.695,bykaranteli.com
2025-12-16,l1,51.786,bykaranteli.com
2025-12-16,l2,19.044,bykaranteli.com
2025-12-16,meme,28.891,bykaranteli.com
2025-12-16,quantum,87.518,bykaranteli.com
2025-12-16,rwa,30.162,bykaranteli.com
2025-12-17,ai,20.338,bykaranteli.com
2025-12-17,defi,42.74,bykaranteli.com
2025-12-17,depin,20.21,bykaranteli.com
2025-12-17,l1,49.596,bykaranteli.com
2025-12-17,l2,17.589,bykaranteli.com
2025-12-17,meme,27.418,bykaranteli.com
2025-12-17,quantum,84.351,bykaranteli.com
2025-12-17,rwa,28.673,bykaranteli.com
2025-12-18,ai,19.346,bykaranteli.com
2025-12-18,defi,41.335,bykaranteli.com
2025-12-18,depin,19.232,bykaranteli.com
2025-12-18,l1,48.256,bykaranteli.com
2025-12-18,l2,16.58,bykaranteli.com
2025-12-18,meme,25.904,bykaranteli.com
2025-12-18,quantum,83.139,bykaranteli.com
2025-12-18,rwa,27.498,bykaranteli.com
2025-12-19,ai,20.852,bykaranteli.com
2025-12-19,defi,43.898,bykaranteli.com
2025-12-19,depin,20.691,bykaranteli.com
2025-12-19,l1,51.172,bykaranteli.com
2025-12-19,l2,17.723,bykaranteli.com
2025-12-19,meme,27.931,bykaranteli.com
2025-12-19,quantum,86.273,bykaranteli.com
2025-12-19,rwa,29.403,bykaranteli.com
2025-12-20,ai,20.876,bykaranteli.com
2025-12-20,defi,45.275,bykaranteli.com
2025-12-20,depin,20.994,bykaranteli.com
2025-12-20,l1,50.872,bykaranteli.com
2025-12-20,l2,17.843,bykaranteli.com
2025-12-20,meme,27.624,bykaranteli.com
2025-12-20,quantum,86.838,bykaranteli.com
2025-12-20,rwa,30.43,bykaranteli.com
2025-12-21,ai,20.331,bykaranteli.com
2025-12-21,defi,44.42,bykaranteli.com
2025-12-21,depin,20.256,bykaranteli.com
2025-12-21,l1,50.611,bykaranteli.com
2025-12-21,l2,17.299,bykaranteli.com
2025-12-21,meme,27.218,bykaranteli.com
2025-12-21,quantum,87.748,bykaranteli.com
2025-12-21,rwa,30.043,bykaranteli.com
2025-12-22,ai,20.591,bykaranteli.com
2025-12-22,defi,44.612,bykaranteli.com
2025-12-22,depin,20.356,bykaranteli.com
2025-12-22,l1,50.925,bykaranteli.com
2025-12-22,l2,17.422,bykaranteli.com
2025-12-22,meme,27.146,bykaranteli.com
2025-12-22,quantum,87,bykaranteli.com
2025-12-22,rwa,30.834,bykaranteli.com
2025-12-23,ai,20.247,bykaranteli.com
2025-12-23,defi,43.694,bykaranteli.com
2025-12-23,depin,20.216,bykaranteli.com
2025-12-23,l1,50.344,bykaranteli.com
2025-12-23,l2,17.525,bykaranteli.com
2025-12-23,meme,26.573,bykaranteli.com
2025-12-23,quantum,86.328,bykaranteli.com
2025-12-23,rwa,30.09,bykaranteli.com
2025-12-24,ai,20.2,bykaranteli.com
2025-12-24,defi,44.137,bykaranteli.com
2025-12-24,depin,20.278,bykaranteli.com
2025-12-24,l1,50.062,bykaranteli.com
2025-12-24,l2,17.942,bykaranteli.com
2025-12-24,meme,26.761,bykaranteli.com
2025-12-24,quantum,85.645,bykaranteli.com
2025-12-24,rwa,29.932,bykaranteli.com
2025-12-25,ai,19.726,bykaranteli.com
2025-12-25,defi,44.135,bykaranteli.com
2025-12-25,depin,19.69,bykaranteli.com
2025-12-25,l1,49.105,bykaranteli.com
2025-12-25,l2,17.243,bykaranteli.com
2025-12-25,meme,25.973,bykaranteli.com
2025-12-25,quantum,84.506,bykaranteli.com
2025-12-25,rwa,30.13,bykaranteli.com
2025-12-26,ai,20.34,bykaranteli.com
2025-12-26,defi,44.512,bykaranteli.com
2025-12-26,depin,19.917,bykaranteli.com
2025-12-26,l1,50.142,bykaranteli.com
2025-12-26,l2,17.854,bykaranteli.com
2025-12-26,meme,26.398,bykaranteli.com
2025-12-26,quantum,84.759,bykaranteli.com
2025-12-26,rwa,30.554,bykaranteli.com
2025-12-27,ai,21.182,bykaranteli.com
2025-12-27,defi,45.64,bykaranteli.com
2025-12-27,depin,21.012,bykaranteli.com
2025-12-27,l1,52.065,bykaranteli.com
2025-12-27,l2,18.558,bykaranteli.com
2025-12-27,meme,27.097,bykaranteli.com
2025-12-27,quantum,86.084,bykaranteli.com
2025-12-27,rwa,31.122,bykaranteli.com
2025-12-28,ai,20.941,bykaranteli.com
2025-12-28,defi,45.674,bykaranteli.com
2025-12-28,depin,20.855,bykaranteli.com
2025-12-28,l1,51.975,bykaranteli.com
2025-12-28,l2,17.94,bykaranteli.com
2025-12-28,meme,26.898,bykaranteli.com
2025-12-28,quantum,85.539,bykaranteli.com
2025-12-28,rwa,30.507,bykaranteli.com
2025-12-29,ai,20.339,bykaranteli.com
2025-12-29,defi,44.588,bykaranteli.com
2025-12-29,depin,20.431,bykaranteli.com
2025-12-29,l1,50.996,bykaranteli.com
2025-12-29,l2,17.55,bykaranteli.com
2025-12-29,meme,26.075,bykaranteli.com
2025-12-29,quantum,84.196,bykaranteli.com
2025-12-29,rwa,29.988,bykaranteli.com
2025-12-30,ai,20.216,bykaranteli.com
2025-12-30,defi,44.294,bykaranteli.com
2025-12-30,depin,20.674,bykaranteli.com
2025-12-30,l1,51.505,bykaranteli.com
2025-12-30,l2,17.471,bykaranteli.com
2025-12-30,meme,26.051,bykaranteli.com
2025-12-30,quantum,84.804,bykaranteli.com
2025-12-30,rwa,30.384,bykaranteli.com
2025-12-31,ai,19.798,bykaranteli.com
2025-12-31,defi,43.156,bykaranteli.com
2025-12-31,depin,20.691,bykaranteli.com
2025-12-31,l1,50.865,bykaranteli.com
2025-12-31,l2,17.228,bykaranteli.com
2025-12-31,meme,25.276,bykaranteli.com
2025-12-31,quantum,84.192,bykaranteli.com
2025-12-31,rwa,30.203,bykaranteli.com
2026-01-01,ai,21.285,bykaranteli.com
2026-01-01,defi,45.836,bykaranteli.com
2026-01-01,depin,22.173,bykaranteli.com
2026-01-01,l1,53.513,bykaranteli.com
2026-01-01,l2,18.237,bykaranteli.com
2026-01-01,meme,27.891,bykaranteli.com
2026-01-01,quantum,87.376,bykaranteli.com
2026-01-01,rwa,32.124,bykaranteli.com
2026-01-02,ai,22.614,bykaranteli.com
2026-01-02,defi,48.277,bykaranteli.com
2026-01-02,depin,23.043,bykaranteli.com
2026-01-02,l1,56.162,bykaranteli.com
2026-01-02,l2,19.022,bykaranteli.com
2026-01-02,meme,31.085,bykaranteli.com
2026-01-02,quantum,90.281,bykaranteli.com
2026-01-02,rwa,33.429,bykaranteli.com
2026-01-03,ai,23.744,bykaranteli.com
2026-01-03,defi,48.506,bykaranteli.com
2026-01-03,depin,24.003,bykaranteli.com
2026-01-03,l1,56.544,bykaranteli.com
2026-01-03,l2,19.081,bykaranteli.com
2026-01-03,meme,31.898,bykaranteli.com
2026-01-03,quantum,90.589,bykaranteli.com
2026-01-03,rwa,33.586,bykaranteli.com
2026-01-04,ai,24.959,bykaranteli.com
2026-01-04,defi,49.411,bykaranteli.com
2026-01-04,depin,24.467,bykaranteli.com
2026-01-04,l1,57.265,bykaranteli.com
2026-01-04,l2,19.611,bykaranteli.com
2026-01-04,meme,36.2,bykaranteli.com
2026-01-04,quantum,90.504,bykaranteli.com
2026-01-04,rwa,34.121,bykaranteli.com
2026-01-05,ai,26.048,bykaranteli.com
2026-01-05,defi,50.876,bykaranteli.com
2026-01-05,depin,25.751,bykaranteli.com
2026-01-05,l1,59.042,bykaranteli.com
2026-01-05,l2,20.157,bykaranteli.com
2026-01-05,meme,36.756,bykaranteli.com
2026-01-05,quantum,92.526,bykaranteli.com
2026-01-05,rwa,35.103,bykaranteli.com
2026-01-06,ai,26.87,bykaranteli.com
2026-01-06,defi,51.347,bykaranteli.com
2026-01-06,depin,26.311,bykaranteli.com
2026-01-06,l1,59.507,bykaranteli.com
2026-01-06,l2,20.694,bykaranteli.com
2026-01-06,meme,36.417,bykaranteli.com
2026-01-06,quantum,93.219,bykaranteli.com
2026-01-06,rwa,36.136,bykaranteli.com
2026-01-07,ai,25.254,bykaranteli.com
2026-01-07,defi,49.136,bykaranteli.com
2026-01-07,depin,25.263,bykaranteli.com
2026-01-07,l1,57.799,bykaranteli.com
2026-01-07,l2,19.708,bykaranteli.com
2026-01-07,meme,34.695,bykaranteli.com
2026-01-07,quantum,89.717,bykaranteli.com
2026-01-07,rwa,34.236,bykaranteli.com
2026-01-08,ai,25.137,bykaranteli.com
2026-01-08,defi,47.752,bykaranteli.com
2026-01-08,depin,25.079,bykaranteli.com
2026-01-08,l1,57.126,bykaranteli.com
2026-01-08,l2,19.626,bykaranteli.com
2026-01-08,meme,33.869,bykaranteli.com
2026-01-08,quantum,88.795,bykaranteli.com
2026-01-08,rwa,33.542,bykaranteli.com
2026-01-09,ai,25.59,bykaranteli.com
2026-01-09,defi,47.698,bykaranteli.com
2026-01-09,depin,25.521,bykaranteli.com
2026-01-09,l1,56.565,bykaranteli.com
2026-01-09,l2,19.926,bykaranteli.com
2026-01-09,meme,33.91,bykaranteli.com
2026-01-09,quantum,88.598,bykaranteli.com
2026-01-09,rwa,33.513,bykaranteli.com
2026-01-10,ai,25.226,bykaranteli.com
2026-01-10,defi,47.883,bykaranteli.com
2026-01-10,depin,25.584,bykaranteli.com
2026-01-10,l1,56.565,bykaranteli.com
2026-01-10,l2,20.313,bykaranteli.com
2026-01-10,meme,33.333,bykaranteli.com
2026-01-10,quantum,88.18,bykaranteli.com
2026-01-10,rwa,33.606,bykaranteli.com
2026-01-11,ai,25.788,bykaranteli.com
2026-01-11,defi,48.048,bykaranteli.com
2026-01-11,depin,26.038,bykaranteli.com
2026-01-11,l1,56.571,bykaranteli.com
2026-01-11,l2,19.996,bykaranteli.com
2026-01-11,meme,33.114,bykaranteli.com
2026-01-11,quantum,88.786,bykaranteli.com
2026-01-11,rwa,34.067,bykaranteli.com
2026-01-12,ai,24.903,bykaranteli.com
2026-01-12,defi,46.414,bykaranteli.com
2026-01-12,depin,25.472,bykaranteli.com
2026-01-12,l1,56.147,bykaranteli.com
2026-01-12,l2,19.562,bykaranteli.com
2026-01-12,meme,32.59,bykaranteli.com
2026-01-12,quantum,87.833,bykaranteli.com
2026-01-12,rwa,33.145,bykaranteli.com
2026-01-13,ai,26.78,bykaranteli.com
2026-01-13,defi,50.343,bykaranteli.com
2026-01-13,depin,27.17,bykaranteli.com
2026-01-13,l1,60.101,bykaranteli.com
2026-01-13,l2,21.286,bykaranteli.com
2026-01-13,meme,36.052,bykaranteli.com
2026-01-13,quantum,93.171,bykaranteli.com
2026-01-13,rwa,35.362,bykaranteli.com
2026-01-14,ai,26.068,bykaranteli.com
2026-01-14,defi,50.2,bykaranteli.com
2026-01-14,depin,26.626,bykaranteli.com
2026-01-14,l1,59.531,bykaranteli.com
2026-01-14,l2,21.404,bykaranteli.com
2026-01-14,meme,34.973,bykaranteli.com
2026-01-14,quantum,92.992,bykaranteli.com
2026-01-14,rwa,34.817,bykaranteli.com
2026-01-15,ai,24.929,bykaranteli.com
2026-01-15,defi,48.502,bykaranteli.com
2026-01-15,depin,25.509,bykaranteli.com
2026-01-15,l1,57.553,bykaranteli.com
2026-01-15,l2,20.542,bykaranteli.com
2026-01-15,meme,33.234,bykaranteli.com
2026-01-15,quantum,91.762,bykaranteli.com
2026-01-15,rwa,33.593,bykaranteli.com
2026-01-16,ai,25.253,bykaranteli.com
2026-01-16,defi,49.097,bykaranteli.com
2026-01-16,depin,25.85,bykaranteli.com
2026-01-16,l1,57.63,bykaranteli.com
2026-01-16,l2,20.751,bykaranteli.com
2026-01-16,meme,33.583,bykaranteli.com
2026-01-16,quantum,93.566,bykaranteli.com
2026-01-16,rwa,33.74,bykaranteli.com
2026-01-17,ai,25.445,bykaranteli.com
2026-01-17,defi,48.594,bykaranteli.com
2026-01-17,depin,25.965,bykaranteli.com
2026-01-17,l1,58.386,bykaranteli.com
2026-01-17,l2,20.893,bykaranteli.com
2026-01-17,meme,32.882,bykaranteli.com
2026-01-17,quantum,95.935,bykaranteli.com
2026-01-17,rwa,33.404,bykaranteli.com
2026-01-18,ai,23.934,bykaranteli.com
2026-01-18,defi,46.58,bykaranteli.com
2026-01-18,depin,24.578,bykaranteli.com
2026-01-18,l1,56.067,bykaranteli.com
2026-01-18,l2,19.92,bykaranteli.com
2026-01-18,meme,30.821,bykaranteli.com
2026-01-18,quantum,93.244,bykaranteli.com
2026-01-18,rwa,31.474,bykaranteli.com
2026-01-19,ai,23.146,bykaranteli.com
2026-01-19,defi,45.433,bykaranteli.com
2026-01-19,depin,24.138,bykaranteli.com
2026-01-19,l1,54.235,bykaranteli.com
2026-01-19,l2,19.412,bykaranteli.com
2026-01-19,meme,30.242,bykaranteli.com
2026-01-19,quantum,93.191,bykaranteli.com
2026-01-19,rwa,30.798,bykaranteli.com
2026-01-20,ai,21.446,bykaranteli.com
2026-01-20,defi,42.773,bykaranteli.com
2026-01-20,depin,22.366,bykaranteli.com
2026-01-20,l1,51.247,bykaranteli.com
2026-01-20,l2,18.198,bykaranteli.com
2026-01-20,meme,28.517,bykaranteli.com
2026-01-20,quantum,87.165,bykaranteli.com
2026-01-20,rwa,28.967,bykaranteli.com
2026-01-21,ai,22.052,bykaranteli.com
2026-01-21,defi,43.843,bykaranteli.com
2026-01-21,depin,23.364,bykaranteli.com
2026-01-21,l1,52.402,bykaranteli.com
2026-01-21,l2,18.589,bykaranteli.com
2026-01-21,meme,29.48,bykaranteli.com
2026-01-21,quantum,89.418,bykaranteli.com
2026-01-21,rwa,30.236,bykaranteli.com
2026-01-22,ai,21.876,bykaranteli.com
2026-01-22,defi,43.634,bykaranteli.com
2026-01-22,depin,23.481,bykaranteli.com
2026-01-22,l1,52.028,bykaranteli.com
2026-01-22,l2,18.015,bykaranteli.com
2026-01-22,meme,28.901,bykaranteli.com
2026-01-22,quantum,89.724,bykaranteli.com
2026-01-22,rwa,30.116,bykaranteli.com
2026-01-23,ai,21.729,bykaranteli.com
2026-01-23,defi,43.536,bykaranteli.com
2026-01-23,depin,23.526,bykaranteli.com
2026-01-23,l1,51.829,bykaranteli.com
2026-01-23,l2,17.866,bykaranteli.com
2026-01-23,meme,29.075,bykaranteli.com
2026-01-23,quantum,88.878,bykaranteli.com
2026-01-23,rwa,29.929,bykaranteli.com
2026-01-24,ai,21.778,bykaranteli.com
2026-01-24,defi,43.441,bykaranteli.com
2026-01-24,depin,23.282,bykaranteli.com
2026-01-24,l1,51.667,bykaranteli.com
2026-01-24,l2,17.795,bykaranteli.com
2026-01-24,meme,28.966,bykaranteli.com
2026-01-24,quantum,88.517,bykaranteli.com
2026-01-24,rwa,30.031,bykaranteli.com
2026-01-25,ai,20.465,bykaranteli.com
2026-01-25,defi,41.298,bykaranteli.com
2026-01-25,depin,21.846,bykaranteli.com
2026-01-25,l1,49.576,bykaranteli.com
2026-01-25,l2,16.75,bykaranteli.com
2026-01-25,meme,27.502,bykaranteli.com
2026-01-25,quantum,84.225,bykaranteli.com
2026-01-25,rwa,28.193,bykaranteli.com
2026-01-26,ai,20.992,bykaranteli.com
2026-01-26,defi,42.529,bykaranteli.com
2026-01-26,depin,22.332,bykaranteli.com
2026-01-26,l1,50.95,bykaranteli.com
2026-01-26,l2,17.51,bykaranteli.com
2026-01-26,meme,28.405,bykaranteli.com
2026-01-26,quantum,86.366,bykaranteli.com
2026-01-26,rwa,29.381,bykaranteli.com
2026-01-27,ai,21.228,bykaranteli.com
2026-01-27,defi,43.363,bykaranteli.com
2026-01-27,depin,22.639,bykaranteli.com
2026-01-27,l1,51.736,bykaranteli.com
2026-01-27,l2,17.516,bykaranteli.com
2026-01-27,meme,28.779,bykaranteli.com
2026-01-27,quantum,90.543,bykaranteli.com
2026-01-27,rwa,29.627,bykaranteli.com
2026-01-28,ai,22.296,bykaranteli.com
2026-01-28,defi,43.976,bykaranteli.com
2026-01-28,depin,22.695,bykaranteli.com
2026-01-28,l1,51.591,bykaranteli.com
2026-01-28,l2,17.576,bykaranteli.com
2026-01-28,meme,28.539,bykaranteli.com
2026-01-28,quantum,88.599,bykaranteli.com
2026-01-28,rwa,30.049,bykaranteli.com
2026-01-29,ai,19.99,bykaranteli.com
2026-01-29,defi,40.788,bykaranteli.com
2026-01-29,depin,20.978,bykaranteli.com
2026-01-29,l1,48.64,bykaranteli.com
2026-01-29,l2,16.194,bykaranteli.com
2026-01-29,meme,26.792,bykaranteli.com
2026-01-29,quantum,83.382,bykaranteli.com
2026-01-29,rwa,28.075,bykaranteli.com
2026-01-30,ai,19.507,bykaranteli.com
2026-01-30,defi,39.72,bykaranteli.com
2026-01-30,depin,20.351,bykaranteli.com
2026-01-30,l1,47.653,bykaranteli.com
2026-01-30,l2,15.818,bykaranteli.com
2026-01-30,meme,26.309,bykaranteli.com
2026-01-30,quantum,81.177,bykaranteli.com
2026-01-30,rwa,27.127,bykaranteli.com
2026-01-31,ai,17.647,bykaranteli.com
2026-01-31,defi,35.928,bykaranteli.com
2026-01-31,depin,18.529,bykaranteli.com
2026-01-31,l1,43.651,bykaranteli.com
2026-01-31,l2,14.206,bykaranteli.com
2026-01-31,meme,23.771,bykaranteli.com
2026-01-31,quantum,76.442,bykaranteli.com
2026-01-31,rwa,24.652,bykaranteli.com
2026-02-01,ai,16.978,bykaranteli.com
2026-02-01,defi,34.826,bykaranteli.com
2026-02-01,depin,18.105,bykaranteli.com
2026-02-01,l1,42.241,bykaranteli.com
2026-02-01,l2,14.721,bykaranteli.com
2026-02-01,meme,23.257,bykaranteli.com
2026-02-01,quantum,73.636,bykaranteli.com
2026-02-01,rwa,23.908,bykaranteli.com
2026-02-02,ai,17.657,bykaranteli.com
2026-02-02,defi,36.085,bykaranteli.com
2026-02-02,depin,18.713,bykaranteli.com
2026-02-02,l1,43.459,bykaranteli.com
2026-02-02,l2,14.833,bykaranteli.com
2026-02-02,meme,24.069,bykaranteli.com
2026-02-02,quantum,75.082,bykaranteli.com
2026-02-02,rwa,24.586,bykaranteli.com
2026-02-03,ai,17.31,bykaranteli.com
2026-02-03,defi,35.304,bykaranteli.com
2026-02-03,depin,18.43,bykaranteli.com
2026-02-03,l1,42.453,bykaranteli.com
2026-02-03,l2,14.132,bykaranteli.com
2026-02-03,meme,23.46,bykaranteli.com
2026-02-03,quantum,72.108,bykaranteli.com
2026-02-03,rwa,24.12,bykaranteli.com
2026-02-04,ai,17.041,bykaranteli.com
2026-02-04,defi,34.594,bykaranteli.com
2026-02-04,depin,18.146,bykaranteli.com
2026-02-04,l1,41.168,bykaranteli.com
2026-02-04,l2,14.093,bykaranteli.com
2026-02-04,meme,23.224,bykaranteli.com
2026-02-04,quantum,70.465,bykaranteli.com
2026-02-04,rwa,23.531,bykaranteli.com
2026-02-05,ai,14.41,bykaranteli.com
2026-02-05,defi,29.242,bykaranteli.com
2026-02-05,depin,15.197,bykaranteli.com
2026-02-05,l1,35.641,bykaranteli.com
2026-02-05,l2,11.932,bykaranteli.com
2026-02-05,meme,19.395,bykaranteli.com
2026-02-05,quantum,60.304,bykaranteli.com
2026-02-05,rwa,19.902,bykaranteli.com
2026-02-06,ai,16.264,bykaranteli.com
2026-02-06,defi,32.521,bykaranteli.com
2026-02-06,depin,16.936,bykaranteli.com
2026-02-06,l1,39.356,bykaranteli.com
2026-02-06,l2,13.319,bykaranteli.com
2026-02-06,meme,21.572,bykaranteli.com
2026-02-06,quantum,68.55,bykaranteli.com
2026-02-06,rwa,22.184,bykaranteli.com
2026-02-07,ai,15.915,bykaranteli.com
2026-02-07,defi,32.406,bykaranteli.com
2026-02-07,depin,16.705,bykaranteli.com
2026-02-07,l1,39.279,bykaranteli.com
2026-02-07,l2,13.037,bykaranteli.com
2026-02-07,meme,21.354,bykaranteli.com
2026-02-07,quantum,68.301,bykaranteli.com
2026-02-07,rwa,22.11,bykaranteli.com
2026-02-08,ai,15.459,bykaranteli.com
2026-02-08,defi,31.861,bykaranteli.com
2026-02-08,depin,16.115,bykaranteli.com
2026-02-08,l1,38.668,bykaranteli.com
2026-02-08,l2,12.648,bykaranteli.com
2026-02-08,meme,20.822,bykaranteli.com
2026-02-08,quantum,68.776,bykaranteli.com
2026-02-08,rwa,21.686,bykaranteli.com
2026-02-09,ai,15.35,bykaranteli.com
2026-02-09,defi,31.808,bykaranteli.com
2026-02-09,depin,16.038,bykaranteli.com
2026-02-09,l1,38.377,bykaranteli.com
2026-02-09,l2,12.673,bykaranteli.com
2026-02-09,meme,20.752,bykaranteli.com
2026-02-09,quantum,70.284,bykaranteli.com
2026-02-09,rwa,21.64,bykaranteli.com
2026-02-10,ai,14.875,bykaranteli.com
2026-02-10,defi,30.521,bykaranteli.com
2026-02-10,depin,15.594,bykaranteli.com
2026-02-10,l1,37.217,bykaranteli.com
2026-02-10,l2,12.233,bykaranteli.com
2026-02-10,meme,20.031,bykaranteli.com
2026-02-10,quantum,68.643,bykaranteli.com
2026-02-10,rwa,21.104,bykaranteli.com
2026-02-11,ai,14.498,bykaranteli.com
2026-02-11,defi,29.844,bykaranteli.com
2026-02-11,depin,15.418,bykaranteli.com
2026-02-11,l1,36.161,bykaranteli.com
2026-02-11,l2,12.135,bykaranteli.com
2026-02-11,meme,19.616,bykaranteli.com
2026-02-11,quantum,67.077,bykaranteli.com
2026-02-11,rwa,20.779,bykaranteli.com
2026-02-12,ai,14.941,bykaranteli.com
2026-02-12,defi,30.582,bykaranteli.com
2026-02-12,depin,15.861,bykaranteli.com
2026-02-12,l1,36.822,bykaranteli.com
2026-02-12,l2,12.461,bykaranteli.com
2026-02-12,meme,20.252,bykaranteli.com
2026-02-12,quantum,66.799,bykaranteli.com
2026-02-12,rwa,21.311,bykaranteli.com
2026-02-13,ai,15.694,bykaranteli.com
2026-02-13,defi,31.853,bykaranteli.com
2026-02-13,depin,16.306,bykaranteli.com
2026-02-13,l1,38.094,bykaranteli.com
2026-02-13,l2,12.88,bykaranteli.com
2026-02-13,meme,20.924,bykaranteli.com
2026-02-13,quantum,69.365,bykaranteli.com
2026-02-13,rwa,22.804,bykaranteli.com
2026-02-14,ai,16.785,bykaranteli.com
2026-02-14,defi,33.651,bykaranteli.com
2026-02-14,depin,17.293,bykaranteli.com
2026-02-14,l1,39.752,bykaranteli.com
2026-02-14,l2,13.337,bykaranteli.com
2026-02-14,meme,24.127,bykaranteli.com
2026-02-14,quantum,71.685,bykaranteli.com
2026-02-14,rwa,24.089,bykaranteli.com
2026-02-15,ai,16.038,bykaranteli.com
2026-02-15,defi,32.136,bykaranteli.com
2026-02-15,depin,16.387,bykaranteli.com
2026-02-15,l1,38.315,bykaranteli.com
2026-02-15,l2,12.875,bykaranteli.com
2026-02-15,meme,22.157,bykaranteli.com
2026-02-15,quantum,68.592,bykaranteli.com
2026-02-15,rwa,22.877,bykaranteli.com
2026-02-16,ai,16.36,bykaranteli.com
2026-02-16,defi,32.619,bykaranteli.com
2026-02-16,depin,16.517,bykaranteli.com
2026-02-16,l1,38.611,bykaranteli.com
2026-02-16,l2,12.958,bykaranteli.com
2026-02-16,meme,22.319,bykaranteli.com
2026-02-16,quantum,68.683,bykaranteli.com
2026-02-16,rwa,23.064,bykaranteli.com
2026-02-17,ai,16.12,bykaranteli.com
2026-02-17,defi,32.421,bykaranteli.com
2026-02-17,depin,16.471,bykaranteli.com
2026-02-17,l1,38.044,bykaranteli.com
2026-02-17,l2,12.761,bykaranteli.com
2026-02-17,meme,22.087,bykaranteli.com
2026-02-17,quantum,68.444,bykaranteli.com
2026-02-17,rwa,22.518,bykaranteli.com
2026-02-18,ai,15.492,bykaranteli.com
2026-02-18,defi,31.328,bykaranteli.com
2026-02-18,depin,15.998,bykaranteli.com
2026-02-18,l1,37.037,bykaranteli.com
2026-02-18,l2,12.154,bykaranteli.com
2026-02-18,meme,21.291,bykaranteli.com
2026-02-18,quantum,66.817,bykaranteli.com
2026-02-18,rwa,21.689,bykaranteli.com
2026-02-19,ai,15.255,bykaranteli.com
2026-02-19,defi,30.984,bykaranteli.com
2026-02-19,depin,15.671,bykaranteli.com
2026-02-19,l1,36.921,bykaranteli.com
2026-02-19,l2,11.55,bykaranteli.com
2026-02-19,meme,21.123,bykaranteli.com
2026-02-19,quantum,66.482,bykaranteli.com
2026-02-19,rwa,22.368,bykaranteli.com
2026-02-20,ai,15.893,bykaranteli.com
2026-02-20,defi,31.472,bykaranteli.com
2026-02-20,depin,16.244,bykaranteli.com
2026-02-20,l1,37.677,bykaranteli.com
2026-02-20,l2,11.533,bykaranteli.com
2026-02-20,meme,21.77,bykaranteli.com
2026-02-20,quantum,67.196,bykaranteli.com
2026-02-20,rwa,22.603,bykaranteli.com
2026-02-21,ai,15.735,bykaranteli.com
2026-02-21,defi,31.458,bykaranteli.com
2026-02-21,depin,16.109,bykaranteli.com
2026-02-21,l1,37.75,bykaranteli.com
2026-02-21,l2,11.433,bykaranteli.com
2026-02-21,meme,21.375,bykaranteli.com
2026-02-21,quantum,66.939,bykaranteli.com
2026-02-21,rwa,22.325,bykaranteli.com
2026-02-22,ai,15.218,bykaranteli.com
2026-02-22,defi,30.287,bykaranteli.com
2026-02-22,depin,15.365,bykaranteli.com
2026-02-22,l1,36.94,bykaranteli.com
2026-02-22,l2,11.022,bykaranteli.com
2026-02-22,meme,20.729,bykaranteli.com
2026-02-22,quantum,65.937,bykaranteli.com
2026-02-22,rwa,22.057,bykaranteli.com
2026-02-23,ai,14.784,bykaranteli.com
2026-02-23,defi,29.117,bykaranteli.com
2026-02-23,depin,14.906,bykaranteli.com
2026-02-23,l1,35.513,bykaranteli.com
2026-02-23,l2,10.78,bykaranteli.com
2026-02-23,meme,20.005,bykaranteli.com
2026-02-23,quantum,63.381,bykaranteli.com
2026-02-23,rwa,21.019,bykaranteli.com
2026-02-24,ai,14.582,bykaranteli.com
2026-02-24,defi,29.369,bykaranteli.com
2026-02-24,depin,14.623,bykaranteli.com
2026-02-24,l1,35.192,bykaranteli.com
2026-02-24,l2,10.741,bykaranteli.com
2026-02-24,meme,19.851,bykaranteli.com
2026-02-24,quantum,62.897,bykaranteli.com
2026-02-24,rwa,20.881,bykaranteli.com
2026-02-25,ai,16.042,bykaranteli.com
2026-02-25,defi,32.435,bykaranteli.com
2026-02-25,depin,15.696,bykaranteli.com
2026-02-25,l1,39.726,bykaranteli.com
2026-02-25,l2,11.418,bykaranteli.com
2026-02-25,meme,21.599,bykaranteli.com
2026-02-25,quantum,67.476,bykaranteli.com
2026-02-25,rwa,22.779,bykaranteli.com
2026-02-26,ai,15.557,bykaranteli.com
2026-02-26,defi,31.422,bykaranteli.com
2026-02-26,depin,15.044,bykaranteli.com
2026-02-26,l1,38.957,bykaranteli.com
2026-02-26,l2,11.077,bykaranteli.com
2026-02-26,meme,20.693,bykaranteli.com
2026-02-26,quantum,66.544,bykaranteli.com
2026-02-26,rwa,22.418,bykaranteli.com
2026-02-27,ai,15.188,bykaranteli.com
2026-02-27,defi,30.654,bykaranteli.com
2026-02-27,depin,14.9,bykaranteli.com
2026-02-27,l1,37.909,bykaranteli.com
2026-02-27,l2,10.928,bykaranteli.com
2026-02-27,meme,20.128,bykaranteli.com
2026-02-27,quantum,65.173,bykaranteli.com
2026-02-27,rwa,21.961,bykaranteli.com
2026-02-28,ai,15.46,bykaranteli.com
2026-02-28,defi,31.306,bykaranteli.com
2026-02-28,depin,14.896,bykaranteli.com
2026-02-28,l1,38.457,bykaranteli.com
2026-02-28,l2,11.027,bykaranteli.com
2026-02-28,meme,20.113,bykaranteli.com
2026-02-28,quantum,65.731,bykaranteli.com
2026-02-28,rwa,22.357,bykaranteli.com
2026-03-01,ai,14.89,bykaranteli.com
2026-03-01,defi,30.936,bykaranteli.com
2026-03-01,depin,14.222,bykaranteli.com
2026-03-01,l1,37.465,bykaranteli.com
2026-03-01,l2,10.708,bykaranteli.com
2026-03-01,meme,19.461,bykaranteli.com
2026-03-01,quantum,64.444,bykaranteli.com
2026-03-01,rwa,21.948,bykaranteli.com
2026-03-02,ai,15.625,bykaranteli.com
2026-03-02,defi,32.559,bykaranteli.com
2026-03-02,depin,14.758,bykaranteli.com
2026-03-02,l1,38.371,bykaranteli.com
2026-03-02,l2,10.845,bykaranteli.com
2026-03-02,meme,19.99,bykaranteli.com
2026-03-02,quantum,66.873,bykaranteli.com
2026-03-02,rwa,22.488,bykaranteli.com
2026-03-03,ai,15.445,bykaranteli.com
2026-03-03,defi,32.211,bykaranteli.com
2026-03-03,depin,14.895,bykaranteli.com
2026-03-03,l1,38.288,bykaranteli.com
2026-03-03,l2,10.979,bykaranteli.com
2026-03-03,meme,19.801,bykaranteli.com
2026-03-03,quantum,66.065,bykaranteli.com
2026-03-03,rwa,21.931,bykaranteli.com
2026-03-04,ai,16.034,bykaranteli.com
2026-03-04,defi,33.538,bykaranteli.com
2026-03-04,depin,15.376,bykaranteli.com
2026-03-04,l1,39.677,bykaranteli.com
2026-03-04,l2,11.285,bykaranteli.com
2026-03-04,meme,20.733,bykaranteli.com
2026-03-04,quantum,69.864,bykaranteli.com
2026-03-04,rwa,22.951,bykaranteli.com
2026-03-05,ai,15.701,bykaranteli.com
2026-03-05,defi,33.178,bykaranteli.com
2026-03-05,depin,15.206,bykaranteli.com
2026-03-05,l1,39.29,bykaranteli.com
2026-03-05,l2,11.035,bykaranteli.com
2026-03-05,meme,20.111,bykaranteli.com
2026-03-05,quantum,68.974,bykaranteli.com
2026-03-05,rwa,22.747,bykaranteli.com
2026-03-06,ai,15.126,bykaranteli.com
2026-03-06,defi,31.546,bykaranteli.com
2026-03-06,depin,14.674,bykaranteli.com
2026-03-06,l1,37.994,bykaranteli.com
2026-03-06,l2,10.768,bykaranteli.com
2026-03-06,meme,19.284,bykaranteli.com
2026-03-06,quantum,66.733,bykaranteli.com
2026-03-06,rwa,22.365,bykaranteli.com
2026-03-07,ai,14.848,bykaranteli.com
2026-03-07,defi,30.788,bykaranteli.com
2026-03-07,depin,14.268,bykaranteli.com
2026-03-07,l1,37.529,bykaranteli.com
2026-03-07,l2,10.368,bykaranteli.com
2026-03-07,meme,18.657,bykaranteli.com
2026-03-07,quantum,66.192,bykaranteli.com
2026-03-07,rwa,22.209,bykaranteli.com
2026-03-08,ai,14.763,bykaranteli.com
2026-03-08,defi,30.213,bykaranteli.com
2026-03-08,depin,14.209,bykaranteli.com
2026-03-08,l1,37.142,bykaranteli.com
2026-03-08,l2,10.223,bykaranteli.com
2026-03-08,meme,18.454,bykaranteli.com
2026-03-08,quantum,64.683,bykaranteli.com
2026-03-08,rwa,22.424,bykaranteli.com
2026-03-09,ai,15.093,bykaranteli.com
2026-03-09,defi,31.103,bykaranteli.com
2026-03-09,depin,14.339,bykaranteli.com
2026-03-09,l1,38.3,bykaranteli.com
2026-03-09,l2,10.444,bykaranteli.com
2026-03-09,meme,18.814,bykaranteli.com
2026-03-09,quantum,66.534,bykaranteli.com
2026-03-09,rwa,22.647,bykaranteli.com
2026-03-10,ai,15.693,bykaranteli.com
2026-03-10,defi,31.741,bykaranteli.com
2026-03-10,depin,14.591,bykaranteli.com
2026-03-10,l1,38.672,bykaranteli.com
2026-03-10,l2,10.589,bykaranteli.com
2026-03-10,meme,19.063,bykaranteli.com
2026-03-10,quantum,67.287,bykaranteli.com
2026-03-10,rwa,23.285,bykaranteli.com
2026-03-11,ai,16.087,bykaranteli.com
2026-03-11,defi,31.797,bykaranteli.com
2026-03-11,depin,15.079,bykaranteli.com
2026-03-11,l1,39.079,bykaranteli.com
2026-03-11,l2,10.75,bykaranteli.com
2026-03-11,meme,19.205,bykaranteli.com
2026-03-11,quantum,67.29,bykaranteli.com
2026-03-11,rwa,23.188,bykaranteli.com
2026-03-12,ai,17.004,bykaranteli.com
2026-03-12,defi,32.078,bykaranteli.com
2026-03-12,depin,15.391,bykaranteli.com
2026-03-12,l1,39.017,bykaranteli.com
2026-03-12,l2,10.836,bykaranteli.com
2026-03-12,meme,19.551,bykaranteli.com
2026-03-12,quantum,68.324,bykaranteli.com
2026-03-12,rwa,23.256,bykaranteli.com
2026-03-13,ai,17.209,bykaranteli.com
2026-03-13,defi,32.255,bykaranteli.com
2026-03-13,depin,15.508,bykaranteli.com
2026-03-13,l1,39.214,bykaranteli.com
2026-03-13,l2,10.916,bykaranteli.com
2026-03-13,meme,20.396,bykaranteli.com
2026-03-13,quantum,68.896,bykaranteli.com
2026-03-13,rwa,23.531,bykaranteli.com
2026-03-14,ai,17.439,bykaranteli.com
2026-03-14,defi,31.759,bykaranteli.com
2026-03-14,depin,15.516,bykaranteli.com
2026-03-14,l1,39.048,bykaranteli.com
2026-03-14,l2,10.795,bykaranteli.com
2026-03-14,meme,20.358,bykaranteli.com
2026-03-14,quantum,69.769,bykaranteli.com
2026-03-14,rwa,23.544,bykaranteli.com
2026-03-15,ai,18.222,bykaranteli.com
2026-03-15,defi,32.83,bykaranteli.com
2026-03-15,depin,15.772,bykaranteli.com
2026-03-15,l1,39.928,bykaranteli.com
2026-03-15,l2,11.078,bykaranteli.com
2026-03-15,meme,20.7,bykaranteli.com
2026-03-15,quantum,71.208,bykaranteli.com
2026-03-15,rwa,24.269,bykaranteli.com
2026-03-16,ai,19.472,bykaranteli.com
2026-03-16,defi,34.233,bykaranteli.com
2026-03-16,depin,16.526,bykaranteli.com
2026-03-16,l1,42.108,bykaranteli.com
2026-03-16,l2,11.678,bykaranteli.com
2026-03-16,meme,22.211,bykaranteli.com
2026-03-16,quantum,74.405,bykaranteli.com
2026-03-16,rwa,25.384,bykaranteli.com
2026-03-17,ai,19.075,bykaranteli.com
2026-03-17,defi,33.549,bykaranteli.com
2026-03-17,depin,16.147,bykaranteli.com
2026-03-17,l1,41.684,bykaranteli.com
2026-03-17,l2,11.573,bykaranteli.com
2026-03-17,meme,21.464,bykaranteli.com
2026-03-17,quantum,74.291,bykaranteli.com
2026-03-17,rwa,25.967,bykaranteli.com
2026-03-18,ai,18.166,bykaranteli.com
2026-03-18,defi,31.951,bykaranteli.com
2026-03-18,depin,15.389,bykaranteli.com
2026-03-18,l1,40.246,bykaranteli.com
2026-03-18,l2,10.923,bykaranteli.com
2026-03-18,meme,20.471,bykaranteli.com
2026-03-18,quantum,73.425,bykaranteli.com
2026-03-18,rwa,23.909,bykaranteli.com
2026-03-19,ai,17.45,bykaranteli.com
2026-03-19,defi,31.241,bykaranteli.com
2026-03-19,depin,14.873,bykaranteli.com
2026-03-19,l1,39.129,bykaranteli.com
2026-03-19,l2,10.573,bykaranteli.com
2026-03-19,meme,19.913,bykaranteli.com
2026-03-19,quantum,72.364,bykaranteli.com
2026-03-19,rwa,23.579,bykaranteli.com
2026-03-20,ai,17.456,bykaranteli.com
2026-03-20,defi,31.308,bykaranteli.com
2026-03-20,depin,15.065,bykaranteli.com
2026-03-20,l1,39.563,bykaranteli.com
2026-03-20,l2,10.588,bykaranteli.com
2026-03-20,meme,20.042,bykaranteli.com
2026-03-20,quantum,74.418,bykaranteli.com
2026-03-20,rwa,23.678,bykaranteli.com
2026-03-21,ai,16.931,bykaranteli.com
2026-03-21,defi,30.551,bykaranteli.com
2026-03-21,depin,14.668,bykaranteli.com
2026-03-21,l1,38.715,bykaranteli.com
2026-03-21,l2,10.33,bykaranteli.com
2026-03-21,meme,19.493,bykaranteli.com
2026-03-21,quantum,72.346,bykaranteli.com
2026-03-21,rwa,22.974,bykaranteli.com
2026-03-22,ai,16.459,bykaranteli.com
2026-03-22,defi,29.792,bykaranteli.com
2026-03-22,depin,14.571,bykaranteli.com
2026-03-22,l1,37.935,bykaranteli.com
2026-03-22,l2,10.166,bykaranteli.com
2026-03-22,meme,19.149,bykaranteli.com
2026-03-22,quantum,69.901,bykaranteli.com
2026-03-22,rwa,22.26,bykaranteli.com
2026-03-23,ai,17.378,bykaranteli.com
2026-03-23,defi,30.522,bykaranteli.com
2026-03-23,depin,15.379,bykaranteli.com
2026-03-23,l1,39.784,bykaranteli.com
2026-03-23,l2,10.487,bykaranteli.com
2026-03-23,meme,20.189,bykaranteli.com
2026-03-23,quantum,71.967,bykaranteli.com
2026-03-23,rwa,23.175,bykaranteli.com
2026-03-24,ai,17.9,bykaranteli.com
2026-03-24,defi,30.762,bykaranteli.com
2026-03-24,depin,15.534,bykaranteli.com
2026-03-24,l1,39.955,bykaranteli.com
2026-03-24,l2,10.482,bykaranteli.com
2026-03-24,meme,20.515,bykaranteli.com
2026-03-24,quantum,73.579,bykaranteli.com
2026-03-24,rwa,23.443,bykaranteli.com
2026-03-25,ai,18.347,bykaranteli.com
2026-03-25,defi,31.525,bykaranteli.com
2026-03-25,depin,15.744,bykaranteli.com
2026-03-25,l1,40.055,bykaranteli.com
2026-03-25,l2,10.558,bykaranteli.com
2026-03-25,meme,20.623,bykaranteli.com
2026-03-25,quantum,74.053,bykaranteli.com
2026-03-25,rwa,23.703,bykaranteli.com
2026-03-26,ai,17.358,bykaranteli.com
2026-03-26,defi,30.019,bykaranteli.com
2026-03-26,depin,15.043,bykaranteli.com
2026-03-26,l1,38.405,bykaranteli.com
2026-03-26,l2,10.152,bykaranteli.com
2026-03-26,meme,19.773,bykaranteli.com
2026-03-26,quantum,71.267,bykaranteli.com
2026-03-26,rwa,22.896,bykaranteli.com
2026-03-27,ai,16.251,bykaranteli.com
2026-03-27,defi,28.972,bykaranteli.com
2026-03-27,depin,14.497,bykaranteli.com
2026-03-27,l1,37.151,bykaranteli.com
2026-03-27,l2,9.711,bykaranteli.com
2026-03-27,meme,18.919,bykaranteli.com
2026-03-27,quantum,68.566,bykaranteli.com
2026-03-27,rwa,22.247,bykaranteli.com
2026-03-28,ai,16.418,bykaranteli.com
2026-03-28,defi,29.126,bykaranteli.com
2026-03-28,depin,14.214,bykaranteli.com
2026-03-28,l1,36.842,bykaranteli.com
2026-03-28,l2,9.643,bykaranteli.com
2026-03-28,meme,18.95,bykaranteli.com
2026-03-28,quantum,68.43,bykaranteli.com
2026-03-28,rwa,22.253,bykaranteli.com
2026-03-29,ai,16.259,bykaranteli.com
2026-03-29,defi,28.861,bykaranteli.com
2026-03-29,depin,14.117,bykaranteli.com
2026-03-29,l1,36.529,bykaranteli.com
2026-03-29,l2,9.498,bykaranteli.com
2026-03-29,meme,18.673,bykaranteli.com
2026-03-29,quantum,67.617,bykaranteli.com
2026-03-29,rwa,21.619,bykaranteli.com
2026-03-30,ai,16.342,bykaranteli.com
2026-03-30,defi,29.754,bykaranteli.com
2026-03-30,depin,14.265,bykaranteli.com
2026-03-30,l1,36.715,bykaranteli.com
2026-03-30,l2,9.675,bykaranteli.com
2026-03-30,meme,19.027,bykaranteli.com
2026-03-30,quantum,68.734,bykaranteli.com
2026-03-30,rwa,22.051,bykaranteli.com
2026-03-31,ai,16.559,bykaranteli.com
2026-03-31,defi,30.648,bykaranteli.com
2026-03-31,depin,14.448,bykaranteli.com
2026-03-31,l1,36.964,bykaranteli.com
2026-03-31,l2,9.889,bykaranteli.com
2026-03-31,meme,19.368,bykaranteli.com
2026-03-31,quantum,70.13,bykaranteli.com
2026-03-31,rwa,22.505,bykaranteli.com
2026-04-01,ai,16.846,bykaranteli.com
2026-04-01,defi,30.905,bykaranteli.com
2026-04-01,depin,14.427,bykaranteli.com
2026-04-01,l1,37.171,bykaranteli.com
2026-04-01,l2,9.997,bykaranteli.com
2026-04-01,meme,19.368,bykaranteli.com
2026-04-01,quantum,70.697,bykaranteli.com
2026-04-01,rwa,22.529,bykaranteli.com
2026-04-02,ai,16.661,bykaranteli.com
2026-04-02,defi,29.237,bykaranteli.com
2026-04-02,depin,14.155,bykaranteli.com
2026-04-02,l1,36.182,bykaranteli.com
2026-04-02,l2,9.779,bykaranteli.com
2026-04-02,meme,18.752,bykaranteli.com
2026-04-02,quantum,70.339,bykaranteli.com
2026-04-02,rwa,21.74,bykaranteli.com
2026-04-03,ai,17.006,bykaranteli.com
2026-04-03,defi,29.489,bykaranteli.com
2026-04-03,depin,14.304,bykaranteli.com
2026-04-03,l1,36.479,bykaranteli.com
2026-04-03,l2,9.754,bykaranteli.com
2026-04-03,meme,18.974,bykaranteli.com
2026-04-03,quantum,71.221,bykaranteli.com
2026-04-03,rwa,21.64,bykaranteli.com
2026-04-04,ai,16.782,bykaranteli.com
2026-04-04,defi,29.582,bykaranteli.com
2026-04-04,depin,14.365,bykaranteli.com
2026-04-04,l1,36.669,bykaranteli.com
2026-04-04,l2,9.684,bykaranteli.com
2026-04-04,meme,19.075,bykaranteli.com
2026-04-04,quantum,70.534,bykaranteli.com
2026-04-04,rwa,22.131,bykaranteli.com
2026-04-05,ai,16.695,bykaranteli.com
2026-04-05,defi,29.611,bykaranteli.com
2026-04-05,depin,14.325,bykaranteli.com
2026-04-05,l1,36.942,bykaranteli.com
2026-04-05,l2,9.634,bykaranteli.com
2026-04-05,meme,19.154,bykaranteli.com
2026-04-05,quantum,72.289,bykaranteli.com
2026-04-05,rwa,21.79,bykaranteli.com
2026-04-06,ai,16.561,bykaranteli.com
2026-04-06,defi,29.454,bykaranteli.com
2026-04-06,depin,14.345,bykaranteli.com
2026-04-06,l1,36.582,bykaranteli.com
2026-04-06,l2,9.627,bykaranteli.com
2026-04-06,meme,18.781,bykaranteli.com
2026-04-06,quantum,71.731,bykaranteli.com
2026-04-06,rwa,21.795,bykaranteli.com
2026-04-07,ai,17.82,bykaranteli.com
2026-04-07,defi,31.356,bykaranteli.com
2026-04-07,depin,15.265,bykaranteli.com
2026-04-07,l1,38.403,bykaranteli.com
2026-04-07,l2,10.224,bykaranteli.com
2026-04-07,meme,20.291,bykaranteli.com
2026-04-07,quantum,74.696,bykaranteli.com
2026-04-07,rwa,22.98,bykaranteli.com
2026-04-08,ai,17.273,bykaranteli.com
2026-04-08,defi,30.096,bykaranteli.com
2026-04-08,depin,14.775,bykaranteli.com
2026-04-08,l1,37.24,bykaranteli.com
2026-04-08,l2,9.919,bykaranteli.com
2026-04-08,meme,19.519,bykaranteli.com
2026-04-08,quantum,73.934,bykaranteli.com
2026-04-08,rwa,22.426,bykaranteli.com
2026-04-09,ai,17.538,bykaranteli.com
2026-04-09,defi,30.325,bykaranteli.com
2026-04-09,depin,15.155,bykaranteli.com
2026-04-09,l1,37.749,bykaranteli.com
2026-04-09,l2,9.967,bykaranteli.com
2026-04-09,meme,19.682,bykaranteli.com
2026-04-09,quantum,74.028,bykaranteli.com
2026-04-09,rwa,22.565,bykaranteli.com
2026-04-10,ai,17.305,bykaranteli.com
2026-04-10,defi,31.104,bykaranteli.com
2026-04-10,depin,15.297,bykaranteli.com
2026-04-10,l1,38.272,bykaranteli.com
2026-04-10,l2,10.247,bykaranteli.com
2026-04-10,meme,19.964,bykaranteli.com
2026-04-10,quantum,76.222,bykaranteli.com
2026-04-10,rwa,22.854,bykaranteli.com
2026-04-11,ai,17.643,bykaranteli.com
2026-04-11,defi,31.081,bykaranteli.com
2026-04-11,depin,15.252,bykaranteli.com
2026-04-11,l1,38.619,bykaranteli.com
2026-04-11,l2,10.316,bykaranteli.com
2026-04-11,meme,19.986,bykaranteli.com
2026-04-11,quantum,76.45,bykaranteli.com
2026-04-11,rwa,23.047,bykaranteli.com
2026-04-12,ai,16.884,bykaranteli.com
2026-04-12,defi,29.675,bykaranteli.com
2026-04-12,depin,14.474,bykaranteli.com
2026-04-12,l1,37.302,bykaranteli.com
2026-04-12,l2,9.749,bykaranteli.com
2026-04-12,meme,19.073,bykaranteli.com
2026-04-12,quantum,73.458,bykaranteli.com
2026-04-12,rwa,22.259,bykaranteli.com
2026-04-13,ai,17.626,bykaranteli.com
2026-04-13,defi,32.165,bykaranteli.com
2026-04-13,depin,15.319,bykaranteli.com
2026-04-13,l1,38.92,bykaranteli.com
2026-04-13,l2,10.156,bykaranteli.com
2026-04-13,meme,20.331,bykaranteli.com
2026-04-13,quantum,77.371,bykaranteli.com
2026-04-13,rwa,23.784,bykaranteli.com
2026-04-14,ai,16.856,bykaranteli.com
2026-04-14,defi,31.367,bykaranteli.com
2026-04-14,depin,14.804,bykaranteli.com
2026-04-14,l1,37.987,bykaranteli.com
2026-04-14,l2,9.866,bykaranteli.com
2026-04-14,meme,19.589,bykaranteli.com
2026-04-14,quantum,75.988,bykaranteli.com
2026-04-14,rwa,23.33,bykaranteli.com
2026-04-15,ai,17.478,bykaranteli.com
2026-04-15,defi,32.449,bykaranteli.com
2026-04-15,depin,15.409,bykaranteli.com
2026-04-15,l1,38.696,bykaranteli.com
2026-04-15,l2,10.235,bykaranteli.com
2026-04-15,meme,20.305,bykaranteli.com
2026-04-15,quantum,76.735,bykaranteli.com
2026-04-15,rwa,23.849,bykaranteli.com
2026-04-16,ai,18.404,bykaranteli.com
2026-04-16,defi,34.819,bykaranteli.com
2026-04-16,depin,16.666,bykaranteli.com
2026-04-16,l1,40.455,bykaranteli.com
2026-04-16,l2,11.076,bykaranteli.com
2026-04-16,meme,21.792,bykaranteli.com
2026-04-16,quantum,77.132,bykaranteli.com
2026-04-16,rwa,25.233,bykaranteli.com
2026-04-17,ai,18.091,bykaranteli.com
2026-04-17,defi,35.308,bykaranteli.com
2026-04-17,depin,16.739,bykaranteli.com
2026-04-17,l1,40.55,bykaranteli.com
2026-04-17,l2,11.748,bykaranteli.com
2026-04-17,meme,21.623,bykaranteli.com
2026-04-17,quantum,79.082,bykaranteli.com
2026-04-17,rwa,25.931,bykaranteli.com
2026-04-18,ai,17.494,bykaranteli.com
2026-04-18,defi,33.506,bykaranteli.com
2026-04-18,depin,16.345,bykaranteli.com
2026-04-18,l1,39.042,bykaranteli.com
2026-04-18,l2,11.044,bykaranteli.com
2026-04-18,meme,20.537,bykaranteli.com
2026-04-18,quantum,76.871,bykaranteli.com
2026-04-18,rwa,24.838,bykaranteli.com
2026-04-19,ai,17.068,bykaranteli.com
2026-04-19,defi,31.845,bykaranteli.com
2026-04-19,depin,15.851,bykaranteli.com
2026-04-19,l1,38.024,bykaranteli.com
2026-04-19,l2,10.51,bykaranteli.com
2026-04-19,meme,19.968,bykaranteli.com
2026-04-19,quantum,74.901,bykaranteli.com
2026-04-19,rwa,23.981,bykaranteli.com
2026-04-20,ai,17.551,bykaranteli.com
2026-04-20,defi,32.404,bykaranteli.com
2026-04-20,depin,16.516,bykaranteli.com
2026-04-20,l1,38.968,bykaranteli.com
2026-04-20,l2,11.195,bykaranteli.com
2026-04-20,meme,20.647,bykaranteli.com
2026-04-20,quantum,76.553,bykaranteli.com
2026-04-20,rwa,24.807,bykaranteli.com
2026-04-21,ai,17.351,bykaranteli.com
2026-04-21,defi,32.825,bykaranteli.com
2026-04-21,depin,16.424,bykaranteli.com
2026-04-21,l1,39.249,bykaranteli.com
2026-04-21,l2,11.152,bykaranteli.com
2026-04-21,meme,20.775,bykaranteli.com
2026-04-21,quantum,76.718,bykaranteli.com
2026-04-21,rwa,24.852,bykaranteli.com
2026-04-22,ai,17.245,bykaranteli.com
2026-04-22,defi,32.79,bykaranteli.com
2026-04-22,depin,16.267,bykaranteli.com
2026-04-22,l1,39.288,bykaranteli.com
2026-04-22,l2,11.453,bykaranteli.com
2026-04-22,meme,21.058,bykaranteli.com
2026-04-22,quantum,77.681,bykaranteli.com
2026-04-22,rwa,24.854,bykaranteli.com
2026-04-23,ai,17.431,bykaranteli.com
2026-04-23,defi,33.034,bykaranteli.com
2026-04-23,depin,16.435,bykaranteli.com
2026-04-23,l1,39.076,bykaranteli.com
2026-04-23,l2,11.473,bykaranteli.com
2026-04-23,meme,21.144,bykaranteli.com
2026-04-23,quantum,76.299,bykaranteli.com
2026-04-23,rwa,25.277,bykaranteli.com
2026-04-24,ai,17.116,bykaranteli.com
2026-04-24,defi,32.884,bykaranteli.com
2026-04-24,depin,16.57,bykaranteli.com
2026-04-24,l1,39.186,bykaranteli.com
2026-04-24,l2,11.441,bykaranteli.com
2026-04-24,meme,21.139,bykaranteli.com
2026-04-24,quantum,76.269,bykaranteli.com
2026-04-24,rwa,25.127,bykaranteli.com
2026-04-25,ai,17.002,bykaranteli.com
2026-04-25,defi,32.903,bykaranteli.com
2026-04-25,depin,16.488,bykaranteli.com
2026-04-25,l1,38.946,bykaranteli.com
2026-04-25,l2,11.341,bykaranteli.com
2026-04-25,meme,20.794,bykaranteli.com
2026-04-25,quantum,75.909,bykaranteli.com
2026-04-25,rwa,25.262,bykaranteli.com
2026-04-26,ai,17.159,bykaranteli.com
2026-04-26,defi,34.626,bykaranteli.com
2026-04-26,depin,16.52,bykaranteli.com
2026-04-26,l1,39.304,bykaranteli.com
2026-04-26,l2,11.377,bykaranteli.com
2026-04-26,meme,21.104,bykaranteli.com
2026-04-26,quantum,76.945,bykaranteli.com
2026-04-26,rwa,26.022,bykaranteli.com
2026-04-27,ai,16.671,bykaranteli.com
2026-04-27,defi,34.539,bykaranteli.com
2026-04-27,depin,16.251,bykaranteli.com
2026-04-27,l1,38.713,bykaranteli.com
2026-04-27,l2,11.131,bykaranteli.com
2026-04-27,meme,21.294,bykaranteli.com
2026-04-27,quantum,75.473,bykaranteli.com
2026-04-27,rwa,25.104,bykaranteli.com
2026-04-28,ai,16.444,bykaranteli.com
2026-04-28,defi,33.841,bykaranteli.com
2026-04-28,depin,16.051,bykaranteli.com
2026-04-28,l1,38.479,bykaranteli.com
2026-04-28,l2,11.168,bykaranteli.com
2026-04-28,meme,21.202,bykaranteli.com
2026-04-28,quantum,74.752,bykaranteli.com
2026-04-28,rwa,25.211,bykaranteli.com
2026-04-29,ai,17.21,bykaranteli.com
2026-04-29,defi,33.343,bykaranteli.com
2026-04-29,depin,15.803,bykaranteli.com
2026-04-29,l1,38.294,bykaranteli.com
2026-04-29,l2,11.021,bykaranteli.com
2026-04-29,meme,21.104,bykaranteli.com
2026-04-29,quantum,74.232,bykaranteli.com
2026-04-29,rwa,24.551,bykaranteli.com
2026-04-30,ai,16.532,bykaranteli.com
2026-04-30,defi,33.15,bykaranteli.com
2026-04-30,depin,15.82,bykaranteli.com
2026-04-30,l1,38.388,bykaranteli.com
2026-04-30,l2,10.934,bykaranteli.com
2026-04-30,meme,21.306,bykaranteli.com
2026-04-30,quantum,74.311,bykaranteli.com
2026-04-30,rwa,24.763,bykaranteli.com
2026-05-01,ai,16.905,bykaranteli.com
2026-05-01,defi,33.24,bykaranteli.com
2026-05-01,depin,15.96,bykaranteli.com
2026-05-01,l1,38.496,bykaranteli.com
2026-05-01,l2,11.033,bykaranteli.com
2026-05-01,meme,21.427,bykaranteli.com
2026-05-01,quantum,75.287,bykaranteli.com
2026-05-01,rwa,25.365,bykaranteli.com
2026-05-02,ai,17.566,bykaranteli.com
2026-05-02,defi,33.52,bykaranteli.com
2026-05-02,depin,16.446,bykaranteli.com
2026-05-02,l1,38.9,bykaranteli.com
2026-05-02,l2,11.46,bykaranteli.com
2026-05-02,meme,21.579,bykaranteli.com
2026-05-02,quantum,75.619,bykaranteli.com
2026-05-02,rwa,25.924,bykaranteli.com
2026-05-03,ai,17.628,bykaranteli.com
2026-05-03,defi,33.148,bykaranteli.com
2026-05-03,depin,16.48,bykaranteli.com
2026-05-03,l1,38.815,bykaranteli.com
2026-05-03,l2,11.226,bykaranteli.com
2026-05-03,meme,21.379,bykaranteli.com
2026-05-03,quantum,75.466,bykaranteli.com
2026-05-03,rwa,25.773,bykaranteli.com
2026-05-04,ai,17.401,bykaranteli.com
2026-05-04,defi,33.23,bykaranteli.com
2026-05-04,depin,16.333,bykaranteli.com
2026-05-04,l1,39.853,bykaranteli.com
2026-05-04,l2,11.359,bykaranteli.com
2026-05-04,meme,21.543,bykaranteli.com
2026-05-04,quantum,75.828,bykaranteli.com
2026-05-04,rwa,27.259,bykaranteli.com
2026-05-05,ai,18.034,bykaranteli.com
2026-05-05,defi,34.147,bykaranteli.com
2026-05-05,depin,16.945,bykaranteli.com
2026-05-05,l1,41.52,bykaranteli.com
2026-05-05,l2,11.607,bykaranteli.com
2026-05-05,meme,22.487,bykaranteli.com
2026-05-05,quantum,76.891,bykaranteli.com
2026-05-05,rwa,28.189,bykaranteli.com
2026-05-06,ai,19.086,bykaranteli.com
2026-05-06,defi,35.36,bykaranteli.com
2026-05-06,depin,18.455,bykaranteli.com
2026-05-06,l1,43.383,bykaranteli.com
2026-05-06,l2,12.184,bykaranteli.com
2026-05-06,meme,22.886,bykaranteli.com
2026-05-06,quantum,77.584,bykaranteli.com
2026-05-06,rwa,28.561,bykaranteli.com
2026-05-07,ai,18.811,bykaranteli.com
2026-05-07,defi,35.035,bykaranteli.com
2026-05-07,depin,18.509,bykaranteli.com
2026-05-07,l1,43.425,bykaranteli.com
2026-05-07,l2,12.561,bykaranteli.com
2026-05-07,meme,22.657,bykaranteli.com
2026-05-07,quantum,77.055,bykaranteli.com
2026-05-07,rwa,28.692,bykaranteli.com
2026-05-08,ai,19.995,bykaranteli.com
2026-05-08,defi,37.521,bykaranteli.com
2026-05-08,depin,19.932,bykaranteli.com
2026-05-08,l1,44.664,bykaranteli.com
2026-05-08,l2,13.749,bykaranteli.com
2026-05-08,meme,23.487,bykaranteli.com
2026-05-08,quantum,77.707,bykaranteli.com
2026-05-08,rwa,32.173,bykaranteli.com
2026-05-09,ai,19.72,bykaranteli.com
2026-05-09,defi,37.264,bykaranteli.com
2026-05-09,depin,19.194,bykaranteli.com
2026-05-09,l1,44.614,bykaranteli.com
2026-05-09,l2,13.471,bykaranteli.com
2026-05-09,meme,23.353,bykaranteli.com
2026-05-09,quantum,78.096,bykaranteli.com
2026-05-09,rwa,31.596,bykaranteli.com
2026-05-10,ai,20.219,bykaranteli.com
2026-05-10,defi,38.689,bykaranteli.com
2026-05-10,depin,19.436,bykaranteli.com
2026-05-10,l1,46.771,bykaranteli.com
2026-05-10,l2,13.58,bykaranteli.com
2026-05-10,meme,24.089,bykaranteli.com
2026-05-10,quantum,79.727,bykaranteli.com
2026-05-10,rwa,31.909,bykaranteli.com
2026-05-11,ai,19.988,bykaranteli.com
2026-05-11,defi,38.111,bykaranteli.com
2026-05-11,depin,19.316,bykaranteli.com
2026-05-11,l1,46.325,bykaranteli.com
2026-05-11,l2,13.372,bykaranteli.com
2026-05-11,meme,23.711,bykaranteli.com
2026-05-11,quantum,78.461,bykaranteli.com
2026-05-11,rwa,32.193,bykaranteli.com
2026-05-12,ai,19.715,bykaranteli.com
2026-05-12,defi,36.654,bykaranteli.com
2026-05-12,depin,18.864,bykaranteli.com
2026-05-12,l1,44.944,bykaranteli.com
2026-05-12,l2,12.966,bykaranteli.com
2026-05-12,meme,22.824,bykaranteli.com
2026-05-12,quantum,77.571,bykaranteli.com
2026-05-12,rwa,30.417,bykaranteli.com
2026-05-13,ai,19.096,bykaranteli.com
2026-05-13,defi,35.594,bykaranteli.com
2026-05-13,depin,17.981,bykaranteli.com
2026-05-13,l1,44.03,bykaranteli.com
2026-05-13,l2,12.434,bykaranteli.com
2026-05-13,meme,22.248,bykaranteli.com
2026-05-13,quantum,77.067,bykaranteli.com
2026-05-13,rwa,29.494,bykaranteli.com
2026-05-14,ai,19.995,bykaranteli.com
2026-05-14,defi,36.225,bykaranteli.com
2026-05-14,depin,18.34,bykaranteli.com
2026-05-14,l1,44.511,bykaranteli.com
2026-05-14,l2,12.497,bykaranteli.com
2026-05-14,meme,22.592,bykaranteli.com
2026-05-14,quantum,79.502,bykaranteli.com
2026-05-14,rwa,30.276,bykaranteli.com
2026-05-15,ai,19.01,bykaranteli.com
2026-05-15,defi,34.276,bykaranteli.com
2026-05-15,depin,17.451,bykaranteli.com
2026-05-15,l1,42.755,bykaranteli.com
2026-05-15,l2,11.774,bykaranteli.com
2026-05-15,meme,21.564,bykaranteli.com
2026-05-15,quantum,78.277,bykaranteli.com
2026-05-15,rwa,28.969,bykaranteli.com
2026-05-16,ai,18.585,bykaranteli.com
2026-05-16,defi,33.132,bykaranteli.com
2026-05-16,depin,16.843,bykaranteli.com
2026-05-16,l1,41.672,bykaranteli.com
2026-05-16,l2,11.367,bykaranteli.com
2026-05-16,meme,20.735,bykaranteli.com
2026-05-16,quantum,78.204,bykaranteli.com
2026-05-16,rwa,27.941,bykaranteli.com
2026-05-17,ai,18.09,bykaranteli.com
2026-05-17,defi,32.49,bykaranteli.com
2026-05-17,depin,16.423,bykaranteli.com
2026-05-17,l1,41.204,bykaranteli.com
2026-05-17,l2,11.076,bykaranteli.com
2026-05-17,meme,20.23,bykaranteli.com
2026-05-17,quantum,75.501,bykaranteli.com
2026-05-17,rwa,27.299,bykaranteli.com
2026-05-18,ai,18.547,bykaranteli.com
2026-05-18,defi,32.911,bykaranteli.com
2026-05-18,depin,16.732,bykaranteli.com
2026-05-18,l1,41.532,bykaranteli.com
2026-05-18,l2,11.14,bykaranteli.com
2026-05-18,meme,20.18,bykaranteli.com
2026-05-18,quantum,75.714,bykaranteli.com
2026-05-18,rwa,27.984,bykaranteli.com
2026-05-19,ai,18.172,bykaranteli.com
2026-05-19,defi,32.307,bykaranteli.com
2026-05-19,depin,16.648,bykaranteli.com
2026-05-19,l1,41.062,bykaranteli.com
2026-05-19,l2,10.833,bykaranteli.com
2026-05-19,meme,19.891,bykaranteli.com
2026-05-19,quantum,74.52,bykaranteli.com
2026-05-19,rwa,27.408,bykaranteli.com
2026-05-20,ai,18.794,bykaranteli.com
2026-05-20,defi,33.698,bykaranteli.com
2026-05-20,depin,17.341,bykaranteli.com
2026-05-20,l1,41.794,bykaranteli.com
2026-05-20,l2,11.155,bykaranteli.com
2026-05-20,meme,20.33,bykaranteli.com
2026-05-20,quantum,75.246,bykaranteli.com
2026-05-20,rwa,28.717,bykaranteli.com
2026-05-21,ai,19.756,bykaranteli.com
2026-05-21,defi,33.73,bykaranteli.com
2026-05-21,depin,17.569,bykaranteli.com
2026-05-21,l1,42.556,bykaranteli.com
2026-05-21,l2,11.385,bykaranteli.com
2026-05-21,meme,20.826,bykaranteli.com
2026-05-21,quantum,75.077,bykaranteli.com
2026-05-21,rwa,29.823,bykaranteli.com
2026-05-22,ai,19.714,bykaranteli.com
2026-05-22,defi,32.393,bykaranteli.com
2026-05-22,depin,16.76,bykaranteli.com
2026-05-22,l1,40.881,bykaranteli.com
2026-05-22,l2,10.85,bykaranteli.com
2026-05-22,meme,19.833,bykaranteli.com
2026-05-22,quantum,74.822,bykaranteli.com
2026-05-22,rwa,28.487,bykaranteli.com
2026-05-23,ai,21.198,bykaranteli.com
2026-05-23,defi,33.121,bykaranteli.com
2026-05-23,depin,17.247,bykaranteli.com
2026-05-23,l1,41.556,bykaranteli.com
2026-05-23,l2,11.069,bykaranteli.com
2026-05-23,meme,20.235,bykaranteli.com
2026-05-23,quantum,76.663,bykaranteli.com
2026-05-23,rwa,29.765,bykaranteli.com
2026-05-24,ai,20.869,bykaranteli.com
2026-05-24,defi,32.264,bykaranteli.com
2026-05-24,depin,16.955,bykaranteli.com
2026-05-24,l1,40.862,bykaranteli.com
2026-05-24,l2,10.679,bykaranteli.com
2026-05-24,meme,19.892,bykaranteli.com
2026-05-24,quantum,76.681,bykaranteli.com
2026-05-24,rwa,29.726,bykaranteli.com
2026-05-25,ai,22.499,bykaranteli.com
2026-05-25,defi,32.514,bykaranteli.com
2026-05-25,depin,17.556,bykaranteli.com
2026-05-25,l1,41.638,bykaranteli.com
2026-05-25,l2,10.883,bykaranteli.com
2026-05-25,meme,20.02,bykaranteli.com
2026-05-25,quantum,76.869,bykaranteli.com
2026-05-25,rwa,29.975,bykaranteli.com
2026-05-26,ai,23.091,bykaranteli.com
2026-05-26,defi,31.881,bykaranteli.com
2026-05-26,depin,17.975,bykaranteli.com
2026-05-26,l1,41.185,bykaranteli.com
2026-05-26,l2,10.78,bykaranteli.com
2026-05-26,meme,19.664,bykaranteli.com
2026-05-26,quantum,74.52,bykaranteli.com
2026-05-26,rwa,28.807,bykaranteli.com
2026-05-27,ai,21.923,bykaranteli.com
2026-05-27,defi,30.78,bykaranteli.com
2026-05-27,depin,17.825,bykaranteli.com
2026-05-27,l1,40.264,bykaranteli.com
2026-05-27,l2,10.567,bykaranteli.com
2026-05-27,meme,19.176,bykaranteli.com
2026-05-27,quantum,72.492,bykaranteli.com
2026-05-27,rwa,26.875,bykaranteli.com
2026-05-28,ai,21.027,bykaranteli.com
2026-05-28,defi,29.911,bykaranteli.com
2026-05-28,depin,17.116,bykaranteli.com
2026-05-28,l1,39.519,bykaranteli.com
2026-05-28,l2,10.146,bykaranteli.com
2026-05-28,meme,18.645,bykaranteli.com
2026-05-28,quantum,71.707,bykaranteli.com
2026-05-28,rwa,25.581,bykaranteli.com
2026-05-29,ai,21.172,bykaranteli.com
2026-05-29,defi,30.095,bykaranteli.com
2026-05-29,depin,17.538,bykaranteli.com
2026-05-29,l1,39.15,bykaranteli.com
2026-05-29,l2,10.275,bykaranteli.com
2026-05-29,meme,18.874,bykaranteli.com
2026-05-29,quantum,71.692,bykaranteli.com
2026-05-29,rwa,25.055,bykaranteli.com
2026-05-30,ai,22.058,bykaranteli.com
2026-05-30,defi,30.557,bykaranteli.com
2026-05-30,depin,18.185,bykaranteli.com
2026-05-30,l1,39.972,bykaranteli.com
2026-05-30,l2,10.422,bykaranteli.com
2026-05-30,meme,19.068,bykaranteli.com
2026-05-30,quantum,71.92,bykaranteli.com
2026-05-30,rwa,25.397,bykaranteli.com
2026-05-31,ai,22.068,bykaranteli.com
2026-05-31,defi,30.827,bykaranteli.com
2026-05-31,depin,17.768,bykaranteli.com
2026-05-31,l1,40.058,bykaranteli.com
2026-05-31,l2,10.541,bykaranteli.com
2026-05-31,meme,19.185,bykaranteli.com
2026-05-31,quantum,71.893,bykaranteli.com
2026-05-31,rwa,25.4,bykaranteli.com
2026-06-01,ai,23.239,bykaranteli.com
2026-06-01,defi,30.84,bykaranteli.com
2026-06-01,depin,17.788,bykaranteli.com
2026-06-01,l1,39.953,bykaranteli.com
2026-06-01,l2,10.562,bykaranteli.com
2026-06-01,meme,19.131,bykaranteli.com
2026-06-01,quantum,70.99,bykaranteli.com
2026-06-01,rwa,25.33,bykaranteli.com
2026-06-02,ai,21.251,bykaranteli.com
2026-06-02,defi,29.224,bykaranteli.com
2026-06-02,depin,16.693,bykaranteli.com
2026-06-02,l1,36.961,bykaranteli.com
2026-06-02,l2,9.728,bykaranteli.com
2026-06-02,meme,17.61,bykaranteli.com
2026-06-02,quantum,68.633,bykaranteli.com
2026-06-02,rwa,24.14,bykaranteli.com
2026-06-03,ai,23.128,bykaranteli.com
2026-06-03,defi,29.938,bykaranteli.com
2026-06-03,depin,17.823,bykaranteli.com
2026-06-03,l1,36.277,bykaranteli.com
2026-06-03,l2,9.977,bykaranteli.com
2026-06-03,meme,17.91,bykaranteli.com
2026-06-03,quantum,66.118,bykaranteli.com
2026-06-03,rwa,24.61,bykaranteli.com
2026-06-04,ai,20.97,bykaranteli.com
2026-06-04,defi,27.959,bykaranteli.com
2026-06-04,depin,16.409,bykaranteli.com
2026-06-04,l1,34.226,bykaranteli.com
2026-06-04,l2,9.311,bykaranteli.com
2026-06-04,meme,16.816,bykaranteli.com
2026-06-04,quantum,65.066,bykaranteli.com
2026-06-04,rwa,23.449,bykaranteli.com
2026-06-05,ai,19.216,bykaranteli.com
2026-06-05,defi,25.798,bykaranteli.com
2026-06-05,depin,14.466,bykaranteli.com
2026-06-05,l1,31.143,bykaranteli.com
2026-06-05,l2,8.337,bykaranteli.com
2026-06-05,meme,15.344,bykaranteli.com
2026-06-05,quantum,60.664,bykaranteli.com
2026-06-05,rwa,21.679,bykaranteli.com
2026-06-06,ai,18.413,bykaranteli.com
2026-06-06,defi,25.485,bykaranteli.com
2026-06-06,depin,14.056,bykaranteli.com
2026-06-06,l1,31.347,bykaranteli.com
2026-06-06,l2,8.22,bykaranteli.com
2026-06-06,meme,15.304,bykaranteli.com
2026-06-06,quantum,61.662,bykaranteli.com
2026-06-06,rwa,21.564,bykaranteli.com
2026-06-07,ai,19.597,bykaranteli.com
2026-06-07,defi,26.537,bykaranteli.com
2026-06-07,depin,14.601,bykaranteli.com
2026-06-07,l1,32.683,bykaranteli.com
2026-06-07,l2,8.54,bykaranteli.com
2026-06-07,meme,16.171,bykaranteli.com
2026-06-07,quantum,63.958,bykaranteli.com
2026-06-07,rwa,22.288,bykaranteli.com
2026-06-08,ai,19.845,bykaranteli.com
2026-06-08,defi,26.479,bykaranteli.com
2026-06-08,depin,14.658,bykaranteli.com
2026-06-08,l1,32.796,bykaranteli.com
2026-06-08,l2,8.487,bykaranteli.com
2026-06-08,meme,16.079,bykaranteli.com
2026-06-08,quantum,63.038,bykaranteli.com
2026-06-08,rwa,22.567,bykaranteli.com
2026-06-09,ai,19.483,bykaranteli.com
2026-06-09,defi,25.85,bykaranteli.com
2026-06-09,depin,14.63,bykaranteli.com
2026-06-09,l1,32.197,bykaranteli.com
2026-06-09,l2,8.391,bykaranteli.com
2026-06-09,meme,15.857,bykaranteli.com
2026-06-09,quantum,61.601,bykaranteli.com
2026-06-09,rwa,21.87,bykaranteli.com
2026-06-10,ai,18.247,bykaranteli.com
2026-06-10,defi,25.237,bykaranteli.com
2026-06-10,depin,14.192,bykaranteli.com
2026-06-10,l1,31.154,bykaranteli.com
2026-06-10,l2,8.083,bykaranteli.com
2026-06-10,meme,15.455,bykaranteli.com
2026-06-10,quantum,61.307,bykaranteli.com
2026-06-10,rwa,20.981,bykaranteli.com
2026-06-11,ai,19.459,bykaranteli.com
2026-06-11,defi,27.13,bykaranteli.com
2026-06-11,depin,14.928,bykaranteli.com
2026-06-11,l1,32.403,bykaranteli.com
2026-06-11,l2,8.499,bykaranteli.com
2026-06-11,meme,16.176,bykaranteli.com
2026-06-11,quantum,63.599,bykaranteli.com
2026-06-11,rwa,22.044,bykaranteli.com
2026-06-12,ai,19.192,bykaranteli.com
2026-06-12,defi,26.809,bykaranteli.com
2026-06-12,depin,14.817,bykaranteli.com
2026-06-12,l1,32.246,bykaranteli.com
2026-06-12,l2,8.518,bykaranteli.com
2026-06-12,meme,16.69,bykaranteli.com
2026-06-12,quantum,62.785,bykaranteli.com
2026-06-12,rwa,21.851,bykaranteli.com
2026-06-13,ai,20.757,bykaranteli.com
2026-06-13,defi,27.555,bykaranteli.com
2026-06-13,depin,15.436,bykaranteli.com
2026-06-13,l1,32.917,bykaranteli.com
2026-06-13,l2,8.827,bykaranteli.com
2026-06-13,meme,16.999,bykaranteli.com
2026-06-13,quantum,63.997,bykaranteli.com
2026-06-13,rwa,22.485,bykaranteli.com
2026-06-14,ai,21.162,bykaranteli.com
2026-06-14,defi,28.038,bykaranteli.com
2026-06-14,depin,15.624,bykaranteli.com
2026-06-14,l1,33.763,bykaranteli.com
2026-06-14,l2,9.064,bykaranteli.com
2026-06-14,meme,17.189,bykaranteli.com
2026-06-14,quantum,64.876,bykaranteli.com
2026-06-14,rwa,23.252,bykaranteli.com
2026-06-15,ai,21.697,bykaranteli.com
2026-06-15,defi,29.014,bykaranteli.com
2026-06-15,depin,15.62,bykaranteli.com
2026-06-15,l1,33.87,bykaranteli.com
2026-06-15,l2,9.151,bykaranteli.com
2026-06-15,meme,17.344,bykaranteli.com
2026-06-15,quantum,66.671,bykaranteli.com
2026-06-15,rwa,23.534,bykaranteli.com
2026-06-16,ai,21.728,bykaranteli.com
2026-06-16,defi,29.682,bykaranteli.com
2026-06-16,depin,15.386,bykaranteli.com
2026-06-16,l1,33.496,bykaranteli.com
2026-06-16,l2,9.042,bykaranteli.com
2026-06-16,meme,17.22,bykaranteli.com
2026-06-16,quantum,66.461,bykaranteli.com
2026-06-16,rwa,23.746,bykaranteli.com
2026-06-17,ai,21.046,bykaranteli.com
2026-06-17,defi,29.514,bykaranteli.com
2026-06-17,depin,15.119,bykaranteli.com
2026-06-17,l1,33.113,bykaranteli.com
2026-06-17,l2,9.018,bykaranteli.com
2026-06-17,meme,16.977,bykaranteli.com
2026-06-17,quantum,65.425,bykaranteli.com
2026-06-17,rwa,23.531,bykaranteli.com
2026-06-18,ai,20.832,bykaranteli.com
2026-06-18,defi,29.504,bykaranteli.com
2026-06-18,depin,14.948,bykaranteli.com
2026-06-18,l1,32.1,bykaranteli.com
2026-06-18,l2,9.02,bykaranteli.com
2026-06-18,meme,16.746,bykaranteli.com
2026-06-18,quantum,64.288,bykaranteli.com
2026-06-18,rwa,23.136,bykaranteli.com
2026-06-19,ai,20.702,bykaranteli.com
2026-06-19,defi,28.942,bykaranteli.com
2026-06-19,depin,15.037,bykaranteli.com
2026-06-19,l1,31.653,bykaranteli.com
2026-06-19,l2,9.007,bykaranteli.com
2026-06-19,meme,16.486,bykaranteli.com
2026-06-19,quantum,65.066,bykaranteli.com
2026-06-19,rwa,22.686,bykaranteli.com
2026-06-20,ai,20.588,bykaranteli.com
2026-06-20,defi,29.478,bykaranteli.com
2026-06-20,depin,15.252,bykaranteli.com
2026-06-20,l1,32.253,bykaranteli.com
2026-06-20,l2,9.08,bykaranteli.com
2026-06-20,meme,16.52,bykaranteli.com
2026-06-20,quantum,65.205,bykaranteli.com
2026-06-20,rwa,22.783,bykaranteli.com
2026-06-21,ai,20.063,bykaranteli.com
2026-06-21,defi,29.093,bykaranteli.com
2026-06-21,depin,14.931,bykaranteli.com
2026-06-21,l1,31.797,bykaranteli.com
2026-06-21,l2,8.775,bykaranteli.com
2026-06-21,meme,16.305,bykaranteli.com
2026-06-21,quantum,64.449,bykaranteli.com
2026-06-21,rwa,22.208,bykaranteli.com
2026-06-22,ai,20.034,bykaranteli.com
2026-06-22,defi,29.267,bykaranteli.com
2026-06-22,depin,14.884,bykaranteli.com
2026-06-22,l1,32.277,bykaranteli.com
2026-06-22,l2,8.71,bykaranteli.com
2026-06-22,meme,16.361,bykaranteli.com
2026-06-22,quantum,65.063,bykaranteli.com
2026-06-22,rwa,22.325,bykaranteli.com
2026-06-23,ai,19.078,bykaranteli.com
2026-06-23,defi,28.308,bykaranteli.com
2026-06-23,depin,14.591,bykaranteli.com
2026-06-23,l1,31.478,bykaranteli.com
2026-06-23,l2,8.566,bykaranteli.com
2026-06-23,meme,15.716,bykaranteli.com
2026-06-23,quantum,63.92,bykaranteli.com
2026-06-23,rwa,21.36,bykaranteli.com
2026-06-24,ai,18.698,bykaranteli.com
2026-06-24,defi,28.381,bykaranteli.com
2026-06-24,depin,13.982,bykaranteli.com
2026-06-24,l1,30.915,bykaranteli.com
2026-06-24,l2,8.456,bykaranteli.com
2026-06-24,meme,15.038,bykaranteli.com
2026-06-24,quantum,62.118,bykaranteli.com
2026-06-24,rwa,20.694,bykaranteli.com
2026-06-25,ai,18.064,bykaranteli.com
2026-06-25,defi,28.134,bykaranteli.com
2026-06-25,depin,13.507,bykaranteli.com
2026-06-25,l1,30.185,bykaranteli.com
2026-06-25,l2,8.162,bykaranteli.com
2026-06-25,meme,14.495,bykaranteli.com
2026-06-25,quantum,59.825,bykaranteli.com
2026-06-25,rwa,20.196,bykaranteli.com
2026-06-26,ai,18.174,bykaranteli.com
2026-06-26,defi,28.966,bykaranteli.com
2026-06-26,depin,13.916,bykaranteli.com
2026-06-26,l1,30.784,bykaranteli.com
2026-06-26,l2,8.136,bykaranteli.com
2026-06-26,meme,14.933,bykaranteli.com
2026-06-26,quantum,60.984,bykaranteli.com
2026-06-26,rwa,20.771,bykaranteli.com
2026-06-27,ai,17.857,bykaranteli.com
2026-06-27,defi,28.283,bykaranteli.com
2026-06-27,depin,13.663,bykaranteli.com
2026-06-27,l1,30.247,bykaranteli.com
2026-06-27,l2,7.884,bykaranteli.com
2026-06-27,meme,14.871,bykaranteli.com
2026-06-27,quantum,60.247,bykaranteli.com
2026-06-27,rwa,20.874,bykaranteli.com
2026-06-28,ai,18.014,bykaranteli.com
2026-06-28,defi,28.168,bykaranteli.com
2026-06-28,depin,13.537,bykaranteli.com
2026-06-28,l1,30.198,bykaranteli.com
2026-06-28,l2,7.907,bykaranteli.com
2026-06-28,meme,14.814,bykaranteli.com
2026-06-28,quantum,59.779,bykaranteli.com
2026-06-28,rwa,20.983,bykaranteli.com
2026-06-29,ai,18.119,bykaranteli.com
2026-06-29,defi,28.709,bykaranteli.com
2026-06-29,depin,13.862,bykaranteli.com
2026-06-29,l1,30.838,bykaranteli.com
2026-06-29,l2,8.047,bykaranteli.com
2026-06-29,meme,15.108,bykaranteli.com
2026-06-29,quantum,60.855,bykaranteli.com
2026-06-29,rwa,21.689,bykaranteli.com
2026-06-30,ai,17.99,bykaranteli.com
2026-06-30,defi,27.467,bykaranteli.com
2026-06-30,depin,13.684,bykaranteli.com
2026-06-30,l1,30.357,bykaranteli.com
2026-06-30,l2,7.801,bykaranteli.com
2026-06-30,meme,14.692,bykaranteli.com
2026-06-30,quantum,59.529,bykaranteli.com
2026-06-30,rwa,20.902,bykaranteli.com
2026-07-01,ai,17.518,bykaranteli.com
2026-07-01,defi,28.472,bykaranteli.com
2026-07-01,depin,13.595,bykaranteli.com
2026-07-01,l1,31.171,bykaranteli.com
2026-07-01,l2,8.025,bykaranteli.com
2026-07-01,meme,14.898,bykaranteli.com
2026-07-01,quantum,61.086,bykaranteli.com
2026-07-01,rwa,21.807,bykaranteli.com
2026-07-02,ai,18.399,bykaranteli.com
2026-07-02,defi,30.202,bykaranteli.com
2026-07-02,depin,14.128,bykaranteli.com
2026-07-02,l1,32.104,bykaranteli.com
2026-07-02,l2,8.178,bykaranteli.com
2026-07-02,meme,15.282,bykaranteli.com
2026-07-02,quantum,62.98,bykaranteli.com
2026-07-02,rwa,22.784,bykaranteli.com
2026-07-03,ai,19.185,bykaranteli.com
2026-07-03,defi,30.82,bykaranteli.com
2026-07-03,depin,14.585,bykaranteli.com
2026-07-03,l1,33.437,bykaranteli.com
2026-07-03,l2,8.528,bykaranteli.com
2026-07-03,meme,16.478,bykaranteli.com
2026-07-03,quantum,64.314,bykaranteli.com
2026-07-03,rwa,23.186,bykaranteli.com
2026-07-04,ai,18.884,bykaranteli.com
2026-07-04,defi,30.644,bykaranteli.com
2026-07-04,depin,14.679,bykaranteli.com
2026-07-04,l1,33.681,bykaranteli.com
2026-07-04,l2,8.438,bykaranteli.com
2026-07-04,meme,16.278,bykaranteli.com
2026-07-04,quantum,64.733,bykaranteli.com
2026-07-04,rwa,23.229,bykaranteli.com
2026-07-05,ai,18.8,bykaranteli.com
2026-07-05,defi,31.143,bykaranteli.com
2026-07-05,depin,14.539,bykaranteli.com
2026-07-05,l1,33.733,bykaranteli.com
2026-07-05,l2,8.458,bykaranteli.com
2026-07-05,meme,16.257,bykaranteli.com
2026-07-05,quantum,64.767,bykaranteli.com
2026-07-05,rwa,23.227,bykaranteli.com
2026-07-06,ai,18.583,bykaranteli.com
2026-07-06,defi,31.209,bykaranteli.com
2026-07-06,depin,14.49,bykaranteli.com
2026-07-06,l1,33.629,bykaranteli.com
2026-07-06,l2,8.451,bykaranteli.com
2026-07-06,meme,15.854,bykaranteli.com
2026-07-06,quantum,64.59,bykaranteli.com
2026-07-06,rwa,23.623,bykaranteli.com
2026-07-07,ai,17.761,bykaranteli.com
2026-07-07,defi,30.773,bykaranteli.com
2026-07-07,depin,13.837,bykaranteli.com
2026-07-07,l1,32.873,bykaranteli.com
2026-07-07,l2,8.217,bykaranteli.com
2026-07-07,meme,15.351,bykaranteli.com
2026-07-07,quantum,63.967,bykaranteli.com
2026-07-07,rwa,23.231,bykaranteli.com
2026-07-08,ai,17.649,bykaranteli.com
2026-07-08,defi,30.401,bykaranteli.com
2026-07-08,depin,13.8,bykaranteli.com
2026-07-08,l1,32.083,bykaranteli.com
2026-07-08,l2,8.142,bykaranteli.com
2026-07-08,meme,14.912,bykaranteli.com
2026-07-08,quantum,63.205,bykaranteli.com
2026-07-08,rwa,22.557,bykaranteli.com
2026-07-09,ai,17.716,bykaranteli.com
2026-07-09,defi,30.526,bykaranteli.com
2026-07-09,depin,13.881,bykaranteli.com
2026-07-09,l1,32.31,bykaranteli.com
2026-07-09,l2,8.328,bykaranteli.com
2026-07-09,meme,14.912,bykaranteli.com
2026-07-09,quantum,64.289,bykaranteli.com
2026-07-09,rwa,22.776,bykaranteli.com
2026-07-10,ai,17.843,bykaranteli.com
2026-07-10,defi,31.277,bykaranteli.com
2026-07-10,depin,13.997,bykaranteli.com
2026-07-10,l1,32.832,bykaranteli.com
2026-07-10,l2,8.559,bykaranteli.com
2026-07-10,meme,15.276,bykaranteli.com
2026-07-10,quantum,65.208,bykaranteli.com
2026-07-10,rwa,23.779,bykaranteli.com
2026-07-11,ai,17.633,bykaranteli.com
2026-07-11,defi,31.465,bykaranteli.com
2026-07-11,depin,14.002,bykaranteli.com
2026-07-11,l1,32.447,bykaranteli.com
2026-07-11,l2,8.565,bykaranteli.com
2026-07-11,meme,14.869,bykaranteli.com
2026-07-11,quantum,64.295,bykaranteli.com
2026-07-11,rwa,23.651,bykaranteli.com
2026-07-12,ai,17.808,bykaranteli.com
2026-07-12,defi,31.394,bykaranteli.com
2026-07-12,depin,13.819,bykaranteli.com
2026-07-12,l1,32.262,bykaranteli.com
2026-07-12,l2,8.422,bykaranteli.com
2026-07-12,meme,14.77,bykaranteli.com
2026-07-12,quantum,64.393,bykaranteli.com
2026-07-12,rwa,23.52,bykaranteli.com
2026-07-13,ai,17.404,bykaranteli.com
2026-07-13,defi,31.368,bykaranteli.com
2026-07-13,depin,13.447,bykaranteli.com
2026-07-13,l1,31.701,bykaranteli.com
2026-07-13,l2,8.236,bykaranteli.com
2026-07-13,meme,14.478,bykaranteli.com
2026-07-13,quantum,63.343,bykaranteli.com
2026-07-13,rwa,22.994,bykaranteli.com
2026-07-14,ai,17.872,bykaranteli.com
2026-07-14,defi,32.582,bykaranteli.com
2026-07-14,depin,13.94,bykaranteli.com
2026-07-14,l1,32.933,bykaranteli.com
2026-07-14,l2,8.464,bykaranteli.com
2026-07-14,meme,14.791,bykaranteli.com
2026-07-14,quantum,65.951,bykaranteli.com
2026-07-14,rwa,23.754,bykaranteli.com
2026-07-15,ai,17.897,bykaranteli.com
2026-07-15,defi,32.537,bykaranteli.com
2026-07-15,depin,13.844,bykaranteli.com
2026-07-15,l1,32.872,bykaranteli.com
2026-07-15,l2,8.316,bykaranteli.com
2026-07-15,meme,14.823,bykaranteli.com
2026-07-15,quantum,65.959,bykaranteli.com
2026-07-15,rwa,24.718,bykaranteli.com
2026-07-16,ai,17.34,bykaranteli.com
2026-07-16,defi,31.942,bykaranteli.com
2026-07-16,depin,13.544,bykaranteli.com
2026-07-16,l1,32.321,bykaranteli.com
2026-07-16,l2,8.134,bykaranteli.com
2026-07-16,meme,14.382,bykaranteli.com
2026-07-16,quantum,64.51,bykaranteli.com
2026-07-16,rwa,24.264,bykaranteli.com
2026-07-17,ai,17.372,bykaranteli.com
2026-07-17,defi,31.981,bykaranteli.com
2026-07-17,depin,13.468,bykaranteli.com
2026-07-17,l1,32.429,bykaranteli.com
2026-07-17,l2,8.028,bykaranteli.com
2026-07-17,meme,14.248,bykaranteli.com
2026-07-17,quantum,64.754,bykaranteli.com
2026-07-17,rwa,24.547,bykaranteli.com
2026-07-18,ai,17.255,bykaranteli.com
2026-07-18,defi,31.759,bykaranteli.com
2026-07-18,depin,13.374,bykaranteli.com
2026-07-18,l1,32.427,bykaranteli.com
2026-07-18,l2,7.982,bykaranteli.com
2026-07-18,meme,14.155,bykaranteli.com
2026-07-18,quantum,64.88,bykaranteli.com
2026-07-18,rwa,23.974,bykaranteli.com
2026-07-19,ai,17.082,bykaranteli.com
2026-07-19,defi,31.587,bykaranteli.com
2026-07-19,depin,13.038,bykaranteli.com
2026-07-19,l1,32.311,bykaranteli.com
2026-07-19,l2,7.929,bykaranteli.com
2026-07-19,meme,14.178,bykaranteli.com
2026-07-19,quantum,65.063,bykaranteli.com
2026-07-19,rwa,24.108,bykaranteli.com
2026-07-20,ai,17.223,bykaranteli.com
2026-07-20,defi,32.367,bykaranteli.com
2026-07-20,depin,13.216,bykaranteli.com
2026-07-20,l1,32.74,bykaranteli.com
2026-07-20,l2,7.963,bykaranteli.com
2026-07-20,meme,14.608,bykaranteli.com
2026-07-20,quantum,65.828,bykaranteli.com
2026-07-20,rwa,24.884,bykaranteli.com
2026-07-21,ai,17.471,bykaranteli.com
2026-07-21,defi,33.062,bykaranteli.com
2026-07-21,depin,13.554,bykaranteli.com
2026-07-21,l1,33.08,bykaranteli.com
2026-07-21,l2,8.107,bykaranteli.com
2026-07-21,meme,14.509,bykaranteli.com
2026-07-21,quantum,66.401,bykaranteli.com
2026-07-21,rwa,25.608,bykaranteli.com
2026-07-22,ai,17.272,bykaranteli.com
2026-07-22,defi,33.044,bykaranteli.com
2026-07-22,depin,13.428,bykaranteli.com
2026-07-22,l1,33.098,bykaranteli.com
2026-07-22,l2,8.109,bykaranteli.com
2026-07-22,meme,14.529,bykaranteli.com
2026-07-22,quantum,66.089,bykaranteli.com
2026-07-22,rwa,25.763,bykaranteli.com
2026-07-23,ai,16.929,bykaranteli.com
2026-07-23,defi,32.338,bykaranteli.com
2026-07-23,depin,13.08,bykaranteli.com
2026-07-23,l1,32.324,bykaranteli.com
2026-07-23,l2,7.806,bykaranteli.com
2026-07-23,meme,14.036,bykaranteli.com
2026-07-23,quantum,65.128,bykaranteli.com
2026-07-23,rwa,25.251,bykaranteli.com
2026-07-24,ai,16.54,bykaranteli.com
2026-07-24,defi,31.76,bykaranteli.com
2026-07-24,depin,12.932,bykaranteli.com
2026-07-24,l1,31.841,bykaranteli.com
2026-07-24,l2,7.689,bykaranteli.com
2026-07-24,meme,13.977,bykaranteli.com
2026-07-24,quantum,64.51,bykaranteli.com
2026-07-24,rwa,24.388,bykaranteli.com
2026-07-25,ai,16.64,bykaranteli.com
2026-07-25,defi,31.475,bykaranteli.com
2026-07-25,depin,13.085,bykaranteli.com
2026-07-25,l1,32.3,bykaranteli.com
2026-07-25,l2,7.751,bykaranteli.com
2026-07-25,meme,14.716,bykaranteli.com
2026-07-25,quantum,64.693,bykaranteli.com
2026-07-25,rwa,24.539,bykaranteli.com
2026-07-26,ai,16.888,bykaranteli.com
2026-07-26,defi,32.72,bykaranteli.com
2026-07-26,depin,13.258,bykaranteli.com
2026-07-26,l1,32.837,bykaranteli.com
2026-07-26,l2,7.873,bykaranteli.com
2026-07-26,meme,15.201,bykaranteli.com
2026-07-26,quantum,66.084,bykaranteli.com
2026-07-26,rwa,25.514,bykaranteli.com
2026-07-27,ai,15.823,bykaranteli.com
2026-07-27,defi,31.448,bykaranteli.com
2026-07-27,depin,12.776,bykaranteli.com
2026-07-27,l1,31.323,bykaranteli.com
2026-07-27,l2,7.327,bykaranteli.com
2026-07-27,meme,14.312,bykaranteli.com
2026-07-27,quantum,64.058,bykaranteli.com
2026-07-27,rwa,24.346,bykaranteli.com
2026-07-28,ai,15.705,bykaranteli.com
2026-07-28,defi,31.948,bykaranteli.com
2026-07-28,depin,12.515,bykaranteli.com
2026-07-28,l1,31.662,bykaranteli.com
2026-07-28,l2,7.308,bykaranteli.com
2026-07-28,meme,14.241,bykaranteli.com
2026-07-28,quantum,64.179,bykaranteli.com
2026-07-28,rwa,24.724,bykaranteli.com
2026-07-29,ai,15.336,bykaranteli.com
2026-07-29,defi,31.642,bykaranteli.com
2026-07-29,depin,11.947,bykaranteli.com
2026-07-29,l1,31.423,bykaranteli.com
2026-07-29,l2,7.054,bykaranteli.com
2026-07-29,meme,13.943,bykaranteli.com
2026-07-29,quantum,64.064,bykaranteli.com
2026-07-29,rwa,24.089,bykaranteli.com
2026-07-30,ai,15.487,bykaranteli.com
2026-07-30,defi,32.627,bykaranteli.com
2026-07-30,depin,12.347,bykaranteli.com
2026-07-30,l1,31.868,bykaranteli.com
2026-07-30,l2,7.007,bykaranteli.com
2026-07-30,meme,14.121,bykaranteli.com
2026-07-30,quantum,64.428,bykaranteli.com
2026-07-30,rwa,24.154,bykaranteli.com
2026-07-31,ai,15.259,bykaranteli.com
2026-07-31,defi,31.866,bykaranteli.com
2026-07-31,depin,12.289,bykaranteli.com
2026-07-31,l1,31.398,bykaranteli.com
2026-07-31,l2,6.941,bykaranteli.com
2026-07-31,meme,13.93,bykaranteli.com
2026-07-31,quantum,62.99,bykaranteli.com
2026-07-31,rwa,23.503,bykaranteli.com
2026-08-01,ai,15.097,bykaranteli.com
2026-08-01,defi,30.997,bykaranteli.com
2026-08-01,depin,12.11,bykaranteli.com
2026-08-01,l1,31.34,bykaranteli.com
2026-08-01,l2,6.931,bykaranteli.com
2026-08-01,meme,13.851,bykaranteli.com
2026-08-01,quantum,63.139,bykaranteli.com
2026-08-01,rwa,23.072,bykaranteli.com
2026-08-02,ai,15.457,bykaranteli.com
2026-08-02,defi,31.819,bykaranteli.com
2026-08-02,depin,12.343,bykaranteli.com
2026-08-02,l1,32.289,bykaranteli.com
2026-08-02,l2,7.115,bykaranteli.com
2026-08-02,meme,14.227,bykaranteli.com
2026-08-02,quantum,63.593,bykaranteli.com
2026-08-02,rwa,23.192,bykaranteli.com
2026-08-03,ai,15.551,bykaranteli.com
2026-08-03,defi,31.792,bykaranteli.com
2026-08-03,depin,12.338,bykaranteli.com
2026-08-03,l1,32.557,bykaranteli.com
2026-08-03,l2,7.071,bykaranteli.com
2026-08-03,meme,14.267,bykaranteli.com
2026-08-03,quantum,63.016,bykaranteli.com
2026-08-03,rwa,23.003,bykaranteli.com
2026-08-04,ai,15.526,bykaranteli.com
2026-08-04,defi,30.935,bykaranteli.com
2026-08-04,depin,12.235,bykaranteli.com
2026-08-04,l1,32.81,bykaranteli.com
2026-08-04,l2,7.08,bykaranteli.com
2026-08-04,meme,14.164,bykaranteli.com
2026-08-04,quantum,63.87,bykaranteli.com
2026-08-04,rwa,22.811,bykaranteli.com
2026-08-05,ai,15.449,bykaranteli.com
2026-08-05,defi,31.303,bykaranteli.com
2026-08-05,depin,12.261,bykaranteli.com
2026-08-05,l1,32.865,bykaranteli.com
2026-08-05,l2,7.083,bykaranteli.com
2026-08-05,meme,14.224,bykaranteli.com
2026-08-05,quantum,63.977,bykaranteli.com
2026-08-05,rwa,23.194,bykaranteli.com
2026-08-06,ai,15.239,bykaranteli.com
2026-08-06,defi,31.173,bykaranteli.com
2026-08-06,depin,12.267,bykaranteli.com
2026-08-06,l1,32.67,bykaranteli.com
2026-08-06,l2,7.091,bykaranteli.com
2026-08-06,meme,14.046,bykaranteli.com
2026-08-06,quantum,63.682,bykaranteli.com
2026-08-06,rwa,23.528,bykaranteli.com
2026-08-07,ai,15.091,bykaranteli.com
2026-08-07,defi,30.996,bykaranteli.com
2026-08-07,depin,12.065,bykaranteli.com
2026-08-07,l1,32.632,bykaranteli.com
2026-08-07,l2,7.049,bykaranteli.com
2026-08-07,meme,13.805,bykaranteli.com
2026-08-07,quantum,64.175,bykaranteli.com
2026-08-07,rwa,23.15,bykaranteli.com
2026-08-08,ai,15.312,bykaranteli.com
2026-08-08,defi,31.526,bykaranteli.com
2026-08-08,depin,12.598,bykaranteli.com
2026-08-08,l1,33.072,bykaranteli.com
2026-08-08,l2,7.162,bykaranteli.com
2026-08-08,meme,14.018,bykaranteli.com
2026-08-08,quantum,63.97,bykaranteli.com
2026-08-08,rwa,23.165,bykaranteli.com
2026-08-09,ai,15.272,bykaranteli.com
2026-08-09,defi,31.26,bykaranteli.com
2026-08-09,depin,12.791,bykaranteli.com
2026-08-09,l1,32.779,bykaranteli.com
2026-08-09,l2,7.24,bykaranteli.com
2026-08-09,meme,14.017,bykaranteli.com
2026-08-09,quantum,63.558,bykaranteli.com
2026-08-09,rwa,22.989,bykaranteli.com
2026-08-10,ai,15.265,bykaranteli.com
2026-08-10,defi,31.729,bykaranteli.com
2026-08-10,depin,12.471,bykaranteli.com
2026-08-10,l1,32.634,bykaranteli.com
2026-08-10,l2,7.264,bykaranteli.com
2026-08-10,meme,13.94,bykaranteli.com
2026-08-10,quantum,62.762,bykaranteli.com
2026-08-10,rwa,22.952,bykaranteli.com
2026-08-11,ai,15.158,bykaranteli.com
2026-08-11,defi,31.67,bykaranteli.com
2026-08-11,depin,12.352,bykaranteli.com
2026-08-11,l1,32.609,bykaranteli.com
2026-08-11,l2,7.094,bykaranteli.com
2026-08-11,meme,13.855,bykaranteli.com
2026-08-11,quantum,62.746,bykaranteli.com
2026-08-11,rwa,22.941,bykaranteli.com
2026-08-12,ai,15.018,bykaranteli.com
2026-08-12,defi,31.12,bykaranteli.com
2026-08-12,depin,11.999,bykaranteli.com
2026-08-12,l1,32.2,bykaranteli.com
2026-08-12,l2,6.824,bykaranteli.com
2026-08-12,meme,13.358,bykaranteli.com
2026-08-12,quantum,62.762,bykaranteli.com
2026-08-12,rwa,22.45,bykaranteli.com
2026-08-13,ai,15.152,bykaranteli.com
2026-08-13,defi,30.83,bykaranteli.com
2026-08-13,depin,12.11,bykaranteli.com
2026-08-13,l1,32.339,bykaranteli.com
2026-08-13,l2,6.889,bykaranteli.com
2026-08-13,meme,13.466,bykaranteli.com
2026-08-13,quantum,63.113,bykaranteli.com
2026-08-13,rwa,23.178,bykaranteli.com
2026-08-14,ai,15.174,bykaranteli.com
2026-08-14,defi,30.082,bykaranteli.com
2026-08-14,depin,12.256,bykaranteli.com
2026-08-14,l1,32.039,bykaranteli.com
2026-08-14,l2,6.855,bykaranteli.com
2026-08-14,meme,13.599,bykaranteli.com
2026-08-14,quantum,62.596,bykaranteli.com
2026-08-14,rwa,22.815,bykaranteli.com
2026-08-15,ai,15.013,bykaranteli.com
2026-08-15,defi,30.055,bykaranteli.com
2026-08-15,depin,12.272,bykaranteli.com
2026-08-15,l1,31.794,bykaranteli.com
2026-08-15,l2,6.831,bykaranteli.com
2026-08-15,meme,13.391,bykaranteli.com
2026-08-15,quantum,62.458,bykaranteli.com
2026-08-15,rwa,23.303,bykaranteli.com
2026-08-16,ai,14.816,bykaranteli.com
2026-08-16,defi,30.28,bykaranteli.com
2026-08-16,depin,12.133,bykaranteli.com
2026-08-16,l1,31.514,bykaranteli.com
2026-08-16,l2,6.837,bykaranteli.com
2026-08-16,meme,13.251,bykaranteli.com
2026-08-16,quantum,62.016,bykaranteli.com
2026-08-16,rwa,23.15,bykaranteli.com
2026-08-17,ai,14.872,bykaranteli.com
2026-08-17,defi,30.583,bykaranteli.com
2026-08-17,depin,12.223,bykaranteli.com
2026-08-17,l1,31.783,bykaranteli.com
2026-08-17,l2,6.941,bykaranteli.com
2026-08-17,meme,13.377,bykaranteli.com
2026-08-17,quantum,62.967,bykaranteli.com
2026-08-17,rwa,23.403,bykaranteli.com
2026-08-18,ai,14.489,bykaranteli.com
2026-08-18,defi,30.748,bykaranteli.com
2026-08-18,depin,12.159,bykaranteli.com
2026-08-18,l1,31.652,bykaranteli.com
2026-08-18,l2,6.856,bykaranteli.com
2026-08-18,meme,13.324,bykaranteli.com
2026-08-18,quantum,62.7,bykaranteli.com
2026-08-18,rwa,23.076,bykaranteli.com
2026-08-19,ai,15.656,bykaranteli.com
2026-08-19,defi,33.187,bykaranteli.com
2026-08-19,depin,12.86,bykaranteli.com
2026-08-19,l1,33.991,bykaranteli.com
2026-08-19,l2,7.415,bykaranteli.com
2026-08-19,meme,14.694,bykaranteli.com
2026-08-19,quantum,68.942,bykaranteli.com
2026-08-19,rwa,24.835,bykaranteli.com
2026-08-20,ai,16.374,bykaranteli.com
2026-08-20,defi,35.572,bykaranteli.com
2026-08-20,depin,13.686,bykaranteli.com
2026-08-20,l1,35.465,bykaranteli.com
2026-08-20,l2,7.769,bykaranteli.com
2026-08-20,meme,15.663,bykaranteli.com
2026-08-20,quantum,72.248,bykaranteli.com
2026-08-20,rwa,25.984,bykaranteli.com
2026-08-21,ai,18.126,bykaranteli.com
2026-08-21,defi,40.212,bykaranteli.com
2026-08-21,depin,15.07,bykaranteli.com
2026-08-21,l1,38.725,bykaranteli.com
2026-08-21,l2,8.587,bykaranteli.com
2026-08-21,meme,18.841,bykaranteli.com
2026-08-21,quantum,77.687,bykaranteli.com
2026-08-21,rwa,28.883,bykaranteli.com
2026-08-22,ai,17.406,bykaranteli.com
2026-08-22,defi,40.524,bykaranteli.com
2026-08-22,depin,14.652,bykaranteli.com
2026-08-22,l1,38.035,bykaranteli.com
2026-08-22,l2,8.527,bykaranteli.com
2026-08-22,meme,19.027,bykaranteli.com
2026-08-22,quantum,74.97,bykaranteli.com
2026-08-22,rwa,27.655,bykaranteli.com
2026-08-23,ai,18.299,bykaranteli.com
2026-08-23,defi,42.531,bykaranteli.com
2026-08-23,depin,15.028,bykaranteli.com
2026-08-23,l1,38.567,bykaranteli.com
2026-08-23,l2,8.757,bykaranteli.com
2026-08-23,meme,19.972,bykaranteli.com
2026-08-23,quantum,76.272,bykaranteli.com
2026-08-23,rwa,28.795,bykaranteli.com
2026-08-24,ai,18.342,bykaranteli.com
2026-08-24,defi,41.391,bykaranteli.com
2026-08-24,depin,14.927,bykaranteli.com
2026-08-24,l1,38.053,bykaranteli.com
2026-08-24,l2,8.577,bykaranteli.com
2026-08-24,meme,19.464,bykaranteli.com
2026-08-24,quantum,76.668,bykaranteli.com
2026-08-24,rwa,28.314,bykaranteli.com
2026-08-25,ai,17.728,bykaranteli.com
2026-08-25,defi,40.282,bykaranteli.com
2026-08-25,depin,14.377,bykaranteli.com
2026-08-25,l1,36.596,bykaranteli.com
2026-08-25,l2,8.39,bykaranteli.com
2026-08-25,meme,18.47,bykaranteli.com
2026-08-25,quantum,75.708,bykaranteli.com
2026-08-25,rwa,27.419,bykaranteli.com
